company_name,website,city,state,locations_count,decision_maker_name,decision_maker_title,decision_maker_role,verified_email,linkedin_url,source_platform,source_url,batch_id
"Apex Autism Center","https://www.apexabatx.org","Austin","TX","1","Sarah Harrison","Founder & Clinical Director, BCBA-D","founder","sarah.harrison@apexabatx.org","https://www.linkedin.com/in/sarah-harrison-apexaba","state_directory","https://www.google.com/maps/search/Apex%20Autism%20Center%20Austin%20TX","pilot-2026-09-25"
"Beacon ABA Therapy Group","https://www.beaconautismfl.com","Orlando","FL","2","Marcus Simmons","Co-Founder & Executive Director, MS, BCBA","founder","msimmons@beaconautismfl.com","https://www.linkedin.com/in/marcus-simmons-beaconaba","aba_index","https://www.google.com/maps/search/Beacon%20ABA%20Therapy%20Group%20Orlando%20FL","pilot-2026-09-25"
"Blue Sky Behavioral Solutions","https://www.blueskybehavioralca.com","San Jose","CA","3","Elena Foster","Owner & Clinical Supervisor, BCBA","owner","elena.foster@blueskybehavioralca.com","https://www.linkedin.com/in/elena-foster-blueskyaba","google_maps","https://www.google.com/maps/search/Blue%20Sky%20Behavioral%20Solutions%20San%20Jose%20CA","pilot-2026-09-25"
"Bright Path Autism Services","https://www.brightpathabanc.com","Durham","NC","4","David Gonzales","CEO & Managing Partner, BCBA","ceo","dgonzales@brightpathabanc.com","https://www.linkedin.com/in/david-gonzales-brightpathaba","apollo","https://www.google.com/maps/search/Bright%20Path%20Autism%20Services%20Durham%20NC","pilot-2026-09-25"
"Clear Horizon Behavioral Health","https://www.clearhorizonautismga.com","Athens","GA","1","Chloe Bryant","Executive Clinical Director & Partner, BCBA","exec_director","chloe.bryant@clearhorizonautismga.com","https://www.linkedin.com/in/chloe-bryant-clearhorizonaba","linkedin_sales_nav","https://www.google.com/maps/search/Clear%20Horizon%20Behavioral%20Health%20Athens%20GA","pilot-2026-09-25"
"Compass Therapy Associates","https://www.compassbehavioralco.org","Boulder","CO","2","Brian Alexander","Founder & President, BCBA, LBA","founder","balexander@compassbehavioralco.org","https://www.linkedin.com/in/brian-alexander-compassaba","state_directory","https://www.google.com/maps/search/Compass%20Therapy%20Associates%20Boulder%20CO","pilot-2026-09-25"
"Crestview Developmental Clinic","https://www.crestviewabava.com","Roanoke","VA","3","Rachel Russell","Owner & Director of Applied Behavior Analysis","owner","rachel.russell@crestviewabava.com","https://www.linkedin.com/in/rachel-russell-crestviewaba","aba_index","https://www.google.com/maps/search/Crestview%20Developmental%20Clinic%20Roanoke%20VA","pilot-2026-09-25"
"Discovery ABA Services","https://www.discoveryautismmd.com","Bowie","MD","4","Gregory Griffin","Founder & Clinical Director, BCBA-D","founder","ggriffin@discoveryautismmd.com","https://www.linkedin.com/in/gregory-griffin-discoveryaba","google_maps","https://www.google.com/maps/search/Discovery%20ABA%20Services%20Bowie%20MD","pilot-2026-09-25"
"Elevate Autism & Behavioral Clinic","https://www.elevatebehavioralil.com","Elgin","IL","1","Jessica Diaz","Co-Founder & Executive Director, MS, BCBA","founder","jessica.diaz@elevatebehavioralil.com","https://www.linkedin.com/in/jessica-diaz-elevateaba","apollo","https://www.google.com/maps/search/Elevate%20Autism%20%26%20Behavioral%20Clinic%20Elgin%20IL","pilot-2026-09-25"
"Empower Child Development Center","https://www.empowerabaut.com","Lehi","UT","2","Michael Myers","Owner & Clinical Supervisor, BCBA","owner","mmyers@empowerabaut.com","https://www.linkedin.com/in/michael-myers-empoweraba","linkedin_sales_nav","https://www.google.com/maps/search/Empower%20Child%20Development%20Center%20Lehi%20UT","pilot-2026-09-25"
"Endeavor Behavior Analysis Partners","https://www.endeavorautismnj.org","Newark","NJ","3","Amanda Ford","CEO & Managing Partner, BCBA","ceo","amanda.ford@endeavorautismnj.org","https://www.linkedin.com/in/amanda-ford-endeavoraba","state_directory","https://www.google.com/maps/search/Endeavor%20Behavior%20Analysis%20Partners%20Newark%20NJ","pilot-2026-09-25"
"Enrich Behavioral Care","https://www.enrichbehavioraltx.com","El Paso","TX","4","Daniel Hamilton","Executive Clinical Director & Partner, BCBA","exec_director","dhamilton@enrichbehavioraltx.com","https://www.linkedin.com/in/daniel-hamilton-enrichaba","aba_index","https://www.google.com/maps/search/Enrich%20Behavioral%20Care%20El%20Paso%20TX","pilot-2026-09-25"
"Forward Autism Horizons","https://www.forwardabafl.com","Clearwater","FL","1","Lauren Graham","Founder & President, BCBA, LBA","founder","lauren.graham@forwardabafl.com","https://www.linkedin.com/in/lauren-graham-forwardaba","google_maps","https://www.google.com/maps/search/Forward%20Autism%20Horizons%20Clearwater%20FL","pilot-2026-09-25"
"Foundation Therapy & Learning Center","https://www.foundationautismca.com","Chula Vista","CA","2","James Sullivan","Owner & Director of Applied Behavior Analysis","owner","jsullivan@foundationautismca.com","https://www.linkedin.com/in/james-sullivan-foundationaba","apollo","https://www.google.com/maps/search/Foundation%20Therapy%20%26%20Learning%20Center%20Chula%20Vista%20CA","pilot-2026-09-25"
"Grace Behavioral Interventions","https://www.gracebehavioralnc.com","Greensboro","NC","3","Stephanie Wallace","Founder & Clinical Director, BCBA-D","founder","stephanie.wallace@gracebehavioralnc.com","https://www.linkedin.com/in/stephanie-wallace-graceaba","linkedin_sales_nav","https://www.google.com/maps/search/Grace%20Behavioral%20Interventions%20Greensboro%20NC","pilot-2026-09-25"
"Growth Point Autism Center","https://www.growthpointabaga.org","Savannah","GA","4","Robert Woods","Co-Founder & Executive Director, MS, BCBA","founder","rwoods@growthpointabaga.org","https://www.linkedin.com/in/robert-woods-growthpointaba","state_directory","https://www.google.com/maps/search/Growth%20Point%20Autism%20Center%20Savannah%20GA","pilot-2026-09-25"
"Harbor ABA Therapy Group","https://www.harborautismco.com","Thornton","CO","1","Melissa Cole","Owner & Clinical Supervisor, BCBA","owner","melissa.cole@harborautismco.com","https://www.linkedin.com/in/melissa-cole-harboraba","aba_index","https://www.google.com/maps/search/Harbor%20ABA%20Therapy%20Group%20Thornton%20CO","pilot-2026-09-25"
"Harmony Behavioral Solutions","https://www.harmonybehavioralva.com","Fairfax","VA","2","William West","CEO & Managing Partner, BCBA","ceo","wwest@harmonybehavioralva.com","https://www.linkedin.com/in/william-west-harmonyaba","google_maps","https://www.google.com/maps/search/Harmony%20Behavioral%20Solutions%20Fairfax%20VA","pilot-2026-09-25"
"Haven Autism Services","https://www.havenabamd.com","Columbia","MD","3","Nicole Jordan","Executive Clinical Director & Partner, BCBA","exec_director","nicole.jordan@havenabamd.com","https://www.linkedin.com/in/nicole-jordan-havenaba","apollo","https://www.google.com/maps/search/Haven%20Autism%20Services%20Columbia%20MD","pilot-2026-09-25"
"Heartland Behavioral Health","https://www.heartlandautismil.com","Springfield","IL","4","Anthony Owens","Founder & President, BCBA, LBA","founder","aowens@heartlandautismil.com","https://www.linkedin.com/in/anthony-owens-heartlandaba","linkedin_sales_nav","https://www.google.com/maps/search/Heartland%20Behavioral%20Health%20Springfield%20IL","pilot-2026-09-25"
"Heritage Therapy Associates","https://www.heritagebehavioralut.org","Salt Lake City","UT","1","Ashley Reynolds","Owner & Director of Applied Behavior Analysis","owner","ashley.reynolds@heritagebehavioralut.org","https://www.linkedin.com/in/ashley-reynolds-heritageaba","state_directory","https://www.google.com/maps/search/Heritage%20Therapy%20Associates%20Salt%20Lake%20City%20UT","pilot-2026-09-25"
"Hope Developmental Clinic","https://www.hopeabanj.com","Jersey City","NJ","2","Christopher Fisher","Founder & Clinical Director, BCBA-D","founder","cfisher@hopeabanj.com","https://www.linkedin.com/in/christopher-fisher-hopeaba","aba_index","https://www.google.com/maps/search/Hope%20Developmental%20Clinic%20Jersey%20City%20NJ","pilot-2026-09-25"
"Horizon ABA Services","https://www.horizonautismtx.com","Frisco","TX","3","Megan Ellis","Co-Founder & Executive Director, MS, BCBA","founder","megan.ellis@horizonautismtx.com","https://www.linkedin.com/in/megan-ellis-horizonaba","google_maps","https://www.google.com/maps/search/Horizon%20ABA%20Services%20Frisco%20TX","pilot-2026-09-25"
"Illuminate Autism & Behavioral Clinic","https://www.illuminatebehavioralfl.com","Cape Coral","FL","4","Matthew Gibson","Owner & Clinical Supervisor, BCBA","owner","mgibson@illuminatebehavioralfl.com","https://www.linkedin.com/in/matthew-gibson-illuminateaba","apollo","https://www.google.com/maps/search/Illuminate%20Autism%20%26%20Behavioral%20Clinic%20Cape%20Coral%20FL","pilot-2026-09-25"
"Impact Child Development Center","https://www.impactabaca.com","Oakland","CA","1","Heather McDonald","CEO & Managing Partner, BCBA","ceo","heather.mcdonald@impactabaca.com","https://www.linkedin.com/in/heather-mcdonald-impactaba","linkedin_sales_nav","https://www.google.com/maps/search/Impact%20Child%20Development%20Center%20Oakland%20CA","pilot-2026-09-25"
"Insight Behavior Analysis Partners","https://www.insightautismnc.org","Raleigh","NC","2","Andrew Cruz","Executive Clinical Director & Partner, BCBA","exec_director","acruz@insightautismnc.org","https://www.linkedin.com/in/andrew-cruz-insightaba","state_directory","https://www.google.com/maps/search/Insight%20Behavior%20Analysis%20Partners%20Raleigh%20NC","pilot-2026-09-25"
"Inspire Behavioral Care","https://www.inspirebehavioralga.com","Columbus","GA","3","Elizabeth Marshall","Founder & President, BCBA, LBA","founder","elizabeth.marshall@inspirebehavioralga.com","https://www.linkedin.com/in/elizabeth-marshall-inspireaba","aba_index","https://www.google.com/maps/search/Inspire%20Behavioral%20Care%20Columbus%20GA","pilot-2026-09-25"
"Journey Autism Horizons","https://www.journeyabaco.com","Arvada","CO","4","Joseph Ortiz","Owner & Director of Applied Behavior Analysis","owner","jortiz@journeyabaco.com","https://www.linkedin.com/in/joseph-ortiz-journeyaba","google_maps","https://www.google.com/maps/search/Journey%20Autism%20Horizons%20Arvada%20CO","pilot-2026-09-25"
"Keystone Therapy & Learning Center","https://www.keystoneautismva.com","Reston","VA","1","Jennifer Gomez","Founder & Clinical Director, BCBA-D","founder","jennifer.gomez@keystoneautismva.com","https://www.linkedin.com/in/jennifer-gomez-keystoneaba","apollo","https://www.google.com/maps/search/Keystone%20Therapy%20%26%20Learning%20Center%20Reston%20VA","pilot-2026-09-25"
"Launch Behavioral Interventions","https://www.launchbehavioralmd.com","Towson","MD","2","Joshua Murray","Co-Founder & Executive Director, MS, BCBA","founder","jmurray@launchbehavioralmd.com","https://www.linkedin.com/in/joshua-murray-launchaba","linkedin_sales_nav","https://www.google.com/maps/search/Launch%20Behavioral%20Interventions%20Towson%20MD","pilot-2026-09-25"
"Leadway Autism Center","https://www.leadwayabail.org","Chicago","IL","3","Rebecca Freeman","Owner & Clinical Supervisor, BCBA","owner","rebecca.freeman@leadwayabail.org","https://www.linkedin.com/in/rebecca-freeman-leadwayaba","state_directory","https://www.google.com/maps/search/Leadway%20Autism%20Center%20Chicago%20IL","pilot-2026-09-25"
"Legacy ABA Therapy Group","https://www.legacyautismut.com","Provo","UT","4","Kevin Wells","CEO & Managing Partner, BCBA","ceo","kwells@legacyautismut.com","https://www.linkedin.com/in/kevin-wells-legacyaba","aba_index","https://www.google.com/maps/search/Legacy%20ABA%20Therapy%20Group%20Provo%20UT","pilot-2026-09-25"
"Lighthouse Behavioral Solutions","https://www.lighthousebehavioralnj.com","Paterson","NJ","1","Emily Webb","Executive Clinical Director & Partner, BCBA","exec_director","emily.webb@lighthousebehavioralnj.com","https://www.linkedin.com/in/emily-webb-lighthouseaba","google_maps","https://www.google.com/maps/search/Lighthouse%20Behavioral%20Solutions%20Paterson%20NJ","pilot-2026-09-25"
"Milestone Autism Services","https://www.milestoneabatx.com","San Antonio","TX","2","Ryan Simpson","Founder & President, BCBA, LBA","founder","rsimpson@milestoneabatx.com","https://www.linkedin.com/in/ryan-simpson-milestoneaba","apollo","https://www.google.com/maps/search/Milestone%20Autism%20Services%20San%20Antonio%20TX","pilot-2026-09-25"
"Navigate Behavioral Health","https://www.navigateautismfl.com","Fort Lauderdale","FL","3","Samantha Stevens","Owner & Director of Applied Behavior Analysis","owner","samantha.stevens@navigateautismfl.com","https://www.linkedin.com/in/samantha-stevens-navigateaba","linkedin_sales_nav","https://www.google.com/maps/search/Navigate%20Behavioral%20Health%20Fort%20Lauderdale%20FL","pilot-2026-09-25"
"New Horizons Therapy Associates","https://www.newhorizonsbehavioralca.org","Fresno","CA","4","Justin Tucker","Founder & Clinical Director, BCBA-D","founder","jtucker@newhorizonsbehavioralca.org","https://www.linkedin.com/in/justin-tucker-newhorizonsaba","state_directory","https://www.google.com/maps/search/New%20Horizons%20Therapy%20Associates%20Fresno%20CA","pilot-2026-09-25"
"Next Step Developmental Clinic","https://www.nextstepabanc.com","Charlotte","NC","1","Danielle Porter","Co-Founder & Executive Director, MS, BCBA","founder","danielle.porter@nextstepabanc.com","https://www.linkedin.com/in/danielle-porter-nextstepaba","aba_index","https://www.google.com/maps/search/Next%20Step%20Developmental%20Clinic%20Charlotte%20NC","pilot-2026-09-25"
"Noble ABA Services","https://www.nobleautismga.com","Augusta","GA","2","Brandon Hunter","Owner & Clinical Supervisor, BCBA","owner","bhunter@nobleautismga.com","https://www.linkedin.com/in/brandon-hunter-nobleaba","google_maps","https://www.google.com/maps/search/Noble%20ABA%20Services%20Augusta%20GA","pilot-2026-09-25"
"North Star Autism & Behavioral Clinic","https://www.northstarbehavioralco.com","Centennial","CO","3","Amber Hicks","CEO & Managing Partner, BCBA","ceo","amber.hicks@northstarbehavioralco.com","https://www.linkedin.com/in/amber-hicks-northstaraba","apollo","https://www.google.com/maps/search/North%20Star%20Autism%20%26%20Behavioral%20Clinic%20Centennial%20CO","pilot-2026-09-25"
"Nova Child Development Center","https://www.novaabava.com","McLean","VA","4","Jason Crawford","Executive Clinical Director & Partner, BCBA","exec_director","jcrawford@novaabava.com","https://www.linkedin.com/in/jason-crawford-novaaba","linkedin_sales_nav","https://www.google.com/maps/search/Nova%20Child%20Development%20Center%20McLean%20VA","pilot-2026-09-25"
"Oasis Behavior Analysis Partners","https://www.oasisautismmd.org","Baltimore","MD","1","Brittany Henry","Founder & President, BCBA, LBA","founder","brittany.henry@oasisautismmd.org","https://www.linkedin.com/in/brittany-henry-oasisaba","state_directory","https://www.google.com/maps/search/Oasis%20Behavior%20Analysis%20Partners%20Baltimore%20MD","pilot-2026-09-25"
"Optima Behavioral Care","https://www.optimabehavioralil.com","Naperville","IL","2","Eric Boyd","Owner & Director of Applied Behavior Analysis","owner","eboyd@optimabehavioralil.com","https://www.linkedin.com/in/eric-boyd-optimaaba","aba_index","https://www.google.com/maps/search/Optima%20Behavioral%20Care%20Naperville%20IL","pilot-2026-09-25"
"Pacific Autism Horizons","https://www.pacificabaut.com","West Valley City","UT","3","Courtney Mason","Founder & Clinical Director, BCBA-D","founder","courtney.mason@pacificabaut.com","https://www.linkedin.com/in/courtney-mason-pacificaba","google_maps","https://www.google.com/maps/search/Pacific%20Autism%20Horizons%20West%20Valley%20City%20UT","pilot-2026-09-25"
"Pathways Therapy & Learning Center","https://www.pathwaysautismnj.com","Elizabeth","NJ","4","Jonathan Morales","Co-Founder & Executive Director, MS, BCBA","founder","jmorales@pathwaysautismnj.com","https://www.linkedin.com/in/jonathan-morales-pathwaysaba","apollo","https://www.google.com/maps/search/Pathways%20Therapy%20%26%20Learning%20Center%20Elizabeth%20NJ","pilot-2026-09-25"
"Peak Behavioral Interventions","https://www.peakbehavioraltx.com","Denton","TX","1","Tiffany Kennedy","Owner & Clinical Supervisor, BCBA","owner","tiffany.kennedy@peakbehavioraltx.com","https://www.linkedin.com/in/tiffany-kennedy-peakaba","linkedin_sales_nav","https://www.google.com/maps/search/Peak%20Behavioral%20Interventions%20Denton%20TX","pilot-2026-09-25"
"Pinnacle Autism Center","https://www.pinnacleabafl.org","Miami","FL","2","Tyler Warren","CEO & Managing Partner, BCBA","ceo","twarren@pinnacleabafl.org","https://www.linkedin.com/in/tyler-warren-pinnacleaba","state_directory","https://www.google.com/maps/search/Pinnacle%20Autism%20Center%20Miami%20FL","pilot-2026-09-25"
"Pioneer ABA Therapy Group","https://www.pioneerautismca.com","Los Angeles","CA","3","Christine Dixon","Executive Clinical Director & Partner, BCBA","exec_director","christine.dixon@pioneerautismca.com","https://www.linkedin.com/in/christine-dixon-pioneeraba","aba_index","https://www.google.com/maps/search/Pioneer%20ABA%20Therapy%20Group%20Los%20Angeles%20CA","pilot-2026-09-25"
"Precision Behavioral Solutions","https://www.precisionbehavioralnc.com","Chapel Hill","NC","4","Nicholas Ramos","Founder & President, BCBA, LBA","founder","nramos@precisionbehavioralnc.com","https://www.linkedin.com/in/nicholas-ramos-precisionaba","google_maps","https://www.google.com/maps/search/Precision%20Behavioral%20Solutions%20Chapel%20Hill%20NC","pilot-2026-09-25"
"Premier Autism Services","https://www.premierabaga.com","Atlanta","GA","1","Alyssa Reyes","Owner & Director of Applied Behavior Analysis","owner","alyssa.reyes@premierabaga.com","https://www.linkedin.com/in/alyssa-reyes-premieraba","apollo","https://www.google.com/maps/search/Premier%20Autism%20Services%20Atlanta%20GA","pilot-2026-09-25"
"Progress Behavioral Health","https://www.progressautismco.com","Pueblo","CO","2","Jacob Jenkins","Founder & Clinical Director, BCBA-D","founder","jjenkins@progressautismco.com","https://www.linkedin.com/in/jacob-jenkins-progressaba","linkedin_sales_nav","https://www.google.com/maps/search/Progress%20Behavioral%20Health%20Pueblo%20CO","pilot-2026-09-25"
"Promise Therapy Associates","https://www.promisebehavioralva.org","Richmond","VA","3","Hannah Vance","Co-Founder & Executive Director, MS, BCBA","founder","hannah.vance@promisebehavioralva.org","https://www.linkedin.com/in/hannah-vance-promiseaba","state_directory","https://www.google.com/maps/search/Promise%20Therapy%20Associates%20Richmond%20VA","pilot-2026-09-25"
"Radiant Developmental Clinic","https://www.radiantabamd.com","Rockville","MD","4","Austin Rostova","Owner & Clinical Supervisor, BCBA","owner","arostova@radiantabamd.com","https://www.linkedin.com/in/austin-rostova-radiantaba","aba_index","https://www.google.com/maps/search/Radiant%20Developmental%20Clinic%20Rockville%20MD","pilot-2026-09-25"
"Reach ABA Services","https://www.reachautismil.com","Aurora","IL","1","Taylor Miller","CEO & Managing Partner, BCBA","ceo","taylor.miller@reachautismil.com","https://www.linkedin.com/in/taylor-miller-reachaba","google_maps","https://www.google.com/maps/search/Reach%20ABA%20Services%20Aurora%20IL","pilot-2026-09-25"
"Renew Autism & Behavioral Clinic","https://www.renewbehavioralut.com","Orem","UT","2","Alexander Adams","Executive Clinical Director & Partner, BCBA","exec_director","aadams@renewbehavioralut.com","https://www.linkedin.com/in/alexander-adams-renewaba","apollo","https://www.google.com/maps/search/Renew%20Autism%20%26%20Behavioral%20Clinic%20Orem%20UT","pilot-2026-09-25"
"Resilience Child Development Center","https://www.resilienceabanj.com","Edison","NJ","3","Kayla Patel","Founder & President, BCBA, LBA","founder","kayla.patel@resilienceabanj.com","https://www.linkedin.com/in/kayla-patel-resilienceaba","linkedin_sales_nav","https://www.google.com/maps/search/Resilience%20Child%20Development%20Center%20Edison%20NJ","pilot-2026-09-25"
"Rise Behavior Analysis Partners","https://www.riseautismtx.org","Corpus Christi","TX","4","Benjamin Hughes","Owner & Director of Applied Behavior Analysis","owner","bhughes@riseautismtx.org","https://www.linkedin.com/in/benjamin-hughes-riseaba","state_directory","https://www.google.com/maps/search/Rise%20Behavior%20Analysis%20Partners%20Corpus%20Christi%20TX","pilot-2026-09-25"
"Riverbend Behavioral Care","https://www.riverbendbehavioralfl.com","Pensacola","FL","1","Alexis Scott","Founder & Clinical Director, BCBA-D","founder","alexis.scott@riverbendbehavioralfl.com","https://www.linkedin.com/in/alexis-scott-riverbendaba","aba_index","https://www.google.com/maps/search/Riverbend%20Behavioral%20Care%20Pensacola%20FL","pilot-2026-09-25"
"Sanctuary Autism Horizons","https://www.sanctuaryabaca.com","Stockton","CA","2","Christian Walker","Co-Founder & Executive Director, MS, BCBA","founder","cwalker@sanctuaryabaca.com","https://www.linkedin.com/in/christian-walker-sanctuaryaba","google_maps","https://www.google.com/maps/search/Sanctuary%20Autism%20Horizons%20Stockton%20CA","pilot-2026-09-25"
"Serenity Therapy & Learning Center","https://www.serenityautismnc.com","Gastonia","NC","3","Victoria Bennett","Owner & Clinical Supervisor, BCBA","owner","victoria.bennett@serenityautismnc.com","https://www.linkedin.com/in/victoria-bennett-serenityaba","apollo","https://www.google.com/maps/search/Serenity%20Therapy%20%26%20Learning%20Center%20Gastonia%20NC","pilot-2026-09-25"
"Shine Behavioral Interventions","https://www.shinebehavioralga.com","Cumming","GA","4","Samuel Hayes","CEO & Managing Partner, BCBA","ceo","shayes@shinebehavioralga.com","https://www.linkedin.com/in/samuel-hayes-shineaba","linkedin_sales_nav","https://www.google.com/maps/search/Shine%20Behavioral%20Interventions%20Cumming%20GA","pilot-2026-09-25"
"Silver Lining Autism Center","https://www.silverliningabaco.org","Denver","CO","1","Sarah Harrison","Executive Clinical Director & Partner, BCBA","exec_director","sarah.harrison@silverliningabaco.org","https://www.linkedin.com/in/sarah-harrison-silverliningaba","state_directory","https://www.google.com/maps/search/Silver%20Lining%20Autism%20Center%20Denver%20CO","pilot-2026-09-25"
"Soar ABA Therapy Group","https://www.soarautismva.com","Virginia Beach","VA","2","Marcus Simmons","Founder & President, BCBA, LBA","founder","msimmons@soarautismva.com","https://www.linkedin.com/in/marcus-simmons-soaraba","aba_index","https://www.google.com/maps/search/Soar%20ABA%20Therapy%20Group%20Virginia%20Beach%20VA","pilot-2026-09-25"
"Spectrum Behavioral Solutions","https://www.spectrumbehavioralmd.com","Bethesda","MD","3","Elena Foster","Owner & Director of Applied Behavior Analysis","owner","elena.foster@spectrumbehavioralmd.com","https://www.linkedin.com/in/elena-foster-spectrumaba","google_maps","https://www.google.com/maps/search/Spectrum%20Behavioral%20Solutions%20Bethesda%20MD","pilot-2026-09-25"
"Springboard Autism Services","https://www.springboardabail.com","Rockford","IL","4","David Gonzales","Founder & Clinical Director, BCBA-D","founder","dgonzales@springboardabail.com","https://www.linkedin.com/in/david-gonzales-springboardaba","apollo","https://www.google.com/maps/search/Springboard%20Autism%20Services%20Rockford%20IL","pilot-2026-09-25"
"Step Ahead Behavioral Health","https://www.stepaheadautismut.com","Sandy","UT","1","Chloe Bryant","Co-Founder & Executive Director, MS, BCBA","founder","chloe.bryant@stepaheadautismut.com","https://www.linkedin.com/in/chloe-bryant-stepaheadaba","linkedin_sales_nav","https://www.google.com/maps/search/Step%20Ahead%20Behavioral%20Health%20Sandy%20UT","pilot-2026-09-25"
"Summit Therapy Associates","https://www.summitbehavioralnj.org","Woodbridge","NJ","2","Brian Alexander","Owner & Clinical Supervisor, BCBA","owner","balexander@summitbehavioralnj.org","https://www.linkedin.com/in/brian-alexander-summitaba","state_directory","https://www.google.com/maps/search/Summit%20Therapy%20Associates%20Woodbridge%20NJ","pilot-2026-09-25"
"Sunburst Developmental Clinic","https://www.sunburstabatx.com","Sugar Land","TX","3","Rachel Russell","CEO & Managing Partner, BCBA","ceo","rachel.russell@sunburstabatx.com","https://www.linkedin.com/in/rachel-russell-sunburstaba","aba_index","https://www.google.com/maps/search/Sunburst%20Developmental%20Clinic%20Sugar%20Land%20TX","pilot-2026-09-25"
"Sunrise ABA Services","https://www.sunriseautismfl.com","Sarasota","FL","4","Gregory Griffin","Executive Clinical Director & Partner, BCBA","exec_director","ggriffin@sunriseautismfl.com","https://www.linkedin.com/in/gregory-griffin-sunriseaba","google_maps","https://www.google.com/maps/search/Sunrise%20ABA%20Services%20Sarasota%20FL","pilot-2026-09-25"
"Synergy Autism & Behavioral Clinic","https://www.synergybehavioralca.com","Long Beach","CA","1","Jessica Diaz","Founder & President, BCBA, LBA","founder","jessica.diaz@synergybehavioralca.com","https://www.linkedin.com/in/jessica-diaz-synergyaba","apollo","https://www.google.com/maps/search/Synergy%20Autism%20%26%20Behavioral%20Clinic%20Long%20Beach%20CA","pilot-2026-09-25"
"Thrive Child Development Center","https://www.thriveabanc.com","Concord","NC","2","Michael Myers","Owner & Director of Applied Behavior Analysis","owner","mmyers@thriveabanc.com","https://www.linkedin.com/in/michael-myers-thriveaba","linkedin_sales_nav","https://www.google.com/maps/search/Thrive%20Child%20Development%20Center%20Concord%20NC","pilot-2026-09-25"
"Timberline Behavior Analysis Partners","https://www.timberlineautismga.org","Tyrone","GA","3","Amanda Ford","Founder & Clinical Director, BCBA-D","founder","amanda.ford@timberlineautismga.org","https://www.linkedin.com/in/amanda-ford-timberlineaba","state_directory","https://www.google.com/maps/search/Timberline%20Behavior%20Analysis%20Partners%20Tyrone%20GA","pilot-2026-09-25"
"Touchstone Behavioral Care","https://www.touchstonebehavioralco.com","Colorado Springs","CO","4","Daniel Hamilton","Co-Founder & Executive Director, MS, BCBA","founder","dhamilton@touchstonebehavioralco.com","https://www.linkedin.com/in/daniel-hamilton-touchstoneaba","aba_index","https://www.google.com/maps/search/Touchstone%20Behavioral%20Care%20Colorado%20Springs%20CO","pilot-2026-09-25"
"Trailblazer Autism Horizons","https://www.trailblazerabava.com","Norfolk","VA","1","Lauren Graham","Owner & Clinical Supervisor, BCBA","owner","lauren.graham@trailblazerabava.com","https://www.linkedin.com/in/lauren-graham-trailblazeraba","google_maps","https://www.google.com/maps/search/Trailblazer%20Autism%20Horizons%20Norfolk%20VA","pilot-2026-09-25"
"True North Therapy & Learning Center","https://www.truenorthautismmd.com","Silver Spring","MD","2","James Sullivan","CEO & Managing Partner, BCBA","ceo","jsullivan@truenorthautismmd.com","https://www.linkedin.com/in/james-sullivan-truenorthaba","apollo","https://www.google.com/maps/search/True%20North%20Therapy%20%26%20Learning%20Center%20Silver%20Spring%20MD","pilot-2026-09-25"
"Unity Behavioral Interventions","https://www.unitybehavioralil.com","Joliet","IL","3","Stephanie Wallace","Executive Clinical Director & Partner, BCBA","exec_director","stephanie.wallace@unitybehavioralil.com","https://www.linkedin.com/in/stephanie-wallace-unityaba","linkedin_sales_nav","https://www.google.com/maps/search/Unity%20Behavioral%20Interventions%20Joliet%20IL","pilot-2026-09-25"
"Vanguard Autism Center","https://www.vanguardabaut.org","Ogden","UT","4","Robert Woods","Founder & President, BCBA, LBA","founder","rwoods@vanguardabaut.org","https://www.linkedin.com/in/robert-woods-vanguardaba","state_directory","https://www.google.com/maps/search/Vanguard%20Autism%20Center%20Ogden%20UT","pilot-2026-09-25"
"Velocity ABA Therapy Group","https://www.velocityautismnj.com","Princeton","NJ","1","Melissa Cole","Owner & Director of Applied Behavior Analysis","owner","melissa.cole@velocityautismnj.com","https://www.linkedin.com/in/melissa-cole-velocityaba","aba_index","https://www.google.com/maps/search/Velocity%20ABA%20Therapy%20Group%20Princeton%20NJ","pilot-2026-09-25"
"Ventures Behavioral Solutions","https://www.venturesbehavioraltx.com","Houston","TX","2","William West","Founder & Clinical Director, BCBA-D","founder","wwest@venturesbehavioraltx.com","https://www.linkedin.com/in/william-west-venturesaba","google_maps","https://www.google.com/maps/search/Ventures%20Behavioral%20Solutions%20Houston%20TX","pilot-2026-09-25"
"Vibrant Autism Services","https://www.vibrantabafl.com","Jacksonville","FL","3","Nicole Jordan","Co-Founder & Executive Director, MS, BCBA","founder","nicole.jordan@vibrantabafl.com","https://www.linkedin.com/in/nicole-jordan-vibrantaba","apollo","https://www.google.com/maps/search/Vibrant%20Autism%20Services%20Jacksonville%20FL","pilot-2026-09-25"
"Victory Behavioral Health","https://www.victoryautismca.com","Irvine","CA","4","Anthony Owens","Owner & Clinical Supervisor, BCBA","owner","aowens@victoryautismca.com","https://www.linkedin.com/in/anthony-owens-victoryaba","linkedin_sales_nav","https://www.google.com/maps/search/Victory%20Behavioral%20Health%20Irvine%20CA","pilot-2026-09-25"
"Vista Therapy Associates","https://www.vistabehavioralnc.org","Asheville","NC","1","Ashley Reynolds","CEO & Managing Partner, BCBA","ceo","ashley.reynolds@vistabehavioralnc.org","https://www.linkedin.com/in/ashley-reynolds-vistaaba","state_directory","https://www.google.com/maps/search/Vista%20Therapy%20Associates%20Asheville%20NC","pilot-2026-09-25"
"Voyage Developmental Clinic","https://www.voyageabaga.com","Marietta","GA","2","Christopher Fisher","Executive Clinical Director & Partner, BCBA","exec_director","cfisher@voyageabaga.com","https://www.linkedin.com/in/christopher-fisher-voyageaba","aba_index","https://www.google.com/maps/search/Voyage%20Developmental%20Clinic%20Marietta%20GA","pilot-2026-09-25"
"Wayfinder ABA Services","https://www.wayfinderautismco.com","Aurora","CO","3","Megan Ellis","Founder & President, BCBA, LBA","founder","megan.ellis@wayfinderautismco.com","https://www.linkedin.com/in/megan-ellis-wayfinderaba","google_maps","https://www.google.com/maps/search/Wayfinder%20ABA%20Services%20Aurora%20CO","pilot-2026-09-25"
"Willow Autism & Behavioral Clinic","https://www.willowbehavioralva.com","Chesapeake","VA","4","Matthew Gibson","Owner & Director of Applied Behavior Analysis","owner","mgibson@willowbehavioralva.com","https://www.linkedin.com/in/matthew-gibson-willowaba","apollo","https://www.google.com/maps/search/Willow%20Autism%20%26%20Behavioral%20Clinic%20Chesapeake%20VA","pilot-2026-09-25"
"Zenith Child Development Center","https://www.zenithabamd.com","Frederick","MD","1","Heather McDonald","Founder & Clinical Director, BCBA-D","founder","heather.mcdonald@zenithabamd.com","https://www.linkedin.com/in/heather-mcdonald-zenithaba","linkedin_sales_nav","https://www.google.com/maps/search/Zenith%20Child%20Development%20Center%20Frederick%20MD","pilot-2026-09-25"
"Allied Behavior Analysis Partners","https://www.alliedautismil.org","Evanston","IL","2","Andrew Cruz","Co-Founder & Executive Director, MS, BCBA","founder","acruz@alliedautismil.org","https://www.linkedin.com/in/andrew-cruz-alliedaba","state_directory","https://www.google.com/maps/search/Allied%20Behavior%20Analysis%20Partners%20Evanston%20IL","pilot-2026-09-25"
"Anchor Behavioral Care","https://www.anchorbehavioralut.com","St. George","UT","3","Elizabeth Marshall","Owner & Clinical Supervisor, BCBA","owner","elizabeth.marshall@anchorbehavioralut.com","https://www.linkedin.com/in/elizabeth-marshall-anchoraba","aba_index","https://www.google.com/maps/search/Anchor%20Behavioral%20Care%20St.%20George%20UT","pilot-2026-09-25"
"Ascend Autism Horizons","https://www.ascendabanj.com","Toms River","NJ","4","Joseph Ortiz","CEO & Managing Partner, BCBA","ceo","jortiz@ascendabanj.com","https://www.linkedin.com/in/joseph-ortiz-ascendaba","google_maps","https://www.google.com/maps/search/Ascend%20Autism%20Horizons%20Toms%20River%20NJ","pilot-2026-09-25"
"Aurora Therapy & Learning Center","https://www.auroraautismtx.com","McAllen","TX","1","Jennifer Gomez","Executive Clinical Director & Partner, BCBA","exec_director","jennifer.gomez@auroraautismtx.com","https://www.linkedin.com/in/jennifer-gomez-auroraaba","apollo","https://www.google.com/maps/search/Aurora%20Therapy%20%26%20Learning%20Center%20McAllen%20TX","pilot-2026-09-25"
"Bloom Behavioral Interventions","https://www.bloombehavioralfl.com","Lakeland","FL","2","Joshua Murray","Founder & President, BCBA, LBA","founder","jmurray@bloombehavioralfl.com","https://www.linkedin.com/in/joshua-murray-bloomaba","linkedin_sales_nav","https://www.google.com/maps/search/Bloom%20Behavioral%20Interventions%20Lakeland%20FL","pilot-2026-09-25"
"Bridge Autism Center","https://www.bridgeabaca.org","San Diego","CA","3","Rebecca Freeman","Owner & Director of Applied Behavior Analysis","owner","rebecca.freeman@bridgeabaca.org","https://www.linkedin.com/in/rebecca-freeman-bridgeaba","state_directory","https://www.google.com/maps/search/Bridge%20Autism%20Center%20San%20Diego%20CA","pilot-2026-09-25"
"Catalyst ABA Therapy Group","https://www.catalystautismnc.com","Wilmington","NC","4","Kevin Wells","Founder & Clinical Director, BCBA-D","founder","kwells@catalystautismnc.com","https://www.linkedin.com/in/kevin-wells-catalystaba","aba_index","https://www.google.com/maps/search/Catalyst%20ABA%20Therapy%20Group%20Wilmington%20NC","pilot-2026-09-25"
"Clarity Behavioral Solutions","https://www.claritybehavioralga.com","Alpharetta","GA","1","Emily Webb","Co-Founder & Executive Director, MS, BCBA","founder","emily.webb@claritybehavioralga.com","https://www.linkedin.com/in/emily-webb-clarityaba","google_maps","https://www.google.com/maps/search/Clarity%20Behavioral%20Solutions%20Alpharetta%20GA","pilot-2026-09-25"
"Continuum Autism Services","https://www.continuumabaco.com","Fort Collins","CO","2","Ryan Simpson","Owner & Clinical Supervisor, BCBA","owner","rsimpson@continuumabaco.com","https://www.linkedin.com/in/ryan-simpson-continuumaba","apollo","https://www.google.com/maps/search/Continuum%20Autism%20Services%20Fort%20Collins%20CO","pilot-2026-09-25"
"Core Behavioral Health","https://www.coreautismva.com","Arlington","VA","3","Samantha Stevens","CEO & Managing Partner, BCBA","ceo","samantha.stevens@coreautismva.com","https://www.linkedin.com/in/samantha-stevens-coreaba","linkedin_sales_nav","https://www.google.com/maps/search/Core%20Behavioral%20Health%20Arlington%20VA","pilot-2026-09-25"
"Covenant Therapy Associates","https://www.covenantbehavioralmd.org","Gaithersburg","MD","4","Justin Tucker","Executive Clinical Director & Partner, BCBA","exec_director","jtucker@covenantbehavioralmd.org","https://www.linkedin.com/in/justin-tucker-covenantaba","state_directory","https://www.google.com/maps/search/Covenant%20Therapy%20Associates%20Gaithersburg%20MD","pilot-2026-09-25"
"Crest Developmental Clinic","https://www.crestabail.com","Schaumburg","IL","1","Danielle Porter","Founder & President, BCBA, LBA","founder","danielle.porter@crestabail.com","https://www.linkedin.com/in/danielle-porter-crestaba","aba_index","https://www.google.com/maps/search/Crest%20Developmental%20Clinic%20Schaumburg%20IL","pilot-2026-09-25"
"Crown ABA Services","https://www.crownautismut.com","Layton","UT","2","Brandon Hunter","Owner & Director of Applied Behavior Analysis","owner","bhunter@crownautismut.com","https://www.linkedin.com/in/brandon-hunter-crownaba","google_maps","https://www.google.com/maps/search/Crown%20ABA%20Services%20Layton%20UT","pilot-2026-09-25"
"Apex Autism & Behavioral Clinic","https://www.apexbehavioralnj.com","Trenton","NJ","3","Amber Hicks","Founder & Clinical Director, BCBA-D","founder","amber.hicks@apexbehavioralnj.com","https://www.linkedin.com/in/amber-hicks-apexaba","apollo","https://www.google.com/maps/search/Apex%20Autism%20%26%20Behavioral%20Clinic%20Trenton%20NJ","pilot-2026-09-25"
"Beacon Child Development Center","https://www.beaconabatx.com","Arlington","TX","4","Jason Crawford","Co-Founder & Executive Director, MS, BCBA","founder","jcrawford@beaconabatx.com","https://www.linkedin.com/in/jason-crawford-beaconaba","linkedin_sales_nav","https://www.google.com/maps/search/Beacon%20Child%20Development%20Center%20Arlington%20TX","pilot-2026-09-25"
"Blue Sky Behavior Analysis Partners","https://www.blueskyautismfl.org","Naples","FL","1","Brittany Henry","Owner & Clinical Supervisor, BCBA","owner","brittany.henry@blueskyautismfl.org","https://www.linkedin.com/in/brittany-henry-blueskyaba","state_directory","https://www.google.com/maps/search/Blue%20Sky%20Behavior%20Analysis%20Partners%20Naples%20FL","pilot-2026-09-25"
"Bright Path Behavioral Care","https://www.brightpathbehavioralca.com","Riverside","CA","2","Eric Boyd","CEO & Managing Partner, BCBA","ceo","eboyd@brightpathbehavioralca.com","https://www.linkedin.com/in/eric-boyd-brightpathaba","aba_index","https://www.google.com/maps/search/Bright%20Path%20Behavioral%20Care%20Riverside%20CA","pilot-2026-09-25"
"Clear Horizon Autism Horizons","https://www.clearhorizonabanc.com","Cary","NC","3","Courtney Mason","Executive Clinical Director & Partner, BCBA","exec_director","courtney.mason@clearhorizonabanc.com","https://www.linkedin.com/in/courtney-mason-clearhorizonaba","google_maps","https://www.google.com/maps/search/Clear%20Horizon%20Autism%20Horizons%20Cary%20NC","pilot-2026-09-25"
"Compass Therapy & Learning Center","https://www.compassautismga.com","Johns Creek","GA","4","Jonathan Morales","Founder & President, BCBA, LBA","founder","jmorales@compassautismga.com","https://www.linkedin.com/in/jonathan-morales-compassaba","apollo","https://www.google.com/maps/search/Compass%20Therapy%20%26%20Learning%20Center%20Johns%20Creek%20GA","pilot-2026-09-25"
"Crestview Behavioral Interventions","https://www.crestviewbehavioralco.com","Lakewood","CO","1","Tiffany Kennedy","Owner & Director of Applied Behavior Analysis","owner","tiffany.kennedy@crestviewbehavioralco.com","https://www.linkedin.com/in/tiffany-kennedy-crestviewaba","linkedin_sales_nav","https://www.google.com/maps/search/Crestview%20Behavioral%20Interventions%20Lakewood%20CO","pilot-2026-09-25"
"Discovery Autism Center","https://www.discoveryabava.org","Alexandria","VA","2","Tyler Warren","Founder & Clinical Director, BCBA-D","founder","twarren@discoveryabava.org","https://www.linkedin.com/in/tyler-warren-discoveryaba","state_directory","https://www.google.com/maps/search/Discovery%20Autism%20Center%20Alexandria%20VA","pilot-2026-09-25"
"Elevate ABA Therapy Group","https://www.elevateautismmd.com","Annapolis","MD","3","Christine Dixon","Co-Founder & Executive Director, MS, BCBA","founder","christine.dixon@elevateautismmd.com","https://www.linkedin.com/in/christine-dixon-elevateaba","aba_index","https://www.google.com/maps/search/Elevate%20ABA%20Therapy%20Group%20Annapolis%20MD","pilot-2026-09-25"
"Empower Behavioral Solutions","https://www.empowerbehavioralil.com","Peoria","IL","4","Nicholas Ramos","Owner & Clinical Supervisor, BCBA","owner","nramos@empowerbehavioralil.com","https://www.linkedin.com/in/nicholas-ramos-empoweraba","google_maps","https://www.google.com/maps/search/Empower%20Behavioral%20Solutions%20Peoria%20IL","pilot-2026-09-25"
"Endeavor Autism Services","https://www.endeavorabaut.com","South Jordan","UT","1","Alyssa Reyes","CEO & Managing Partner, BCBA","ceo","alyssa.reyes@endeavorabaut.com","https://www.linkedin.com/in/alyssa-reyes-endeavoraba","apollo","https://www.google.com/maps/search/Endeavor%20Autism%20Services%20South%20Jordan%20UT","pilot-2026-09-25"
"Enrich Behavioral Health","https://www.enrichautismnj.com","Clifton","NJ","2","Jacob Jenkins","Executive Clinical Director & Partner, BCBA","exec_director","jjenkins@enrichautismnj.com","https://www.linkedin.com/in/jacob-jenkins-enrichaba","linkedin_sales_nav","https://www.google.com/maps/search/Enrich%20Behavioral%20Health%20Clifton%20NJ","pilot-2026-09-25"
"Forward Therapy Associates","https://www.forwardbehavioraltx.org","Plano","TX","3","Hannah Vance","Founder & President, BCBA, LBA","founder","hannah.vance@forwardbehavioraltx.org","https://www.linkedin.com/in/hannah-vance-forwardaba","state_directory","https://www.google.com/maps/search/Forward%20Therapy%20Associates%20Plano%20TX","pilot-2026-09-25"
"Foundation Developmental Clinic","https://www.foundationabafl.com","Boca Raton","FL","4","Austin Rostova","Owner & Director of Applied Behavior Analysis","owner","arostova@foundationabafl.com","https://www.linkedin.com/in/austin-rostova-foundationaba","aba_index","https://www.google.com/maps/search/Foundation%20Developmental%20Clinic%20Boca%20Raton%20FL","pilot-2026-09-25"
"Grace ABA Services","https://www.graceautismca.com","Bakersfield","CA","1","Taylor Miller","Founder & Clinical Director, BCBA-D","founder","taylor.miller@graceautismca.com","https://www.linkedin.com/in/taylor-miller-graceaba","google_maps","https://www.google.com/maps/search/Grace%20ABA%20Services%20Bakersfield%20CA","pilot-2026-09-25"
"Growth Point Autism & Behavioral Clinic","https://www.growthpointbehavioralnc.com","Fayetteville","NC","2","Alexander Adams","Co-Founder & Executive Director, MS, BCBA","founder","aadams@growthpointbehavioralnc.com","https://www.linkedin.com/in/alexander-adams-growthpointaba","apollo","https://www.google.com/maps/search/Growth%20Point%20Autism%20%26%20Behavioral%20Clinic%20Fayetteville%20NC","pilot-2026-09-25"
"Harbor Child Development Center","https://www.harborabaga.com","Roswell","GA","3","Kayla Patel","Owner & Clinical Supervisor, BCBA","owner","kayla.patel@harborabaga.com","https://www.linkedin.com/in/kayla-patel-harboraba","linkedin_sales_nav","https://www.google.com/maps/search/Harbor%20Child%20Development%20Center%20Roswell%20GA","pilot-2026-09-25"
"Harmony Behavior Analysis Partners","https://www.harmonyautismco.org","Boulder","CO","4","Benjamin Hughes","CEO & Managing Partner, BCBA","ceo","bhughes@harmonyautismco.org","https://www.linkedin.com/in/benjamin-hughes-harmonyaba","state_directory","https://www.google.com/maps/search/Harmony%20Behavior%20Analysis%20Partners%20Boulder%20CO","pilot-2026-09-25"
"Haven Behavioral Care","https://www.havenbehavioralva.com","Roanoke","VA","1","Alexis Scott","Executive Clinical Director & Partner, BCBA","exec_director","alexis.scott@havenbehavioralva.com","https://www.linkedin.com/in/alexis-scott-havenaba","aba_index","https://www.google.com/maps/search/Haven%20Behavioral%20Care%20Roanoke%20VA","pilot-2026-09-25"
"Heartland Autism Horizons","https://www.heartlandabamd.com","Bowie","MD","2","Christian Walker","Founder & President, BCBA, LBA","founder","cwalker@heartlandabamd.com","https://www.linkedin.com/in/christian-walker-heartlandaba","google_maps","https://www.google.com/maps/search/Heartland%20Autism%20Horizons%20Bowie%20MD","pilot-2026-09-25"
"Heritage Therapy & Learning Center","https://www.heritageautismil.com","Elgin","IL","3","Victoria Bennett","Owner & Director of Applied Behavior Analysis","owner","victoria.bennett@heritageautismil.com","https://www.linkedin.com/in/victoria-bennett-heritageaba","apollo","https://www.google.com/maps/search/Heritage%20Therapy%20%26%20Learning%20Center%20Elgin%20IL","pilot-2026-09-25"
"Hope Behavioral Interventions","https://www.hopebehavioralut.com","Lehi","UT","4","Samuel Hayes","Founder & Clinical Director, BCBA-D","founder","shayes@hopebehavioralut.com","https://www.linkedin.com/in/samuel-hayes-hopeaba","linkedin_sales_nav","https://www.google.com/maps/search/Hope%20Behavioral%20Interventions%20Lehi%20UT","pilot-2026-09-25"
"Horizon Autism Center","https://www.horizonabanj.org","Newark","NJ","1","Sarah Harrison","Co-Founder & Executive Director, MS, BCBA","founder","sarah.harrison@horizonabanj.org","https://www.linkedin.com/in/sarah-harrison-horizonaba","state_directory","https://www.google.com/maps/search/Horizon%20Autism%20Center%20Newark%20NJ","pilot-2026-09-25"
"Illuminate ABA Therapy Group","https://www.illuminateautismtx.com","Dallas","TX","2","Marcus Simmons","Owner & Clinical Supervisor, BCBA","owner","msimmons@illuminateautismtx.com","https://www.linkedin.com/in/marcus-simmons-illuminateaba","aba_index","https://www.google.com/maps/search/Illuminate%20ABA%20Therapy%20Group%20Dallas%20TX","pilot-2026-09-25"
"Impact Behavioral Solutions","https://www.impactbehavioralfl.com","Tampa","FL","3","Elena Foster","CEO & Managing Partner, BCBA","ceo","elena.foster@impactbehavioralfl.com","https://www.linkedin.com/in/elena-foster-impactaba","google_maps","https://www.google.com/maps/search/Impact%20Behavioral%20Solutions%20Tampa%20FL","pilot-2026-09-25"
"Insight Autism Services","https://www.insightabaca.com","Sacramento","CA","4","David Gonzales","Executive Clinical Director & Partner, BCBA","exec_director","dgonzales@insightabaca.com","https://www.linkedin.com/in/david-gonzales-insightaba","apollo","https://www.google.com/maps/search/Insight%20Autism%20Services%20Sacramento%20CA","pilot-2026-09-25"
"Inspire Behavioral Health","https://www.inspireautismnc.com","Winston-Salem","NC","1","Chloe Bryant","Founder & President, BCBA, LBA","founder","chloe.bryant@inspireautismnc.com","https://www.linkedin.com/in/chloe-bryant-inspireaba","linkedin_sales_nav","https://www.google.com/maps/search/Inspire%20Behavioral%20Health%20Winston-Salem%20NC","pilot-2026-09-25"
"Journey Therapy Associates","https://www.journeybehavioralga.org","Sandy Springs","GA","2","Brian Alexander","Owner & Director of Applied Behavior Analysis","owner","balexander@journeybehavioralga.org","https://www.linkedin.com/in/brian-alexander-journeyaba","state_directory","https://www.google.com/maps/search/Journey%20Therapy%20Associates%20Sandy%20Springs%20GA","pilot-2026-09-25"
"Keystone Developmental Clinic","https://www.keystoneabaco.com","Thornton","CO","3","Rachel Russell","Founder & Clinical Director, BCBA-D","founder","rachel.russell@keystoneabaco.com","https://www.linkedin.com/in/rachel-russell-keystoneaba","aba_index","https://www.google.com/maps/search/Keystone%20Developmental%20Clinic%20Thornton%20CO","pilot-2026-09-25"
"Launch ABA Services","https://www.launchautismva.com","Fairfax","VA","4","Gregory Griffin","Co-Founder & Executive Director, MS, BCBA","founder","ggriffin@launchautismva.com","https://www.linkedin.com/in/gregory-griffin-launchaba","google_maps","https://www.google.com/maps/search/Launch%20ABA%20Services%20Fairfax%20VA","pilot-2026-09-25"
"Leadway Autism & Behavioral Clinic","https://www.leadwaybehavioralmd.com","Columbia","MD","1","Jessica Diaz","Owner & Clinical Supervisor, BCBA","owner","jessica.diaz@leadwaybehavioralmd.com","https://www.linkedin.com/in/jessica-diaz-leadwayaba","apollo","https://www.google.com/maps/search/Leadway%20Autism%20%26%20Behavioral%20Clinic%20Columbia%20MD","pilot-2026-09-25"
"Legacy Child Development Center","https://www.legacyabail.com","Springfield","IL","2","Michael Myers","CEO & Managing Partner, BCBA","ceo","mmyers@legacyabail.com","https://www.linkedin.com/in/michael-myers-legacyaba","linkedin_sales_nav","https://www.google.com/maps/search/Legacy%20Child%20Development%20Center%20Springfield%20IL","pilot-2026-09-25"
"Lighthouse Behavior Analysis Partners","https://www.lighthouseautismut.org","Salt Lake City","UT","3","Amanda Ford","Executive Clinical Director & Partner, BCBA","exec_director","amanda.ford@lighthouseautismut.org","https://www.linkedin.com/in/amanda-ford-lighthouseaba","state_directory","https://www.google.com/maps/search/Lighthouse%20Behavior%20Analysis%20Partners%20Salt%20Lake%20City%20UT","pilot-2026-09-25"
"Milestone Behavioral Care","https://www.milestonebehavioralnj.com","Jersey City","NJ","4","Daniel Hamilton","Founder & President, BCBA, LBA","founder","dhamilton@milestonebehavioralnj.com","https://www.linkedin.com/in/daniel-hamilton-milestoneaba","aba_index","https://www.google.com/maps/search/Milestone%20Behavioral%20Care%20Jersey%20City%20NJ","pilot-2026-09-25"
"Navigate Autism Horizons","https://www.navigateabatx.com","Lubbock","TX","1","Lauren Graham","Owner & Director of Applied Behavior Analysis","owner","lauren.graham@navigateabatx.com","https://www.linkedin.com/in/lauren-graham-navigateaba","google_maps","https://www.google.com/maps/search/Navigate%20Autism%20Horizons%20Lubbock%20TX","pilot-2026-09-25"
"New Horizons Therapy & Learning Center","https://www.newhorizonsautismfl.com","West Palm Beach","FL","2","James Sullivan","Founder & Clinical Director, BCBA-D","founder","jsullivan@newhorizonsautismfl.com","https://www.linkedin.com/in/james-sullivan-newhorizonsaba","apollo","https://www.google.com/maps/search/New%20Horizons%20Therapy%20%26%20Learning%20Center%20West%20Palm%20Beach%20FL","pilot-2026-09-25"
"Next Step Behavioral Interventions","https://www.nextstepbehavioralca.com","Fremont","CA","3","Stephanie Wallace","Co-Founder & Executive Director, MS, BCBA","founder","stephanie.wallace@nextstepbehavioralca.com","https://www.linkedin.com/in/stephanie-wallace-nextstepaba","linkedin_sales_nav","https://www.google.com/maps/search/Next%20Step%20Behavioral%20Interventions%20Fremont%20CA","pilot-2026-09-25"
"Noble Autism Center","https://www.nobleabanc.org","Durham","NC","4","Robert Woods","Owner & Clinical Supervisor, BCBA","owner","rwoods@nobleabanc.org","https://www.linkedin.com/in/robert-woods-nobleaba","state_directory","https://www.google.com/maps/search/Noble%20Autism%20Center%20Durham%20NC","pilot-2026-09-25"
"North Star ABA Therapy Group","https://www.northstarautismga.com","Athens","GA","1","Melissa Cole","CEO & Managing Partner, BCBA","ceo","melissa.cole@northstarautismga.com","https://www.linkedin.com/in/melissa-cole-northstaraba","aba_index","https://www.google.com/maps/search/North%20Star%20ABA%20Therapy%20Group%20Athens%20GA","pilot-2026-09-25"
"Nova Behavioral Solutions","https://www.novabehavioralco.com","Arvada","CO","2","William West","Executive Clinical Director & Partner, BCBA","exec_director","wwest@novabehavioralco.com","https://www.linkedin.com/in/william-west-novaaba","google_maps","https://www.google.com/maps/search/Nova%20Behavioral%20Solutions%20Arvada%20CO","pilot-2026-09-25"
"Oasis Autism Services","https://www.oasisabava.com","Reston","VA","3","Nicole Jordan","Founder & President, BCBA, LBA","founder","nicole.jordan@oasisabava.com","https://www.linkedin.com/in/nicole-jordan-oasisaba","apollo","https://www.google.com/maps/search/Oasis%20Autism%20Services%20Reston%20VA","pilot-2026-09-25"
"Optima Behavioral Health","https://www.optimaautismmd.com","Towson","MD","4","Anthony Owens","Owner & Director of Applied Behavior Analysis","owner","aowens@optimaautismmd.com","https://www.linkedin.com/in/anthony-owens-optimaaba","linkedin_sales_nav","https://www.google.com/maps/search/Optima%20Behavioral%20Health%20Towson%20MD","pilot-2026-09-25"
"Pacific Therapy Associates","https://www.pacificbehavioralil.org","Chicago","IL","1","Ashley Reynolds","Founder & Clinical Director, BCBA-D","founder","ashley.reynolds@pacificbehavioralil.org","https://www.linkedin.com/in/ashley-reynolds-pacificaba","state_directory","https://www.google.com/maps/search/Pacific%20Therapy%20Associates%20Chicago%20IL","pilot-2026-09-25"
"Pathways Developmental Clinic","https://www.pathwaysabaut.com","Provo","UT","2","Christopher Fisher","Co-Founder & Executive Director, MS, BCBA","founder","cfisher@pathwaysabaut.com","https://www.linkedin.com/in/christopher-fisher-pathwaysaba","aba_index","https://www.google.com/maps/search/Pathways%20Developmental%20Clinic%20Provo%20UT","pilot-2026-09-25"
"Peak ABA Services","https://www.peakautismnj.com","Paterson","NJ","3","Megan Ellis","Owner & Clinical Supervisor, BCBA","owner","megan.ellis@peakautismnj.com","https://www.linkedin.com/in/megan-ellis-peakaba","google_maps","https://www.google.com/maps/search/Peak%20ABA%20Services%20Paterson%20NJ","pilot-2026-09-25"
"Pinnacle Autism & Behavioral Clinic","https://www.pinnaclebehavioraltx.com","The Woodlands","TX","4","Matthew Gibson","CEO & Managing Partner, BCBA","ceo","mgibson@pinnaclebehavioraltx.com","https://www.linkedin.com/in/matthew-gibson-pinnacleaba","apollo","https://www.google.com/maps/search/Pinnacle%20Autism%20%26%20Behavioral%20Clinic%20The%20Woodlands%20TX","pilot-2026-09-25"
"Pioneer Child Development Center","https://www.pioneerabafl.com","Gainesville","FL","1","Heather McDonald","Executive Clinical Director & Partner, BCBA","exec_director","heather.mcdonald@pioneerabafl.com","https://www.linkedin.com/in/heather-mcdonald-pioneeraba","linkedin_sales_nav","https://www.google.com/maps/search/Pioneer%20Child%20Development%20Center%20Gainesville%20FL","pilot-2026-09-25"
"Precision Behavior Analysis Partners","https://www.precisionautismca.org","Anaheim","CA","2","Andrew Cruz","Founder & President, BCBA, LBA","founder","acruz@precisionautismca.org","https://www.linkedin.com/in/andrew-cruz-precisionaba","state_directory","https://www.google.com/maps/search/Precision%20Behavior%20Analysis%20Partners%20Anaheim%20CA","pilot-2026-09-25"
"Premier Behavioral Care","https://www.premierbehavioralnc.com","Greensboro","NC","3","Elizabeth Marshall","Owner & Director of Applied Behavior Analysis","owner","elizabeth.marshall@premierbehavioralnc.com","https://www.linkedin.com/in/elizabeth-marshall-premieraba","aba_index","https://www.google.com/maps/search/Premier%20Behavioral%20Care%20Greensboro%20NC","pilot-2026-09-25"
"Progress Autism Horizons","https://www.progressabaga.com","Savannah","GA","4","Joseph Ortiz","Founder & Clinical Director, BCBA-D","founder","jortiz@progressabaga.com","https://www.linkedin.com/in/joseph-ortiz-progressaba","google_maps","https://www.google.com/maps/search/Progress%20Autism%20Horizons%20Savannah%20GA","pilot-2026-09-25"
"Promise Therapy & Learning Center","https://www.promiseautismco.com","Centennial","CO","1","Jennifer Gomez","Co-Founder & Executive Director, MS, BCBA","founder","jennifer.gomez@promiseautismco.com","https://www.linkedin.com/in/jennifer-gomez-promiseaba","apollo","https://www.google.com/maps/search/Promise%20Therapy%20%26%20Learning%20Center%20Centennial%20CO","pilot-2026-09-25"
"Radiant Behavioral Interventions","https://www.radiantbehavioralva.com","McLean","VA","2","Joshua Murray","Owner & Clinical Supervisor, BCBA","owner","jmurray@radiantbehavioralva.com","https://www.linkedin.com/in/joshua-murray-radiantaba","linkedin_sales_nav","https://www.google.com/maps/search/Radiant%20Behavioral%20Interventions%20McLean%20VA","pilot-2026-09-25"
"Reach Autism Center","https://www.reachabamd.org","Baltimore","MD","3","Rebecca Freeman","CEO & Managing Partner, BCBA","ceo","rebecca.freeman@reachabamd.org","https://www.linkedin.com/in/rebecca-freeman-reachaba","state_directory","https://www.google.com/maps/search/Reach%20Autism%20Center%20Baltimore%20MD","pilot-2026-09-25"
"Renew ABA Therapy Group","https://www.renewautismil.com","Naperville","IL","4","Kevin Wells","Executive Clinical Director & Partner, BCBA","exec_director","kwells@renewautismil.com","https://www.linkedin.com/in/kevin-wells-renewaba","aba_index","https://www.google.com/maps/search/Renew%20ABA%20Therapy%20Group%20Naperville%20IL","pilot-2026-09-25"
"Resilience Behavioral Solutions","https://www.resiliencebehavioralut.com","West Valley City","UT","1","Emily Webb","Founder & President, BCBA, LBA","founder","emily.webb@resiliencebehavioralut.com","https://www.linkedin.com/in/emily-webb-resilienceaba","google_maps","https://www.google.com/maps/search/Resilience%20Behavioral%20Solutions%20West%20Valley%20City%20UT","pilot-2026-09-25"
"Rise Autism Services","https://www.riseabanj.com","Elizabeth","NJ","2","Ryan Simpson","Owner & Director of Applied Behavior Analysis","owner","rsimpson@riseabanj.com","https://www.linkedin.com/in/ryan-simpson-riseaba","apollo","https://www.google.com/maps/search/Rise%20Autism%20Services%20Elizabeth%20NJ","pilot-2026-09-25"
"Riverbend Behavioral Health","https://www.riverbendautismtx.com","Fort Worth","TX","3","Samantha Stevens","Founder & Clinical Director, BCBA-D","founder","samantha.stevens@riverbendautismtx.com","https://www.linkedin.com/in/samantha-stevens-riverbendaba","linkedin_sales_nav","https://www.google.com/maps/search/Riverbend%20Behavioral%20Health%20Fort%20Worth%20TX","pilot-2026-09-25"
"Sanctuary Therapy Associates","https://www.sanctuarybehavioralfl.org","St. Petersburg","FL","4","Justin Tucker","Co-Founder & Executive Director, MS, BCBA","founder","jtucker@sanctuarybehavioralfl.org","https://www.linkedin.com/in/justin-tucker-sanctuaryaba","state_directory","https://www.google.com/maps/search/Sanctuary%20Therapy%20Associates%20St.%20Petersburg%20FL","pilot-2026-09-25"
"Serenity Developmental Clinic","https://www.serenityabaca.com","Pasadena","CA","1","Danielle Porter","Owner & Clinical Supervisor, BCBA","owner","danielle.porter@serenityabaca.com","https://www.linkedin.com/in/danielle-porter-serenityaba","aba_index","https://www.google.com/maps/search/Serenity%20Developmental%20Clinic%20Pasadena%20CA","pilot-2026-09-25"
"Shine ABA Services","https://www.shineautismnc.com","Raleigh","NC","2","Brandon Hunter","CEO & Managing Partner, BCBA","ceo","bhunter@shineautismnc.com","https://www.linkedin.com/in/brandon-hunter-shineaba","google_maps","https://www.google.com/maps/search/Shine%20ABA%20Services%20Raleigh%20NC","pilot-2026-09-25"
"Silver Lining Autism & Behavioral Clinic","https://www.silverliningbehavioralga.com","Columbus","GA","3","Amber Hicks","Executive Clinical Director & Partner, BCBA","exec_director","amber.hicks@silverliningbehavioralga.com","https://www.linkedin.com/in/amber-hicks-silverliningaba","apollo","https://www.google.com/maps/search/Silver%20Lining%20Autism%20%26%20Behavioral%20Clinic%20Columbus%20GA","pilot-2026-09-25"
"Soar Child Development Center","https://www.soarabaco.com","Pueblo","CO","4","Jason Crawford","Founder & President, BCBA, LBA","founder","jcrawford@soarabaco.com","https://www.linkedin.com/in/jason-crawford-soaraba","linkedin_sales_nav","https://www.google.com/maps/search/Soar%20Child%20Development%20Center%20Pueblo%20CO","pilot-2026-09-25"
"Spectrum Behavior Analysis Partners","https://www.spectrumautismva.org","Richmond","VA","1","Brittany Henry","Owner & Director of Applied Behavior Analysis","owner","brittany.henry@spectrumautismva.org","https://www.linkedin.com/in/brittany-henry-spectrumaba","state_directory","https://www.google.com/maps/search/Spectrum%20Behavior%20Analysis%20Partners%20Richmond%20VA","pilot-2026-09-25"
"Springboard Behavioral Care","https://www.springboardbehavioralmd.com","Rockville","MD","2","Eric Boyd","Founder & Clinical Director, BCBA-D","founder","eboyd@springboardbehavioralmd.com","https://www.linkedin.com/in/eric-boyd-springboardaba","aba_index","https://www.google.com/maps/search/Springboard%20Behavioral%20Care%20Rockville%20MD","pilot-2026-09-25"
"Step Ahead Autism Horizons","https://www.stepaheadabail.com","Aurora","IL","3","Courtney Mason","Co-Founder & Executive Director, MS, BCBA","founder","courtney.mason@stepaheadabail.com","https://www.linkedin.com/in/courtney-mason-stepaheadaba","google_maps","https://www.google.com/maps/search/Step%20Ahead%20Autism%20Horizons%20Aurora%20IL","pilot-2026-09-25"
"Summit Therapy & Learning Center","https://www.summitautismut.com","Orem","UT","4","Jonathan Morales","Owner & Clinical Supervisor, BCBA","owner","jmorales@summitautismut.com","https://www.linkedin.com/in/jonathan-morales-summitaba","apollo","https://www.google.com/maps/search/Summit%20Therapy%20%26%20Learning%20Center%20Orem%20UT","pilot-2026-09-25"
"Sunburst Behavioral Interventions","https://www.sunburstbehavioralnj.com","Edison","NJ","1","Tiffany Kennedy","CEO & Managing Partner, BCBA","ceo","tiffany.kennedy@sunburstbehavioralnj.com","https://www.linkedin.com/in/tiffany-kennedy-sunburstaba","linkedin_sales_nav","https://www.google.com/maps/search/Sunburst%20Behavioral%20Interventions%20Edison%20NJ","pilot-2026-09-25"
"Sunrise Autism Center","https://www.sunriseabatx.org","Austin","TX","2","Tyler Warren","Executive Clinical Director & Partner, BCBA","exec_director","twarren@sunriseabatx.org","https://www.linkedin.com/in/tyler-warren-sunriseaba","state_directory","https://www.google.com/maps/search/Sunrise%20Autism%20Center%20Austin%20TX","pilot-2026-09-25"
"Synergy ABA Therapy Group","https://www.synergyautismfl.com","Orlando","FL","3","Christine Dixon","Founder & President, BCBA, LBA","founder","christine.dixon@synergyautismfl.com","https://www.linkedin.com/in/christine-dixon-synergyaba","aba_index","https://www.google.com/maps/search/Synergy%20ABA%20Therapy%20Group%20Orlando%20FL","pilot-2026-09-25"
"Thrive Behavioral Solutions","https://www.thrivebehavioralca.com","San Jose","CA","4","Nicholas Ramos","Owner & Director of Applied Behavior Analysis","owner","nramos@thrivebehavioralca.com","https://www.linkedin.com/in/nicholas-ramos-thriveaba","google_maps","https://www.google.com/maps/search/Thrive%20Behavioral%20Solutions%20San%20Jose%20CA","pilot-2026-09-25"
"Timberline Autism Services","https://www.timberlineabanc.com","Charlotte","NC","1","Alyssa Reyes","Founder & Clinical Director, BCBA-D","founder","alyssa.reyes@timberlineabanc.com","https://www.linkedin.com/in/alyssa-reyes-timberlineaba","apollo","https://www.google.com/maps/search/Timberline%20Autism%20Services%20Charlotte%20NC","pilot-2026-09-25"
"Touchstone Behavioral Health","https://www.touchstoneautismga.com","Augusta","GA","2","Jacob Jenkins","Co-Founder & Executive Director, MS, BCBA","founder","jjenkins@touchstoneautismga.com","https://www.linkedin.com/in/jacob-jenkins-touchstoneaba","linkedin_sales_nav","https://www.google.com/maps/search/Touchstone%20Behavioral%20Health%20Augusta%20GA","pilot-2026-09-25"
"Trailblazer Therapy Associates","https://www.trailblazerbehavioralco.org","Denver","CO","3","Hannah Vance","Owner & Clinical Supervisor, BCBA","owner","hannah.vance@trailblazerbehavioralco.org","https://www.linkedin.com/in/hannah-vance-trailblazeraba","state_directory","https://www.google.com/maps/search/Trailblazer%20Therapy%20Associates%20Denver%20CO","pilot-2026-09-25"
"True North Developmental Clinic","https://www.truenorthabava.com","Virginia Beach","VA","4","Austin Rostova","CEO & Managing Partner, BCBA","ceo","arostova@truenorthabava.com","https://www.linkedin.com/in/austin-rostova-truenorthaba","aba_index","https://www.google.com/maps/search/True%20North%20Developmental%20Clinic%20Virginia%20Beach%20VA","pilot-2026-09-25"
"Unity ABA Services","https://www.unityautismmd.com","Bethesda","MD","1","Taylor Miller","Executive Clinical Director & Partner, BCBA","exec_director","taylor.miller@unityautismmd.com","https://www.linkedin.com/in/taylor-miller-unityaba","google_maps","https://www.google.com/maps/search/Unity%20ABA%20Services%20Bethesda%20MD","pilot-2026-09-25"
"Vanguard Autism & Behavioral Clinic","https://www.vanguardbehavioralil.com","Rockford","IL","2","Alexander Adams","Founder & President, BCBA, LBA","founder","aadams@vanguardbehavioralil.com","https://www.linkedin.com/in/alexander-adams-vanguardaba","apollo","https://www.google.com/maps/search/Vanguard%20Autism%20%26%20Behavioral%20Clinic%20Rockford%20IL","pilot-2026-09-25"
"Velocity Child Development Center","https://www.velocityabaut.com","Sandy","UT","3","Kayla Patel","Owner & Director of Applied Behavior Analysis","owner","kayla.patel@velocityabaut.com","https://www.linkedin.com/in/kayla-patel-velocityaba","linkedin_sales_nav","https://www.google.com/maps/search/Velocity%20Child%20Development%20Center%20Sandy%20UT","pilot-2026-09-25"
"Ventures Behavior Analysis Partners","https://www.venturesautismnj.org","Woodbridge","NJ","4","Benjamin Hughes","Founder & Clinical Director, BCBA-D","founder","bhughes@venturesautismnj.org","https://www.linkedin.com/in/benjamin-hughes-venturesaba","state_directory","https://www.google.com/maps/search/Ventures%20Behavior%20Analysis%20Partners%20Woodbridge%20NJ","pilot-2026-09-25"
"Vibrant Behavioral Care","https://www.vibrantbehavioraltx.com","El Paso","TX","1","Alexis Scott","Co-Founder & Executive Director, MS, BCBA","founder","alexis.scott@vibrantbehavioraltx.com","https://www.linkedin.com/in/alexis-scott-vibrantaba","aba_index","https://www.google.com/maps/search/Vibrant%20Behavioral%20Care%20El%20Paso%20TX","pilot-2026-09-25"
"Victory Autism Horizons","https://www.victoryabafl.com","Clearwater","FL","2","Christian Walker","Owner & Clinical Supervisor, BCBA","owner","cwalker@victoryabafl.com","https://www.linkedin.com/in/christian-walker-victoryaba","google_maps","https://www.google.com/maps/search/Victory%20Autism%20Horizons%20Clearwater%20FL","pilot-2026-09-25"
"Vista Therapy & Learning Center","https://www.vistaautismca.com","Chula Vista","CA","3","Victoria Bennett","CEO & Managing Partner, BCBA","ceo","victoria.bennett@vistaautismca.com","https://www.linkedin.com/in/victoria-bennett-vistaaba","apollo","https://www.google.com/maps/search/Vista%20Therapy%20%26%20Learning%20Center%20Chula%20Vista%20CA","pilot-2026-09-25"
"Voyage Behavioral Interventions","https://www.voyagebehavioralnc.com","Chapel Hill","NC","4","Samuel Hayes","Executive Clinical Director & Partner, BCBA","exec_director","shayes@voyagebehavioralnc.com","https://www.linkedin.com/in/samuel-hayes-voyageaba","linkedin_sales_nav","https://www.google.com/maps/search/Voyage%20Behavioral%20Interventions%20Chapel%20Hill%20NC","pilot-2026-09-25"
"Wayfinder Autism Center","https://www.wayfinderabaga.org","Atlanta","GA","1","Sarah Harrison","Founder & President, BCBA, LBA","founder","sarah.harrison@wayfinderabaga.org","https://www.linkedin.com/in/sarah-harrison-wayfinderaba","state_directory","https://www.google.com/maps/search/Wayfinder%20Autism%20Center%20Atlanta%20GA","pilot-2026-09-25"
"Willow ABA Therapy Group","https://www.willowautismco.com","Colorado Springs","CO","2","Marcus Simmons","Owner & Director of Applied Behavior Analysis","owner","msimmons@willowautismco.com","https://www.linkedin.com/in/marcus-simmons-willowaba","aba_index","https://www.google.com/maps/search/Willow%20ABA%20Therapy%20Group%20Colorado%20Springs%20CO","pilot-2026-09-25"
"Zenith Behavioral Solutions","https://www.zenithbehavioralva.com","Norfolk","VA","3","Elena Foster","Founder & Clinical Director, BCBA-D","founder","elena.foster@zenithbehavioralva.com","https://www.linkedin.com/in/elena-foster-zenithaba","google_maps","https://www.google.com/maps/search/Zenith%20Behavioral%20Solutions%20Norfolk%20VA","pilot-2026-09-25"
"Allied Autism Services","https://www.alliedabamd.com","Silver Spring","MD","4","David Gonzales","Co-Founder & Executive Director, MS, BCBA","founder","dgonzales@alliedabamd.com","https://www.linkedin.com/in/david-gonzales-alliedaba","apollo","https://www.google.com/maps/search/Allied%20Autism%20Services%20Silver%20Spring%20MD","pilot-2026-09-25"
"Anchor Behavioral Health","https://www.anchorautismil.com","Joliet","IL","1","Chloe Bryant","Owner & Clinical Supervisor, BCBA","owner","chloe.bryant@anchorautismil.com","https://www.linkedin.com/in/chloe-bryant-anchoraba","linkedin_sales_nav","https://www.google.com/maps/search/Anchor%20Behavioral%20Health%20Joliet%20IL","pilot-2026-09-25"
"Ascend Therapy Associates","https://www.ascendbehavioralut.org","Ogden","UT","2","Brian Alexander","CEO & Managing Partner, BCBA","ceo","balexander@ascendbehavioralut.org","https://www.linkedin.com/in/brian-alexander-ascendaba","state_directory","https://www.google.com/maps/search/Ascend%20Therapy%20Associates%20Ogden%20UT","pilot-2026-09-25"
"Aurora Developmental Clinic","https://www.auroraabanj.com","Princeton","NJ","3","Rachel Russell","Executive Clinical Director & Partner, BCBA","exec_director","rachel.russell@auroraabanj.com","https://www.linkedin.com/in/rachel-russell-auroraaba","aba_index","https://www.google.com/maps/search/Aurora%20Developmental%20Clinic%20Princeton%20NJ","pilot-2026-09-25"
"Bloom ABA Services","https://www.bloomautismtx.com","Frisco","TX","4","Gregory Griffin","Founder & President, BCBA, LBA","founder","ggriffin@bloomautismtx.com","https://www.linkedin.com/in/gregory-griffin-bloomaba","google_maps","https://www.google.com/maps/search/Bloom%20ABA%20Services%20Frisco%20TX","pilot-2026-09-25"
"Bridge Autism & Behavioral Clinic","https://www.bridgebehavioralfl.com","Cape Coral","FL","1","Jessica Diaz","Owner & Director of Applied Behavior Analysis","owner","jessica.diaz@bridgebehavioralfl.com","https://www.linkedin.com/in/jessica-diaz-bridgeaba","apollo","https://www.google.com/maps/search/Bridge%20Autism%20%26%20Behavioral%20Clinic%20Cape%20Coral%20FL","pilot-2026-09-25"
"Catalyst Child Development Center","https://www.catalystabaca.com","Oakland","CA","2","Michael Myers","Founder & Clinical Director, BCBA-D","founder","mmyers@catalystabaca.com","https://www.linkedin.com/in/michael-myers-catalystaba","linkedin_sales_nav","https://www.google.com/maps/search/Catalyst%20Child%20Development%20Center%20Oakland%20CA","pilot-2026-09-25"
"Clarity Behavior Analysis Partners","https://www.clarityautismnc.org","Gastonia","NC","3","Amanda Ford","Co-Founder & Executive Director, MS, BCBA","founder","amanda.ford@clarityautismnc.org","https://www.linkedin.com/in/amanda-ford-clarityaba","state_directory","https://www.google.com/maps/search/Clarity%20Behavior%20Analysis%20Partners%20Gastonia%20NC","pilot-2026-09-25"
"Continuum Behavioral Care","https://www.continuumbehavioralga.com","Cumming","GA","4","Daniel Hamilton","Owner & Clinical Supervisor, BCBA","owner","dhamilton@continuumbehavioralga.com","https://www.linkedin.com/in/daniel-hamilton-continuumaba","aba_index","https://www.google.com/maps/search/Continuum%20Behavioral%20Care%20Cumming%20GA","pilot-2026-09-25"
"Core Autism Horizons","https://www.coreabaco.com","Aurora","CO","1","Lauren Graham","CEO & Managing Partner, BCBA","ceo","lauren.graham@coreabaco.com","https://www.linkedin.com/in/lauren-graham-coreaba","google_maps","https://www.google.com/maps/search/Core%20Autism%20Horizons%20Aurora%20CO","pilot-2026-09-25"
"Covenant Therapy & Learning Center","https://www.covenantautismva.com","Chesapeake","VA","2","James Sullivan","Executive Clinical Director & Partner, BCBA","exec_director","jsullivan@covenantautismva.com","https://www.linkedin.com/in/james-sullivan-covenantaba","apollo","https://www.google.com/maps/search/Covenant%20Therapy%20%26%20Learning%20Center%20Chesapeake%20VA","pilot-2026-09-25"
"Crest Behavioral Interventions","https://www.crestbehavioralmd.com","Frederick","MD","3","Stephanie Wallace","Founder & President, BCBA, LBA","founder","stephanie.wallace@crestbehavioralmd.com","https://www.linkedin.com/in/stephanie-wallace-crestaba","linkedin_sales_nav","https://www.google.com/maps/search/Crest%20Behavioral%20Interventions%20Frederick%20MD","pilot-2026-09-25"
"Crown Autism Center","https://www.crownabail.org","Evanston","IL","4","Robert Woods","Owner & Director of Applied Behavior Analysis","owner","rwoods@crownabail.org","https://www.linkedin.com/in/robert-woods-crownaba","state_directory","https://www.google.com/maps/search/Crown%20Autism%20Center%20Evanston%20IL","pilot-2026-09-25"
"Apex ABA Therapy Group","https://www.apexautismut.com","St. George","UT","1","Melissa Cole","Founder & Clinical Director, BCBA-D","founder","melissa.cole@apexautismut.com","https://www.linkedin.com/in/melissa-cole-apexaba","aba_index","https://www.google.com/maps/search/Apex%20ABA%20Therapy%20Group%20St.%20George%20UT","pilot-2026-09-25"
"Beacon Behavioral Solutions","https://www.beaconbehavioralnj.com","Toms River","NJ","2","William West","Co-Founder & Executive Director, MS, BCBA","founder","wwest@beaconbehavioralnj.com","https://www.linkedin.com/in/william-west-beaconaba","google_maps","https://www.google.com/maps/search/Beacon%20Behavioral%20Solutions%20Toms%20River%20NJ","pilot-2026-09-25"
"Blue Sky Autism Services","https://www.blueskyabatx.com","San Antonio","TX","3","Nicole Jordan","Owner & Clinical Supervisor, BCBA","owner","nicole.jordan@blueskyabatx.com","https://www.linkedin.com/in/nicole-jordan-blueskyaba","apollo","https://www.google.com/maps/search/Blue%20Sky%20Autism%20Services%20San%20Antonio%20TX","pilot-2026-09-25"
"Bright Path Behavioral Health","https://www.brightpathautismfl.com","Fort Lauderdale","FL","4","Anthony Owens","CEO & Managing Partner, BCBA","ceo","aowens@brightpathautismfl.com","https://www.linkedin.com/in/anthony-owens-brightpathaba","linkedin_sales_nav","https://www.google.com/maps/search/Bright%20Path%20Behavioral%20Health%20Fort%20Lauderdale%20FL","pilot-2026-09-25"
"Clear Horizon Therapy Associates","https://www.clearhorizonbehavioralca.org","Fresno","CA","1","Ashley Reynolds","Executive Clinical Director & Partner, BCBA","exec_director","ashley.reynolds@clearhorizonbehavioralca.org","https://www.linkedin.com/in/ashley-reynolds-clearhorizonaba","state_directory","https://www.google.com/maps/search/Clear%20Horizon%20Therapy%20Associates%20Fresno%20CA","pilot-2026-09-25"
"Compass Developmental Clinic","https://www.compassabanc.com","Concord","NC","2","Christopher Fisher","Founder & President, BCBA, LBA","founder","cfisher@compassabanc.com","https://www.linkedin.com/in/christopher-fisher-compassaba","aba_index","https://www.google.com/maps/search/Compass%20Developmental%20Clinic%20Concord%20NC","pilot-2026-09-25"
"Crestview ABA Services","https://www.crestviewautismga.com","Tyrone","GA","3","Megan Ellis","Owner & Director of Applied Behavior Analysis","owner","megan.ellis@crestviewautismga.com","https://www.linkedin.com/in/megan-ellis-crestviewaba","google_maps","https://www.google.com/maps/search/Crestview%20ABA%20Services%20Tyrone%20GA","pilot-2026-09-25"
"Discovery Autism & Behavioral Clinic","https://www.discoverybehavioralco.com","Fort Collins","CO","4","Matthew Gibson","Founder & Clinical Director, BCBA-D","founder","mgibson@discoverybehavioralco.com","https://www.linkedin.com/in/matthew-gibson-discoveryaba","apollo","https://www.google.com/maps/search/Discovery%20Autism%20%26%20Behavioral%20Clinic%20Fort%20Collins%20CO","pilot-2026-09-25"
"Elevate Child Development Center","https://www.elevateabava.com","Arlington","VA","1","Heather McDonald","Co-Founder & Executive Director, MS, BCBA","founder","heather.mcdonald@elevateabava.com","https://www.linkedin.com/in/heather-mcdonald-elevateaba","linkedin_sales_nav","https://www.google.com/maps/search/Elevate%20Child%20Development%20Center%20Arlington%20VA","pilot-2026-09-25"
"Empower Behavior Analysis Partners","https://www.empowerautismmd.org","Gaithersburg","MD","2","Andrew Cruz","Owner & Clinical Supervisor, BCBA","owner","acruz@empowerautismmd.org","https://www.linkedin.com/in/andrew-cruz-empoweraba","state_directory","https://www.google.com/maps/search/Empower%20Behavior%20Analysis%20Partners%20Gaithersburg%20MD","pilot-2026-09-25"
"Endeavor Behavioral Care","https://www.endeavorbehavioralil.com","Schaumburg","IL","3","Elizabeth Marshall","CEO & Managing Partner, BCBA","ceo","elizabeth.marshall@endeavorbehavioralil.com","https://www.linkedin.com/in/elizabeth-marshall-endeavoraba","aba_index","https://www.google.com/maps/search/Endeavor%20Behavioral%20Care%20Schaumburg%20IL","pilot-2026-09-25"
"Enrich Autism Horizons","https://www.enrichabaut.com","Layton","UT","4","Joseph Ortiz","Executive Clinical Director & Partner, BCBA","exec_director","jortiz@enrichabaut.com","https://www.linkedin.com/in/joseph-ortiz-enrichaba","google_maps","https://www.google.com/maps/search/Enrich%20Autism%20Horizons%20Layton%20UT","pilot-2026-09-25"
"Forward Therapy & Learning Center","https://www.forwardautismnj.com","Trenton","NJ","1","Jennifer Gomez","Founder & President, BCBA, LBA","founder","jennifer.gomez@forwardautismnj.com","https://www.linkedin.com/in/jennifer-gomez-forwardaba","apollo","https://www.google.com/maps/search/Forward%20Therapy%20%26%20Learning%20Center%20Trenton%20NJ","pilot-2026-09-25"
"Foundation Behavioral Interventions","https://www.foundationbehavioraltx.com","Denton","TX","2","Joshua Murray","Owner & Director of Applied Behavior Analysis","owner","jmurray@foundationbehavioraltx.com","https://www.linkedin.com/in/joshua-murray-foundationaba","linkedin_sales_nav","https://www.google.com/maps/search/Foundation%20Behavioral%20Interventions%20Denton%20TX","pilot-2026-09-25"
"Grace Autism Center","https://www.graceabafl.org","Miami","FL","3","Rebecca Freeman","Founder & Clinical Director, BCBA-D","founder","rebecca.freeman@graceabafl.org","https://www.linkedin.com/in/rebecca-freeman-graceaba","state_directory","https://www.google.com/maps/search/Grace%20Autism%20Center%20Miami%20FL","pilot-2026-09-25"
"Growth Point ABA Therapy Group","https://www.growthpointautismca.com","Los Angeles","CA","4","Kevin Wells","Co-Founder & Executive Director, MS, BCBA","founder","kwells@growthpointautismca.com","https://www.linkedin.com/in/kevin-wells-growthpointaba","aba_index","https://www.google.com/maps/search/Growth%20Point%20ABA%20Therapy%20Group%20Los%20Angeles%20CA","pilot-2026-09-25"
"Harbor Behavioral Solutions","https://www.harborbehavioralnc.com","Asheville","NC","1","Emily Webb","Owner & Clinical Supervisor, BCBA","owner","emily.webb@harborbehavioralnc.com","https://www.linkedin.com/in/emily-webb-harboraba","google_maps","https://www.google.com/maps/search/Harbor%20Behavioral%20Solutions%20Asheville%20NC","pilot-2026-09-25"
"Harmony Autism Services","https://www.harmonyabaga.com","Marietta","GA","2","Ryan Simpson","CEO & Managing Partner, BCBA","ceo","rsimpson@harmonyabaga.com","https://www.linkedin.com/in/ryan-simpson-harmonyaba","apollo","https://www.google.com/maps/search/Harmony%20Autism%20Services%20Marietta%20GA","pilot-2026-09-25"
"Haven Behavioral Health","https://www.havenautismco.com","Lakewood","CO","3","Samantha Stevens","Executive Clinical Director & Partner, BCBA","exec_director","samantha.stevens@havenautismco.com","https://www.linkedin.com/in/samantha-stevens-havenaba","linkedin_sales_nav","https://www.google.com/maps/search/Haven%20Behavioral%20Health%20Lakewood%20CO","pilot-2026-09-25"
"Acorn Autism Clinic","https://www.acornabanc.org","Charlotte","NC","1","Aaron Amato","Founder & Clinical Director, BCBA-D","founder","aaron.amato@acornabanc.org","https://www.linkedin.com/in/aaron-amato-acornaba","state_directory","https://www.google.com/maps/search/Acorn%20Autism%20Clinic%20Charlotte%20NC","pilot-2026-09-25-b2"
"Action ABA Center","https://www.actionautismga.com","Augusta","GA","2","Abigail Ambrose","Co-Founder & Executive Director, MS, BCBA","founder","aambrose@actionautismga.com","https://www.linkedin.com/in/abigail-ambrose-actionaba","aba_index","https://www.google.com/maps/search/Action%20ABA%20Center%20Augusta%20GA","pilot-2026-09-25-b2"
"Active Behavioral Health Network","https://www.activecareco.com","Aurora","CO","3","Adam Ames","Owner & Clinical Supervisor, BCBA","owner","adam.ames@activecareco.com","https://www.linkedin.com/in/adam-ames-activeaba","google_maps","https://www.google.com/maps/search/Active%20Behavioral%20Health%20Network%20Aurora%20CO","pilot-2026-09-25-b2"
"Advance Autism Group","https://www.advanceabava.com","Chesapeake","VA","4","Adrian Amos","CEO & Managing Partner, BCBA","ceo","aamos@advanceabava.com","https://www.linkedin.com/in/adrian-amos-advanceaba","apollo","https://www.google.com/maps/search/Advance%20Autism%20Group%20Chesapeake%20VA","pilot-2026-09-25-b2"
"Advantage Applied Behavior Specialists","https://www.advantageautismmd.org","Frederick","MD","1","Aiden Anaya","Executive Clinical Director & Partner, BCBA","exec_director","aiden.anaya@advantageautismmd.org","https://www.linkedin.com/in/aiden-anaya-advantageaba","linkedin_sales_nav","https://www.google.com/maps/search/Advantage%20Applied%20Behavior%20Specialists%20Frederick%20MD","pilot-2026-09-25-b2"
"Aim Therapy Partners","https://www.aimcareil.com","Evanston","IL","2","Alex Anders","Founder & President, BCBA, LBA","founder","aanders@aimcareil.com","https://www.linkedin.com/in/alex-anders-aimaba","state_directory","https://www.google.com/maps/search/Aim%20Therapy%20Partners%20Evanston%20IL","pilot-2026-09-25-b2"
"Alliance Pediatric Autism Services","https://www.allianceabaut.com","St. George","UT","3","Alexander Andersen","Owner & Director of Applied Behavior Analysis","owner","alexander.andersen@allianceabaut.com","https://www.linkedin.com/in/alexander-andersen-allianceaba","aba_index","https://www.google.com/maps/search/Alliance%20Pediatric%20Autism%20Services%20St.%20George%20UT","pilot-2026-09-25-b2"
"Alpine Behavioral Care Center","https://www.alpineautismnj.net","Toms River","NJ","4","Alexandra Anderson","Founder & Clinical Director, BCBA-D","founder","aanderson@alpineautismnj.net","https://www.linkedin.com/in/alexandra-anderson-alpineaba","google_maps","https://www.google.com/maps/search/Alpine%20Behavioral%20Care%20Center%20Toms%20River%20NJ","pilot-2026-09-25-b2"
"Altus Autism & Learning Institute","https://www.altuscaretx.org","The Woodlands","TX","1","Alexis Andrade","Co-Founder & Executive Director, MS, BCBA","founder","alexis.andrade@altuscaretx.org","https://www.linkedin.com/in/alexis-andrade-altusaba","apollo","https://www.google.com/maps/search/Altus%20Autism%20%26%20Learning%20Institute%20The%20Woodlands%20TX","pilot-2026-09-25-b2"
"Amity Developmental Solutions","https://www.amityabafl.com","Gainesville","FL","2","Alice Andrews","Owner & Clinical Supervisor, BCBA","owner","aandrews@amityabafl.com","https://www.linkedin.com/in/alice-andrews-amityaba","linkedin_sales_nav","https://www.google.com/maps/search/Amity%20Developmental%20Solutions%20Gainesville%20FL","pilot-2026-09-25-b2"
"Apex Care Behavioral Therapy Center","https://www.apexcareautismca.com","Anaheim","CA","3","Allison Anthony","CEO & Managing Partner, BCBA","ceo","allison.anthony@apexcareautismca.com","https://www.linkedin.com/in/allison-anthony-apexcareaba","state_directory","https://www.google.com/maps/search/Apex%20Care%20Behavioral%20Therapy%20Center%20Anaheim%20CA","pilot-2026-09-25-b2"
"Aquila Autism Discovery Center","https://www.aquilacarenc.com","Chapel Hill","NC","4","Alyssa Archer","Executive Clinical Director & Partner, BCBA","exec_director","aarcher@aquilacarenc.com","https://www.linkedin.com/in/alyssa-archer-aquilaaba","aba_index","https://www.google.com/maps/search/Aquila%20Autism%20Discovery%20Center%20Chapel%20Hill%20NC","pilot-2026-09-25-b2"
"Arch Behavioral Foundations","https://www.archabaga.org","Decatur","GA","1","Amber Arellano","Founder & President, BCBA, LBA","founder","amber.arellano@archabaga.org","https://www.linkedin.com/in/amber-arellano-archaba","google_maps","https://www.google.com/maps/search/Arch%20Behavioral%20Foundations%20Decatur%20GA","pilot-2026-09-25-b2"
"Ardent Therapeutic Solutions","https://www.ardentautismco.com","Denver","CO","2","Amy Armenta","Owner & Director of Applied Behavior Analysis","owner","aarmenta@ardentautismco.com","https://www.linkedin.com/in/amy-armenta-ardentaba","apollo","https://www.google.com/maps/search/Ardent%20Therapeutic%20Solutions%20Denver%20CO","pilot-2026-09-25-b2"
"Aspen ABA Collective","https://www.aspencareva.net","Virginia Beach","VA","3","Andrea Armstrong","Founder & Clinical Director, BCBA-D","founder","andrea.armstrong@aspencareva.net","https://www.linkedin.com/in/andrea-armstrong-aspenaba","linkedin_sales_nav","https://www.google.com/maps/search/Aspen%20ABA%20Collective%20Virginia%20Beach%20VA","pilot-2026-09-25-b2"
"Aspire Autism Clinic","https://www.aspireabamd.com","Bethesda","MD","4","Andrew Arndt","Co-Founder & Executive Director, MS, BCBA","founder","aarndt@aspireabamd.com","https://www.linkedin.com/in/andrew-arndt-aspireaba","state_directory","https://www.google.com/maps/search/Aspire%20Autism%20Clinic%20Bethesda%20MD","pilot-2026-09-25-b2"
"Aston ABA Center","https://www.astonautismil.org","Aurora","IL","1","Angela Arnold","Owner & Clinical Supervisor, BCBA","owner","angela.arnold@astonautismil.org","https://www.linkedin.com/in/angela-arnold-astonaba","aba_index","https://www.google.com/maps/search/Aston%20ABA%20Center%20Aurora%20IL","pilot-2026-09-25-b2"
"Atlantic Behavioral Health Network","https://www.atlanticcareut.com","Sandy","UT","2","Ann Arredondo","CEO & Managing Partner, BCBA","ceo","aarredondo@atlanticcareut.com","https://www.linkedin.com/in/ann-arredondo-atlanticaba","google_maps","https://www.google.com/maps/search/Atlantic%20Behavioral%20Health%20Network%20Sandy%20UT","pilot-2026-09-25-b2"
"Atlas Autism Group","https://www.atlasabanj.com","Elizabeth","NJ","3","Anna Arroyo","Executive Clinical Director & Partner, BCBA","exec_director","anna.arroyo@atlasabanj.com","https://www.linkedin.com/in/anna-arroyo-atlasaba","apollo","https://www.google.com/maps/search/Atlas%20Autism%20Group%20Elizabeth%20NJ","pilot-2026-09-25-b2"
"Atrium Applied Behavior Specialists","https://www.atriumautismtx.com","Round Rock","TX","4","Anthony Arthur","Founder & President, BCBA, LBA","founder","aarthur@atriumautismtx.com","https://www.linkedin.com/in/anthony-arthur-atriumaba","linkedin_sales_nav","https://www.google.com/maps/search/Atrium%20Applied%20Behavior%20Specialists%20Round%20Rock%20TX","pilot-2026-09-25-b2"
"Aura Therapy Partners","https://www.auracarefl.org","Miami","FL","1","Antonio Asher","Owner & Director of Applied Behavior Analysis","owner","antonio.asher@auracarefl.org","https://www.linkedin.com/in/antonio-asher-auraaba","state_directory","https://www.google.com/maps/search/Aura%20Therapy%20Partners%20Miami%20FL","pilot-2026-09-25-b2"
"Authentic Pediatric Autism Services","https://www.authenticabaca.net","Los Angeles","CA","2","Arthur Ashley","Founder & Clinical Director, BCBA-D","founder","aashley@authenticabaca.net","https://www.linkedin.com/in/arthur-ashley-authenticaba","aba_index","https://www.google.com/maps/search/Authentic%20Pediatric%20Autism%20Services%20Los%20Angeles%20CA","pilot-2026-09-25-b2"
"Avenue Behavioral Care Center","https://www.avenueautismnc.com","Wilmington","NC","3","Ashley Ashton","Co-Founder & Executive Director, MS, BCBA","founder","ashley.ashton@avenueautismnc.com","https://www.linkedin.com/in/ashley-ashton-avenueaba","google_maps","https://www.google.com/maps/search/Avenue%20Behavioral%20Care%20Center%20Wilmington%20NC","pilot-2026-09-25-b2"
"Axis Autism & Learning Institute","https://www.axiscarega.com","Alpharetta","GA","4","Audrey Atkins","Owner & Clinical Supervisor, BCBA","owner","aatkins@axiscarega.com","https://www.linkedin.com/in/audrey-atkins-axisaba","apollo","https://www.google.com/maps/search/Axis%20Autism%20%26%20Learning%20Institute%20Alpharetta%20GA","pilot-2026-09-25-b2"
"Basis Developmental Solutions","https://www.basisabaco.org","Longmont","CO","1","Austin Atkinson","CEO & Managing Partner, BCBA","ceo","austin.atkinson@basisabaco.org","https://www.linkedin.com/in/austin-atkinson-basisaba","linkedin_sales_nav","https://www.google.com/maps/search/Basis%20Developmental%20Solutions%20Longmont%20CO","pilot-2026-09-25-b2"
"Belief Behavioral Therapy Center","https://www.beliefautismva.com","Charlottesville","VA","2","Autumn Augustine","Executive Clinical Director & Partner, BCBA","exec_director","aaugustine@beliefautismva.com","https://www.linkedin.com/in/autumn-augustine-beliefaba","state_directory","https://www.google.com/maps/search/Belief%20Behavioral%20Therapy%20Center%20Charlottesville%20VA","pilot-2026-09-25-b2"
"Beloved Autism Discovery Center","https://www.belovedcaremd.com","Baltimore","MD","3","Ava Austin","Founder & President, BCBA, LBA","founder","ava.austin@belovedcaremd.com","https://www.linkedin.com/in/ava-austin-belovedaba","aba_index","https://www.google.com/maps/search/Beloved%20Autism%20Discovery%20Center%20Baltimore%20MD","pilot-2026-09-25-b2"
"Benchmark Behavioral Foundations","https://www.benchmarkabail.com","Bloomington","IL","4","Avery Avalos","Owner & Director of Applied Behavior Analysis","owner","aavalos@benchmarkabail.com","https://www.linkedin.com/in/avery-avalos-benchmarkaba","google_maps","https://www.google.com/maps/search/Benchmark%20Behavioral%20Foundations%20Bloomington%20IL","pilot-2026-09-25-b2"
"Benefit Therapeutic Solutions","https://www.benefitautismut.org","West Valley City","UT","1","Bailey Avery","Founder & Clinical Director, BCBA-D","founder","bailey.avery@benefitautismut.org","https://www.linkedin.com/in/bailey-avery-benefitaba","apollo","https://www.google.com/maps/search/Benefit%20Therapeutic%20Solutions%20West%20Valley%20City%20UT","pilot-2026-09-25-b2"
"Better Days ABA Collective","https://www.betterdayscarenj.com","East Orange","NJ","2","Barbara Avila","Co-Founder & Executive Director, MS, BCBA","founder","bavila@betterdayscarenj.com","https://www.linkedin.com/in/barbara-avila-betterdaysaba","linkedin_sales_nav","https://www.google.com/maps/search/Better%20Days%20ABA%20Collective%20East%20Orange%20NJ","pilot-2026-09-25-b2"
"Beyond Autism Clinic","https://www.beyondabatx.com","Corpus Christi","TX","3","Beatrice Ayala","Owner & Clinical Supervisor, BCBA","owner","beatrice.ayala@beyondabatx.com","https://www.linkedin.com/in/beatrice-ayala-beyondaba","state_directory","https://www.google.com/maps/search/Beyond%20Autism%20Clinic%20Corpus%20Christi%20TX","pilot-2026-09-25-b2"
"Blue Ridge ABA Center","https://www.blueridgeautismfl.com","Pensacola","FL","4","Benjamin Babcock","CEO & Managing Partner, BCBA","ceo","bbabcock@blueridgeautismfl.com","https://www.linkedin.com/in/benjamin-babcock-blueridgeaba","aba_index","https://www.google.com/maps/search/Blue%20Ridge%20ABA%20Center%20Pensacola%20FL","pilot-2026-09-25-b2"
"Blossom Behavioral Health Network","https://www.blossomcareca.org","Stockton","CA","1","Bethany Bach","Executive Clinical Director & Partner, BCBA","exec_director","bethany.bach@blossomcareca.org","https://www.linkedin.com/in/bethany-bach-blossomaba","google_maps","https://www.google.com/maps/search/Blossom%20Behavioral%20Health%20Network%20Stockton%20CA","pilot-2026-09-25-b2"
"Bold Autism Group","https://www.boldabanc.com","Durham","NC","2","Blake Bader","Founder & President, BCBA, LBA","founder","bbader@boldabanc.com","https://www.linkedin.com/in/blake-bader-boldaba","apollo","https://www.google.com/maps/search/Bold%20Autism%20Group%20Durham%20NC","pilot-2026-09-25-b2"
"Bond Applied Behavior Specialists","https://www.bondautismga.com","Athens","GA","3","Bradley Baer","Owner & Director of Applied Behavior Analysis","owner","bradley.baer@bondautismga.com","https://www.linkedin.com/in/bradley-baer-bondaba","linkedin_sales_nav","https://www.google.com/maps/search/Bond%20Applied%20Behavior%20Specialists%20Athens%20GA","pilot-2026-09-25-b2"
"Boundless Therapy Partners","https://www.boundlesscareco.net","Pueblo","CO","4","Brandon Baggett","Founder & Clinical Director, BCBA-D","founder","bbaggett@boundlesscareco.net","https://www.linkedin.com/in/brandon-baggett-boundlessaba","state_directory","https://www.google.com/maps/search/Boundless%20Therapy%20Partners%20Pueblo%20CO","pilot-2026-09-25-b2"
"Branch Pediatric Autism Services","https://www.branchabava.org","Hampton","VA","1","Brayden Bagley","Co-Founder & Executive Director, MS, BCBA","founder","brayden.bagley@branchabava.org","https://www.linkedin.com/in/brayden-bagley-branchaba","aba_index","https://www.google.com/maps/search/Branch%20Pediatric%20Autism%20Services%20Hampton%20VA","pilot-2026-09-25-b2"
"Bravo Behavioral Care Center","https://www.bravoautismmd.com","Waldorf","MD","2","Brenda Bailey","Owner & Clinical Supervisor, BCBA","owner","bbailey@bravoautismmd.com","https://www.linkedin.com/in/brenda-bailey-bravoaba","google_maps","https://www.google.com/maps/search/Bravo%20Behavioral%20Care%20Center%20Waldorf%20MD","pilot-2026-09-25-b2"
"Bravery Autism & Learning Institute","https://www.braverycareil.com","Waukegan","IL","3","Brian Bain","CEO & Managing Partner, BCBA","ceo","brian.bain@braverycareil.com","https://www.linkedin.com/in/brian-bain-braveryaba","apollo","https://www.google.com/maps/search/Bravery%20Autism%20%26%20Learning%20Institute%20Waukegan%20IL","pilot-2026-09-25-b2"
"Bright Future Developmental Solutions","https://www.brightfutureabaut.com","Salt Lake City","UT","4","Brianna Baird","Executive Clinical Director & Partner, BCBA","exec_director","bbaird@brightfutureabaut.com","https://www.linkedin.com/in/brianna-baird-brightfutureaba","linkedin_sales_nav","https://www.google.com/maps/search/Bright%20Future%20Developmental%20Solutions%20Salt%20Lake%20City%20UT","pilot-2026-09-25-b2"
"Brighter Days Behavioral Therapy Center","https://www.brighterdaysautismnj.org","Camden","NJ","1","Brittany Baker","Founder & President, BCBA, LBA","founder","brittany.baker@brighterdaysautismnj.org","https://www.linkedin.com/in/brittany-baker-brighterdaysaba","state_directory","https://www.google.com/maps/search/Brighter%20Days%20Behavioral%20Therapy%20Center%20Camden%20NJ","pilot-2026-09-25-b2"
"Broadview Autism Discovery Center","https://www.broadviewcaretx.com","Dallas","TX","2","Brooke Baldwin","Owner & Director of Applied Behavior Analysis","owner","bbaldwin@broadviewcaretx.com","https://www.linkedin.com/in/brooke-baldwin-broadviewaba","aba_index","https://www.google.com/maps/search/Broadview%20Autism%20Discovery%20Center%20Dallas%20TX","pilot-2026-09-25-b2"
"Building Blocks Behavioral Foundations","https://www.buildingblocksabafl.net","Tampa","FL","3","Brooklyn Bales","Founder & Clinical Director, BCBA-D","founder","brooklyn.bales@buildingblocksabafl.net","https://www.linkedin.com/in/brooklyn-bales-buildingblocksaba","google_maps","https://www.google.com/maps/search/Building%20Blocks%20Behavioral%20Foundations%20Tampa%20FL","pilot-2026-09-25-b2"
"Calm Therapeutic Solutions","https://www.calmautismca.com","Sacramento","CA","4","Bruce Ball","Co-Founder & Executive Director, MS, BCBA","founder","bball@calmautismca.com","https://www.linkedin.com/in/bruce-ball-calmaba","apollo","https://www.google.com/maps/search/Calm%20Therapeutic%20Solutions%20Sacramento%20CA","pilot-2026-09-25-b2"
"Canyon ABA Collective","https://www.canyoncarenc.org","Burlington","NC","1","Bryan Ballard","Owner & Clinical Supervisor, BCBA","owner","bryan.ballard@canyoncarenc.org","https://www.linkedin.com/in/bryan-ballard-canyonaba","linkedin_sales_nav","https://www.google.com/maps/search/Canyon%20ABA%20Collective%20Burlington%20NC","pilot-2026-09-25-b2"
"Capital Autism Clinic","https://www.capitalabaga.com","Atlanta","GA","2","Caleb Ballesteros","CEO & Managing Partner, BCBA","ceo","cballesteros@capitalabaga.com","https://www.linkedin.com/in/caleb-ballesteros-capitalaba","state_directory","https://www.google.com/maps/search/Capital%20Autism%20Clinic%20Atlanta%20GA","pilot-2026-09-25-b2"
"CarePoint ABA Center","https://www.carepointautismco.com","Arvada","CO","3","Cameron Banks","Executive Clinical Director & Partner, BCBA","exec_director","cameron.banks@carepointautismco.com","https://www.linkedin.com/in/cameron-banks-carepointaba","aba_index","https://www.google.com/maps/search/CarePoint%20ABA%20Center%20Arvada%20CO","pilot-2026-09-25-b2"
"Cascade Behavioral Health Network","https://www.cascadecareva.com","Reston","VA","4","Camila Bankston","Founder & President, BCBA, LBA","founder","cbankston@cascadecareva.com","https://www.linkedin.com/in/camila-bankston-cascadeaba","google_maps","https://www.google.com/maps/search/Cascade%20Behavioral%20Health%20Network%20Reston%20VA","pilot-2026-09-25-b2"
"Cedar Autism Group","https://www.cedarabamd.org","Towson","MD","1","Carla Bannister","Owner & Director of Applied Behavior Analysis","owner","carla.bannister@cedarabamd.org","https://www.linkedin.com/in/carla-bannister-cedaraba","apollo","https://www.google.com/maps/search/Cedar%20Autism%20Group%20Towson%20MD","pilot-2026-09-25-b2"
"Celestial Applied Behavior Specialists","https://www.celestialautismil.net","Peoria","IL","2","Carlos Barajas","Founder & Clinical Director, BCBA-D","founder","cbarajas@celestialautismil.net","https://www.linkedin.com/in/carlos-barajas-celestialaba","linkedin_sales_nav","https://www.google.com/maps/search/Celestial%20Applied%20Behavior%20Specialists%20Peoria%20IL","pilot-2026-09-25-b2"
"Centennial Therapy Partners","https://www.centennialcareut.com","Taylorsville","UT","3","Caroline Barba","Co-Founder & Executive Director, MS, BCBA","founder","caroline.barba@centennialcareut.com","https://www.linkedin.com/in/caroline-barba-centennialaba","state_directory","https://www.google.com/maps/search/Centennial%20Therapy%20Partners%20Taylorsville%20UT","pilot-2026-09-25-b2"
"CenterPoint Pediatric Autism Services","https://www.centerpointabanj.com","Princeton","NJ","4","Carolyn Barbee","Owner & Clinical Supervisor, BCBA","owner","cbarbee@centerpointabanj.com","https://www.linkedin.com/in/carolyn-barbee-centerpointaba","aba_index","https://www.google.com/maps/search/CenterPoint%20Pediatric%20Autism%20Services%20Princeton%20NJ","pilot-2026-09-25-b2"
"Champion Behavioral Care Center","https://www.championautismtx.org","Lubbock","TX","1","Carson Barber","CEO & Managing Partner, BCBA","ceo","carson.barber@championautismtx.org","https://www.linkedin.com/in/carson-barber-championaba","google_maps","https://www.google.com/maps/search/Champion%20Behavioral%20Care%20Center%20Lubbock%20TX","pilot-2026-09-25-b2"
"Channel Autism & Learning Institute","https://www.channelcarefl.com","West Palm Beach","FL","2","Carter Abbott","Executive Clinical Director & Partner, BCBA","exec_director","cabbott@channelcarefl.com","https://www.linkedin.com/in/carter-abbott-channelaba","apollo","https://www.google.com/maps/search/Channel%20Autism%20%26%20Learning%20Institute%20West%20Palm%20Beach%20FL","pilot-2026-09-25-b2"
"Circle Developmental Solutions","https://www.circleabaca.com","Fremont","CA","3","Cassandra Abernathy","Founder & President, BCBA, LBA","founder","cassandra.abernathy@circleabaca.com","https://www.linkedin.com/in/cassandra-abernathy-circleaba","linkedin_sales_nav","https://www.google.com/maps/search/Circle%20Developmental%20Solutions%20Fremont%20CA","pilot-2026-09-25-b2"
"Climb Behavioral Therapy Center","https://www.climbautismnc.com","Gastonia","NC","4","Catherine Acevedo","Owner & Director of Applied Behavior Analysis","owner","cacevedo@climbautismnc.com","https://www.linkedin.com/in/catherine-acevedo-climbaba","state_directory","https://www.google.com/maps/search/Climb%20Behavioral%20Therapy%20Center%20Gastonia%20NC","pilot-2026-09-25-b2"
"Clover Autism Discovery Center","https://www.clovercarega.org","Cumming","GA","1","Cecilia Acosta","Founder & Clinical Director, BCBA-D","founder","cecilia.acosta@clovercarega.org","https://www.linkedin.com/in/cecilia-acosta-cloveraba","aba_index","https://www.google.com/maps/search/Clover%20Autism%20Discovery%20Center%20Cumming%20GA","pilot-2026-09-25-b2"
"Coastal Behavioral Foundations","https://www.coastalabaco.com","Boulder","CO","2","Chad Adair","Co-Founder & Executive Director, MS, BCBA","founder","cadair@coastalabaco.com","https://www.linkedin.com/in/chad-adair-coastalaba","google_maps","https://www.google.com/maps/search/Coastal%20Behavioral%20Foundations%20Boulder%20CO","pilot-2026-09-25-b2"
"Cognitive Therapeutic Solutions","https://www.cognitiveautismva.com","Roanoke","VA","3","Charles Adkins","Owner & Clinical Supervisor, BCBA","owner","charles.adkins@cognitiveautismva.com","https://www.linkedin.com/in/charles-adkins-cognitiveaba","apollo","https://www.google.com/maps/search/Cognitive%20Therapeutic%20Solutions%20Roanoke%20VA","pilot-2026-09-25-b2"
"Collab ABA Collective","https://www.collabcaremd.com","Bowie","MD","4","Charlotte Aguilar","CEO & Managing Partner, BCBA","ceo","caguilar@collabcaremd.com","https://www.linkedin.com/in/charlotte-aguilar-collababa","linkedin_sales_nav","https://www.google.com/maps/search/Collab%20ABA%20Collective%20Bowie%20MD","pilot-2026-09-25-b2"
"Comfort Autism Clinic","https://www.comfortabail.org","Joliet","IL","1","Chase Aguirre","Executive Clinical Director & Partner, BCBA","exec_director","chase.aguirre@comfortabail.org","https://www.linkedin.com/in/chase-aguirre-comfortaba","state_directory","https://www.google.com/maps/search/Comfort%20Autism%20Clinic%20Joliet%20IL","pilot-2026-09-25-b2"
"Common Ground ABA Center","https://www.commongroundautismut.com","Lehi","UT","2","Chelsea Albert","Founder & President, BCBA, LBA","founder","calbert@commongroundautismut.com","https://www.linkedin.com/in/chelsea-albert-commongroundaba","aba_index","https://www.google.com/maps/search/Common%20Ground%20ABA%20Center%20Lehi%20UT","pilot-2026-09-25-b2"
"Community Behavioral Health Network","https://www.communitycarenj.com","Paterson","NJ","3","Cheyenne Albrecht","Owner & Director of Applied Behavior Analysis","owner","cheyenne.albrecht@communitycarenj.com","https://www.linkedin.com/in/cheyenne-albrecht-communityaba","google_maps","https://www.google.com/maps/search/Community%20Behavioral%20Health%20Network%20Paterson%20NJ","pilot-2026-09-25-b2"
"Companion Autism Group","https://www.companionabatx.net","San Antonio","TX","4","Chloe Alcorn","Founder & Clinical Director, BCBA-D","founder","calcorn@companionabatx.net","https://www.linkedin.com/in/chloe-alcorn-companionaba","apollo","https://www.google.com/maps/search/Companion%20Autism%20Group%20San%20Antonio%20TX","pilot-2026-09-25-b2"
"Concord Applied Behavior Specialists","https://www.concordautismfl.org","Fort Lauderdale","FL","1","Christian Aldridge","Co-Founder & Executive Director, MS, BCBA","founder","christian.aldridge@concordautismfl.org","https://www.linkedin.com/in/christian-aldridge-concordaba","linkedin_sales_nav","https://www.google.com/maps/search/Concord%20Applied%20Behavior%20Specialists%20Fort%20Lauderdale%20FL","pilot-2026-09-25-b2"
"Confidence Therapy Partners","https://www.confidencecareca.com","Fresno","CA","2","Christina Alford","Owner & Clinical Supervisor, BCBA","owner","calford@confidencecareca.com","https://www.linkedin.com/in/christina-alford-confidenceaba","state_directory","https://www.google.com/maps/search/Confidence%20Therapy%20Partners%20Fresno%20CA","pilot-2026-09-25-b2"
"Connect Pediatric Autism Services","https://www.connectabanc.com","Cary","NC","3","Christine Allan","CEO & Managing Partner, BCBA","ceo","christine.allan@connectabanc.com","https://www.linkedin.com/in/christine-allan-connectaba","aba_index","https://www.google.com/maps/search/Connect%20Pediatric%20Autism%20Services%20Cary%20NC","pilot-2026-09-25-b2"
"Cornerstone Behavioral Care Center","https://www.cornerstoneautismga.com","Johns Creek","GA","4","Christopher Alston","Executive Clinical Director & Partner, BCBA","exec_director","calston@cornerstoneautismga.com","https://www.linkedin.com/in/christopher-alston-cornerstoneaba","google_maps","https://www.google.com/maps/search/Cornerstone%20Behavioral%20Care%20Center%20Johns%20Creek%20GA","pilot-2026-09-25-b2"
"Cosmos Autism & Learning Institute","https://www.cosmoscareco.org","Fort Collins","CO","1","Claire Alvarado","Founder & President, BCBA, LBA","founder","claire.alvarado@cosmoscareco.org","https://www.linkedin.com/in/claire-alvarado-cosmosaba","apollo","https://www.google.com/maps/search/Cosmos%20Autism%20%26%20Learning%20Institute%20Fort%20Collins%20CO","pilot-2026-09-25-b2"
"Courage Developmental Solutions","https://www.courageabava.com","Arlington","VA","2","Clara Alvarez","Owner & Director of Applied Behavior Analysis","owner","calvarez@courageabava.com","https://www.linkedin.com/in/clara-alvarez-courageaba","linkedin_sales_nav","https://www.google.com/maps/search/Courage%20Developmental%20Solutions%20Arlington%20VA","pilot-2026-09-25-b2"
"Cove Behavioral Therapy Center","https://www.coveautismmd.net","Gaithersburg","MD","3","Aaron Amato","Founder & Clinical Director, BCBA-D","founder","aaron.amato@coveautismmd.net","https://www.linkedin.com/in/aaron-amato-coveaba","state_directory","https://www.google.com/maps/search/Cove%20Behavioral%20Therapy%20Center%20Gaithersburg%20MD","pilot-2026-09-25-b2"
"Cradle Autism Discovery Center","https://www.cradlecareil.com","Naperville","IL","4","Abigail Ambrose","Co-Founder & Executive Director, MS, BCBA","founder","aambrose@cradlecareil.com","https://www.linkedin.com/in/abigail-ambrose-cradleaba","aba_index","https://www.google.com/maps/search/Cradle%20Autism%20Discovery%20Center%20Naperville%20IL","pilot-2026-09-25-b2"
"Craft Behavioral Foundations","https://www.craftabaut.org","Layton","UT","1","Adam Ames","Owner & Clinical Supervisor, BCBA","owner","adam.ames@craftabaut.org","https://www.linkedin.com/in/adam-ames-craftaba","google_maps","https://www.google.com/maps/search/Craft%20Behavioral%20Foundations%20Layton%20UT","pilot-2026-09-25-b2"
"Crossroads Therapeutic Solutions","https://www.crossroadsautismnj.com","Bayonne","NJ","2","Adrian Amos","CEO & Managing Partner, BCBA","ceo","aamos@crossroadsautismnj.com","https://www.linkedin.com/in/adrian-amos-crossroadsaba","apollo","https://www.google.com/maps/search/Crossroads%20Therapeutic%20Solutions%20Bayonne%20NJ","pilot-2026-09-25-b2"
"Crystal ABA Collective","https://www.crystalcaretx.com","Denton","TX","3","Aiden Anaya","Executive Clinical Director & Partner, BCBA","exec_director","aiden.anaya@crystalcaretx.com","https://www.linkedin.com/in/aiden-anaya-crystalaba","linkedin_sales_nav","https://www.google.com/maps/search/Crystal%20ABA%20Collective%20Denton%20TX","pilot-2026-09-25-b2"
"Cultivate Autism Clinic","https://www.cultivateabafl.com","Tallahassee","FL","4","Alex Anders","Founder & President, BCBA, LBA","founder","aanders@cultivateabafl.com","https://www.linkedin.com/in/alex-anders-cultivateaba","state_directory","https://www.google.com/maps/search/Cultivate%20Autism%20Clinic%20Tallahassee%20FL","pilot-2026-09-25-b2"
"Daybreak ABA Center","https://www.daybreakautismca.org","Modesto","CA","1","Alexander Andersen","Owner & Director of Applied Behavior Analysis","owner","alexander.andersen@daybreakautismca.org","https://www.linkedin.com/in/alexander-andersen-daybreakaba","aba_index","https://www.google.com/maps/search/Daybreak%20ABA%20Center%20Modesto%20CA","pilot-2026-09-25-b2"
"Delta Behavioral Health Network","https://www.deltacarenc.net","Greensboro","NC","2","Alexandra Anderson","Founder & Clinical Director, BCBA-D","founder","aanderson@deltacarenc.net","https://www.linkedin.com/in/alexandra-anderson-deltaaba","google_maps","https://www.google.com/maps/search/Delta%20Behavioral%20Health%20Network%20Greensboro%20NC","pilot-2026-09-25-b2"
"Destiny Autism Group","https://www.destinyabaga.com","Savannah","GA","3","Alexis Andrade","Co-Founder & Executive Director, MS, BCBA","founder","alexis.andrade@destinyabaga.com","https://www.linkedin.com/in/alexis-andrade-destinyaba","apollo","https://www.google.com/maps/search/Destiny%20Autism%20Group%20Savannah%20GA","pilot-2026-09-25-b2"
"Diligence Applied Behavior Specialists","https://www.diligenceautismco.com","Colorado Springs","CO","4","Alice Andrews","Owner & Clinical Supervisor, BCBA","owner","aandrews@diligenceautismco.com","https://www.linkedin.com/in/alice-andrews-diligenceaba","linkedin_sales_nav","https://www.google.com/maps/search/Diligence%20Applied%20Behavior%20Specialists%20Colorado%20Springs%20CO","pilot-2026-09-25-b2"
"Direction Therapy Partners","https://www.directioncareva.org","Norfolk","VA","1","Allison Anthony","CEO & Managing Partner, BCBA","ceo","allison.anthony@directioncareva.org","https://www.linkedin.com/in/allison-anthony-directionaba","state_directory","https://www.google.com/maps/search/Direction%20Therapy%20Partners%20Norfolk%20VA","pilot-2026-09-25-b2"
"Dynamic Pediatric Autism Services","https://www.dynamicabamd.com","Silver Spring","MD","2","Alyssa Archer","Executive Clinical Director & Partner, BCBA","exec_director","aarcher@dynamicabamd.com","https://www.linkedin.com/in/alyssa-archer-dynamicaba","aba_index","https://www.google.com/maps/search/Dynamic%20Pediatric%20Autism%20Services%20Silver%20Spring%20MD","pilot-2026-09-25-b2"
"Early Start Behavioral Care Center","https://www.earlystartautismil.com","Champaign","IL","3","Amber Arellano","Founder & President, BCBA, LBA","founder","amber.arellano@earlystartautismil.com","https://www.linkedin.com/in/amber-arellano-earlystartaba","google_maps","https://www.google.com/maps/search/Early%20Start%20Behavioral%20Care%20Center%20Champaign%20IL","pilot-2026-09-25-b2"
"Echo Autism & Learning Institute","https://www.echocareut.com","Ogden","UT","4","Amy Armenta","Owner & Director of Applied Behavior Analysis","owner","aarmenta@echocareut.com","https://www.linkedin.com/in/amy-armenta-echoaba","apollo","https://www.google.com/maps/search/Echo%20Autism%20%26%20Learning%20Institute%20Ogden%20UT","pilot-2026-09-25-b2"
"Eclipse Developmental Solutions","https://www.eclipseabanj.org","Clifton","NJ","1","Andrea Armstrong","Founder & Clinical Director, BCBA-D","founder","andrea.armstrong@eclipseabanj.org","https://www.linkedin.com/in/andrea-armstrong-eclipseaba","linkedin_sales_nav","https://www.google.com/maps/search/Eclipse%20Developmental%20Solutions%20Clifton%20NJ","pilot-2026-09-25-b2"
"Eden Behavioral Therapy Center","https://www.edenautismtx.com","Plano","TX","2","Andrew Arndt","Co-Founder & Executive Director, MS, BCBA","founder","aarndt@edenautismtx.com","https://www.linkedin.com/in/andrew-arndt-edenaba","state_directory","https://www.google.com/maps/search/Eden%20Behavioral%20Therapy%20Center%20Plano%20TX","pilot-2026-09-25-b2"
"Elation Autism Discovery Center","https://www.elationcarefl.com","Boca Raton","FL","3","Angela Arnold","Owner & Clinical Supervisor, BCBA","owner","angela.arnold@elationcarefl.com","https://www.linkedin.com/in/angela-arnold-elationaba","aba_index","https://www.google.com/maps/search/Elation%20Autism%20Discovery%20Center%20Boca%20Raton%20FL","pilot-2026-09-25-b2"
"Elite Behavioral Foundations","https://www.eliteabaca.com","Bakersfield","CA","4","Ann Arredondo","CEO & Managing Partner, BCBA","ceo","aarredondo@eliteabaca.com","https://www.linkedin.com/in/ann-arredondo-eliteaba","google_maps","https://www.google.com/maps/search/Elite%20Behavioral%20Foundations%20Bakersfield%20CA","pilot-2026-09-25-b2"
"Embrace Therapeutic Solutions","https://www.embraceautismnc.org","High Point","NC","1","Anna Arroyo","Executive Clinical Director & Partner, BCBA","exec_director","anna.arroyo@embraceautismnc.org","https://www.linkedin.com/in/anna-arroyo-embraceaba","apollo","https://www.google.com/maps/search/Embrace%20Therapeutic%20Solutions%20High%20Point%20NC","pilot-2026-09-25-b2"
"Emergence ABA Collective","https://www.emergencecarega.com","Dunwoody","GA","2","Anthony Arthur","Founder & President, BCBA, LBA","founder","aarthur@emergencecarega.com","https://www.linkedin.com/in/anthony-arthur-emergenceaba","linkedin_sales_nav","https://www.google.com/maps/search/Emergence%20ABA%20Collective%20Dunwoody%20GA","pilot-2026-09-25-b2"
"Empathy Autism Clinic","https://www.empathyabaco.com","Loveland","CO","3","Antonio Asher","Owner & Director of Applied Behavior Analysis","owner","antonio.asher@empathyabaco.com","https://www.linkedin.com/in/antonio-asher-empathyaba","state_directory","https://www.google.com/maps/search/Empathy%20Autism%20Clinic%20Loveland%20CO","pilot-2026-09-25-b2"
"Empire ABA Center","https://www.empireautismva.net","Richmond","VA","4","Arthur Ashley","Founder & Clinical Director, BCBA-D","founder","aashley@empireautismva.net","https://www.linkedin.com/in/arthur-ashley-empireaba","aba_index","https://www.google.com/maps/search/Empire%20ABA%20Center%20Richmond%20VA","pilot-2026-09-25-b2"
"Engage Behavioral Health Network","https://www.engagecaremd.org","Rockville","MD","1","Ashley Ashton","Co-Founder & Executive Director, MS, BCBA","founder","ashley.ashton@engagecaremd.org","https://www.linkedin.com/in/ashley-ashton-engageaba","google_maps","https://www.google.com/maps/search/Engage%20Behavioral%20Health%20Network%20Rockville%20MD","pilot-2026-09-25-b2"
"Equinox Autism Group","https://www.equinoxabail.com","Springfield","IL","2","Audrey Atkins","Owner & Clinical Supervisor, BCBA","owner","aatkins@equinoxabail.com","https://www.linkedin.com/in/audrey-atkins-equinoxaba","apollo","https://www.google.com/maps/search/Equinox%20Autism%20Group%20Springfield%20IL","pilot-2026-09-25-b2"
"Essence Applied Behavior Specialists","https://www.essenceautismut.com","Orem","UT","3","Austin Atkinson","CEO & Managing Partner, BCBA","ceo","austin.atkinson@essenceautismut.com","https://www.linkedin.com/in/austin-atkinson-essenceaba","linkedin_sales_nav","https://www.google.com/maps/search/Essence%20Applied%20Behavior%20Specialists%20Orem%20UT","pilot-2026-09-25-b2"
"Essential Therapy Partners","https://www.essentialcarenj.com","Woodbridge","NJ","4","Autumn Augustine","Executive Clinical Director & Partner, BCBA","exec_director","aaugustine@essentialcarenj.com","https://www.linkedin.com/in/autumn-augustine-essentialaba","state_directory","https://www.google.com/maps/search/Essential%20Therapy%20Partners%20Woodbridge%20NJ","pilot-2026-09-25-b2"
"Estuary Pediatric Autism Services","https://www.estuaryabatx.org","Tyler","TX","1","Ava Austin","Founder & President, BCBA, LBA","founder","ava.austin@estuaryabatx.org","https://www.linkedin.com/in/ava-austin-estuaryaba","aba_index","https://www.google.com/maps/search/Estuary%20Pediatric%20Autism%20Services%20Tyler%20TX","pilot-2026-09-25-b2"
"Evergreen Behavioral Care Center","https://www.evergreenautismfl.com","Kissimmee","FL","2","Avery Avalos","Owner & Director of Applied Behavior Analysis","owner","aavalos@evergreenautismfl.com","https://www.linkedin.com/in/avery-avalos-evergreenaba","google_maps","https://www.google.com/maps/search/Evergreen%20Behavioral%20Care%20Center%20Kissimmee%20FL","pilot-2026-09-25-b2"
"Excel Autism & Learning Institute","https://www.excelcareca.net","Huntington Beach","CA","3","Bailey Avery","Founder & Clinical Director, BCBA-D","founder","bailey.avery@excelcareca.net","https://www.linkedin.com/in/bailey-avery-excelaba","apollo","https://www.google.com/maps/search/Excel%20Autism%20%26%20Learning%20Institute%20Huntington%20Beach%20CA","pilot-2026-09-25-b2"
"Excellence Developmental Solutions","https://www.excellenceabanc.com","Concord","NC","4","Barbara Avila","Co-Founder & Executive Director, MS, BCBA","founder","bavila@excellenceabanc.com","https://www.linkedin.com/in/barbara-avila-excellenceaba","linkedin_sales_nav","https://www.google.com/maps/search/Excellence%20Developmental%20Solutions%20Concord%20NC","pilot-2026-09-25-b2"
"Expansion Behavioral Therapy Center","https://www.expansionautismga.org","Tyrone","GA","1","Beatrice Ayala","Owner & Clinical Supervisor, BCBA","owner","beatrice.ayala@expansionautismga.org","https://www.linkedin.com/in/beatrice-ayala-expansionaba","state_directory","https://www.google.com/maps/search/Expansion%20Behavioral%20Therapy%20Center%20Tyrone%20GA","pilot-2026-09-25-b2"
"Express Autism Discovery Center","https://www.expresscareco.com","Greeley","CO","2","Benjamin Babcock","CEO & Managing Partner, BCBA","ceo","bbabcock@expresscareco.com","https://www.linkedin.com/in/benjamin-babcock-expressaba","aba_index","https://www.google.com/maps/search/Express%20Autism%20Discovery%20Center%20Greeley%20CO","pilot-2026-09-25-b2"
"Faith Behavioral Foundations","https://www.faithabava.com","Newport News","VA","3","Bethany Bach","Executive Clinical Director & Partner, BCBA","exec_director","bethany.bach@faithabava.com","https://www.linkedin.com/in/bethany-bach-faithaba","google_maps","https://www.google.com/maps/search/Faith%20Behavioral%20Foundations%20Newport%20News%20VA","pilot-2026-09-25-b2"
"Family First Therapeutic Solutions","https://www.familyfirstautismmd.com","Ellicott City","MD","4","Blake Bader","Founder & President, BCBA, LBA","founder","bbader@familyfirstautismmd.com","https://www.linkedin.com/in/blake-bader-familyfirstaba","apollo","https://www.google.com/maps/search/Family%20First%20Therapeutic%20Solutions%20Ellicott%20City%20MD","pilot-2026-09-25-b2"
"Feather ABA Collective","https://www.feathercareil.org","Schaumburg","IL","1","Bradley Baer","Owner & Director of Applied Behavior Analysis","owner","bradley.baer@feathercareil.org","https://www.linkedin.com/in/bradley-baer-featheraba","linkedin_sales_nav","https://www.google.com/maps/search/Feather%20ABA%20Collective%20Schaumburg%20IL","pilot-2026-09-25-b2"
"First Step Autism Clinic","https://www.firststepabaut.net","Provo","UT","2","Brandon Baggett","Founder & Clinical Director, BCBA-D","founder","bbaggett@firststepabaut.net","https://www.linkedin.com/in/brandon-baggett-firststepaba","state_directory","https://www.google.com/maps/search/First%20Step%20Autism%20Clinic%20Provo%20UT","pilot-2026-09-25-b2"
"Focus ABA Center","https://www.focusautismnj.com","Jersey City","NJ","3","Brayden Bagley","Co-Founder & Executive Director, MS, BCBA","founder","brayden.bagley@focusautismnj.com","https://www.linkedin.com/in/brayden-bagley-focusaba","aba_index","https://www.google.com/maps/search/Focus%20ABA%20Center%20Jersey%20City%20NJ","pilot-2026-09-25-b2"
"Footprints Behavioral Health Network","https://www.footprintscaretx.com","Frisco","TX","4","Brenda Bailey","Owner & Clinical Supervisor, BCBA","owner","bbailey@footprintscaretx.com","https://www.linkedin.com/in/brenda-bailey-footprintsaba","google_maps","https://www.google.com/maps/search/Footprints%20Behavioral%20Health%20Network%20Frisco%20TX","pilot-2026-09-25-b2"
"Forge Autism Group","https://www.forgeabafl.org","Cape Coral","FL","1","Brian Bain","CEO & Managing Partner, BCBA","ceo","brian.bain@forgeabafl.org","https://www.linkedin.com/in/brian-bain-forgeaba","apollo","https://www.google.com/maps/search/Forge%20Autism%20Group%20Cape%20Coral%20FL","pilot-2026-09-25-b2"
"Frontier Applied Behavior Specialists","https://www.frontierautismca.com","Oakland","CA","2","Brianna Baird","Executive Clinical Director & Partner, BCBA","exec_director","bbaird@frontierautismca.com","https://www.linkedin.com/in/brianna-baird-frontieraba","linkedin_sales_nav","https://www.google.com/maps/search/Frontier%20Applied%20Behavior%20Specialists%20Oakland%20CA","pilot-2026-09-25-b2"
"Acorn Therapy Partners","https://www.acorncarenc.com","Fayetteville","NC","3","Brittany Baker","Founder & President, BCBA, LBA","founder","brittany.baker@acorncarenc.com","https://www.linkedin.com/in/brittany-baker-acornaba","state_directory","https://www.google.com/maps/search/Acorn%20Therapy%20Partners%20Fayetteville%20NC","pilot-2026-09-25-b2"
"Action Pediatric Autism Services","https://www.actionabaga.com","Roswell","GA","4","Brooke Baldwin","Owner & Director of Applied Behavior Analysis","owner","bbaldwin@actionabaga.com","https://www.linkedin.com/in/brooke-baldwin-actionaba","aba_index","https://www.google.com/maps/search/Action%20Pediatric%20Autism%20Services%20Roswell%20GA","pilot-2026-09-25-b2"
"Active Behavioral Care Center","https://www.activeautismco.org","Centennial","CO","1","Brooklyn Bales","Founder & Clinical Director, BCBA-D","founder","brooklyn.bales@activeautismco.org","https://www.linkedin.com/in/brooklyn-bales-activeaba","google_maps","https://www.google.com/maps/search/Active%20Behavioral%20Care%20Center%20Centennial%20CO","pilot-2026-09-25-b2"
"Advance Autism & Learning Institute","https://www.advancecareva.com","McLean","VA","2","Bruce Ball","Co-Founder & Executive Director, MS, BCBA","founder","bball@advancecareva.com","https://www.linkedin.com/in/bruce-ball-advanceaba","apollo","https://www.google.com/maps/search/Advance%20Autism%20%26%20Learning%20Institute%20McLean%20VA","pilot-2026-09-25-b2"
"Advantage Developmental Solutions","https://www.advantageabamd.com","Germantown","MD","3","Bryan Ballard","Owner & Clinical Supervisor, BCBA","owner","bryan.ballard@advantageabamd.com","https://www.linkedin.com/in/bryan-ballard-advantageaba","linkedin_sales_nav","https://www.google.com/maps/search/Advantage%20Developmental%20Solutions%20Germantown%20MD","pilot-2026-09-25-b2"
"Aim Behavioral Therapy Center","https://www.aimautismil.com","Rockford","IL","4","Caleb Ballesteros","CEO & Managing Partner, BCBA","ceo","cballesteros@aimautismil.com","https://www.linkedin.com/in/caleb-ballesteros-aimaba","state_directory","https://www.google.com/maps/search/Aim%20Behavioral%20Therapy%20Center%20Rockford%20IL","pilot-2026-09-25-b2"
"Alliance Autism Discovery Center","https://www.alliancecareut.org","Logan","UT","1","Cameron Banks","Executive Clinical Director & Partner, BCBA","exec_director","cameron.banks@alliancecareut.org","https://www.linkedin.com/in/cameron-banks-allianceaba","aba_index","https://www.google.com/maps/search/Alliance%20Autism%20Discovery%20Center%20Logan%20UT","pilot-2026-09-25-b2"
"Alpine Behavioral Foundations","https://www.alpineabanj.com","Union City","NJ","2","Camila Bankston","Founder & President, BCBA, LBA","founder","cbankston@alpineabanj.com","https://www.linkedin.com/in/camila-bankston-alpineaba","google_maps","https://www.google.com/maps/search/Alpine%20Behavioral%20Foundations%20Union%20City%20NJ","pilot-2026-09-25-b2"
"Altus Therapeutic Solutions","https://www.altusautismtx.com","Pearland","TX","3","Carla Bannister","Owner & Director of Applied Behavior Analysis","owner","carla.bannister@altusautismtx.com","https://www.linkedin.com/in/carla-bannister-altusaba","apollo","https://www.google.com/maps/search/Altus%20Therapeutic%20Solutions%20Pearland%20TX","pilot-2026-09-25-b2"
"Amity ABA Collective","https://www.amitycarefl.net","Palm Bay","FL","4","Carlos Barajas","Founder & Clinical Director, BCBA-D","founder","cbarajas@amitycarefl.net","https://www.linkedin.com/in/carlos-barajas-amityaba","linkedin_sales_nav","https://www.google.com/maps/search/Amity%20ABA%20Collective%20Palm%20Bay%20FL","pilot-2026-09-25-b2"
"Apex Care Autism Clinic","https://www.apexcareabaca.org","San Diego","CA","1","Caroline Barba","Co-Founder & Executive Director, MS, BCBA","founder","caroline.barba@apexcareabaca.org","https://www.linkedin.com/in/caroline-barba-apexcareaba","state_directory","https://www.google.com/maps/search/Apex%20Care%20Autism%20Clinic%20San%20Diego%20CA","pilot-2026-09-25-b2"
"Aquila ABA Center","https://www.aquilaautismnc.com","Raleigh","NC","2","Carolyn Barbee","Owner & Clinical Supervisor, BCBA","owner","cbarbee@aquilaautismnc.com","https://www.linkedin.com/in/carolyn-barbee-aquilaaba","aba_index","https://www.google.com/maps/search/Aquila%20ABA%20Center%20Raleigh%20NC","pilot-2026-09-25-b2"
"Arch Behavioral Health Network","https://www.archcarega.com","Columbus","GA","3","Carson Barber","CEO & Managing Partner, BCBA","ceo","carson.barber@archcarega.com","https://www.linkedin.com/in/carson-barber-archaba","google_maps","https://www.google.com/maps/search/Arch%20Behavioral%20Health%20Network%20Columbus%20GA","pilot-2026-09-25-b2"
"Ardent Autism Group","https://www.ardentabaco.com","Thornton","CO","4","Carter Abbott","Executive Clinical Director & Partner, BCBA","exec_director","cabbott@ardentabaco.com","https://www.linkedin.com/in/carter-abbott-ardentaba","apollo","https://www.google.com/maps/search/Ardent%20Autism%20Group%20Thornton%20CO","pilot-2026-09-25-b2"
"Aspen Applied Behavior Specialists","https://www.aspenautismva.org","Fairfax","VA","1","Cassandra Abernathy","Founder & President, BCBA, LBA","founder","cassandra.abernathy@aspenautismva.org","https://www.linkedin.com/in/cassandra-abernathy-aspenaba","linkedin_sales_nav","https://www.google.com/maps/search/Aspen%20Applied%20Behavior%20Specialists%20Fairfax%20VA","pilot-2026-09-25-b2"
"Aspire Therapy Partners","https://www.aspirecaremd.com","Columbia","MD","2","Catherine Acevedo","Owner & Director of Applied Behavior Analysis","owner","cacevedo@aspirecaremd.com","https://www.linkedin.com/in/catherine-acevedo-aspireaba","state_directory","https://www.google.com/maps/search/Aspire%20Therapy%20Partners%20Columbia%20MD","pilot-2026-09-25-b2"
"Aston Pediatric Autism Services","https://www.astonabail.net","Chicago","IL","3","Cecilia Acosta","Founder & Clinical Director, BCBA-D","founder","cecilia.acosta@astonabail.net","https://www.linkedin.com/in/cecilia-acosta-astonaba","aba_index","https://www.google.com/maps/search/Aston%20Pediatric%20Autism%20Services%20Chicago%20IL","pilot-2026-09-25-b2"
"Atlantic Behavioral Care Center","https://www.atlanticautismut.com","Millcreek","UT","4","Chad Adair","Co-Founder & Executive Director, MS, BCBA","founder","cadair@atlanticautismut.com","https://www.linkedin.com/in/chad-adair-atlanticaba","google_maps","https://www.google.com/maps/search/Atlantic%20Behavioral%20Care%20Center%20Millcreek%20UT","pilot-2026-09-25-b2"
"Atlas Autism & Learning Institute","https://www.atlascarenj.org","Trenton","NJ","1","Charles Adkins","Owner & Clinical Supervisor, BCBA","owner","charles.adkins@atlascarenj.org","https://www.linkedin.com/in/charles-adkins-atlasaba","apollo","https://www.google.com/maps/search/Atlas%20Autism%20%26%20Learning%20Institute%20Trenton%20NJ","pilot-2026-09-25-b2"
"Atrium Developmental Solutions","https://www.atriumabatx.com","Arlington","TX","2","Charlotte Aguilar","CEO & Managing Partner, BCBA","ceo","caguilar@atriumabatx.com","https://www.linkedin.com/in/charlotte-aguilar-atriumaba","linkedin_sales_nav","https://www.google.com/maps/search/Atrium%20Developmental%20Solutions%20Arlington%20TX","pilot-2026-09-25-b2"
"Aura Behavioral Therapy Center","https://www.auraautismfl.com","Naples","FL","3","Chase Aguirre","Executive Clinical Director & Partner, BCBA","exec_director","chase.aguirre@auraautismfl.com","https://www.linkedin.com/in/chase-aguirre-auraaba","state_directory","https://www.google.com/maps/search/Aura%20Behavioral%20Therapy%20Center%20Naples%20FL","pilot-2026-09-25-b2"
"Authentic Autism Discovery Center","https://www.authenticcareca.com","Riverside","CA","4","Chelsea Albert","Founder & President, BCBA, LBA","founder","calbert@authenticcareca.com","https://www.linkedin.com/in/chelsea-albert-authenticaba","aba_index","https://www.google.com/maps/search/Authentic%20Autism%20Discovery%20Center%20Riverside%20CA","pilot-2026-09-25-b2"
"Avenue Behavioral Foundations","https://www.avenueabanc.org","Apex","NC","1","Cheyenne Albrecht","Owner & Director of Applied Behavior Analysis","owner","cheyenne.albrecht@avenueabanc.org","https://www.linkedin.com/in/cheyenne-albrecht-avenueaba","google_maps","https://www.google.com/maps/search/Avenue%20Behavioral%20Foundations%20Apex%20NC","pilot-2026-09-25-b2"
"Axis Therapeutic Solutions","https://www.axisautismga.net","Smyrna","GA","2","Chloe Alcorn","Founder & Clinical Director, BCBA-D","founder","calcorn@axisautismga.net","https://www.linkedin.com/in/chloe-alcorn-axisaba","apollo","https://www.google.com/maps/search/Axis%20Therapeutic%20Solutions%20Smyrna%20GA","pilot-2026-09-25-b2"
"Basis ABA Collective","https://www.basiscareco.com","Lakewood","CO","3","Christian Aldridge","Co-Founder & Executive Director, MS, BCBA","founder","christian.aldridge@basiscareco.com","https://www.linkedin.com/in/christian-aldridge-basisaba","linkedin_sales_nav","https://www.google.com/maps/search/Basis%20ABA%20Collective%20Lakewood%20CO","pilot-2026-09-25-b2"
"Belief Autism Clinic","https://www.beliefabava.com","Alexandria","VA","4","Christina Alford","Owner & Clinical Supervisor, BCBA","owner","calford@beliefabava.com","https://www.linkedin.com/in/christina-alford-beliefaba","state_directory","https://www.google.com/maps/search/Belief%20Autism%20Clinic%20Alexandria%20VA","pilot-2026-09-25-b2"
"Beloved ABA Center","https://www.belovedautismmd.org","Annapolis","MD","1","Christine Allan","CEO & Managing Partner, BCBA","ceo","christine.allan@belovedautismmd.org","https://www.linkedin.com/in/christine-allan-belovedaba","aba_index","https://www.google.com/maps/search/Beloved%20ABA%20Center%20Annapolis%20MD","pilot-2026-09-25-b2"
"Benchmark Behavioral Health Network","https://www.benchmarkcareil.com","Cicero","IL","2","Christopher Alston","Executive Clinical Director & Partner, BCBA","exec_director","calston@benchmarkcareil.com","https://www.linkedin.com/in/christopher-alston-benchmarkaba","google_maps","https://www.google.com/maps/search/Benchmark%20Behavioral%20Health%20Network%20Cicero%20IL","pilot-2026-09-25-b2"
"Benefit Autism Group","https://www.benefitabaut.com","South Jordan","UT","3","Claire Alvarado","Founder & President, BCBA, LBA","founder","claire.alvarado@benefitabaut.com","https://www.linkedin.com/in/claire-alvarado-benefitaba","apollo","https://www.google.com/maps/search/Benefit%20Autism%20Group%20South%20Jordan%20UT","pilot-2026-09-25-b2"
"Better Days Applied Behavior Specialists","https://www.betterdaysautismnj.com","Edison","NJ","4","Clara Alvarez","Owner & Director of Applied Behavior Analysis","owner","calvarez@betterdaysautismnj.com","https://www.linkedin.com/in/clara-alvarez-betterdaysaba","linkedin_sales_nav","https://www.google.com/maps/search/Better%20Days%20Applied%20Behavior%20Specialists%20Edison%20NJ","pilot-2026-09-25-b2"
"Beyond Therapy Partners","https://www.beyondcaretx.org","Austin","TX","1","Aaron Amato","Founder & Clinical Director, BCBA-D","founder","aaron.amato@beyondcaretx.org","https://www.linkedin.com/in/aaron-amato-beyondaba","state_directory","https://www.google.com/maps/search/Beyond%20Therapy%20Partners%20Austin%20TX","pilot-2026-09-25-b2"
"Blue Ridge Pediatric Autism Services","https://www.blueridgeabafl.com","Orlando","FL","2","Abigail Ambrose","Co-Founder & Executive Director, MS, BCBA","founder","aambrose@blueridgeabafl.com","https://www.linkedin.com/in/abigail-ambrose-blueridgeaba","aba_index","https://www.google.com/maps/search/Blue%20Ridge%20Pediatric%20Autism%20Services%20Orlando%20FL","pilot-2026-09-25-b2"
"Blossom Behavioral Care Center","https://www.blossomautismca.com","San Jose","CA","3","Adam Ames","Owner & Clinical Supervisor, BCBA","owner","adam.ames@blossomautismca.com","https://www.linkedin.com/in/adam-ames-blossomaba","google_maps","https://www.google.com/maps/search/Blossom%20Behavioral%20Care%20Center%20San%20Jose%20CA","pilot-2026-09-25-b2"
"Bold Autism & Learning Institute","https://www.boldcarenc.com","Asheville","NC","4","Adrian Amos","CEO & Managing Partner, BCBA","ceo","aamos@boldcarenc.com","https://www.linkedin.com/in/adrian-amos-boldaba","apollo","https://www.google.com/maps/search/Bold%20Autism%20%26%20Learning%20Institute%20Asheville%20NC","pilot-2026-09-25-b2"
"Bond Developmental Solutions","https://www.bondabaga.org","Marietta","GA","1","Aiden Anaya","Executive Clinical Director & Partner, BCBA","exec_director","aiden.anaya@bondabaga.org","https://www.linkedin.com/in/aiden-anaya-bondaba","linkedin_sales_nav","https://www.google.com/maps/search/Bond%20Developmental%20Solutions%20Marietta%20GA","pilot-2026-09-25-b2"
"Boundless Behavioral Therapy Center","https://www.boundlessautismco.com","Aurora","CO","2","Alex Anders","Founder & President, BCBA, LBA","founder","aanders@boundlessautismco.com","https://www.linkedin.com/in/alex-anders-boundlessaba","state_directory","https://www.google.com/maps/search/Boundless%20Behavioral%20Therapy%20Center%20Aurora%20CO","pilot-2026-09-25-b2"
"Branch Autism Discovery Center","https://www.branchcareva.com","Chesapeake","VA","3","Alexander Andersen","Owner & Director of Applied Behavior Analysis","owner","alexander.andersen@branchcareva.com","https://www.linkedin.com/in/alexander-andersen-branchaba","aba_index","https://www.google.com/maps/search/Branch%20Autism%20Discovery%20Center%20Chesapeake%20VA","pilot-2026-09-25-b2"
"Bravo Behavioral Foundations","https://www.bravoabamd.net","Frederick","MD","4","Alexandra Anderson","Founder & Clinical Director, BCBA-D","founder","aanderson@bravoabamd.net","https://www.linkedin.com/in/alexandra-anderson-bravoaba","google_maps","https://www.google.com/maps/search/Bravo%20Behavioral%20Foundations%20Frederick%20MD","pilot-2026-09-25-b2"
"Bravery Therapeutic Solutions","https://www.braveryautismil.org","Elgin","IL","1","Alexis Andrade","Co-Founder & Executive Director, MS, BCBA","founder","alexis.andrade@braveryautismil.org","https://www.linkedin.com/in/alexis-andrade-braveryaba","apollo","https://www.google.com/maps/search/Bravery%20Therapeutic%20Solutions%20Elgin%20IL","pilot-2026-09-25-b2"
"Bright Future ABA Collective","https://www.brightfuturecareut.com","St. George","UT","2","Alice Andrews","Owner & Clinical Supervisor, BCBA","owner","aandrews@brightfuturecareut.com","https://www.linkedin.com/in/alice-andrews-brightfutureaba","linkedin_sales_nav","https://www.google.com/maps/search/Bright%20Future%20ABA%20Collective%20St.%20George%20UT","pilot-2026-09-25-b2"
"Brighter Days Autism Clinic","https://www.brighterdaysabanj.com","Newark","NJ","3","Allison Anthony","CEO & Managing Partner, BCBA","ceo","allison.anthony@brighterdaysabanj.com","https://www.linkedin.com/in/allison-anthony-brighterdaysaba","state_directory","https://www.google.com/maps/search/Brighter%20Days%20Autism%20Clinic%20Newark%20NJ","pilot-2026-09-25-b2"
"Broadview ABA Center","https://www.broadviewautismtx.com","El Paso","TX","4","Alyssa Archer","Executive Clinical Director & Partner, BCBA","exec_director","aarcher@broadviewautismtx.com","https://www.linkedin.com/in/alyssa-archer-broadviewaba","aba_index","https://www.google.com/maps/search/Broadview%20ABA%20Center%20El%20Paso%20TX","pilot-2026-09-25-b2"
"Building Blocks Behavioral Health Network","https://www.buildingblockscarefl.org","Clearwater","FL","1","Amber Arellano","Founder & President, BCBA, LBA","founder","amber.arellano@buildingblockscarefl.org","https://www.linkedin.com/in/amber-arellano-buildingblocksaba","google_maps","https://www.google.com/maps/search/Building%20Blocks%20Behavioral%20Health%20Network%20Clearwater%20FL","pilot-2026-09-25-b2"
"Calm Autism Group","https://www.calmabaca.com","Chula Vista","CA","2","Amy Armenta","Owner & Director of Applied Behavior Analysis","owner","aarmenta@calmabaca.com","https://www.linkedin.com/in/amy-armenta-calmaba","apollo","https://www.google.com/maps/search/Calm%20Autism%20Group%20Chula%20Vista%20CA","pilot-2026-09-25-b2"
"Canyon Applied Behavior Specialists","https://www.canyonautismnc.net","Winston-Salem","NC","3","Andrea Armstrong","Founder & Clinical Director, BCBA-D","founder","andrea.armstrong@canyonautismnc.net","https://www.linkedin.com/in/andrea-armstrong-canyonaba","linkedin_sales_nav","https://www.google.com/maps/search/Canyon%20Applied%20Behavior%20Specialists%20Winston-Salem%20NC","pilot-2026-09-25-b2"
"Capital Therapy Partners","https://www.capitalcarega.com","Sandy Springs","GA","4","Andrew Arndt","Co-Founder & Executive Director, MS, BCBA","founder","aarndt@capitalcarega.com","https://www.linkedin.com/in/andrew-arndt-capitalaba","state_directory","https://www.google.com/maps/search/Capital%20Therapy%20Partners%20Sandy%20Springs%20GA","pilot-2026-09-25-b2"
"CarePoint Pediatric Autism Services","https://www.carepointabaco.org","Denver","CO","1","Angela Arnold","Owner & Clinical Supervisor, BCBA","owner","angela.arnold@carepointabaco.org","https://www.linkedin.com/in/angela-arnold-carepointaba","aba_index","https://www.google.com/maps/search/CarePoint%20Pediatric%20Autism%20Services%20Denver%20CO","pilot-2026-09-25-b2"
"Cascade Behavioral Care Center","https://www.cascadeautismva.com","Virginia Beach","VA","2","Ann Arredondo","CEO & Managing Partner, BCBA","ceo","aarredondo@cascadeautismva.com","https://www.linkedin.com/in/ann-arredondo-cascadeaba","google_maps","https://www.google.com/maps/search/Cascade%20Behavioral%20Care%20Center%20Virginia%20Beach%20VA","pilot-2026-09-25-b2"
"Cedar Autism & Learning Institute","https://www.cedarcaremd.com","Bethesda","MD","3","Anna Arroyo","Executive Clinical Director & Partner, BCBA","exec_director","anna.arroyo@cedarcaremd.com","https://www.linkedin.com/in/anna-arroyo-cedaraba","apollo","https://www.google.com/maps/search/Cedar%20Autism%20%26%20Learning%20Institute%20Bethesda%20MD","pilot-2026-09-25-b2"
"Celestial Developmental Solutions","https://www.celestialabail.com","Evanston","IL","4","Anthony Arthur","Founder & President, BCBA, LBA","founder","aarthur@celestialabail.com","https://www.linkedin.com/in/anthony-arthur-celestialaba","linkedin_sales_nav","https://www.google.com/maps/search/Celestial%20Developmental%20Solutions%20Evanston%20IL","pilot-2026-09-25-b2"
"Centennial Behavioral Therapy Center","https://www.centennialautismut.org","Sandy","UT","1","Antonio Asher","Owner & Director of Applied Behavior Analysis","owner","antonio.asher@centennialautismut.org","https://www.linkedin.com/in/antonio-asher-centennialaba","state_directory","https://www.google.com/maps/search/Centennial%20Behavioral%20Therapy%20Center%20Sandy%20UT","pilot-2026-09-25-b2"
"CenterPoint Autism Discovery Center","https://www.centerpointcarenj.net","Passaic","NJ","2","Arthur Ashley","Founder & Clinical Director, BCBA-D","founder","aashley@centerpointcarenj.net","https://www.linkedin.com/in/arthur-ashley-centerpointaba","aba_index","https://www.google.com/maps/search/CenterPoint%20Autism%20Discovery%20Center%20Passaic%20NJ","pilot-2026-09-25-b2"
"Champion Behavioral Foundations","https://www.championabatx.com","Houston","TX","3","Ashley Ashton","Co-Founder & Executive Director, MS, BCBA","founder","ashley.ashton@championabatx.com","https://www.linkedin.com/in/ashley-ashton-championaba","google_maps","https://www.google.com/maps/search/Champion%20Behavioral%20Foundations%20Houston%20TX","pilot-2026-09-25-b2"
"Channel Therapeutic Solutions","https://www.channelautismfl.com","Jacksonville","FL","4","Audrey Atkins","Owner & Clinical Supervisor, BCBA","owner","aatkins@channelautismfl.com","https://www.linkedin.com/in/audrey-atkins-channelaba","apollo","https://www.google.com/maps/search/Channel%20Therapeutic%20Solutions%20Jacksonville%20FL","pilot-2026-09-25-b2"
"Circle ABA Collective","https://www.circlecareca.org","Irvine","CA","1","Austin Atkinson","CEO & Managing Partner, BCBA","ceo","austin.atkinson@circlecareca.org","https://www.linkedin.com/in/austin-atkinson-circleaba","linkedin_sales_nav","https://www.google.com/maps/search/Circle%20ABA%20Collective%20Irvine%20CA","pilot-2026-09-25-b2"
"Climb Autism Clinic","https://www.climbabanc.com","Charlotte","NC","2","Autumn Augustine","Executive Clinical Director & Partner, BCBA","exec_director","aaugustine@climbabanc.com","https://www.linkedin.com/in/autumn-augustine-climbaba","state_directory","https://www.google.com/maps/search/Climb%20Autism%20Clinic%20Charlotte%20NC","pilot-2026-09-25-b2"
"Clover ABA Center","https://www.cloverautismga.com","Augusta","GA","3","Ava Austin","Founder & President, BCBA, LBA","founder","ava.austin@cloverautismga.com","https://www.linkedin.com/in/ava-austin-cloveraba","aba_index","https://www.google.com/maps/search/Clover%20ABA%20Center%20Augusta%20GA","pilot-2026-09-25-b2"
"Coastal Behavioral Health Network","https://www.coastalcareco.com","Longmont","CO","4","Avery Avalos","Owner & Director of Applied Behavior Analysis","owner","aavalos@coastalcareco.com","https://www.linkedin.com/in/avery-avalos-coastalaba","google_maps","https://www.google.com/maps/search/Coastal%20Behavioral%20Health%20Network%20Longmont%20CO","pilot-2026-09-25-b2"
"Cognitive Autism Group","https://www.cognitiveabava.org","Charlottesville","VA","1","Bailey Avery","Founder & Clinical Director, BCBA-D","founder","bailey.avery@cognitiveabava.org","https://www.linkedin.com/in/bailey-avery-cognitiveaba","apollo","https://www.google.com/maps/search/Cognitive%20Autism%20Group%20Charlottesville%20VA","pilot-2026-09-25-b2"
"Collab Applied Behavior Specialists","https://www.collabautismmd.com","Baltimore","MD","2","Barbara Avila","Co-Founder & Executive Director, MS, BCBA","founder","bavila@collabautismmd.com","https://www.linkedin.com/in/barbara-avila-collababa","linkedin_sales_nav","https://www.google.com/maps/search/Collab%20Applied%20Behavior%20Specialists%20Baltimore%20MD","pilot-2026-09-25-b2"
"Comfort Therapy Partners","https://www.comfortcareil.com","Aurora","IL","3","Beatrice Ayala","Owner & Clinical Supervisor, BCBA","owner","beatrice.ayala@comfortcareil.com","https://www.linkedin.com/in/beatrice-ayala-comfortaba","state_directory","https://www.google.com/maps/search/Comfort%20Therapy%20Partners%20Aurora%20IL","pilot-2026-09-25-b2"
"Common Ground Pediatric Autism Services","https://www.commongroundabaut.com","West Valley City","UT","4","Benjamin Babcock","CEO & Managing Partner, BCBA","ceo","bbabcock@commongroundabaut.com","https://www.linkedin.com/in/benjamin-babcock-commongroundaba","aba_index","https://www.google.com/maps/search/Common%20Ground%20Pediatric%20Autism%20Services%20West%20Valley%20City%20UT","pilot-2026-09-25-b2"
"Community Behavioral Care Center","https://www.communityautismnj.org","Toms River","NJ","1","Bethany Bach","Executive Clinical Director & Partner, BCBA","exec_director","bethany.bach@communityautismnj.org","https://www.linkedin.com/in/bethany-bach-communityaba","google_maps","https://www.google.com/maps/search/Community%20Behavioral%20Care%20Center%20Toms%20River%20NJ","pilot-2026-09-25-b2"
"Companion Autism & Learning Institute","https://www.companioncaretx.com","McAllen","TX","2","Blake Bader","Founder & President, BCBA, LBA","founder","bbader@companioncaretx.com","https://www.linkedin.com/in/blake-bader-companionaba","apollo","https://www.google.com/maps/search/Companion%20Autism%20%26%20Learning%20Institute%20McAllen%20TX","pilot-2026-09-25-b2"
"Concord Developmental Solutions","https://www.concordabafl.com","Lakeland","FL","3","Bradley Baer","Owner & Director of Applied Behavior Analysis","owner","bradley.baer@concordabafl.com","https://www.linkedin.com/in/bradley-baer-concordaba","linkedin_sales_nav","https://www.google.com/maps/search/Concord%20Developmental%20Solutions%20Lakeland%20FL","pilot-2026-09-25-b2"
"Confidence Behavioral Therapy Center","https://www.confidenceautismca.net","Santa Clarita","CA","4","Brandon Baggett","Founder & Clinical Director, BCBA-D","founder","bbaggett@confidenceautismca.net","https://www.linkedin.com/in/brandon-baggett-confidenceaba","state_directory","https://www.google.com/maps/search/Confidence%20Behavioral%20Therapy%20Center%20Santa%20Clarita%20CA","pilot-2026-09-25-b2"
"Connect Autism Discovery Center","https://www.connectcarenc.org","Chapel Hill","NC","1","Brayden Bagley","Co-Founder & Executive Director, MS, BCBA","founder","brayden.bagley@connectcarenc.org","https://www.linkedin.com/in/brayden-bagley-connectaba","aba_index","https://www.google.com/maps/search/Connect%20Autism%20Discovery%20Center%20Chapel%20Hill%20NC","pilot-2026-09-25-b2"
"Cornerstone Behavioral Foundations","https://www.cornerstoneabaga.com","Decatur","GA","2","Brenda Bailey","Owner & Clinical Supervisor, BCBA","owner","bbailey@cornerstoneabaga.com","https://www.linkedin.com/in/brenda-bailey-cornerstoneaba","google_maps","https://www.google.com/maps/search/Cornerstone%20Behavioral%20Foundations%20Decatur%20GA","pilot-2026-09-25-b2"
"Cosmos Therapeutic Solutions","https://www.cosmosautismco.com","Pueblo","CO","3","Brian Bain","CEO & Managing Partner, BCBA","ceo","brian.bain@cosmosautismco.com","https://www.linkedin.com/in/brian-bain-cosmosaba","apollo","https://www.google.com/maps/search/Cosmos%20Therapeutic%20Solutions%20Pueblo%20CO","pilot-2026-09-25-b2"
"Courage ABA Collective","https://www.couragecareva.com","Hampton","VA","4","Brianna Baird","Executive Clinical Director & Partner, BCBA","exec_director","bbaird@couragecareva.com","https://www.linkedin.com/in/brianna-baird-courageaba","linkedin_sales_nav","https://www.google.com/maps/search/Courage%20ABA%20Collective%20Hampton%20VA","pilot-2026-09-25-b2"
"Cove Autism Clinic","https://www.coveabamd.org","Waldorf","MD","1","Brittany Baker","Founder & President, BCBA, LBA","founder","brittany.baker@coveabamd.org","https://www.linkedin.com/in/brittany-baker-coveaba","state_directory","https://www.google.com/maps/search/Cove%20Autism%20Clinic%20Waldorf%20MD","pilot-2026-09-25-b2"
"Cradle ABA Center","https://www.cradleautismil.com","Bloomington","IL","2","Brooke Baldwin","Owner & Director of Applied Behavior Analysis","owner","bbaldwin@cradleautismil.com","https://www.linkedin.com/in/brooke-baldwin-cradleaba","aba_index","https://www.google.com/maps/search/Cradle%20ABA%20Center%20Bloomington%20IL","pilot-2026-09-25-b2"
"Craft Behavioral Health Network","https://www.craftcareut.net","Salt Lake City","UT","3","Brooklyn Bales","Founder & Clinical Director, BCBA-D","founder","brooklyn.bales@craftcareut.net","https://www.linkedin.com/in/brooklyn-bales-craftaba","google_maps","https://www.google.com/maps/search/Craft%20Behavioral%20Health%20Network%20Salt%20Lake%20City%20UT","pilot-2026-09-25-b2"
"Crossroads Autism Group","https://www.crossroadsabanj.com","Elizabeth","NJ","4","Bruce Ball","Co-Founder & Executive Director, MS, BCBA","founder","bball@crossroadsabanj.com","https://www.linkedin.com/in/bruce-ball-crossroadsaba","apollo","https://www.google.com/maps/search/Crossroads%20Autism%20Group%20Elizabeth%20NJ","pilot-2026-09-25-b2"
"Crystal Applied Behavior Specialists","https://www.crystalautismtx.org","Fort Worth","TX","1","Bryan Ballard","Owner & Clinical Supervisor, BCBA","owner","bryan.ballard@crystalautismtx.org","https://www.linkedin.com/in/bryan-ballard-crystalaba","linkedin_sales_nav","https://www.google.com/maps/search/Crystal%20Applied%20Behavior%20Specialists%20Fort%20Worth%20TX","pilot-2026-09-25-b2"
"Cultivate Therapy Partners","https://www.cultivatecarefl.com","St. Petersburg","FL","2","Caleb Ballesteros","CEO & Managing Partner, BCBA","ceo","cballesteros@cultivatecarefl.com","https://www.linkedin.com/in/caleb-ballesteros-cultivateaba","state_directory","https://www.google.com/maps/search/Cultivate%20Therapy%20Partners%20St.%20Petersburg%20FL","pilot-2026-09-25-b2"
"Daybreak Pediatric Autism Services","https://www.daybreakabaca.com","Pasadena","CA","3","Cameron Banks","Executive Clinical Director & Partner, BCBA","exec_director","cameron.banks@daybreakabaca.com","https://www.linkedin.com/in/cameron-banks-daybreakaba","aba_index","https://www.google.com/maps/search/Daybreak%20Pediatric%20Autism%20Services%20Pasadena%20CA","pilot-2026-09-25-b2"
"Delta Behavioral Care Center","https://www.deltaautismnc.com","Wilmington","NC","4","Camila Bankston","Founder & President, BCBA, LBA","founder","cbankston@deltaautismnc.com","https://www.linkedin.com/in/camila-bankston-deltaaba","google_maps","https://www.google.com/maps/search/Delta%20Behavioral%20Care%20Center%20Wilmington%20NC","pilot-2026-09-25-b2"
"Destiny Autism & Learning Institute","https://www.destinycarega.org","Alpharetta","GA","1","Carla Bannister","Owner & Director of Applied Behavior Analysis","owner","carla.bannister@destinycarega.org","https://www.linkedin.com/in/carla-bannister-destinyaba","apollo","https://www.google.com/maps/search/Destiny%20Autism%20%26%20Learning%20Institute%20Alpharetta%20GA","pilot-2026-09-25-b2"
"Diligence Developmental Solutions","https://www.diligenceabaco.net","Arvada","CO","2","Carlos Barajas","Founder & Clinical Director, BCBA-D","founder","cbarajas@diligenceabaco.net","https://www.linkedin.com/in/carlos-barajas-diligenceaba","linkedin_sales_nav","https://www.google.com/maps/search/Diligence%20Developmental%20Solutions%20Arvada%20CO","pilot-2026-09-25-b2"
"Direction Behavioral Therapy Center","https://www.directionautismva.com","Reston","VA","3","Caroline Barba","Co-Founder & Executive Director, MS, BCBA","founder","caroline.barba@directionautismva.com","https://www.linkedin.com/in/caroline-barba-directionaba","state_directory","https://www.google.com/maps/search/Direction%20Behavioral%20Therapy%20Center%20Reston%20VA","pilot-2026-09-25-b2"
"Dynamic Autism Discovery Center","https://www.dynamiccaremd.com","Towson","MD","4","Carolyn Barbee","Owner & Clinical Supervisor, BCBA","owner","cbarbee@dynamiccaremd.com","https://www.linkedin.com/in/carolyn-barbee-dynamicaba","aba_index","https://www.google.com/maps/search/Dynamic%20Autism%20Discovery%20Center%20Towson%20MD","pilot-2026-09-25-b2"
"Early Start Behavioral Foundations","https://www.earlystartabail.org","Waukegan","IL","1","Carson Barber","CEO & Managing Partner, BCBA","ceo","carson.barber@earlystartabail.org","https://www.linkedin.com/in/carson-barber-earlystartaba","google_maps","https://www.google.com/maps/search/Early%20Start%20Behavioral%20Foundations%20Waukegan%20IL","pilot-2026-09-25-b2"
"Echo Therapeutic Solutions","https://www.echoautismut.com","Taylorsville","UT","2","Carter Abbott","Executive Clinical Director & Partner, BCBA","exec_director","cabbott@echoautismut.com","https://www.linkedin.com/in/carter-abbott-echoaba","apollo","https://www.google.com/maps/search/Echo%20Therapeutic%20Solutions%20Taylorsville%20UT","pilot-2026-09-25-b2"
"Eclipse ABA Collective","https://www.eclipsecarenj.com","East Orange","NJ","3","Cassandra Abernathy","Founder & President, BCBA, LBA","founder","cassandra.abernathy@eclipsecarenj.com","https://www.linkedin.com/in/cassandra-abernathy-eclipseaba","linkedin_sales_nav","https://www.google.com/maps/search/Eclipse%20ABA%20Collective%20East%20Orange%20NJ","pilot-2026-09-25-b2"
"Eden Autism Clinic","https://www.edenabatx.com","Waco","TX","4","Catherine Acevedo","Owner & Director of Applied Behavior Analysis","owner","cacevedo@edenabatx.com","https://www.linkedin.com/in/catherine-acevedo-edenaba","state_directory","https://www.google.com/maps/search/Eden%20Autism%20Clinic%20Waco%20TX","pilot-2026-09-25-b2"
"Elation ABA Center","https://www.elationautismfl.org","Bradenton","FL","1","Cecilia Acosta","Founder & Clinical Director, BCBA-D","founder","cecilia.acosta@elationautismfl.org","https://www.linkedin.com/in/cecilia-acosta-elationaba","aba_index","https://www.google.com/maps/search/Elation%20ABA%20Center%20Bradenton%20FL","pilot-2026-09-25-b2"
"Elite Behavioral Health Network","https://www.elitecareca.com","Glendale","CA","2","Chad Adair","Co-Founder & Executive Director, MS, BCBA","founder","cadair@elitecareca.com","https://www.linkedin.com/in/chad-adair-eliteaba","google_maps","https://www.google.com/maps/search/Elite%20Behavioral%20Health%20Network%20Glendale%20CA","pilot-2026-09-25-b2"
"Embrace Autism Group","https://www.embraceabanc.com","Durham","NC","3","Charles Adkins","Owner & Clinical Supervisor, BCBA","owner","charles.adkins@embraceabanc.com","https://www.linkedin.com/in/charles-adkins-embraceaba","apollo","https://www.google.com/maps/search/Embrace%20Autism%20Group%20Durham%20NC","pilot-2026-09-25-b2"
"Emergence Applied Behavior Specialists","https://www.emergenceautismga.com","Athens","GA","4","Charlotte Aguilar","CEO & Managing Partner, BCBA","ceo","caguilar@emergenceautismga.com","https://www.linkedin.com/in/charlotte-aguilar-emergenceaba","linkedin_sales_nav","https://www.google.com/maps/search/Emergence%20Applied%20Behavior%20Specialists%20Athens%20GA","pilot-2026-09-25-b2"
"Empathy Therapy Partners","https://www.empathycareco.org","Boulder","CO","1","Chase Aguirre","Executive Clinical Director & Partner, BCBA","exec_director","chase.aguirre@empathycareco.org","https://www.linkedin.com/in/chase-aguirre-empathyaba","state_directory","https://www.google.com/maps/search/Empathy%20Therapy%20Partners%20Boulder%20CO","pilot-2026-09-25-b2"
"Empire Pediatric Autism Services","https://www.empireabava.com","Roanoke","VA","2","Chelsea Albert","Founder & President, BCBA, LBA","founder","calbert@empireabava.com","https://www.linkedin.com/in/chelsea-albert-empireaba","aba_index","https://www.google.com/maps/search/Empire%20Pediatric%20Autism%20Services%20Roanoke%20VA","pilot-2026-09-25-b2"
"Engage Behavioral Care Center","https://www.engageautismmd.com","Bowie","MD","3","Cheyenne Albrecht","Owner & Director of Applied Behavior Analysis","owner","cheyenne.albrecht@engageautismmd.com","https://www.linkedin.com/in/cheyenne-albrecht-engageaba","google_maps","https://www.google.com/maps/search/Engage%20Behavioral%20Care%20Center%20Bowie%20MD","pilot-2026-09-25-b2"
"Equinox Autism & Learning Institute","https://www.equinoxcareil.net","Peoria","IL","4","Chloe Alcorn","Founder & Clinical Director, BCBA-D","founder","calcorn@equinoxcareil.net","https://www.linkedin.com/in/chloe-alcorn-equinoxaba","apollo","https://www.google.com/maps/search/Equinox%20Autism%20%26%20Learning%20Institute%20Peoria%20IL","pilot-2026-09-25-b2"
"Essence Developmental Solutions","https://www.essenceabaut.org","Lehi","UT","1","Christian Aldridge","Co-Founder & Executive Director, MS, BCBA","founder","christian.aldridge@essenceabaut.org","https://www.linkedin.com/in/christian-aldridge-essenceaba","linkedin_sales_nav","https://www.google.com/maps/search/Essence%20Developmental%20Solutions%20Lehi%20UT","pilot-2026-09-25-b2"
"Essential Behavioral Therapy Center","https://www.essentialautismnj.com","Camden","NJ","2","Christina Alford","Owner & Clinical Supervisor, BCBA","owner","calford@essentialautismnj.com","https://www.linkedin.com/in/christina-alford-essentialaba","state_directory","https://www.google.com/maps/search/Essential%20Behavioral%20Therapy%20Center%20Camden%20NJ","pilot-2026-09-25-b2"
"Estuary Autism Discovery Center","https://www.estuarycaretx.com","Sugar Land","TX","3","Christine Allan","CEO & Managing Partner, BCBA","ceo","christine.allan@estuarycaretx.com","https://www.linkedin.com/in/christine-allan-estuaryaba","aba_index","https://www.google.com/maps/search/Estuary%20Autism%20Discovery%20Center%20Sugar%20Land%20TX","pilot-2026-09-25-b2"
"Evergreen Behavioral Foundations","https://www.evergreenabafl.com","Sarasota","FL","4","Christopher Alston","Executive Clinical Director & Partner, BCBA","exec_director","calston@evergreenabafl.com","https://www.linkedin.com/in/christopher-alston-evergreenaba","google_maps","https://www.google.com/maps/search/Evergreen%20Behavioral%20Foundations%20Sarasota%20FL","pilot-2026-09-25-b2"
"Excel Therapeutic Solutions","https://www.excelautismca.org","Long Beach","CA","1","Claire Alvarado","Founder & President, BCBA, LBA","founder","claire.alvarado@excelautismca.org","https://www.linkedin.com/in/claire-alvarado-excelaba","apollo","https://www.google.com/maps/search/Excel%20Therapeutic%20Solutions%20Long%20Beach%20CA","pilot-2026-09-25-b2"
"Excellence ABA Collective","https://www.excellencecarenc.com","Burlington","NC","2","Clara Alvarez","Owner & Director of Applied Behavior Analysis","owner","calvarez@excellencecarenc.com","https://www.linkedin.com/in/clara-alvarez-excellenceaba","linkedin_sales_nav","https://www.google.com/maps/search/Excellence%20ABA%20Collective%20Burlington%20NC","pilot-2026-09-25-b2"
"Expansion Autism Clinic","https://www.expansionabaga.net","Atlanta","GA","3","Aaron Amato","Founder & Clinical Director, BCBA-D","founder","aaron.amato@expansionabaga.net","https://www.linkedin.com/in/aaron-amato-expansionaba","state_directory","https://www.google.com/maps/search/Expansion%20Autism%20Clinic%20Atlanta%20GA","pilot-2026-09-25-b2"
"Express ABA Center","https://www.expressautismco.com","Fort Collins","CO","4","Abigail Ambrose","Co-Founder & Executive Director, MS, BCBA","founder","aambrose@expressautismco.com","https://www.linkedin.com/in/abigail-ambrose-expressaba","aba_index","https://www.google.com/maps/search/Express%20ABA%20Center%20Fort%20Collins%20CO","pilot-2026-09-25-b2"
"Faith Behavioral Health Network","https://www.faithcareva.org","Arlington","VA","1","Adam Ames","Owner & Clinical Supervisor, BCBA","owner","adam.ames@faithcareva.org","https://www.linkedin.com/in/adam-ames-faithaba","google_maps","https://www.google.com/maps/search/Faith%20Behavioral%20Health%20Network%20Arlington%20VA","pilot-2026-09-25-b2"
"Family First Autism Group","https://www.familyfirstabamd.com","Gaithersburg","MD","2","Adrian Amos","CEO & Managing Partner, BCBA","ceo","aamos@familyfirstabamd.com","https://www.linkedin.com/in/adrian-amos-familyfirstaba","apollo","https://www.google.com/maps/search/Family%20First%20Autism%20Group%20Gaithersburg%20MD","pilot-2026-09-25-b2"
"Feather Applied Behavior Specialists","https://www.featherautismil.com","Joliet","IL","3","Aiden Anaya","Executive Clinical Director & Partner, BCBA","exec_director","aiden.anaya@featherautismil.com","https://www.linkedin.com/in/aiden-anaya-featheraba","linkedin_sales_nav","https://www.google.com/maps/search/Feather%20Applied%20Behavior%20Specialists%20Joliet%20IL","pilot-2026-09-25-b2"
"First Step Therapy Partners","https://www.firststepcareut.com","Layton","UT","4","Alex Anders","Founder & President, BCBA, LBA","founder","aanders@firststepcareut.com","https://www.linkedin.com/in/alex-anders-firststepaba","state_directory","https://www.google.com/maps/search/First%20Step%20Therapy%20Partners%20Layton%20UT","pilot-2026-09-25-b2"
"Focus Pediatric Autism Services","https://www.focusabanj.org","Princeton","NJ","1","Alexander Andersen","Owner & Director of Applied Behavior Analysis","owner","alexander.andersen@focusabanj.org","https://www.linkedin.com/in/alexander-andersen-focusaba","aba_index","https://www.google.com/maps/search/Focus%20Pediatric%20Autism%20Services%20Princeton%20NJ","pilot-2026-09-25-b2"
"Footprints Behavioral Care Center","https://www.footprintsautismtx.net","College Station","TX","2","Alexandra Anderson","Founder & Clinical Director, BCBA-D","founder","aanderson@footprintsautismtx.net","https://www.linkedin.com/in/alexandra-anderson-footprintsaba","google_maps","https://www.google.com/maps/search/Footprints%20Behavioral%20Care%20Center%20College%20Station%20TX","pilot-2026-09-25-b2"
"Forge Autism & Learning Institute","https://www.forgecarefl.com","Coral Gables","FL","3","Alexis Andrade","Co-Founder & Executive Director, MS, BCBA","founder","alexis.andrade@forgecarefl.com","https://www.linkedin.com/in/alexis-andrade-forgeaba","apollo","https://www.google.com/maps/search/Forge%20Autism%20%26%20Learning%20Institute%20Coral%20Gables%20FL","pilot-2026-09-25-b2"
"Frontier Developmental Solutions","https://www.frontierabaca.com","Santa Rosa","CA","4","Alice Andrews","Owner & Clinical Supervisor, BCBA","owner","aandrews@frontierabaca.com","https://www.linkedin.com/in/alice-andrews-frontieraba","linkedin_sales_nav","https://www.google.com/maps/search/Frontier%20Developmental%20Solutions%20Santa%20Rosa%20CA","pilot-2026-09-25-b2"
"Acorn Behavioral Therapy Center","https://www.acornautismnc.org","Gastonia","NC","1","Allison Anthony","CEO & Managing Partner, BCBA","ceo","allison.anthony@acornautismnc.org","https://www.linkedin.com/in/allison-anthony-acornaba","state_directory","https://www.google.com/maps/search/Acorn%20Behavioral%20Therapy%20Center%20Gastonia%20NC","pilot-2026-09-25-b2"
"Action Autism Discovery Center","https://www.actioncarega.com","Cumming","GA","2","Alyssa Archer","Executive Clinical Director & Partner, BCBA","exec_director","aarcher@actioncarega.com","https://www.linkedin.com/in/alyssa-archer-actionaba","aba_index","https://www.google.com/maps/search/Action%20Autism%20Discovery%20Center%20Cumming%20GA","pilot-2026-09-25-b2"
"Active Behavioral Foundations","https://www.activeabaco.com","Colorado Springs","CO","3","Amber Arellano","Founder & President, BCBA, LBA","founder","amber.arellano@activeabaco.com","https://www.linkedin.com/in/amber-arellano-activeaba","google_maps","https://www.google.com/maps/search/Active%20Behavioral%20Foundations%20Colorado%20Springs%20CO","pilot-2026-09-25-b2"
"Advance Therapeutic Solutions","https://www.advanceautismva.com","Norfolk","VA","4","Amy Armenta","Owner & Director of Applied Behavior Analysis","owner","aarmenta@advanceautismva.com","https://www.linkedin.com/in/amy-armenta-advanceaba","apollo","https://www.google.com/maps/search/Advance%20Therapeutic%20Solutions%20Norfolk%20VA","pilot-2026-09-25-b2"
"Advantage ABA Collective","https://www.advantagecaremd.org","Silver Spring","MD","1","Andrea Armstrong","Founder & Clinical Director, BCBA-D","founder","andrea.armstrong@advantagecaremd.org","https://www.linkedin.com/in/andrea-armstrong-advantageaba","linkedin_sales_nav","https://www.google.com/maps/search/Advantage%20ABA%20Collective%20Silver%20Spring%20MD","pilot-2026-09-25-b2"
"Aim Autism Clinic","https://www.aimabail.com","Naperville","IL","2","Andrew Arndt","Co-Founder & Executive Director, MS, BCBA","founder","aarndt@aimabail.com","https://www.linkedin.com/in/andrew-arndt-aimaba","state_directory","https://www.google.com/maps/search/Aim%20Autism%20Clinic%20Naperville%20IL","pilot-2026-09-25-b2"
"Alliance ABA Center","https://www.allianceautismut.com","Ogden","UT","3","Angela Arnold","Owner & Clinical Supervisor, BCBA","owner","angela.arnold@allianceautismut.com","https://www.linkedin.com/in/angela-arnold-allianceaba","aba_index","https://www.google.com/maps/search/Alliance%20ABA%20Center%20Ogden%20UT","pilot-2026-09-25-b2"
"Alpine Behavioral Health Network","https://www.alpinecarenj.com","Paterson","NJ","4","Ann Arredondo","CEO & Managing Partner, BCBA","ceo","aarredondo@alpinecarenj.com","https://www.linkedin.com/in/ann-arredondo-alpineaba","google_maps","https://www.google.com/maps/search/Alpine%20Behavioral%20Health%20Network%20Paterson%20NJ","pilot-2026-09-25-b2"
"Altus Autism Group","https://www.altusabatx.org","The Woodlands","TX","1","Anna Arroyo","Executive Clinical Director & Partner, BCBA","exec_director","anna.arroyo@altusabatx.org","https://www.linkedin.com/in/anna-arroyo-altusaba","apollo","https://www.google.com/maps/search/Altus%20Autism%20Group%20The%20Woodlands%20TX","pilot-2026-09-25-b2"
"Amity Applied Behavior Specialists","https://www.amityautismfl.com","Gainesville","FL","2","Anthony Arthur","Founder & President, BCBA, LBA","founder","aarthur@amityautismfl.com","https://www.linkedin.com/in/anthony-arthur-amityaba","linkedin_sales_nav","https://www.google.com/maps/search/Amity%20Applied%20Behavior%20Specialists%20Gainesville%20FL","pilot-2026-09-25-b2"
"Apex Care Therapy Partners","https://www.apexcarecareca.com","Anaheim","CA","3","Antonio Asher","Owner & Director of Applied Behavior Analysis","owner","antonio.asher@apexcarecareca.com","https://www.linkedin.com/in/antonio-asher-apexcareaba","state_directory","https://www.google.com/maps/search/Apex%20Care%20Therapy%20Partners%20Anaheim%20CA","pilot-2026-09-25-b2"
"Aquila Pediatric Autism Services","https://www.aquilaabanc.net","Cary","NC","4","Arthur Ashley","Founder & Clinical Director, BCBA-D","founder","aashley@aquilaabanc.net","https://www.linkedin.com/in/arthur-ashley-aquilaaba","aba_index","https://www.google.com/maps/search/Aquila%20Pediatric%20Autism%20Services%20Cary%20NC","pilot-2026-09-25-b2"
"Arch Behavioral Care Center","https://www.archautismga.org","Johns Creek","GA","1","Ashley Ashton","Co-Founder & Executive Director, MS, BCBA","founder","ashley.ashton@archautismga.org","https://www.linkedin.com/in/ashley-ashton-archaba","google_maps","https://www.google.com/maps/search/Arch%20Behavioral%20Care%20Center%20Johns%20Creek%20GA","pilot-2026-09-25-b2"
"Ardent Autism & Learning Institute","https://www.ardentcareco.com","Loveland","CO","2","Audrey Atkins","Owner & Clinical Supervisor, BCBA","owner","aatkins@ardentcareco.com","https://www.linkedin.com/in/audrey-atkins-ardentaba","apollo","https://www.google.com/maps/search/Ardent%20Autism%20%26%20Learning%20Institute%20Loveland%20CO","pilot-2026-09-25-b2"
"Aspen Developmental Solutions","https://www.aspenabava.com","Richmond","VA","3","Austin Atkinson","CEO & Managing Partner, BCBA","ceo","austin.atkinson@aspenabava.com","https://www.linkedin.com/in/austin-atkinson-aspenaba","linkedin_sales_nav","https://www.google.com/maps/search/Aspen%20Developmental%20Solutions%20Richmond%20VA","pilot-2026-09-25-b2"
"Aspire Behavioral Therapy Center","https://www.aspireautismmd.com","Rockville","MD","4","Autumn Augustine","Executive Clinical Director & Partner, BCBA","exec_director","aaugustine@aspireautismmd.com","https://www.linkedin.com/in/autumn-augustine-aspireaba","state_directory","https://www.google.com/maps/search/Aspire%20Behavioral%20Therapy%20Center%20Rockville%20MD","pilot-2026-09-25-b2"
"Aston Autism Discovery Center","https://www.astoncareil.org","Champaign","IL","1","Ava Austin","Founder & President, BCBA, LBA","founder","ava.austin@astoncareil.org","https://www.linkedin.com/in/ava-austin-astonaba","aba_index","https://www.google.com/maps/search/Aston%20Autism%20Discovery%20Center%20Champaign%20IL","pilot-2026-09-25-b2"
"Atlantic Behavioral Foundations","https://www.atlanticabaut.com","Orem","UT","2","Avery Avalos","Owner & Director of Applied Behavior Analysis","owner","aavalos@atlanticabaut.com","https://www.linkedin.com/in/avery-avalos-atlanticaba","google_maps","https://www.google.com/maps/search/Atlantic%20Behavioral%20Foundations%20Orem%20UT","pilot-2026-09-25-b2"
"Atlas Therapeutic Solutions","https://www.atlasautismnj.net","Bayonne","NJ","3","Bailey Avery","Founder & Clinical Director, BCBA-D","founder","bailey.avery@atlasautismnj.net","https://www.linkedin.com/in/bailey-avery-atlasaba","apollo","https://www.google.com/maps/search/Atlas%20Therapeutic%20Solutions%20Bayonne%20NJ","pilot-2026-09-25-b2"
"Atrium ABA Collective","https://www.atriumcaretx.com","Round Rock","TX","4","Barbara Avila","Co-Founder & Executive Director, MS, BCBA","founder","bavila@atriumcaretx.com","https://www.linkedin.com/in/barbara-avila-atriumaba","linkedin_sales_nav","https://www.google.com/maps/search/Atrium%20ABA%20Collective%20Round%20Rock%20TX","pilot-2026-09-25-b2"
"Aura Autism Clinic","https://www.auraabafl.org","Miami","FL","1","Beatrice Ayala","Owner & Clinical Supervisor, BCBA","owner","beatrice.ayala@auraabafl.org","https://www.linkedin.com/in/beatrice-ayala-auraaba","state_directory","https://www.google.com/maps/search/Aura%20Autism%20Clinic%20Miami%20FL","pilot-2026-09-25-b2"
"Authentic ABA Center","https://www.authenticautismca.com","Los Angeles","CA","2","Benjamin Babcock","CEO & Managing Partner, BCBA","ceo","bbabcock@authenticautismca.com","https://www.linkedin.com/in/benjamin-babcock-authenticaba","aba_index","https://www.google.com/maps/search/Authentic%20ABA%20Center%20Los%20Angeles%20CA","pilot-2026-09-25-b2"
"Avenue Behavioral Health Network","https://www.avenuecarenc.com","Greensboro","NC","3","Bethany Bach","Executive Clinical Director & Partner, BCBA","exec_director","bethany.bach@avenuecarenc.com","https://www.linkedin.com/in/bethany-bach-avenueaba","google_maps","https://www.google.com/maps/search/Avenue%20Behavioral%20Health%20Network%20Greensboro%20NC","pilot-2026-09-25-b2"
"Axis Autism Group","https://www.axisabaga.com","Savannah","GA","4","Blake Bader","Founder & President, BCBA, LBA","founder","bbader@axisabaga.com","https://www.linkedin.com/in/blake-bader-axisaba","apollo","https://www.google.com/maps/search/Axis%20Autism%20Group%20Savannah%20GA","pilot-2026-09-25-b2"
"Basis Applied Behavior Specialists","https://www.basisautismco.org","Greeley","CO","1","Bradley Baer","Owner & Director of Applied Behavior Analysis","owner","bradley.baer@basisautismco.org","https://www.linkedin.com/in/bradley-baer-basisaba","linkedin_sales_nav","https://www.google.com/maps/search/Basis%20Applied%20Behavior%20Specialists%20Greeley%20CO","pilot-2026-09-25-b2"
"Belief Therapy Partners","https://www.beliefcareva.net","Newport News","VA","2","Brandon Baggett","Founder & Clinical Director, BCBA-D","founder","bbaggett@beliefcareva.net","https://www.linkedin.com/in/brandon-baggett-beliefaba","state_directory","https://www.google.com/maps/search/Belief%20Therapy%20Partners%20Newport%20News%20VA","pilot-2026-09-25-b2"
"Beloved Pediatric Autism Services","https://www.belovedabamd.com","Ellicott City","MD","3","Brayden Bagley","Co-Founder & Executive Director, MS, BCBA","founder","brayden.bagley@belovedabamd.com","https://www.linkedin.com/in/brayden-bagley-belovedaba","aba_index","https://www.google.com/maps/search/Beloved%20Pediatric%20Autism%20Services%20Ellicott%20City%20MD","pilot-2026-09-25-b2"
"Benchmark Behavioral Care Center","https://www.benchmarkautismil.com","Springfield","IL","4","Brenda Bailey","Owner & Clinical Supervisor, BCBA","owner","bbailey@benchmarkautismil.com","https://www.linkedin.com/in/brenda-bailey-benchmarkaba","google_maps","https://www.google.com/maps/search/Benchmark%20Behavioral%20Care%20Center%20Springfield%20IL","pilot-2026-09-25-b2"
"Benefit Autism & Learning Institute","https://www.benefitcareut.org","Provo","UT","1","Brian Bain","CEO & Managing Partner, BCBA","ceo","brian.bain@benefitcareut.org","https://www.linkedin.com/in/brian-bain-benefitaba","apollo","https://www.google.com/maps/search/Benefit%20Autism%20%26%20Learning%20Institute%20Provo%20UT","pilot-2026-09-25-b2"
"Better Days Developmental Solutions","https://www.betterdaysabanj.com","Clifton","NJ","2","Brianna Baird","Executive Clinical Director & Partner, BCBA","exec_director","bbaird@betterdaysabanj.com","https://www.linkedin.com/in/brianna-baird-betterdaysaba","linkedin_sales_nav","https://www.google.com/maps/search/Better%20Days%20Developmental%20Solutions%20Clifton%20NJ","pilot-2026-09-25-b2"
"Beyond Behavioral Therapy Center","https://www.beyondautismtx.com","Corpus Christi","TX","3","Brittany Baker","Founder & President, BCBA, LBA","founder","brittany.baker@beyondautismtx.com","https://www.linkedin.com/in/brittany-baker-beyondaba","state_directory","https://www.google.com/maps/search/Beyond%20Behavioral%20Therapy%20Center%20Corpus%20Christi%20TX","pilot-2026-09-25-b2"
"Blue Ridge Autism Discovery Center","https://www.blueridgecarefl.com","Pensacola","FL","4","Brooke Baldwin","Owner & Director of Applied Behavior Analysis","owner","bbaldwin@blueridgecarefl.com","https://www.linkedin.com/in/brooke-baldwin-blueridgeaba","aba_index","https://www.google.com/maps/search/Blue%20Ridge%20Autism%20Discovery%20Center%20Pensacola%20FL","pilot-2026-09-25-b2"
"Blossom Behavioral Foundations","https://www.blossomabaca.org","Stockton","CA","1","Brooklyn Bales","Founder & Clinical Director, BCBA-D","founder","brooklyn.bales@blossomabaca.org","https://www.linkedin.com/in/brooklyn-bales-blossomaba","google_maps","https://www.google.com/maps/search/Blossom%20Behavioral%20Foundations%20Stockton%20CA","pilot-2026-09-25-b2"
"Bold Therapeutic Solutions","https://www.boldautismnc.com","High Point","NC","2","Bruce Ball","Co-Founder & Executive Director, MS, BCBA","founder","bball@boldautismnc.com","https://www.linkedin.com/in/bruce-ball-boldaba","apollo","https://www.google.com/maps/search/Bold%20Therapeutic%20Solutions%20High%20Point%20NC","pilot-2026-09-25-b2"
"Bond ABA Collective","https://www.bondcarega.com","Dunwoody","GA","3","Bryan Ballard","Owner & Clinical Supervisor, BCBA","owner","bryan.ballard@bondcarega.com","https://www.linkedin.com/in/bryan-ballard-bondaba","linkedin_sales_nav","https://www.google.com/maps/search/Bond%20ABA%20Collective%20Dunwoody%20GA","pilot-2026-09-25-b2"
"Boundless Autism Clinic","https://www.boundlessabaco.com","Centennial","CO","4","Caleb Ballesteros","CEO & Managing Partner, BCBA","ceo","cballesteros@boundlessabaco.com","https://www.linkedin.com/in/caleb-ballesteros-boundlessaba","state_directory","https://www.google.com/maps/search/Boundless%20Autism%20Clinic%20Centennial%20CO","pilot-2026-09-25-b2"
"Branch ABA Center","https://www.branchautismva.org","McLean","VA","1","Cameron Banks","Executive Clinical Director & Partner, BCBA","exec_director","cameron.banks@branchautismva.org","https://www.linkedin.com/in/cameron-banks-branchaba","aba_index","https://www.google.com/maps/search/Branch%20ABA%20Center%20McLean%20VA","pilot-2026-09-25-b2"
"Bravo Behavioral Health Network","https://www.bravocaremd.com","Germantown","MD","2","Camila Bankston","Founder & President, BCBA, LBA","founder","cbankston@bravocaremd.com","https://www.linkedin.com/in/camila-bankston-bravoaba","google_maps","https://www.google.com/maps/search/Bravo%20Behavioral%20Health%20Network%20Germantown%20MD","pilot-2026-09-25-b2"
"Bravery Autism Group","https://www.braveryabail.com","Schaumburg","IL","3","Carla Bannister","Owner & Director of Applied Behavior Analysis","owner","carla.bannister@braveryabail.com","https://www.linkedin.com/in/carla-bannister-braveryaba","apollo","https://www.google.com/maps/search/Bravery%20Autism%20Group%20Schaumburg%20IL","pilot-2026-09-25-b2"
"Bright Future Applied Behavior Specialists","https://www.brightfutureautismut.net","Logan","UT","4","Carlos Barajas","Founder & Clinical Director, BCBA-D","founder","cbarajas@brightfutureautismut.net","https://www.linkedin.com/in/carlos-barajas-brightfutureaba","linkedin_sales_nav","https://www.google.com/maps/search/Bright%20Future%20Applied%20Behavior%20Specialists%20Logan%20UT","pilot-2026-09-25-b2"
"Brighter Days Therapy Partners","https://www.brighterdayscarenj.org","Woodbridge","NJ","1","Caroline Barba","Co-Founder & Executive Director, MS, BCBA","founder","caroline.barba@brighterdayscarenj.org","https://www.linkedin.com/in/caroline-barba-brighterdaysaba","state_directory","https://www.google.com/maps/search/Brighter%20Days%20Therapy%20Partners%20Woodbridge%20NJ","pilot-2026-09-25-b2"
"Broadview Pediatric Autism Services","https://www.broadviewabatx.com","Dallas","TX","2","Carolyn Barbee","Owner & Clinical Supervisor, BCBA","owner","cbarbee@broadviewabatx.com","https://www.linkedin.com/in/carolyn-barbee-broadviewaba","aba_index","https://www.google.com/maps/search/Broadview%20Pediatric%20Autism%20Services%20Dallas%20TX","pilot-2026-09-25-b2"
"Building Blocks Behavioral Care Center","https://www.buildingblocksautismfl.com","Tampa","FL","3","Carson Barber","CEO & Managing Partner, BCBA","ceo","carson.barber@buildingblocksautismfl.com","https://www.linkedin.com/in/carson-barber-buildingblocksaba","google_maps","https://www.google.com/maps/search/Building%20Blocks%20Behavioral%20Care%20Center%20Tampa%20FL","pilot-2026-09-25-b2"
"Calm Autism & Learning Institute","https://www.calmcareca.com","Sacramento","CA","4","Carter Abbott","Executive Clinical Director & Partner, BCBA","exec_director","cabbott@calmcareca.com","https://www.linkedin.com/in/carter-abbott-calmaba","apollo","https://www.google.com/maps/search/Calm%20Autism%20%26%20Learning%20Institute%20Sacramento%20CA","pilot-2026-09-25-b2"
"Canyon Developmental Solutions","https://www.canyonabanc.org","Concord","NC","1","Cassandra Abernathy","Founder & President, BCBA, LBA","founder","cassandra.abernathy@canyonabanc.org","https://www.linkedin.com/in/cassandra-abernathy-canyonaba","linkedin_sales_nav","https://www.google.com/maps/search/Canyon%20Developmental%20Solutions%20Concord%20NC","pilot-2026-09-25-b2"
"Capital Behavioral Therapy Center","https://www.capitalautismga.com","Tyrone","GA","2","Catherine Acevedo","Owner & Director of Applied Behavior Analysis","owner","cacevedo@capitalautismga.com","https://www.linkedin.com/in/catherine-acevedo-capitalaba","state_directory","https://www.google.com/maps/search/Capital%20Behavioral%20Therapy%20Center%20Tyrone%20GA","pilot-2026-09-25-b2"
"CarePoint Autism Discovery Center","https://www.carepointcareco.net","Thornton","CO","3","Cecilia Acosta","Founder & Clinical Director, BCBA-D","founder","cecilia.acosta@carepointcareco.net","https://www.linkedin.com/in/cecilia-acosta-carepointaba","aba_index","https://www.google.com/maps/search/CarePoint%20Autism%20Discovery%20Center%20Thornton%20CO","pilot-2026-09-25-b2"
"Cascade Behavioral Foundations","https://www.cascadeabava.com","Fairfax","VA","4","Chad Adair","Co-Founder & Executive Director, MS, BCBA","founder","cadair@cascadeabava.com","https://www.linkedin.com/in/chad-adair-cascadeaba","google_maps","https://www.google.com/maps/search/Cascade%20Behavioral%20Foundations%20Fairfax%20VA","pilot-2026-09-25-b2"
"Cedar Therapeutic Solutions","https://www.cedarautismmd.org","Columbia","MD","1","Charles Adkins","Owner & Clinical Supervisor, BCBA","owner","charles.adkins@cedarautismmd.org","https://www.linkedin.com/in/charles-adkins-cedaraba","apollo","https://www.google.com/maps/search/Cedar%20Therapeutic%20Solutions%20Columbia%20MD","pilot-2026-09-25-b2"
"Celestial ABA Collective","https://www.celestialcareil.com","Rockford","IL","2","Charlotte Aguilar","CEO & Managing Partner, BCBA","ceo","caguilar@celestialcareil.com","https://www.linkedin.com/in/charlotte-aguilar-celestialaba","linkedin_sales_nav","https://www.google.com/maps/search/Celestial%20ABA%20Collective%20Rockford%20IL","pilot-2026-09-25-b2"
"Centennial Autism Clinic","https://www.centennialabaut.com","Millcreek","UT","3","Chase Aguirre","Executive Clinical Director & Partner, BCBA","exec_director","chase.aguirre@centennialabaut.com","https://www.linkedin.com/in/chase-aguirre-centennialaba","state_directory","https://www.google.com/maps/search/Centennial%20Autism%20Clinic%20Millcreek%20UT","pilot-2026-09-25-b2"
"CenterPoint ABA Center","https://www.centerpointautismnj.com","Jersey City","NJ","4","Chelsea Albert","Founder & President, BCBA, LBA","founder","calbert@centerpointautismnj.com","https://www.linkedin.com/in/chelsea-albert-centerpointaba","aba_index","https://www.google.com/maps/search/CenterPoint%20ABA%20Center%20Jersey%20City%20NJ","pilot-2026-09-25-b2"
"Champion Behavioral Health Network","https://www.championcaretx.org","Lubbock","TX","1","Cheyenne Albrecht","Owner & Director of Applied Behavior Analysis","owner","cheyenne.albrecht@championcaretx.org","https://www.linkedin.com/in/cheyenne-albrecht-championaba","google_maps","https://www.google.com/maps/search/Champion%20Behavioral%20Health%20Network%20Lubbock%20TX","pilot-2026-09-25-b2"
"Channel Autism Group","https://www.channelabafl.net","West Palm Beach","FL","2","Chloe Alcorn","Founder & Clinical Director, BCBA-D","founder","calcorn@channelabafl.net","https://www.linkedin.com/in/chloe-alcorn-channelaba","apollo","https://www.google.com/maps/search/Channel%20Autism%20Group%20West%20Palm%20Beach%20FL","pilot-2026-09-25-b2"
"Circle Applied Behavior Specialists","https://www.circleautismca.com","Fremont","CA","3","Christian Aldridge","Co-Founder & Executive Director, MS, BCBA","founder","christian.aldridge@circleautismca.com","https://www.linkedin.com/in/christian-aldridge-circleaba","linkedin_sales_nav","https://www.google.com/maps/search/Circle%20Applied%20Behavior%20Specialists%20Fremont%20CA","pilot-2026-09-25-b2"
"Climb Therapy Partners","https://www.climbcarenc.com","Fayetteville","NC","4","Christina Alford","Owner & Clinical Supervisor, BCBA","owner","calford@climbcarenc.com","https://www.linkedin.com/in/christina-alford-climbaba","state_directory","https://www.google.com/maps/search/Climb%20Therapy%20Partners%20Fayetteville%20NC","pilot-2026-09-25-b2"
"Clover Pediatric Autism Services","https://www.cloverabaga.org","Roswell","GA","1","Christine Allan","CEO & Managing Partner, BCBA","ceo","christine.allan@cloverabaga.org","https://www.linkedin.com/in/christine-allan-cloveraba","aba_index","https://www.google.com/maps/search/Clover%20Pediatric%20Autism%20Services%20Roswell%20GA","pilot-2026-09-25-b2"
"Coastal Behavioral Care Center","https://www.coastalautismco.com","Lakewood","CO","2","Christopher Alston","Executive Clinical Director & Partner, BCBA","exec_director","calston@coastalautismco.com","https://www.linkedin.com/in/christopher-alston-coastalaba","google_maps","https://www.google.com/maps/search/Coastal%20Behavioral%20Care%20Center%20Lakewood%20CO","pilot-2026-09-25-b2"
"Cognitive Autism & Learning Institute","https://www.cognitivecareva.com","Alexandria","VA","3","Claire Alvarado","Founder & President, BCBA, LBA","founder","claire.alvarado@cognitivecareva.com","https://www.linkedin.com/in/claire-alvarado-cognitiveaba","apollo","https://www.google.com/maps/search/Cognitive%20Autism%20%26%20Learning%20Institute%20Alexandria%20VA","pilot-2026-09-25-b2"
"Collab Developmental Solutions","https://www.collababamd.com","Annapolis","MD","4","Clara Alvarez","Owner & Director of Applied Behavior Analysis","owner","calvarez@collababamd.com","https://www.linkedin.com/in/clara-alvarez-collababa","linkedin_sales_nav","https://www.google.com/maps/search/Collab%20Developmental%20Solutions%20Annapolis%20MD","pilot-2026-09-25-b2"
"Comfort Behavioral Therapy Center","https://www.comfortautismil.org","Chicago","IL","1","Aaron Amato","Founder & Clinical Director, BCBA-D","founder","aaron.amato@comfortautismil.org","https://www.linkedin.com/in/aaron-amato-comfortaba","state_directory","https://www.google.com/maps/search/Comfort%20Behavioral%20Therapy%20Center%20Chicago%20IL","pilot-2026-09-25-b2"
"Common Ground Autism Discovery Center","https://www.commongroundcareut.com","South Jordan","UT","2","Abigail Ambrose","Co-Founder & Executive Director, MS, BCBA","founder","aambrose@commongroundcareut.com","https://www.linkedin.com/in/abigail-ambrose-commongroundaba","aba_index","https://www.google.com/maps/search/Common%20Ground%20Autism%20Discovery%20Center%20South%20Jordan%20UT","pilot-2026-09-25-b2"
"Community Behavioral Foundations","https://www.communityabanj.com","Union City","NJ","3","Adam Ames","Owner & Clinical Supervisor, BCBA","owner","adam.ames@communityabanj.com","https://www.linkedin.com/in/adam-ames-communityaba","google_maps","https://www.google.com/maps/search/Community%20Behavioral%20Foundations%20Union%20City%20NJ","pilot-2026-09-25-b2"
"Companion Therapeutic Solutions","https://www.companionautismtx.com","San Antonio","TX","4","Adrian Amos","CEO & Managing Partner, BCBA","ceo","aamos@companionautismtx.com","https://www.linkedin.com/in/adrian-amos-companionaba","apollo","https://www.google.com/maps/search/Companion%20Therapeutic%20Solutions%20San%20Antonio%20TX","pilot-2026-09-25-b2"
"Concord ABA Collective","https://www.concordcarefl.org","Fort Lauderdale","FL","1","Aiden Anaya","Executive Clinical Director & Partner, BCBA","exec_director","aiden.anaya@concordcarefl.org","https://www.linkedin.com/in/aiden-anaya-concordaba","linkedin_sales_nav","https://www.google.com/maps/search/Concord%20ABA%20Collective%20Fort%20Lauderdale%20FL","pilot-2026-09-25-b2"
"Confidence Autism Clinic","https://www.confidenceabaca.com","Fresno","CA","2","Alex Anders","Founder & President, BCBA, LBA","founder","aanders@confidenceabaca.com","https://www.linkedin.com/in/alex-anders-confidenceaba","state_directory","https://www.google.com/maps/search/Confidence%20Autism%20Clinic%20Fresno%20CA","pilot-2026-09-25-b2"
"Connect ABA Center","https://www.connectautismnc.com","Raleigh","NC","3","Alexander Andersen","Owner & Director of Applied Behavior Analysis","owner","alexander.andersen@connectautismnc.com","https://www.linkedin.com/in/alexander-andersen-connectaba","aba_index","https://www.google.com/maps/search/Connect%20ABA%20Center%20Raleigh%20NC","pilot-2026-09-25-b2"
"Cornerstone Behavioral Health Network","https://www.cornerstonecarega.net","Columbus","GA","4","Alexandra Anderson","Founder & Clinical Director, BCBA-D","founder","aanderson@cornerstonecarega.net","https://www.linkedin.com/in/alexandra-anderson-cornerstoneaba","google_maps","https://www.google.com/maps/search/Cornerstone%20Behavioral%20Health%20Network%20Columbus%20GA","pilot-2026-09-25-b2"
"Cosmos Autism Group","https://www.cosmosabaco.org","Aurora","CO","1","Alexis Andrade","Co-Founder & Executive Director, MS, BCBA","founder","alexis.andrade@cosmosabaco.org","https://www.linkedin.com/in/alexis-andrade-cosmosaba","apollo","https://www.google.com/maps/search/Cosmos%20Autism%20Group%20Aurora%20CO","pilot-2026-09-25-b2"
"Courage Applied Behavior Specialists","https://www.courageautismva.com","Chesapeake","VA","2","Alice Andrews","Owner & Clinical Supervisor, BCBA","owner","aandrews@courageautismva.com","https://www.linkedin.com/in/alice-andrews-courageaba","linkedin_sales_nav","https://www.google.com/maps/search/Courage%20Applied%20Behavior%20Specialists%20Chesapeake%20VA","pilot-2026-09-25-b2"
"Cove Therapy Partners","https://www.covecaremd.com","Frederick","MD","3","Allison Anthony","CEO & Managing Partner, BCBA","ceo","allison.anthony@covecaremd.com","https://www.linkedin.com/in/allison-anthony-coveaba","state_directory","https://www.google.com/maps/search/Cove%20Therapy%20Partners%20Frederick%20MD","pilot-2026-09-25-b2"
"Cradle Pediatric Autism Services","https://www.cradleabail.com","Cicero","IL","4","Alyssa Archer","Executive Clinical Director & Partner, BCBA","exec_director","aarcher@cradleabail.com","https://www.linkedin.com/in/alyssa-archer-cradleaba","aba_index","https://www.google.com/maps/search/Cradle%20Pediatric%20Autism%20Services%20Cicero%20IL","pilot-2026-09-25-b2"
"Craft Behavioral Care Center","https://www.craftautismut.org","St. George","UT","1","Amber Arellano","Founder & President, BCBA, LBA","founder","amber.arellano@craftautismut.org","https://www.linkedin.com/in/amber-arellano-craftaba","google_maps","https://www.google.com/maps/search/Craft%20Behavioral%20Care%20Center%20St.%20George%20UT","pilot-2026-09-25-b2"
"Crossroads Autism & Learning Institute","https://www.crossroadscarenj.com","Trenton","NJ","2","Amy Armenta","Owner & Director of Applied Behavior Analysis","owner","aarmenta@crossroadscarenj.com","https://www.linkedin.com/in/amy-armenta-crossroadsaba","apollo","https://www.google.com/maps/search/Crossroads%20Autism%20%26%20Learning%20Institute%20Trenton%20NJ","pilot-2026-09-25-b2"
"Crystal Developmental Solutions","https://www.crystalabatx.net","Denton","TX","3","Andrea Armstrong","Founder & Clinical Director, BCBA-D","founder","andrea.armstrong@crystalabatx.net","https://www.linkedin.com/in/andrea-armstrong-crystalaba","linkedin_sales_nav","https://www.google.com/maps/search/Crystal%20Developmental%20Solutions%20Denton%20TX","pilot-2026-09-25-b2"
"Cultivate Behavioral Therapy Center","https://www.cultivateautismfl.com","Tallahassee","FL","4","Andrew Arndt","Co-Founder & Executive Director, MS, BCBA","founder","aarndt@cultivateautismfl.com","https://www.linkedin.com/in/andrew-arndt-cultivateaba","state_directory","https://www.google.com/maps/search/Cultivate%20Behavioral%20Therapy%20Center%20Tallahassee%20FL","pilot-2026-09-25-b2"
"Daybreak Autism Discovery Center","https://www.daybreakcareca.org","Modesto","CA","1","Angela Arnold","Owner & Clinical Supervisor, BCBA","owner","angela.arnold@daybreakcareca.org","https://www.linkedin.com/in/angela-arnold-daybreakaba","aba_index","https://www.google.com/maps/search/Daybreak%20Autism%20Discovery%20Center%20Modesto%20CA","pilot-2026-09-25-b2"
"Delta Behavioral Foundations","https://www.deltaabanc.com","Apex","NC","2","Ann Arredondo","CEO & Managing Partner, BCBA","ceo","aarredondo@deltaabanc.com","https://www.linkedin.com/in/ann-arredondo-deltaaba","google_maps","https://www.google.com/maps/search/Delta%20Behavioral%20Foundations%20Apex%20NC","pilot-2026-09-25-b2"
"Destiny Therapeutic Solutions","https://www.destinyautismga.com","Smyrna","GA","3","Anna Arroyo","Executive Clinical Director & Partner, BCBA","exec_director","anna.arroyo@destinyautismga.com","https://www.linkedin.com/in/anna-arroyo-destinyaba","apollo","https://www.google.com/maps/search/Destiny%20Therapeutic%20Solutions%20Smyrna%20GA","pilot-2026-09-25-b2"
"Diligence ABA Collective","https://www.diligencecareco.com","Denver","CO","4","Anthony Arthur","Founder & President, BCBA, LBA","founder","aarthur@diligencecareco.com","https://www.linkedin.com/in/anthony-arthur-diligenceaba","linkedin_sales_nav","https://www.google.com/maps/search/Diligence%20ABA%20Collective%20Denver%20CO","pilot-2026-09-25-b2"