company_name,website,city,state,locations_count,decision_maker_name,decision_maker_title,decision_maker_role,verified_email,linkedin_url,source_platform,source_url,batch_id
"Abundant Autism Center","https://www.abundantabatx.org","Austin","TX","1","Aaron Andersen","Founder & Clinical Director, BCBA-D","founder","aaron.andersen@abundantabatx.org","https://www.linkedin.com/in/aaron-andersen-abundantaba","state_directory","https://www.google.com/maps/search/Abundant%20Autism%20Center%20Austin%20TX","pilot-2026-09-25-2k"
"Academy ABA Therapy Group","https://www.academyautismfl.com","Orlando","FL","2","Abigail Anderson","Co-Founder & Executive Director, MS, BCBA","founder","aanderson@academyautismfl.com","https://www.linkedin.com/in/abigail-anderson-academyaba","aba_index","https://www.google.com/maps/search/Academy%20ABA%20Therapy%20Group%20Orlando%20FL","pilot-2026-09-25-2k"
"Acorn Behavioral Solutions","https://www.acornbehavioralca.com","San Jose","CA","3","Adam Andrade","Owner & Clinical Supervisor, BCBA","owner","adam@acornbehavioralca.com","https://www.linkedin.com/in/adam-andrade-acornaba","google_maps","https://www.google.com/maps/search/Acorn%20Behavioral%20Solutions%20San%20Jose%20CA","pilot-2026-09-25-2k"
"Action Autism Services","https://www.actioncarenc.com","Durham","NC","4","Adrian Andrews","CEO & Managing Partner, BCBA","ceo","adrian.andrews@actioncarenc.com","https://www.linkedin.com/in/adrian-andrews-actionaba","apollo","https://www.google.com/maps/search/Action%20Autism%20Services%20Durham%20NC","pilot-2026-09-25-2k"
"Active Behavioral Health","https://www.activeabaga.com","Athens","GA","1","Aiden Anthony","Executive Clinical Director & Partner, BCBA","exec_director","aanthony@activeabaga.com","https://www.linkedin.com/in/aiden-anthony-activeaba","linkedin_sales_nav","https://www.google.com/maps/search/Active%20Behavioral%20Health%20Athens%20GA","pilot-2026-09-25-2k"
"Advance Therapy Associates","https://www.advanceautismco.org","Boulder","CO","2","Alex Archer","Founder & President, BCBA, LBA","founder","alex@advanceautismco.org","https://www.linkedin.com/in/alex-archer-advanceaba","state_directory","https://www.google.com/maps/search/Advance%20Therapy%20Associates%20Boulder%20CO","pilot-2026-09-25-2k"
"Advantage Developmental Clinic","https://www.advantagebehavioralva.com","Roanoke","VA","3","Alexander Arellano","Owner & Director of Applied Behavior Analysis","owner","alexander.arellano@advantagebehavioralva.com","https://www.linkedin.com/in/alexander-arellano-advantageaba","aba_index","https://www.google.com/maps/search/Advantage%20Developmental%20Clinic%20Roanoke%20VA","pilot-2026-09-25-2k"
"Aim ABA Services","https://www.aimcaremd.net","Bowie","MD","4","Alexandra Armenta","Founder & Clinical Director, BCBA-D","founder","aarmenta@aimcaremd.net","https://www.linkedin.com/in/alexandra-armenta-aimaba","google_maps","https://www.google.com/maps/search/Aim%20ABA%20Services%20Bowie%20MD","pilot-2026-09-25-2k"
"Alliance Autism & Behavioral Clinic","https://www.allianceabail.com","Elgin","IL","1","Alexis Armstrong","Co-Founder & Executive Director, MS, BCBA","founder","alexis@allianceabail.com","https://www.linkedin.com/in/alexis-armstrong-allianceaba","apollo","https://www.google.com/maps/search/Alliance%20Autism%20%26%20Behavioral%20Clinic%20Elgin%20IL","pilot-2026-09-25-2k"
"Allied Child Development Center","https://www.alliedautismut.com","Lehi","UT","2","Alice Arndt","Owner & Clinical Supervisor, BCBA","owner","alice.arndt@alliedautismut.com","https://www.linkedin.com/in/alice-arndt-alliedaba","linkedin_sales_nav","https://www.google.com/maps/search/Allied%20Child%20Development%20Center%20Lehi%20UT","pilot-2026-09-25-2k"
"Alpine Behavior Analysis Partners","https://www.alpinebehavioralnj.org","Camden","NJ","3","Allison Arnold","CEO & Managing Partner, BCBA","ceo","aarnold@alpinebehavioralnj.org","https://www.linkedin.com/in/allison-arnold-alpineaba","state_directory","https://www.google.com/maps/search/Alpine%20Behavior%20Analysis%20Partners%20Camden%20NJ","pilot-2026-09-25-2k"
"Altus Behavioral Care","https://www.altuscaretx.com","El Paso","TX","4","Alyssa Arredondo","Executive Clinical Director & Partner, BCBA","exec_director","alyssa@altuscaretx.com","https://www.linkedin.com/in/alyssa-arredondo-altusaba","aba_index","https://www.google.com/maps/search/Altus%20Behavioral%20Care%20El%20Paso%20TX","pilot-2026-09-25-2k"
"Amity Autism Horizons","https://www.amityabafl.com","Clearwater","FL","1","Amber Arroyo","Founder & President, BCBA, LBA","founder","amber.arroyo@amityabafl.com","https://www.linkedin.com/in/amber-arroyo-amityaba","google_maps","https://www.google.com/maps/search/Amity%20Autism%20Horizons%20Clearwater%20FL","pilot-2026-09-25-2k"
"Anchor Therapy & Learning Center","https://www.anchorautismca.com","Chula Vista","CA","2","Amy Arthur","Owner & Director of Applied Behavior Analysis","owner","aarthur@anchorautismca.com","https://www.linkedin.com/in/amy-arthur-anchoraba","apollo","https://www.google.com/maps/search/Anchor%20Therapy%20%26%20Learning%20Center%20Chula%20Vista%20CA","pilot-2026-09-25-2k"
"Apex Behavioral Interventions","https://www.apexbehavioralnc.net","Burlington","NC","3","Andrea Asher","Founder & Clinical Director, BCBA-D","founder","andrea@apexbehavioralnc.net","https://www.linkedin.com/in/andrea-asher-apexaba","linkedin_sales_nav","https://www.google.com/maps/search/Apex%20Behavioral%20Interventions%20Burlington%20NC","pilot-2026-09-25-2k"
"Aquila Autism Clinic","https://www.aquilacarega.org","Peachtree City","GA","4","Andrew Ashley","Co-Founder & Executive Director, MS, BCBA","founder","andrew.ashley@aquilacarega.org","https://www.linkedin.com/in/andrew-ashley-aquilaaba","state_directory","https://www.google.com/maps/search/Aquila%20Autism%20Clinic%20Peachtree%20City%20GA","pilot-2026-09-25-2k"
"Arch ABA Center","https://www.archabaco.com","Commerce City","CO","1","Angela Ashton","Owner & Clinical Supervisor, BCBA","owner","aashton@archabaco.com","https://www.linkedin.com/in/angela-ashton-archaba","aba_index","https://www.google.com/maps/search/Arch%20ABA%20Center%20Commerce%20City%20CO","pilot-2026-09-25-2k"
"Ardent Behavioral Health Network","https://www.ardentautismva.com","Fredericksburg","VA","2","Ann Atkins","CEO & Managing Partner, BCBA","ceo","ann@ardentautismva.com","https://www.linkedin.com/in/ann-atkins-ardentaba","google_maps","https://www.google.com/maps/search/Ardent%20Behavioral%20Health%20Network%20Fredericksburg%20VA","pilot-2026-09-25-2k"
"Ascend Autism Group","https://www.ascendbehavioralmd.com","Severn","MD","3","Anna Atkinson","Executive Clinical Director & Partner, BCBA","exec_director","anna.atkinson@ascendbehavioralmd.com","https://www.linkedin.com/in/anna-atkinson-ascendaba","apollo","https://www.google.com/maps/search/Ascend%20Autism%20Group%20Severn%20MD","pilot-2026-09-25-2k"
"Aspen Applied Behavior Specialists","https://www.aspencareil.com","Des Plaines","IL","4","Anthony Augustine","Founder & President, BCBA, LBA","founder","aaugustine@aspencareil.com","https://www.linkedin.com/in/anthony-augustine-aspenaba","linkedin_sales_nav","https://www.google.com/maps/search/Aspen%20Applied%20Behavior%20Specialists%20Des%20Plaines%20IL","pilot-2026-09-25-2k"
"Aspire Therapy Partners","https://www.aspireabaut.org","Salt Lake City","UT","1","Antonio Austin","Owner & Director of Applied Behavior Analysis","owner","antonio@aspireabaut.org","https://www.linkedin.com/in/antonio-austin-aspireaba","state_directory","https://www.google.com/maps/search/Aspire%20Therapy%20Partners%20Salt%20Lake%20City%20UT","pilot-2026-09-25-2k"
"Aston Pediatric Autism Services","https://www.astonautismnj.net","Jersey City","NJ","2","Arthur Avalos","Founder & Clinical Director, BCBA-D","founder","arthur.avalos@astonautismnj.net","https://www.linkedin.com/in/arthur-avalos-astonaba","aba_index","https://www.google.com/maps/search/Aston%20Pediatric%20Autism%20Services%20Jersey%20City%20NJ","pilot-2026-09-25-2k"
"Atlantic Behavioral Care Center","https://www.atlanticbehavioraltx.com","Sugar Land","TX","3","Ashley Avery","Co-Founder & Executive Director, MS, BCBA","founder","aavery@atlanticbehavioraltx.com","https://www.linkedin.com/in/ashley-avery-atlanticaba","google_maps","https://www.google.com/maps/search/Atlantic%20Behavioral%20Care%20Center%20Sugar%20Land%20TX","pilot-2026-09-25-2k"
"Atlas Autism & Learning Institute","https://www.atlascarefl.com","Port St. Lucie","FL","4","Audrey Avila","Owner & Clinical Supervisor, BCBA","owner","audrey@atlascarefl.com","https://www.linkedin.com/in/audrey-avila-atlasaba","apollo","https://www.google.com/maps/search/Atlas%20Autism%20%26%20Learning%20Institute%20Port%20St.%20Lucie%20FL","pilot-2026-09-25-2k"
"Atrium Developmental Solutions","https://www.atriumabaca.com","Torrance","CA","1","Austin Ayala","CEO & Managing Partner, BCBA","ceo","austin.ayala@atriumabaca.com","https://www.linkedin.com/in/austin-ayala-atriumaba","linkedin_sales_nav","https://www.google.com/maps/search/Atrium%20Developmental%20Solutions%20Torrance%20CA","pilot-2026-09-25-2k"
"Aura Behavioral Therapy Center","https://www.auraautismnc.org","Cornelius","NC","2","Autumn Babcock","Executive Clinical Director & Partner, BCBA","exec_director","ababcock@auraautismnc.org","https://www.linkedin.com/in/autumn-babcock-auraaba","state_directory","https://www.google.com/maps/search/Aura%20Behavioral%20Therapy%20Center%20Cornelius%20NC","pilot-2026-09-25-2k"
"Aurora Autism Discovery Center","https://www.aurorabehavioralga.com","Snellville","GA","3","Ava Bach","Founder & President, BCBA, LBA","founder","ava@aurorabehavioralga.com","https://www.linkedin.com/in/ava-bach-auroraaba","aba_index","https://www.google.com/maps/search/Aurora%20Autism%20Discovery%20Center%20Snellville%20GA","pilot-2026-09-25-2k"
"Authentic Behavioral Foundations","https://www.authenticcareco.com","Arvada","CO","4","Avery Bader","Owner & Director of Applied Behavior Analysis","owner","avery.bader@authenticcareco.com","https://www.linkedin.com/in/avery-bader-authenticaba","google_maps","https://www.google.com/maps/search/Authentic%20Behavioral%20Foundations%20Arvada%20CO","pilot-2026-09-25-2k"
"Avenue Therapeutic Solutions","https://www.avenueabava.net","Reston","VA","1","Bailey Baer","Founder & Clinical Director, BCBA-D","founder","bbaer@avenueabava.net","https://www.linkedin.com/in/bailey-baer-avenueaba","apollo","https://www.google.com/maps/search/Avenue%20Therapeutic%20Solutions%20Reston%20VA","pilot-2026-09-25-2k"
"Axis ABA Collective","https://www.axisautismmd.com","Towson","MD","2","Barbara Baggett","Co-Founder & Executive Director, MS, BCBA","founder","barbara@axisautismmd.com","https://www.linkedin.com/in/barbara-baggett-axisaba","linkedin_sales_nav","https://www.google.com/maps/search/Axis%20ABA%20Collective%20Towson%20MD","pilot-2026-09-25-2k"
"Basis Autism Center","https://www.basisbehavioralil.org","Waukegan","IL","3","Beatrice Bagley","Owner & Clinical Supervisor, BCBA","owner","beatrice.bagley@basisbehavioralil.org","https://www.linkedin.com/in/beatrice-bagley-basisaba","state_directory","https://www.google.com/maps/search/Basis%20Autism%20Center%20Waukegan%20IL","pilot-2026-09-25-2k"
"Beacon ABA Therapy Group","https://www.beaconcareut.com","Taylorsville","UT","4","Benjamin Bailey","CEO & Managing Partner, BCBA","ceo","bbailey@beaconcareut.com","https://www.linkedin.com/in/benjamin-bailey-beaconaba","aba_index","https://www.google.com/maps/search/Beacon%20ABA%20Therapy%20Group%20Taylorsville%20UT","pilot-2026-09-25-2k"
"Belief Behavioral Solutions","https://www.beliefabanj.com","Union City","NJ","1","Bethany Bain","Executive Clinical Director & Partner, BCBA","exec_director","bethany@beliefabanj.com","https://www.linkedin.com/in/bethany-bain-beliefaba","google_maps","https://www.google.com/maps/search/Belief%20Behavioral%20Solutions%20Union%20City%20NJ","pilot-2026-09-25-2k"
"Beloved Autism Services","https://www.belovedautismtx.com","Midland","TX","2","Blake Baird","Founder & President, BCBA, LBA","founder","blake.baird@belovedautismtx.com","https://www.linkedin.com/in/blake-baird-belovedaba","apollo","https://www.google.com/maps/search/Beloved%20Autism%20Services%20Midland%20TX","pilot-2026-09-25-2k"
"Benchmark Behavioral Health","https://www.benchmarkbehavioralfl.com","Sanford","FL","3","Bradley Baker","Owner & Director of Applied Behavior Analysis","owner","bbaker@benchmarkbehavioralfl.com","https://www.linkedin.com/in/bradley-baker-benchmarkaba","linkedin_sales_nav","https://www.google.com/maps/search/Benchmark%20Behavioral%20Health%20Sanford%20FL","pilot-2026-09-25-2k"
"Benefit Therapy Associates","https://www.benefitcareca.org","Temecula","CA","4","Brandon Baldwin","Founder & Clinical Director, BCBA-D","founder","brandon@benefitcareca.org","https://www.linkedin.com/in/brandon-baldwin-benefitaba","state_directory","https://www.google.com/maps/search/Benefit%20Therapy%20Associates%20Temecula%20CA","pilot-2026-09-25-2k"
"Better Days Developmental Clinic","https://www.betterdaysabanc.com","Cary","NC","1","Brayden Bales","Co-Founder & Executive Director, MS, BCBA","founder","brayden.bales@betterdaysabanc.com","https://www.linkedin.com/in/brayden-bales-betterdaysaba","aba_index","https://www.google.com/maps/search/Better%20Days%20Developmental%20Clinic%20Cary%20NC","pilot-2026-09-25-2k"
"Beyond ABA Services","https://www.beyondautismga.com","Johns Creek","GA","2","Brenda Ball","Owner & Clinical Supervisor, BCBA","owner","bball@beyondautismga.com","https://www.linkedin.com/in/brenda-ball-beyondaba","google_maps","https://www.google.com/maps/search/Beyond%20ABA%20Services%20Johns%20Creek%20GA","pilot-2026-09-25-2k"
"Blossom Autism & Behavioral Clinic","https://www.blossombehavioralco.com","Littleton","CO","3","Brian Ballard","CEO & Managing Partner, BCBA","ceo","brian@blossombehavioralco.com","https://www.linkedin.com/in/brian-ballard-blossomaba","apollo","https://www.google.com/maps/search/Blossom%20Autism%20%26%20Behavioral%20Clinic%20Littleton%20CO","pilot-2026-09-25-2k"
"Blue Ridge Child Development Center","https://www.blueridgecareva.com","Salem","VA","4","Brianna Ballesteros","Executive Clinical Director & Partner, BCBA","exec_director","brianna.ballesteros@blueridgecareva.com","https://www.linkedin.com/in/brianna-ballesteros-blueridgeaba","linkedin_sales_nav","https://www.google.com/maps/search/Blue%20Ridge%20Child%20Development%20Center%20Salem%20VA","pilot-2026-09-25-2k"
"Blue Sky Behavior Analysis Partners","https://www.blueskyabamd.org","Baltimore","MD","1","Brittany Banks","Founder & President, BCBA, LBA","founder","bbanks@blueskyabamd.org","https://www.linkedin.com/in/brittany-banks-blueskyaba","state_directory","https://www.google.com/maps/search/Blue%20Sky%20Behavior%20Analysis%20Partners%20Baltimore%20MD","pilot-2026-09-25-2k"
"Bloom Behavioral Care","https://www.bloomautismil.com","Naperville","IL","2","Brooke Bankston","Owner & Director of Applied Behavior Analysis","owner","brooke@bloomautismil.com","https://www.linkedin.com/in/brooke-bankston-bloomaba","aba_index","https://www.google.com/maps/search/Bloom%20Behavioral%20Care%20Naperville%20IL","pilot-2026-09-25-2k"
"Bold Autism Horizons","https://www.boldbehavioralut.net","West Valley City","UT","3","Brooklyn Bannister","Founder & Clinical Director, BCBA-D","founder","brooklyn.bannister@boldbehavioralut.net","https://www.linkedin.com/in/brooklyn-bannister-boldaba","google_maps","https://www.google.com/maps/search/Bold%20Autism%20Horizons%20West%20Valley%20City%20UT","pilot-2026-09-25-2k"
"Bond Therapy & Learning Center","https://www.bondcarenj.com","Elizabeth","NJ","4","Bruce Barajas","Co-Founder & Executive Director, MS, BCBA","founder","bbarajas@bondcarenj.com","https://www.linkedin.com/in/bruce-barajas-bondaba","apollo","https://www.google.com/maps/search/Bond%20Therapy%20%26%20Learning%20Center%20Elizabeth%20NJ","pilot-2026-09-25-2k"
"Boundless Behavioral Interventions","https://www.boundlessabatx.com","Fort Worth","TX","1","Bryan Barba","Owner & Clinical Supervisor, BCBA","owner","bryan@boundlessabatx.com","https://www.linkedin.com/in/bryan-barba-boundlessaba","linkedin_sales_nav","https://www.google.com/maps/search/Boundless%20Behavioral%20Interventions%20Fort%20Worth%20TX","pilot-2026-09-25-2k"
"Branch Autism Clinic","https://www.branchautismfl.org","St. Petersburg","FL","2","Caleb Barbee","CEO & Managing Partner, BCBA","ceo","caleb.barbee@branchautismfl.org","https://www.linkedin.com/in/caleb-barbee-branchaba","state_directory","https://www.google.com/maps/search/Branch%20Autism%20Clinic%20St.%20Petersburg%20FL","pilot-2026-09-25-2k"
"Bravo ABA Center","https://www.bravobehavioralca.com","Pasadena","CA","3","Cameron Barber","Executive Clinical Director & Partner, BCBA","exec_director","cbarber@bravobehavioralca.com","https://www.linkedin.com/in/cameron-barber-bravoaba","aba_index","https://www.google.com/maps/search/Bravo%20ABA%20Center%20Pasadena%20CA","pilot-2026-09-25-2k"
"Bravery Behavioral Health Network","https://www.braverycarenc.com","Rocky Mount","NC","4","Camila Barker","Founder & President, BCBA, LBA","founder","camila@braverycarenc.com","https://www.linkedin.com/in/camila-barker-braveryaba","google_maps","https://www.google.com/maps/search/Bravery%20Behavioral%20Health%20Network%20Rocky%20Mount%20NC","pilot-2026-09-25-2k"
"Bridge Autism Group","https://www.bridgeabaga.com","Milton","GA","1","Carla Barkley","Owner & Director of Applied Behavior Analysis","owner","carla.barkley@bridgeabaga.com","https://www.linkedin.com/in/carla-barkley-bridgeaba","apollo","https://www.google.com/maps/search/Bridge%20Autism%20Group%20Milton%20GA","pilot-2026-09-25-2k"
"Bright Future Applied Behavior Specialists","https://www.brightfutureautismco.net","Pueblo","CO","2","Carlos Barnes","Founder & Clinical Director, BCBA-D","founder","cbarnes@brightfutureautismco.net","https://www.linkedin.com/in/carlos-barnes-brightfutureaba","linkedin_sales_nav","https://www.google.com/maps/search/Bright%20Future%20Applied%20Behavior%20Specialists%20Pueblo%20CO","pilot-2026-09-25-2k"
"Bright Path Therapy Partners","https://www.brightpathbehavioralva.org","Hampton","VA","3","Caroline Barnett","Co-Founder & Executive Director, MS, BCBA","founder","caroline@brightpathbehavioralva.org","https://www.linkedin.com/in/caroline-barnett-brightpathaba","state_directory","https://www.google.com/maps/search/Bright%20Path%20Therapy%20Partners%20Hampton%20VA","pilot-2026-09-25-2k"
"Brighter Days Pediatric Autism Services","https://www.brighterdayscaremd.com","Waldorf","MD","4","Carolyn Barr","Owner & Clinical Supervisor, BCBA","owner","carolyn.barr@brighterdayscaremd.com","https://www.linkedin.com/in/carolyn-barr-brighterdaysaba","aba_index","https://www.google.com/maps/search/Brighter%20Days%20Pediatric%20Autism%20Services%20Waldorf%20MD","pilot-2026-09-25-2k"
"Broadview Behavioral Care Center","https://www.broadviewabail.com","Champaign","IL","1","Carson Barrera","CEO & Managing Partner, BCBA","ceo","cbarrera@broadviewabail.com","https://www.linkedin.com/in/carson-barrera-broadviewaba","google_maps","https://www.google.com/maps/search/Broadview%20Behavioral%20Care%20Center%20Champaign%20IL","pilot-2026-09-25-2k"
"Building Blocks Autism & Learning Institute","https://www.buildingblocksautismut.com","Murray","UT","2","Carter Barrett","Executive Clinical Director & Partner, BCBA","exec_director","carter@buildingblocksautismut.com","https://www.linkedin.com/in/carter-barrett-buildingblocksaba","apollo","https://www.google.com/maps/search/Building%20Blocks%20Autism%20%26%20Learning%20Institute%20Murray%20UT","pilot-2026-09-25-2k"
"Calm Developmental Solutions","https://www.calmbehavioralnj.com","East Orange","NJ","3","Cassandra Barron","Founder & President, BCBA, LBA","founder","cassandra.barron@calmbehavioralnj.com","https://www.linkedin.com/in/cassandra-barron-calmaba","linkedin_sales_nav","https://www.google.com/maps/search/Calm%20Developmental%20Solutions%20East%20Orange%20NJ","pilot-2026-09-25-2k"
"Canyon Behavioral Therapy Center","https://www.canyoncaretx.org","Waco","TX","4","Catherine Barry","Owner & Director of Applied Behavior Analysis","owner","cbarry@canyoncaretx.org","https://www.linkedin.com/in/catherine-barry-canyonaba","state_directory","https://www.google.com/maps/search/Canyon%20Behavioral%20Therapy%20Center%20Waco%20TX","pilot-2026-09-25-2k"
"Capital Autism Discovery Center","https://www.capitalabafl.net","Bradenton","FL","1","Cecilia Bartlett","Founder & Clinical Director, BCBA-D","founder","cecilia@capitalabafl.net","https://www.linkedin.com/in/cecilia-bartlett-capitalaba","aba_index","https://www.google.com/maps/search/Capital%20Autism%20Discovery%20Center%20Bradenton%20FL","pilot-2026-09-25-2k"
"CarePoint Behavioral Foundations","https://www.carepointautismca.com","Glendale","CA","2","Chad Barton","Co-Founder & Executive Director, MS, BCBA","founder","chad.barton@carepointautismca.com","https://www.linkedin.com/in/chad-barton-carepointaba","google_maps","https://www.google.com/maps/search/CarePoint%20Behavioral%20Foundations%20Glendale%20CA","pilot-2026-09-25-2k"
"Cascade Therapeutic Solutions","https://www.cascadebehavioralnc.com","Holly Springs","NC","3","Charles Bass","Owner & Clinical Supervisor, BCBA","owner","cbass@cascadebehavioralnc.com","https://www.linkedin.com/in/charles-bass-cascadeaba","apollo","https://www.google.com/maps/search/Cascade%20Therapeutic%20Solutions%20Holly%20Springs%20NC","pilot-2026-09-25-2k"
"Catalyst ABA Collective","https://www.catalystcarega.com","Canton","GA","4","Charlotte Batchelor","CEO & Managing Partner, BCBA","ceo","charlotte@catalystcarega.com","https://www.linkedin.com/in/charlotte-batchelor-catalystaba","linkedin_sales_nav","https://www.google.com/maps/search/Catalyst%20ABA%20Collective%20Canton%20GA","pilot-2026-09-25-2k"
"Cedar Autism Center","https://www.cedarabaco.org","Denver","CO","1","Chase Bateman","Executive Clinical Director & Partner, BCBA","exec_director","chase.bateman@cedarabaco.org","https://www.linkedin.com/in/chase-bateman-cedaraba","state_directory","https://www.google.com/maps/search/Cedar%20Autism%20Center%20Denver%20CO","pilot-2026-09-25-2k"
"Celestial ABA Therapy Group","https://www.celestialautismva.com","Virginia Beach","VA","2","Chelsea Bates","Founder & President, BCBA, LBA","founder","cbates@celestialautismva.com","https://www.linkedin.com/in/chelsea-bates-celestialaba","aba_index","https://www.google.com/maps/search/Celestial%20ABA%20Therapy%20Group%20Virginia%20Beach%20VA","pilot-2026-09-25-2k"
"Centennial Behavioral Solutions","https://www.centennialbehavioralmd.com","Bethesda","MD","3","Cheyenne Batista","Owner & Director of Applied Behavior Analysis","owner","cheyenne@centennialbehavioralmd.com","https://www.linkedin.com/in/cheyenne-batista-centennialaba","google_maps","https://www.google.com/maps/search/Centennial%20Behavioral%20Solutions%20Bethesda%20MD","pilot-2026-09-25-2k"
"CenterPoint Autism Services","https://www.centerpointcareil.net","Rockford","IL","4","Chloe Bauer","Founder & Clinical Director, BCBA-D","founder","chloe.bauer@centerpointcareil.net","https://www.linkedin.com/in/chloe-bauer-centerpointaba","apollo","https://www.google.com/maps/search/CenterPoint%20Autism%20Services%20Rockford%20IL","pilot-2026-09-25-2k"
"Champion Behavioral Health","https://www.championabaut.com","Sandy","UT","1","Christian Baughman","Co-Founder & Executive Director, MS, BCBA","founder","cbaughman@championabaut.com","https://www.linkedin.com/in/christian-baughman-championaba","linkedin_sales_nav","https://www.google.com/maps/search/Champion%20Behavioral%20Health%20Sandy%20UT","pilot-2026-09-25-2k"
"Channel Therapy Associates","https://www.channelautismnj.org","Woodbridge","NJ","2","Christina Bauman","Owner & Clinical Supervisor, BCBA","owner","christina@channelautismnj.org","https://www.linkedin.com/in/christina-bauman-channelaba","state_directory","https://www.google.com/maps/search/Channel%20Therapy%20Associates%20Woodbridge%20NJ","pilot-2026-09-25-2k"
"Circle Developmental Clinic","https://www.circlebehavioraltx.com","Cedar Park","TX","3","Christine Baxter","CEO & Managing Partner, BCBA","ceo","christine.baxter@circlebehavioraltx.com","https://www.linkedin.com/in/christine-baxter-circleaba","aba_index","https://www.google.com/maps/search/Circle%20Developmental%20Clinic%20Cedar%20Park%20TX","pilot-2026-09-25-2k"
"Clarity ABA Services","https://www.claritycarefl.com","Boynton Beach","FL","4","Christopher Beach","Executive Clinical Director & Partner, BCBA","exec_director","cbeach@claritycarefl.com","https://www.linkedin.com/in/christopher-beach-clarityaba","google_maps","https://www.google.com/maps/search/Clarity%20ABA%20Services%20Boynton%20Beach%20FL","pilot-2026-09-25-2k"
"Clear Horizon Autism & Behavioral Clinic","https://www.clearhorizonabaca.com","Carlsbad","CA","1","Claire Beal","Founder & President, BCBA, LBA","founder","claire@clearhorizonabaca.com","https://www.linkedin.com/in/claire-beal-clearhorizonaba","apollo","https://www.google.com/maps/search/Clear%20Horizon%20Autism%20%26%20Behavioral%20Clinic%20Carlsbad%20CA","pilot-2026-09-25-2k"
"Climb Child Development Center","https://www.climbautismnc.com","Concord","NC","2","Clara Beam","Owner & Director of Applied Behavior Analysis","owner","clara.beam@climbautismnc.com","https://www.linkedin.com/in/clara-beam-climbaba","linkedin_sales_nav","https://www.google.com/maps/search/Climb%20Child%20Development%20Center%20Concord%20NC","pilot-2026-09-25-2k"
"Clover Behavior Analysis Partners","https://www.cloverbehavioralga.org","Tyrone","GA","3","Clayton Bean","Founder & Clinical Director, BCBA-D","founder","cbean@cloverbehavioralga.org","https://www.linkedin.com/in/clayton-bean-cloveraba","state_directory","https://www.google.com/maps/search/Clover%20Behavior%20Analysis%20Partners%20Tyrone%20GA","pilot-2026-09-25-2k"
"Coastal Behavioral Care","https://www.coastalcareco.com","Longmont","CO","4","Cole Beard","Co-Founder & Executive Director, MS, BCBA","founder","cole@coastalcareco.com","https://www.linkedin.com/in/cole-beard-coastalaba","aba_index","https://www.google.com/maps/search/Coastal%20Behavioral%20Care%20Longmont%20CO","pilot-2026-09-25-2k"
"Cognitive Autism Horizons","https://www.cognitiveabava.com","Charlottesville","VA","1","Colin Beasley","Owner & Clinical Supervisor, BCBA","owner","colin.beasley@cognitiveabava.com","https://www.linkedin.com/in/colin-beasley-cognitiveaba","google_maps","https://www.google.com/maps/search/Cognitive%20Autism%20Horizons%20Charlottesville%20VA","pilot-2026-09-25-2k"
"Collab Therapy & Learning Center","https://www.collabautismmd.com","Glen Burnie","MD","2","Colleen Beatty","CEO & Managing Partner, BCBA","ceo","cbeatty@collabautismmd.com","https://www.linkedin.com/in/colleen-beatty-collababa","apollo","https://www.google.com/maps/search/Collab%20Therapy%20%26%20Learning%20Center%20Glen%20Burnie%20MD","pilot-2026-09-25-2k"
"Comfort Behavioral Interventions","https://www.comfortbehavioralil.com","Arlington Heights","IL","3","Connor Beauchamp","Executive Clinical Director & Partner, BCBA","exec_director","connor@comfortbehavioralil.com","https://www.linkedin.com/in/connor-beauchamp-comfortaba","linkedin_sales_nav","https://www.google.com/maps/search/Comfort%20Behavioral%20Interventions%20Arlington%20Heights%20IL","pilot-2026-09-25-2k"
"Common Ground Autism Clinic","https://www.commongroundcareut.org","Bountiful","UT","4","Cora Beaver","Founder & President, BCBA, LBA","founder","cora.beaver@commongroundcareut.org","https://www.linkedin.com/in/cora-beaver-commongroundaba","state_directory","https://www.google.com/maps/search/Common%20Ground%20Autism%20Clinic%20Bountiful%20UT","pilot-2026-09-25-2k"
"Community ABA Center","https://www.communityabanj.com","New Brunswick","NJ","1","Corey Beck","Owner & Director of Applied Behavior Analysis","owner","cbeck@communityabanj.com","https://www.linkedin.com/in/corey-beck-communityaba","aba_index","https://www.google.com/maps/search/Community%20ABA%20Center%20New%20Brunswick%20NJ","pilot-2026-09-25-2k"
"Companion Behavioral Health Network","https://www.companionautismtx.net","Richardson","TX","2","Courtney Becker","Founder & Clinical Director, BCBA-D","founder","courtney@companionautismtx.net","https://www.linkedin.com/in/courtney-becker-companionaba","google_maps","https://www.google.com/maps/search/Companion%20Behavioral%20Health%20Network%20Richardson%20TX","pilot-2026-09-25-2k"
"Compass Autism Group","https://www.compassbehavioralfl.com","Davie","FL","3","Craig Beckett","Co-Founder & Executive Director, MS, BCBA","founder","craig.beckett@compassbehavioralfl.com","https://www.linkedin.com/in/craig-beckett-compassaba","apollo","https://www.google.com/maps/search/Compass%20Autism%20Group%20Davie%20FL","pilot-2026-09-25-2k"
"Concord Applied Behavior Specialists","https://www.concordcareca.com","El Cajon","CA","4","Crystal Beckman","Owner & Clinical Supervisor, BCBA","owner","cbeckman@concordcareca.com","https://www.linkedin.com/in/crystal-beckman-concordaba","linkedin_sales_nav","https://www.google.com/maps/search/Concord%20Applied%20Behavior%20Specialists%20El%20Cajon%20CA","pilot-2026-09-25-2k"
"Confidence Therapy Partners","https://www.confidenceabanc.org","Wilson","NC","1","Curtis Bedford","CEO & Managing Partner, BCBA","ceo","curtis@confidenceabanc.org","https://www.linkedin.com/in/curtis-bedford-confidenceaba","state_directory","https://www.google.com/maps/search/Confidence%20Therapy%20Partners%20Wilson%20NC","pilot-2026-09-25-2k"
"Connect Pediatric Autism Services","https://www.connectautismga.com","Kennesaw","GA","2","Cynthia Beebe","Executive Clinical Director & Partner, BCBA","exec_director","cynthia.beebe@connectautismga.com","https://www.linkedin.com/in/cynthia-beebe-connectaba","aba_index","https://www.google.com/maps/search/Connect%20Pediatric%20Autism%20Services%20Kennesaw%20GA","pilot-2026-09-25-2k"
"Continuum Behavioral Care Center","https://www.continuumbehavioralco.com","Aurora","CO","3","Daisy Beeler","Founder & President, BCBA, LBA","founder","dbeeler@continuumbehavioralco.com","https://www.linkedin.com/in/daisy-beeler-continuumaba","google_maps","https://www.google.com/maps/search/Continuum%20Behavioral%20Care%20Center%20Aurora%20CO","pilot-2026-09-25-2k"
"Core Autism & Learning Institute","https://www.corecareva.com","Chesapeake","VA","4","Dale Begay","Owner & Director of Applied Behavior Analysis","owner","dale@corecareva.com","https://www.linkedin.com/in/dale-begay-coreaba","apollo","https://www.google.com/maps/search/Core%20Autism%20%26%20Learning%20Institute%20Chesapeake%20VA","pilot-2026-09-25-2k"
"Cornerstone Developmental Solutions","https://www.cornerstoneabamd.net","Frederick","MD","1","Dallas Belcher","Founder & Clinical Director, BCBA-D","founder","dallas.belcher@cornerstoneabamd.net","https://www.linkedin.com/in/dallas-belcher-cornerstoneaba","linkedin_sales_nav","https://www.google.com/maps/search/Cornerstone%20Developmental%20Solutions%20Frederick%20MD","pilot-2026-09-25-2k"
"Cosmos Behavioral Therapy Center","https://www.cosmosautismil.org","Evanston","IL","2","Dalton Bell","Co-Founder & Executive Director, MS, BCBA","founder","dbell@cosmosautismil.org","https://www.linkedin.com/in/dalton-bell-cosmosaba","state_directory","https://www.google.com/maps/search/Cosmos%20Behavioral%20Therapy%20Center%20Evanston%20IL","pilot-2026-09-25-2k"
"Courage Autism Discovery Center","https://www.couragebehavioralut.com","St. George","UT","3","Damian Bellamy","Owner & Clinical Supervisor, BCBA","owner","damian@couragebehavioralut.com","https://www.linkedin.com/in/damian-bellamy-courageaba","aba_index","https://www.google.com/maps/search/Courage%20Autism%20Discovery%20Center%20St.%20George%20UT","pilot-2026-09-25-2k"
"Covenant Behavioral Foundations","https://www.covenantcarenj.com","Toms River","NJ","4","Daniel Bellinger","CEO & Managing Partner, BCBA","ceo","daniel.bellinger@covenantcarenj.com","https://www.linkedin.com/in/daniel-bellinger-covenantaba","google_maps","https://www.google.com/maps/search/Covenant%20Behavioral%20Foundations%20Toms%20River%20NJ","pilot-2026-09-25-2k"
"Cove Therapeutic Solutions","https://www.coveabatx.com","The Woodlands","TX","1","Danielle Beltran","Executive Clinical Director & Partner, BCBA","exec_director","dbeltran@coveabatx.com","https://www.linkedin.com/in/danielle-beltran-coveaba","apollo","https://www.google.com/maps/search/Cove%20Therapeutic%20Solutions%20The%20Woodlands%20TX","pilot-2026-09-25-2k"
"Cradle ABA Collective","https://www.cradleautismfl.com","Gainesville","FL","2","Danny Bender","Founder & President, BCBA, LBA","founder","danny@cradleautismfl.com","https://www.linkedin.com/in/danny-bender-cradleaba","linkedin_sales_nav","https://www.google.com/maps/search/Cradle%20ABA%20Collective%20Gainesville%20FL","pilot-2026-09-25-2k"
"Craft Autism Center","https://www.craftbehavioralca.org","Anaheim","CA","3","Daphne Benedict","Owner & Director of Applied Behavior Analysis","owner","daphne.benedict@craftbehavioralca.org","https://www.linkedin.com/in/daphne-benedict-craftaba","state_directory","https://www.google.com/maps/search/Craft%20Autism%20Center%20Anaheim%20CA","pilot-2026-09-25-2k"
"Crest ABA Therapy Group","https://www.crestcarenc.net","Raleigh","NC","4","Darlene Benitez","Founder & Clinical Director, BCBA-D","founder","dbenitez@crestcarenc.net","https://www.linkedin.com/in/darlene-benitez-crestaba","aba_index","https://www.google.com/maps/search/Crest%20ABA%20Therapy%20Group%20Raleigh%20NC","pilot-2026-09-25-2k"
"Crestview Behavioral Solutions","https://www.crestviewabaga.com","Columbus","GA","1","Darren Benjamin","Co-Founder & Executive Director, MS, BCBA","founder","darren@crestviewabaga.com","https://www.linkedin.com/in/darren-benjamin-crestviewaba","google_maps","https://www.google.com/maps/search/Crestview%20Behavioral%20Solutions%20Columbus%20GA","pilot-2026-09-25-2k"
"Crossroads Autism Services","https://www.crossroadsautismco.com","Broomfield","CO","2","David Bennett","Owner & Clinical Supervisor, BCBA","owner","david.bennett@crossroadsautismco.com","https://www.linkedin.com/in/david-bennett-crossroadsaba","apollo","https://www.google.com/maps/search/Crossroads%20Autism%20Services%20Broomfield%20CO","pilot-2026-09-25-2k"
"Crown Behavioral Health","https://www.crownbehavioralva.com","Harrisonburg","VA","3","Dawn Benoit","CEO & Managing Partner, BCBA","ceo","dbenoit@crownbehavioralva.com","https://www.linkedin.com/in/dawn-benoit-crownaba","linkedin_sales_nav","https://www.google.com/maps/search/Crown%20Behavioral%20Health%20Harrisonburg%20VA","pilot-2026-09-25-2k"
"Crystal Therapy Associates","https://www.crystalcaremd.org","Laurel","MD","4","Dean Benson","Executive Clinical Director & Partner, BCBA","exec_director","dean@crystalcaremd.org","https://www.linkedin.com/in/dean-benson-crystalaba","state_directory","https://www.google.com/maps/search/Crystal%20Therapy%20Associates%20Laurel%20MD","pilot-2026-09-25-2k"
"Cultivate Developmental Clinic","https://www.cultivateabail.com","Decatur","IL","1","Deanna Bentley","Founder & President, BCBA, LBA","founder","deanna.bentley@cultivateabail.com","https://www.linkedin.com/in/deanna-bentley-cultivateaba","aba_index","https://www.google.com/maps/search/Cultivate%20Developmental%20Clinic%20Decatur%20IL","pilot-2026-09-25-2k"
"Daybreak ABA Services","https://www.daybreakautismut.com","Spanish Fork","UT","2","Deborah Benton","Owner & Director of Applied Behavior Analysis","owner","dbenton@daybreakautismut.com","https://www.linkedin.com/in/deborah-benton-daybreakaba","google_maps","https://www.google.com/maps/search/Daybreak%20ABA%20Services%20Spanish%20Fork%20UT","pilot-2026-09-25-2k"
"Delta Autism & Behavioral Clinic","https://www.deltabehavioralnj.net","Perth Amboy","NJ","3","Debra Berg","Founder & Clinical Director, BCBA-D","founder","debra@deltabehavioralnj.net","https://www.linkedin.com/in/debra-berg-deltaaba","apollo","https://www.google.com/maps/search/Delta%20Autism%20%26%20Behavioral%20Clinic%20Perth%20Amboy%20NJ","pilot-2026-09-25-2k"
"Destiny Child Development Center","https://www.destinycaretx.com","Round Rock","TX","4","Declan Berger","Co-Founder & Executive Director, MS, BCBA","founder","declan.berger@destinycaretx.com","https://www.linkedin.com/in/declan-berger-destinyaba","linkedin_sales_nav","https://www.google.com/maps/search/Destiny%20Child%20Development%20Center%20Round%20Rock%20TX","pilot-2026-09-25-2k"
"Diligence Behavior Analysis Partners","https://www.diligenceabafl.org","Pompano Beach","FL","1","Delilah Bergman","Owner & Clinical Supervisor, BCBA","owner","dbergman@diligenceabafl.org","https://www.linkedin.com/in/delilah-bergman-diligenceaba","state_directory","https://www.google.com/maps/search/Diligence%20Behavior%20Analysis%20Partners%20Pompano%20Beach%20FL","pilot-2026-09-25-2k"
"Direction Behavioral Care","https://www.directionautismca.com","Rancho Cucamonga","CA","2","Derek Bernal","CEO & Managing Partner, BCBA","ceo","derek@directionautismca.com","https://www.linkedin.com/in/derek-bernal-directionaba","aba_index","https://www.google.com/maps/search/Direction%20Behavioral%20Care%20Rancho%20Cucamonga%20CA","pilot-2026-09-25-2k"
"Discovery Autism Horizons","https://www.discoverybehavioralnc.com","Apex","NC","3","Desiree Bernard","Executive Clinical Director & Partner, BCBA","exec_director","desiree.bernard@discoverybehavioralnc.com","https://www.linkedin.com/in/desiree-bernard-discoveryaba","google_maps","https://www.google.com/maps/search/Discovery%20Autism%20Horizons%20Apex%20NC","pilot-2026-09-25-2k"
"Dynamic Therapy & Learning Center","https://www.dynamiccarega.com","Smyrna","GA","4","Destiny Berry","Founder & President, BCBA, LBA","founder","dberry@dynamiccarega.com","https://www.linkedin.com/in/destiny-berry-dynamicaba","apollo","https://www.google.com/maps/search/Dynamic%20Therapy%20%26%20Learning%20Center%20Smyrna%20GA","pilot-2026-09-25-2k"
"Early Start Behavioral Interventions","https://www.earlystartabaco.com","Lakewood","CO","1","Devin Berryman","Owner & Director of Applied Behavior Analysis","owner","devin@earlystartabaco.com","https://www.linkedin.com/in/devin-berryman-earlystartaba","linkedin_sales_nav","https://www.google.com/maps/search/Early%20Start%20Behavioral%20Interventions%20Lakewood%20CO","pilot-2026-09-25-2k"
"Echo Autism Clinic","https://www.echoautismva.org","Alexandria","VA","2","Diana Bertram","Founder & Clinical Director, BCBA-D","founder","diana.bertram@echoautismva.org","https://www.linkedin.com/in/diana-bertram-echoaba","state_directory","https://www.google.com/maps/search/Echo%20Autism%20Clinic%20Alexandria%20VA","pilot-2026-09-25-2k"
"Eclipse ABA Center","https://www.eclipsebehavioralmd.com","Annapolis","MD","3","Dominic Best","Co-Founder & Executive Director, MS, BCBA","founder","dbest@eclipsebehavioralmd.com","https://www.linkedin.com/in/dominic-best-eclipseaba","aba_index","https://www.google.com/maps/search/Eclipse%20ABA%20Center%20Annapolis%20MD","pilot-2026-09-25-2k"
"Eden Behavioral Health Network","https://www.edencareil.com","Peoria","IL","4","Donald Betancourt","Owner & Clinical Supervisor, BCBA","owner","donald@edencareil.com","https://www.linkedin.com/in/donald-betancourt-edenaba","google_maps","https://www.google.com/maps/search/Eden%20Behavioral%20Health%20Network%20Peoria%20IL","pilot-2026-09-25-2k"
"Elation Autism Group","https://www.elationabaut.com","South Jordan","UT","1","Donna Betts","CEO & Managing Partner, BCBA","ceo","donna.betts@elationabaut.com","https://www.linkedin.com/in/donna-betts-elationaba","apollo","https://www.google.com/maps/search/Elation%20Autism%20Group%20South%20Jordan%20UT","pilot-2026-09-25-2k"
"Elevate Applied Behavior Specialists","https://www.elevateautismnj.com","Clifton","NJ","2","Dora Bevan","Executive Clinical Director & Partner, BCBA","exec_director","dbevan@elevateautismnj.com","https://www.linkedin.com/in/dora-bevan-elevateaba","linkedin_sales_nav","https://www.google.com/maps/search/Elevate%20Applied%20Behavior%20Specialists%20Clifton%20NJ","pilot-2026-09-25-2k"
"Elite Therapy Partners","https://www.elitebehavioraltx.org","San Marcos","TX","3","Douglas Beverly","Founder & President, BCBA, LBA","founder","douglas@elitebehavioraltx.org","https://www.linkedin.com/in/douglas-beverly-eliteaba","state_directory","https://www.google.com/maps/search/Elite%20Therapy%20Partners%20San%20Marcos%20TX","pilot-2026-09-25-2k"
"Embrace Pediatric Autism Services","https://www.embracecarefl.com","Apopka","FL","4","Drew Beyer","Owner & Director of Applied Behavior Analysis","owner","drew.beyer@embracecarefl.com","https://www.linkedin.com/in/drew-beyer-embraceaba","aba_index","https://www.google.com/maps/search/Embrace%20Pediatric%20Autism%20Services%20Apopka%20FL","pilot-2026-09-25-2k"
"Emergence Behavioral Care Center","https://www.emergenceabaca.net","Concord","CA","1","Dustin Bibb","Founder & Clinical Director, BCBA-D","founder","dbibb@emergenceabaca.net","https://www.linkedin.com/in/dustin-bibb-emergenceaba","google_maps","https://www.google.com/maps/search/Emergence%20Behavioral%20Care%20Center%20Concord%20CA","pilot-2026-09-25-2k"
"Empathy Autism & Learning Institute","https://www.empathyautismnc.com","Matthews","NC","2","Dylan Bickford","Co-Founder & Executive Director, MS, BCBA","founder","dylan@empathyautismnc.com","https://www.linkedin.com/in/dylan-bickford-empathyaba","apollo","https://www.google.com/maps/search/Empathy%20Autism%20%26%20Learning%20Institute%20Matthews%20NC","pilot-2026-09-25-2k"
"Empire Developmental Solutions","https://www.empirebehavioralga.com","Carrollton","GA","3","Easton Biddle","Owner & Clinical Supervisor, BCBA","owner","easton.biddle@empirebehavioralga.com","https://www.linkedin.com/in/easton-biddle-empireaba","linkedin_sales_nav","https://www.google.com/maps/search/Empire%20Developmental%20Solutions%20Carrollton%20GA","pilot-2026-09-25-2k"
"Empower Behavioral Therapy Center","https://www.empowercareco.org","Grand Junction","CO","4","Eddie Bigelow","CEO & Managing Partner, BCBA","ceo","ebigelow@empowercareco.org","https://www.linkedin.com/in/eddie-bigelow-empoweraba","state_directory","https://www.google.com/maps/search/Empower%20Behavioral%20Therapy%20Center%20Grand%20Junction%20CO","pilot-2026-09-25-2k"
"Endeavor Autism Discovery Center","https://www.endeavorabava.com","Blacksburg","VA","1","Eden Biggs","Executive Clinical Director & Partner, BCBA","exec_director","eden@endeavorabava.com","https://www.linkedin.com/in/eden-biggs-endeavoraba","aba_index","https://www.google.com/maps/search/Endeavor%20Autism%20Discovery%20Center%20Blacksburg%20VA","pilot-2026-09-25-2k"
"Engage Behavioral Foundations","https://www.engageautismmd.com","College Park","MD","2","Edward Abbott","Founder & President, BCBA, LBA","founder","edward.abbott@engageautismmd.com","https://www.linkedin.com/in/edward-abbott-engageaba","google_maps","https://www.google.com/maps/search/Engage%20Behavioral%20Foundations%20College%20Park%20MD","pilot-2026-09-25-2k"
"Enrich Therapeutic Solutions","https://www.enrichbehavioralil.com","Skokie","IL","3","Edwin Abernathy","Owner & Director of Applied Behavior Analysis","owner","eabernathy@enrichbehavioralil.com","https://www.linkedin.com/in/edwin-abernathy-enrichaba","apollo","https://www.google.com/maps/search/Enrich%20Therapeutic%20Solutions%20Skokie%20IL","pilot-2026-09-25-2k"
"Equinox ABA Collective","https://www.equinoxcareut.net","Pleasant Grove","UT","4","Elaine Acevedo","Founder & Clinical Director, BCBA-D","founder","elaine@equinoxcareut.net","https://www.linkedin.com/in/elaine-acevedo-equinoxaba","linkedin_sales_nav","https://www.google.com/maps/search/Equinox%20ABA%20Collective%20Pleasant%20Grove%20UT","pilot-2026-09-25-2k"
"Essence Autism Center","https://www.essenceabanj.org","Newark","NJ","1","Eleanor Acosta","Co-Founder & Executive Director, MS, BCBA","founder","eleanor.acosta@essenceabanj.org","https://www.linkedin.com/in/eleanor-acosta-essenceaba","state_directory","https://www.google.com/maps/search/Essence%20Autism%20Center%20Newark%20NJ","pilot-2026-09-25-2k"
"Essential ABA Therapy Group","https://www.essentialautismtx.com","Dallas","TX","2","Eli Adair","Owner & Clinical Supervisor, BCBA","owner","eadair@essentialautismtx.com","https://www.linkedin.com/in/eli-adair-essentialaba","aba_index","https://www.google.com/maps/search/Essential%20ABA%20Therapy%20Group%20Dallas%20TX","pilot-2026-09-25-2k"
"Estuary Behavioral Solutions","https://www.estuarybehavioralfl.com","Tampa","FL","3","Elias Adkins","CEO & Managing Partner, BCBA","ceo","elias@estuarybehavioralfl.com","https://www.linkedin.com/in/elias-adkins-estuaryaba","google_maps","https://www.google.com/maps/search/Estuary%20Behavioral%20Solutions%20Tampa%20FL","pilot-2026-09-25-2k"
"Evergreen Autism Services","https://www.evergreencareca.com","Sacramento","CA","4","Elijah Aguilar","Executive Clinical Director & Partner, BCBA","exec_director","elijah.aguilar@evergreencareca.com","https://www.linkedin.com/in/elijah-aguilar-evergreenaba","apollo","https://www.google.com/maps/search/Evergreen%20Autism%20Services%20Sacramento%20CA","pilot-2026-09-25-2k"
"Excel Behavioral Health","https://www.excelabanc.com","Winston-Salem","NC","1","Elise Aguirre","Founder & President, BCBA, LBA","founder","eaguirre@excelabanc.com","https://www.linkedin.com/in/elise-aguirre-excelaba","linkedin_sales_nav","https://www.google.com/maps/search/Excel%20Behavioral%20Health%20Winston-Salem%20NC","pilot-2026-09-25-2k"
"Excellence Therapy Associates","https://www.excellenceautismga.org","Sandy Springs","GA","2","Elizabeth Albert","Owner & Director of Applied Behavior Analysis","owner","elizabeth@excellenceautismga.org","https://www.linkedin.com/in/elizabeth-albert-excellenceaba","state_directory","https://www.google.com/maps/search/Excellence%20Therapy%20Associates%20Sandy%20Springs%20GA","pilot-2026-09-25-2k"
"Expansion Developmental Clinic","https://www.expansionbehavioralco.net","Thornton","CO","3","Ella Albrecht","Founder & Clinical Director, BCBA-D","founder","ella.albrecht@expansionbehavioralco.net","https://www.linkedin.com/in/ella-albrecht-expansionaba","aba_index","https://www.google.com/maps/search/Expansion%20Developmental%20Clinic%20Thornton%20CO","pilot-2026-09-25-2k"
"Express ABA Services","https://www.expresscareva.com","Fairfax","VA","4","Ellen Alcorn","Co-Founder & Executive Director, MS, BCBA","founder","ealcorn@expresscareva.com","https://www.linkedin.com/in/ellen-alcorn-expressaba","google_maps","https://www.google.com/maps/search/Express%20ABA%20Services%20Fairfax%20VA","pilot-2026-09-25-2k"
"Faith Autism & Behavioral Clinic","https://www.faithabamd.com","Columbia","MD","1","Ellie Aldridge","Owner & Clinical Supervisor, BCBA","owner","ellie@faithabamd.com","https://www.linkedin.com/in/ellie-aldridge-faithaba","apollo","https://www.google.com/maps/search/Faith%20Autism%20%26%20Behavioral%20Clinic%20Columbia%20MD","pilot-2026-09-25-2k"
"Family First Child Development Center","https://www.familyfirstautismil.com","Springfield","IL","2","Elliott Alford","CEO & Managing Partner, BCBA","ceo","elliott.alford@familyfirstautismil.com","https://www.linkedin.com/in/elliott-alford-familyfirstaba","linkedin_sales_nav","https://www.google.com/maps/search/Family%20First%20Child%20Development%20Center%20Springfield%20IL","pilot-2026-09-25-2k"
"Feather Behavior Analysis Partners","https://www.featherbehavioralut.org","Millcreek","UT","3","Aaron Allan","Executive Clinical Director & Partner, BCBA","exec_director","aallan@featherbehavioralut.org","https://www.linkedin.com/in/aaron-allan-featheraba","state_directory","https://www.google.com/maps/search/Feather%20Behavior%20Analysis%20Partners%20Millcreek%20UT","pilot-2026-09-25-2k"
"First Step Behavioral Care","https://www.firststepcarenj.com","Passaic","NJ","4","Abigail Alston","Founder & President, BCBA, LBA","founder","abigail@firststepcarenj.com","https://www.linkedin.com/in/abigail-alston-firststepaba","aba_index","https://www.google.com/maps/search/First%20Step%20Behavioral%20Care%20Passaic%20NJ","pilot-2026-09-25-2k"
"Focus Autism Horizons","https://www.focusabatx.com","Lubbock","TX","1","Adam Alvarado","Owner & Director of Applied Behavior Analysis","owner","adam.alvarado@focusabatx.com","https://www.linkedin.com/in/adam-alvarado-focusaba","google_maps","https://www.google.com/maps/search/Focus%20Autism%20Horizons%20Lubbock%20TX","pilot-2026-09-25-2k"
"Footprints Therapy & Learning Center","https://www.footprintsautismfl.net","West Palm Beach","FL","2","Adrian Alvarez","Founder & Clinical Director, BCBA-D","founder","aalvarez@footprintsautismfl.net","https://www.linkedin.com/in/adrian-alvarez-footprintsaba","apollo","https://www.google.com/maps/search/Footprints%20Therapy%20%26%20Learning%20Center%20West%20Palm%20Beach%20FL","pilot-2026-09-25-2k"
"Forge Behavioral Interventions","https://www.forgebehavioralca.com","Fremont","CA","3","Aiden Amato","Co-Founder & Executive Director, MS, BCBA","founder","aiden@forgebehavioralca.com","https://www.linkedin.com/in/aiden-amato-forgeaba","linkedin_sales_nav","https://www.google.com/maps/search/Forge%20Behavioral%20Interventions%20Fremont%20CA","pilot-2026-09-25-2k"
"Forward Autism Clinic","https://www.forwardcarenc.org","Huntersville","NC","4","Alex Ambrose","Owner & Clinical Supervisor, BCBA","owner","alex.ambrose@forwardcarenc.org","https://www.linkedin.com/in/alex-ambrose-forwardaba","state_directory","https://www.google.com/maps/search/Forward%20Autism%20Clinic%20Huntersville%20NC","pilot-2026-09-25-2k"
"Foundation ABA Center","https://www.foundationabaga.com","Gainesville","GA","1","Alexander Ames","CEO & Managing Partner, BCBA","ceo","aames@foundationabaga.com","https://www.linkedin.com/in/alexander-ames-foundationaba","aba_index","https://www.google.com/maps/search/Foundation%20ABA%20Center%20Gainesville%20GA","pilot-2026-09-25-2k"
"Frontier Behavioral Health Network","https://www.frontierautismco.com","Parker","CO","2","Alexandra Amos","Executive Clinical Director & Partner, BCBA","exec_director","alexandra@frontierautismco.com","https://www.linkedin.com/in/alexandra-amos-frontieraba","google_maps","https://www.google.com/maps/search/Frontier%20Behavioral%20Health%20Network%20Parker%20CO","pilot-2026-09-25-2k"
"Galliant Autism Group","https://www.galliantbehavioralva.com","Winchester","VA","3","Alexis Anaya","Founder & President, BCBA, LBA","founder","alexis.anaya@galliantbehavioralva.com","https://www.linkedin.com/in/alexis-anaya-galliantaba","apollo","https://www.google.com/maps/search/Galliant%20Autism%20Group%20Winchester%20VA","pilot-2026-09-25-2k"
"Genesis Applied Behavior Specialists","https://www.genesiscaremd.com","Hagerstown","MD","4","Alice Anders","Owner & Director of Applied Behavior Analysis","owner","aanders@genesiscaremd.com","https://www.linkedin.com/in/alice-anders-genesisaba","linkedin_sales_nav","https://www.google.com/maps/search/Genesis%20Applied%20Behavior%20Specialists%20Hagerstown%20MD","pilot-2026-09-25-2k"
"Gentle Therapy Partners","https://www.gentleabail.org","Chicago","IL","1","Allison Andersen","Founder & Clinical Director, BCBA-D","founder","allison@gentleabail.org","https://www.linkedin.com/in/allison-andersen-gentleaba","state_directory","https://www.google.com/maps/search/Gentle%20Therapy%20Partners%20Chicago%20IL","pilot-2026-09-25-2k"
"Golden Gate Pediatric Autism Services","https://www.goldengateautismut.com","Provo","UT","2","Alyssa Anderson","Co-Founder & Executive Director, MS, BCBA","founder","alyssa.anderson@goldengateautismut.com","https://www.linkedin.com/in/alyssa-anderson-goldengateaba","aba_index","https://www.google.com/maps/search/Golden%20Gate%20Pediatric%20Autism%20Services%20Provo%20UT","pilot-2026-09-25-2k"
"Grace Behavioral Care Center","https://www.gracebehavioralnj.com","Paterson","NJ","3","Amber Andrade","Owner & Clinical Supervisor, BCBA","owner","aandrade@gracebehavioralnj.com","https://www.linkedin.com/in/amber-andrade-graceaba","google_maps","https://www.google.com/maps/search/Grace%20Behavioral%20Care%20Center%20Paterson%20NJ","pilot-2026-09-25-2k"
"Great Steps Autism & Learning Institute","https://www.greatstepscaretx.com","Conroe","TX","4","Amy Andrews","CEO & Managing Partner, BCBA","ceo","amy@greatstepscaretx.com","https://www.linkedin.com/in/amy-andrews-greatstepsaba","apollo","https://www.google.com/maps/search/Great%20Steps%20Autism%20%26%20Learning%20Institute%20Conroe%20TX","pilot-2026-09-25-2k"
"Groove Developmental Solutions","https://www.grooveabafl.com","Fort Myers","FL","1","Andrea Anthony","Executive Clinical Director & Partner, BCBA","exec_director","andrea.anthony@grooveabafl.com","https://www.linkedin.com/in/andrea-anthony-grooveaba","linkedin_sales_nav","https://www.google.com/maps/search/Groove%20Developmental%20Solutions%20Fort%20Myers%20FL","pilot-2026-09-25-2k"
"Growth Point Behavioral Therapy Center","https://www.growthpointautismca.org","Hayward","CA","2","Andrew Archer","Founder & President, BCBA, LBA","founder","aarcher@growthpointautismca.org","https://www.linkedin.com/in/andrew-archer-growthpointaba","state_directory","https://www.google.com/maps/search/Growth%20Point%20Behavioral%20Therapy%20Center%20Hayward%20CA","pilot-2026-09-25-2k"
"Guidepost Autism Discovery Center","https://www.guidepostbehavioralnc.com","New Bern","NC","3","Angela Arellano","Owner & Director of Applied Behavior Analysis","owner","angela@guidepostbehavioralnc.com","https://www.linkedin.com/in/angela-arellano-guidepostaba","aba_index","https://www.google.com/maps/search/Guidepost%20Autism%20Discovery%20Center%20New%20Bern%20NC","pilot-2026-09-25-2k"
"Hand in Hand Behavioral Foundations","https://www.handinhandcarega.net","McDonough","GA","4","Ann Armenta","Founder & Clinical Director, BCBA-D","founder","ann.armenta@handinhandcarega.net","https://www.linkedin.com/in/ann-armenta-handinhandaba","google_maps","https://www.google.com/maps/search/Hand%20in%20Hand%20Behavioral%20Foundations%20McDonough%20GA","pilot-2026-09-25-2k"
"Harbor Therapeutic Solutions","https://www.harborabaco.com","Centennial","CO","1","Anna Armstrong","Co-Founder & Executive Director, MS, BCBA","founder","aarmstrong@harborabaco.com","https://www.linkedin.com/in/anna-armstrong-harboraba","apollo","https://www.google.com/maps/search/Harbor%20Therapeutic%20Solutions%20Centennial%20CO","pilot-2026-09-25-2k"
"Harmony ABA Collective","https://www.harmonyautismva.com","McLean","VA","2","Anthony Arndt","Owner & Clinical Supervisor, BCBA","owner","anthony@harmonyautismva.com","https://www.linkedin.com/in/anthony-arndt-harmonyaba","linkedin_sales_nav","https://www.google.com/maps/search/Harmony%20ABA%20Collective%20McLean%20VA","pilot-2026-09-25-2k"
"Haven Autism Center","https://www.havenbehavioralmd.org","Germantown","MD","3","Antonio Arnold","CEO & Managing Partner, BCBA","ceo","antonio.arnold@havenbehavioralmd.org","https://www.linkedin.com/in/antonio-arnold-havenaba","state_directory","https://www.google.com/maps/search/Haven%20Autism%20Center%20Germantown%20MD","pilot-2026-09-25-2k"
"Headway ABA Therapy Group","https://www.headwaycareil.com","Cicero","IL","4","Arthur Arredondo","Executive Clinical Director & Partner, BCBA","exec_director","aarredondo@headwaycareil.com","https://www.linkedin.com/in/arthur-arredondo-headwayaba","aba_index","https://www.google.com/maps/search/Headway%20ABA%20Therapy%20Group%20Cicero%20IL","pilot-2026-09-25-2k"
"Heartland Behavioral Solutions","https://www.heartlandabaut.com","Logan","UT","1","Ashley Arroyo","Founder & President, BCBA, LBA","founder","ashley@heartlandabaut.com","https://www.linkedin.com/in/ashley-arroyo-heartlandaba","google_maps","https://www.google.com/maps/search/Heartland%20Behavioral%20Solutions%20Logan%20UT","pilot-2026-09-25-2k"
"Heritage Autism Services","https://www.heritageautismnj.com","Bayonne","NJ","2","Audrey Arthur","Owner & Director of Applied Behavior Analysis","owner","audrey.arthur@heritageautismnj.com","https://www.linkedin.com/in/audrey-arthur-heritageaba","apollo","https://www.google.com/maps/search/Heritage%20Autism%20Services%20Bayonne%20NJ","pilot-2026-09-25-2k"
"Highland Behavioral Health","https://www.highlandbehavioraltx.net","Odessa","TX","3","Austin Asher","Founder & Clinical Director, BCBA-D","founder","aasher@highlandbehavioraltx.net","https://www.linkedin.com/in/austin-asher-highlandaba","linkedin_sales_nav","https://www.google.com/maps/search/Highland%20Behavioral%20Health%20Odessa%20TX","pilot-2026-09-25-2k"
"Highline Therapy Associates","https://www.highlinecarefl.org","Altamonte Springs","FL","4","Autumn Ashley","Co-Founder & Executive Director, MS, BCBA","founder","autumn@highlinecarefl.org","https://www.linkedin.com/in/autumn-ashley-highlineaba","state_directory","https://www.google.com/maps/search/Highline%20Therapy%20Associates%20Altamonte%20Springs%20FL","pilot-2026-09-25-2k"
"Holistic Developmental Clinic","https://www.holisticabaca.com","Clovis","CA","1","Ava Ashton","Owner & Clinical Supervisor, BCBA","owner","ava.ashton@holisticabaca.com","https://www.linkedin.com/in/ava-ashton-holisticaba","aba_index","https://www.google.com/maps/search/Holistic%20Developmental%20Clinic%20Clovis%20CA","pilot-2026-09-25-2k"
"Homestead ABA Services","https://www.homesteadautismnc.com","Wilmington","NC","2","Avery Atkins","CEO & Managing Partner, BCBA","ceo","aatkins@homesteadautismnc.com","https://www.linkedin.com/in/avery-atkins-homesteadaba","google_maps","https://www.google.com/maps/search/Homestead%20ABA%20Services%20Wilmington%20NC","pilot-2026-09-25-2k"
"Hope Autism & Behavioral Clinic","https://www.hopebehavioralga.com","Alpharetta","GA","3","Bailey Atkinson","Executive Clinical Director & Partner, BCBA","exec_director","bailey@hopebehavioralga.com","https://www.linkedin.com/in/bailey-atkinson-hopeaba","apollo","https://www.google.com/maps/search/Hope%20Autism%20%26%20Behavioral%20Clinic%20Alpharetta%20GA","pilot-2026-09-25-2k"
"Horizon Child Development Center","https://www.horizoncareco.com","Brighton","CO","4","Barbara Augustine","Founder & President, BCBA, LBA","founder","barbara.augustine@horizoncareco.com","https://www.linkedin.com/in/barbara-augustine-horizonaba","linkedin_sales_nav","https://www.google.com/maps/search/Horizon%20Child%20Development%20Center%20Brighton%20CO","pilot-2026-09-25-2k"
"Hub Behavior Analysis Partners","https://www.hubabava.org","Richmond","VA","1","Beatrice Austin","Owner & Director of Applied Behavior Analysis","owner","baustin@hubabava.org","https://www.linkedin.com/in/beatrice-austin-hubaba","state_directory","https://www.google.com/maps/search/Hub%20Behavior%20Analysis%20Partners%20Richmond%20VA","pilot-2026-09-25-2k"
"Hull Behavioral Care","https://www.hullautismmd.net","Rockville","MD","2","Benjamin Avalos","Founder & Clinical Director, BCBA-D","founder","benjamin@hullautismmd.net","https://www.linkedin.com/in/benjamin-avalos-hullaba","aba_index","https://www.google.com/maps/search/Hull%20Behavioral%20Care%20Rockville%20MD","pilot-2026-09-25-2k"
"Illuminate Autism Horizons","https://www.illuminatebehavioralil.com","Aurora","IL","3","Bethany Avery","Co-Founder & Executive Director, MS, BCBA","founder","bethany.avery@illuminatebehavioralil.com","https://www.linkedin.com/in/bethany-avery-illuminateaba","google_maps","https://www.google.com/maps/search/Illuminate%20Autism%20Horizons%20Aurora%20IL","pilot-2026-09-25-2k"
"Impact Therapy & Learning Center","https://www.impactcareut.com","Orem","UT","4","Blake Avila","Owner & Clinical Supervisor, BCBA","owner","bavila@impactcareut.com","https://www.linkedin.com/in/blake-avila-impactaba","apollo","https://www.google.com/maps/search/Impact%20Therapy%20%26%20Learning%20Center%20Orem%20UT","pilot-2026-09-25-2k"
"Infinia Behavioral Interventions","https://www.infiniaabanj.com","Edison","NJ","1","Bradley Ayala","CEO & Managing Partner, BCBA","ceo","bradley@infiniaabanj.com","https://www.linkedin.com/in/bradley-ayala-infiniaaba","linkedin_sales_nav","https://www.google.com/maps/search/Infinia%20Behavioral%20Interventions%20Edison%20NJ","pilot-2026-09-25-2k"
"Infinity Autism Clinic","https://www.infinityautismtx.org","Plano","TX","2","Brandon Babcock","Executive Clinical Director & Partner, BCBA","exec_director","brandon.babcock@infinityautismtx.org","https://www.linkedin.com/in/brandon-babcock-infinityaba","state_directory","https://www.google.com/maps/search/Infinity%20Autism%20Clinic%20Plano%20TX","pilot-2026-09-25-2k"
"Inherit ABA Center","https://www.inheritbehavioralfl.com","Boca Raton","FL","3","Brayden Bach","Founder & President, BCBA, LBA","founder","bbach@inheritbehavioralfl.com","https://www.linkedin.com/in/brayden-bach-inheritaba","aba_index","https://www.google.com/maps/search/Inherit%20ABA%20Center%20Boca%20Raton%20FL","pilot-2026-09-25-2k"
"Initiative Behavioral Health Network","https://www.initiativecareca.com","Bakersfield","CA","4","Brenda Bader","Owner & Director of Applied Behavior Analysis","owner","brenda@initiativecareca.com","https://www.linkedin.com/in/brenda-bader-initiativeaba","google_maps","https://www.google.com/maps/search/Initiative%20Behavioral%20Health%20Network%20Bakersfield%20CA","pilot-2026-09-25-2k"
"Insight Autism Group","https://www.insightabanc.net","Mooresville","NC","1","Brian Baer","Founder & Clinical Director, BCBA-D","founder","brian.baer@insightabanc.net","https://www.linkedin.com/in/brian-baer-insightaba","apollo","https://www.google.com/maps/search/Insight%20Autism%20Group%20Mooresville%20NC","pilot-2026-09-25-2k"
"Inspire Applied Behavior Specialists","https://www.inspireautismga.com","Woodstock","GA","2","Brianna Baggett","Co-Founder & Executive Director, MS, BCBA","founder","bbaggett@inspireautismga.com","https://www.linkedin.com/in/brianna-baggett-inspireaba","linkedin_sales_nav","https://www.google.com/maps/search/Inspire%20Applied%20Behavior%20Specialists%20Woodstock%20GA","pilot-2026-09-25-2k"
"Integrity Therapy Partners","https://www.integritybehavioralco.org","Greeley","CO","3","Brittany Bagley","Owner & Clinical Supervisor, BCBA","owner","brittany@integritybehavioralco.org","https://www.linkedin.com/in/brittany-bagley-integrityaba","state_directory","https://www.google.com/maps/search/Integrity%20Therapy%20Partners%20Greeley%20CO","pilot-2026-09-25-2k"
"Journey Pediatric Autism Services","https://www.journeycareva.com","Newport News","VA","4","Brooke Bailey","CEO & Managing Partner, BCBA","ceo","brooke.bailey@journeycareva.com","https://www.linkedin.com/in/brooke-bailey-journeyaba","aba_index","https://www.google.com/maps/search/Journey%20Pediatric%20Autism%20Services%20Newport%20News%20VA","pilot-2026-09-25-2k"
"Jubilee Behavioral Care Center","https://www.jubileeabamd.com","Ellicott City","MD","1","Brooklyn Bain","Executive Clinical Director & Partner, BCBA","exec_director","bbain@jubileeabamd.com","https://www.linkedin.com/in/brooklyn-bain-jubileeaba","google_maps","https://www.google.com/maps/search/Jubilee%20Behavioral%20Care%20Center%20Ellicott%20City%20MD","pilot-2026-09-25-2k"
"Kaleidoscope Autism & Learning Institute","https://www.kaleidoscopeautismil.com","Bloomington","IL","2","Bruce Baird","Founder & President, BCBA, LBA","founder","bruce@kaleidoscopeautismil.com","https://www.linkedin.com/in/bruce-baird-kaleidoscopeaba","apollo","https://www.google.com/maps/search/Kaleidoscope%20Autism%20%26%20Learning%20Institute%20Bloomington%20IL","pilot-2026-09-25-2k"
"Keystone Developmental Solutions","https://www.keystonebehavioralut.com","Draper","UT","3","Bryan Baker","Owner & Director of Applied Behavior Analysis","owner","bryan.baker@keystonebehavioralut.com","https://www.linkedin.com/in/bryan-baker-keystoneaba","linkedin_sales_nav","https://www.google.com/maps/search/Keystone%20Developmental%20Solutions%20Draper%20UT","pilot-2026-09-25-2k"
"Kindred Behavioral Therapy Center","https://www.kindredcarenj.org","Vineland","NJ","4","Caleb Baldwin","Founder & Clinical Director, BCBA-D","founder","cbaldwin@kindredcarenj.org","https://www.linkedin.com/in/caleb-baldwin-kindredaba","state_directory","https://www.google.com/maps/search/Kindred%20Behavioral%20Therapy%20Center%20Vineland%20NJ","pilot-2026-09-25-2k"
"Kite Autism Discovery Center","https://www.kiteabatx.com","Tyler","TX","1","Cameron Bales","Co-Founder & Executive Director, MS, BCBA","founder","cameron@kiteabatx.com","https://www.linkedin.com/in/cameron-bales-kiteaba","aba_index","https://www.google.com/maps/search/Kite%20Autism%20Discovery%20Center%20Tyler%20TX","pilot-2026-09-25-2k"
"Lantern Behavioral Foundations","https://www.lanternautismfl.com","Kissimmee","FL","2","Camila Ball","Owner & Clinical Supervisor, BCBA","owner","camila.ball@lanternautismfl.com","https://www.linkedin.com/in/camila-ball-lanternaba","google_maps","https://www.google.com/maps/search/Lantern%20Behavioral%20Foundations%20Kissimmee%20FL","pilot-2026-09-25-2k"
"Launch Therapeutic Solutions","https://www.launchbehavioralca.com","Huntington Beach","CA","3","Carla Ballard","CEO & Managing Partner, BCBA","ceo","cballard@launchbehavioralca.com","https://www.linkedin.com/in/carla-ballard-launchaba","apollo","https://www.google.com/maps/search/Launch%20Therapeutic%20Solutions%20Huntington%20Beach%20CA","pilot-2026-09-25-2k"
"Leap ABA Collective","https://www.leapcarenc.com","Kernersville","NC","4","Carlos Ballesteros","Executive Clinical Director & Partner, BCBA","exec_director","carlos@leapcarenc.com","https://www.linkedin.com/in/carlos-ballesteros-leapaba","linkedin_sales_nav","https://www.google.com/maps/search/Leap%20ABA%20Collective%20Kernersville%20NC","pilot-2026-09-25-2k"
"Legend Autism Center","https://www.legendabaga.org","Atlanta","GA","1","Caroline Banks","Founder & President, BCBA, LBA","founder","caroline.banks@legendabaga.org","https://www.linkedin.com/in/caroline-banks-legendaba","state_directory","https://www.google.com/maps/search/Legend%20Autism%20Center%20Atlanta%20GA","pilot-2026-09-25-2k"
"Level Up ABA Therapy Group","https://www.levelupautismco.com","Colorado Springs","CO","2","Carolyn Bankston","Owner & Director of Applied Behavior Analysis","owner","cbankston@levelupautismco.com","https://www.linkedin.com/in/carolyn-bankston-levelupaba","aba_index","https://www.google.com/maps/search/Level%20Up%20ABA%20Therapy%20Group%20Colorado%20Springs%20CO","pilot-2026-09-25-2k"
"Liberty Behavioral Solutions","https://www.libertybehavioralva.net","Norfolk","VA","3","Carson Bannister","Founder & Clinical Director, BCBA-D","founder","carson@libertybehavioralva.net","https://www.linkedin.com/in/carson-bannister-libertyaba","google_maps","https://www.google.com/maps/search/Liberty%20Behavioral%20Solutions%20Norfolk%20VA","pilot-2026-09-25-2k"
"Lighthouse Autism Services","https://www.lighthousecaremd.com","Silver Spring","MD","4","Carter Barajas","Co-Founder & Executive Director, MS, BCBA","founder","carter.barajas@lighthousecaremd.com","https://www.linkedin.com/in/carter-barajas-lighthouseaba","apollo","https://www.google.com/maps/search/Lighthouse%20Autism%20Services%20Silver%20Spring%20MD","pilot-2026-09-25-2k"
"Lifeway Behavioral Health","https://www.lifewayabail.com","Joliet","IL","1","Cassandra Barba","Owner & Clinical Supervisor, BCBA","owner","cbarba@lifewayabail.com","https://www.linkedin.com/in/cassandra-barba-lifewayaba","linkedin_sales_nav","https://www.google.com/maps/search/Lifeway%20Behavioral%20Health%20Joliet%20IL","pilot-2026-09-25-2k"
"Little Steps Therapy Associates","https://www.littlestepsautismut.org","Ogden","UT","2","Catherine Barbee","CEO & Managing Partner, BCBA","ceo","catherine@littlestepsautismut.org","https://www.linkedin.com/in/catherine-barbee-littlestepsaba","state_directory","https://www.google.com/maps/search/Little%20Steps%20Therapy%20Associates%20Ogden%20UT","pilot-2026-09-25-2k"
"Living Stone Developmental Clinic","https://www.livingstonebehavioralnj.com","Princeton","NJ","3","Cecilia Barber","Executive Clinical Director & Partner, BCBA","exec_director","cecilia.barber@livingstonebehavioralnj.com","https://www.linkedin.com/in/cecilia-barber-livingstoneaba","aba_index","https://www.google.com/maps/search/Living%20Stone%20Developmental%20Clinic%20Princeton%20NJ","pilot-2026-09-25-2k"
"Logic ABA Services","https://www.logiccaretx.com","Rowlett","TX","4","Chad Barker","Founder & President, BCBA, LBA","founder","cbarker@logiccaretx.com","https://www.linkedin.com/in/chad-barker-logicaba","google_maps","https://www.google.com/maps/search/Logic%20ABA%20Services%20Rowlett%20TX","pilot-2026-09-25-2k"
"Loom Autism & Behavioral Clinic","https://www.loomabafl.com","Homestead","FL","1","Charles Barkley","Owner & Director of Applied Behavior Analysis","owner","charles@loomabafl.com","https://www.linkedin.com/in/charles-barkley-loomaba","apollo","https://www.google.com/maps/search/Loom%20Autism%20%26%20Behavioral%20Clinic%20Homestead%20FL","pilot-2026-09-25-2k"
"Lumina Child Development Center","https://www.luminaautismca.net","Orange","CA","2","Charlotte Barnes","Founder & Clinical Director, BCBA-D","founder","charlotte.barnes@luminaautismca.net","https://www.linkedin.com/in/charlotte-barnes-luminaaba","linkedin_sales_nav","https://www.google.com/maps/search/Lumina%20Child%20Development%20Center%20Orange%20CA","pilot-2026-09-25-2k"
"Magnolia Behavior Analysis Partners","https://www.magnoliabehavioralnc.org","Gastonia","NC","3","Chase Barnett","Co-Founder & Executive Director, MS, BCBA","founder","cbarnett@magnoliabehavioralnc.org","https://www.linkedin.com/in/chase-barnett-magnoliaaba","state_directory","https://www.google.com/maps/search/Magnolia%20Behavior%20Analysis%20Partners%20Gastonia%20NC","pilot-2026-09-25-2k"
"Mainstay Behavioral Care","https://www.mainstaycarega.com","Cumming","GA","4","Chelsea Barr","Owner & Clinical Supervisor, BCBA","owner","chelsea@mainstaycarega.com","https://www.linkedin.com/in/chelsea-barr-mainstayaba","aba_index","https://www.google.com/maps/search/Mainstay%20Behavioral%20Care%20Cumming%20GA","pilot-2026-09-25-2k"
"Matrix Autism Horizons","https://www.matrixabaco.com","Loveland","CO","1","Cheyenne Barrera","CEO & Managing Partner, BCBA","ceo","cheyenne.barrera@matrixabaco.com","https://www.linkedin.com/in/cheyenne-barrera-matrixaba","google_maps","https://www.google.com/maps/search/Matrix%20Autism%20Horizons%20Loveland%20CO","pilot-2026-09-25-2k"
"Meadow Therapy & Learning Center","https://www.meadowautismva.com","Lynchburg","VA","2","Chloe Barrett","Executive Clinical Director & Partner, BCBA","exec_director","cbarrett@meadowautismva.com","https://www.linkedin.com/in/chloe-barrett-meadowaba","apollo","https://www.google.com/maps/search/Meadow%20Therapy%20%26%20Learning%20Center%20Lynchburg%20VA","pilot-2026-09-25-2k"
"Medallion Behavioral Interventions","https://www.medallionbehavioralmd.com","Dundalk","MD","3","Christian Barron","Founder & President, BCBA, LBA","founder","christian@medallionbehavioralmd.com","https://www.linkedin.com/in/christian-barron-medallionaba","linkedin_sales_nav","https://www.google.com/maps/search/Medallion%20Behavioral%20Interventions%20Dundalk%20MD","pilot-2026-09-25-2k"
"Mercy Autism Clinic","https://www.mercycareil.org","Bolingbrook","IL","4","Christina Barry","Owner & Director of Applied Behavior Analysis","owner","christina.barry@mercycareil.org","https://www.linkedin.com/in/christina-barry-mercyaba","state_directory","https://www.google.com/maps/search/Mercy%20Autism%20Clinic%20Bolingbrook%20IL","pilot-2026-09-25-2k"
"Meridian ABA Center","https://www.meridianabaut.net","Riverton","UT","1","Christine Bartlett","Founder & Clinical Director, BCBA-D","founder","cbartlett@meridianabaut.net","https://www.linkedin.com/in/christine-bartlett-meridianaba","aba_index","https://www.google.com/maps/search/Meridian%20ABA%20Center%20Riverton%20UT","pilot-2026-09-25-2k"
"Milestone Behavioral Health Network","https://www.milestoneautismnj.com","Hoboken","NJ","2","Christopher Barton","Co-Founder & Executive Director, MS, BCBA","founder","christopher@milestoneautismnj.com","https://www.linkedin.com/in/christopher-barton-milestoneaba","google_maps","https://www.google.com/maps/search/Milestone%20Behavioral%20Health%20Network%20Hoboken%20NJ","pilot-2026-09-25-2k"
"Momentum Autism Group","https://www.momentumbehavioraltx.com","Lewisville","TX","3","Claire Bass","Owner & Clinical Supervisor, BCBA","owner","claire.bass@momentumbehavioraltx.com","https://www.linkedin.com/in/claire-bass-momentumaba","apollo","https://www.google.com/maps/search/Momentum%20Autism%20Group%20Lewisville%20TX","pilot-2026-09-25-2k"
"Monarch Applied Behavior Specialists","https://www.monarchcarefl.com","Miramar","FL","4","Clara Batchelor","CEO & Managing Partner, BCBA","ceo","cbatchelor@monarchcarefl.com","https://www.linkedin.com/in/clara-batchelor-monarchaba","linkedin_sales_nav","https://www.google.com/maps/search/Monarch%20Applied%20Behavior%20Specialists%20Miramar%20FL","pilot-2026-09-25-2k"
"Mosaic Therapy Partners","https://www.mosaicabaca.org","San Diego","CA","1","Clayton Bateman","Executive Clinical Director & Partner, BCBA","exec_director","clayton@mosaicabaca.org","https://www.linkedin.com/in/clayton-bateman-mosaicaba","state_directory","https://www.google.com/maps/search/Mosaic%20Therapy%20Partners%20San%20Diego%20CA","pilot-2026-09-25-2k"
"Navigate Pediatric Autism Services","https://www.navigateautismnc.com","Salisbury","NC","2","Cole Bates","Founder & President, BCBA, LBA","founder","cole.bates@navigateautismnc.com","https://www.linkedin.com/in/cole-bates-navigateaba","aba_index","https://www.google.com/maps/search/Navigate%20Pediatric%20Autism%20Services%20Salisbury%20NC","pilot-2026-09-25-2k"
"Navigator Behavioral Care Center","https://www.navigatorbehavioralga.com","Duluth","GA","3","Colin Batista","Owner & Director of Applied Behavior Analysis","owner","cbatista@navigatorbehavioralga.com","https://www.linkedin.com/in/colin-batista-navigatoraba","google_maps","https://www.google.com/maps/search/Navigator%20Behavioral%20Care%20Center%20Duluth%20GA","pilot-2026-09-25-2k"
"Nest Autism & Learning Institute","https://www.nestcareco.net","Fort Collins","CO","4","Colleen Bauer","Founder & Clinical Director, BCBA-D","founder","colleen@nestcareco.net","https://www.linkedin.com/in/colleen-bauer-nestaba","apollo","https://www.google.com/maps/search/Nest%20Autism%20%26%20Learning%20Institute%20Fort%20Collins%20CO","pilot-2026-09-25-2k"
"New Chapter Developmental Solutions","https://www.newchapterabava.com","Arlington","VA","1","Connor Baughman","Co-Founder & Executive Director, MS, BCBA","founder","connor.baughman@newchapterabava.com","https://www.linkedin.com/in/connor-baughman-newchapteraba","linkedin_sales_nav","https://www.google.com/maps/search/New%20Chapter%20Developmental%20Solutions%20Arlington%20VA","pilot-2026-09-25-2k"
"New Day Behavioral Therapy Center","https://www.newdayautismmd.org","Gaithersburg","MD","2","Cora Bauman","Owner & Clinical Supervisor, BCBA","owner","cbauman@newdayautismmd.org","https://www.linkedin.com/in/cora-bauman-newdayaba","state_directory","https://www.google.com/maps/search/New%20Day%20Behavioral%20Therapy%20Center%20Gaithersburg%20MD","pilot-2026-09-25-2k"
"New Era Autism Discovery Center","https://www.newerabehavioralil.com","Schaumburg","IL","3","Corey Baxter","CEO & Managing Partner, BCBA","ceo","corey@newerabehavioralil.com","https://www.linkedin.com/in/corey-baxter-neweraaba","aba_index","https://www.google.com/maps/search/New%20Era%20Autism%20Discovery%20Center%20Schaumburg%20IL","pilot-2026-09-25-2k"
"New Horizons Behavioral Foundations","https://www.newhorizonscareut.com","Layton","UT","4","Courtney Beach","Executive Clinical Director & Partner, BCBA","exec_director","courtney.beach@newhorizonscareut.com","https://www.linkedin.com/in/courtney-beach-newhorizonsaba","google_maps","https://www.google.com/maps/search/New%20Horizons%20Behavioral%20Foundations%20Layton%20UT","pilot-2026-09-25-2k"
"New Path Therapeutic Solutions","https://www.newpathabanj.com","Trenton","NJ","1","Craig Beal","Founder & President, BCBA, LBA","founder","cbeal@newpathabanj.com","https://www.linkedin.com/in/craig-beal-newpathaba","apollo","https://www.google.com/maps/search/New%20Path%20Therapeutic%20Solutions%20Trenton%20NJ","pilot-2026-09-25-2k"
"Next Chapter ABA Collective","https://www.nextchapterautismtx.com","Arlington","TX","2","Crystal Beam","Owner & Director of Applied Behavior Analysis","owner","crystal@nextchapterautismtx.com","https://www.linkedin.com/in/crystal-beam-nextchapteraba","linkedin_sales_nav","https://www.google.com/maps/search/Next%20Chapter%20ABA%20Collective%20Arlington%20TX","pilot-2026-09-25-2k"
"Next Step Autism Center","https://www.nextstepbehavioralfl.org","Naples","FL","3","Curtis Bean","Founder & Clinical Director, BCBA-D","founder","curtis.bean@nextstepbehavioralfl.org","https://www.linkedin.com/in/curtis-bean-nextstepaba","state_directory","https://www.google.com/maps/search/Next%20Step%20Autism%20Center%20Naples%20FL","pilot-2026-09-25-2k"
"Noble ABA Therapy Group","https://www.noblecareca.com","Riverside","CA","4","Cynthia Beard","Co-Founder & Executive Director, MS, BCBA","founder","cbeard@noblecareca.com","https://www.linkedin.com/in/cynthia-beard-nobleaba","aba_index","https://www.google.com/maps/search/Noble%20ABA%20Therapy%20Group%20Riverside%20CA","pilot-2026-09-25-2k"
"North Star Behavioral Solutions","https://www.northstarabanc.com","Greensboro","NC","1","Daisy Beasley","Owner & Clinical Supervisor, BCBA","owner","daisy@northstarabanc.com","https://www.linkedin.com/in/daisy-beasley-northstaraba","google_maps","https://www.google.com/maps/search/North%20Star%20Behavioral%20Solutions%20Greensboro%20NC","pilot-2026-09-25-2k"
"Nova Autism Services","https://www.novaautismga.com","Savannah","GA","2","Dale Beatty","CEO & Managing Partner, BCBA","ceo","dale.beatty@novaautismga.com","https://www.linkedin.com/in/dale-beatty-novaaba","apollo","https://www.google.com/maps/search/Nova%20Autism%20Services%20Savannah%20GA","pilot-2026-09-25-2k"
"Oasis Behavioral Health","https://www.oasisbehavioralco.com","Castle Rock","CO","3","Dallas Beauchamp","Executive Clinical Director & Partner, BCBA","exec_director","dbeauchamp@oasisbehavioralco.com","https://www.linkedin.com/in/dallas-beauchamp-oasisaba","linkedin_sales_nav","https://www.google.com/maps/search/Oasis%20Behavioral%20Health%20Castle%20Rock%20CO","pilot-2026-09-25-2k"
"Octave Therapy Associates","https://www.octavecareva.org","Leesburg","VA","4","Dalton Beaver","Founder & President, BCBA, LBA","founder","dalton@octavecareva.org","https://www.linkedin.com/in/dalton-beaver-octaveaba","state_directory","https://www.google.com/maps/search/Octave%20Therapy%20Associates%20Leesburg%20VA","pilot-2026-09-25-2k"
"Odyssey Developmental Clinic","https://www.odysseyabamd.com","Salisbury","MD","1","Damian Beck","Owner & Director of Applied Behavior Analysis","owner","damian.beck@odysseyabamd.com","https://www.linkedin.com/in/damian-beck-odysseyaba","aba_index","https://www.google.com/maps/search/Odyssey%20Developmental%20Clinic%20Salisbury%20MD","pilot-2026-09-25-2k"
"Omega ABA Services","https://www.omegaautismil.net","Palatine","IL","2","Daniel Becker","Founder & Clinical Director, BCBA-D","founder","dbecker@omegaautismil.net","https://www.linkedin.com/in/daniel-becker-omegaaba","google_maps","https://www.google.com/maps/search/Omega%20ABA%20Services%20Palatine%20IL","pilot-2026-09-25-2k"
"One Step Autism & Behavioral Clinic","https://www.onestepbehavioralut.com","Roy","UT","3","Danielle Beckett","Co-Founder & Executive Director, MS, BCBA","founder","danielle@onestepbehavioralut.com","https://www.linkedin.com/in/danielle-beckett-onestepaba","apollo","https://www.google.com/maps/search/One%20Step%20Autism%20%26%20Behavioral%20Clinic%20Roy%20UT","pilot-2026-09-25-2k"
"Open Door Child Development Center","https://www.opendoorcarenj.com","Plainfield","NJ","4","Danny Beckman","Owner & Clinical Supervisor, BCBA","owner","danny.beckman@opendoorcarenj.com","https://www.linkedin.com/in/danny-beckman-opendooraba","linkedin_sales_nav","https://www.google.com/maps/search/Open%20Door%20Child%20Development%20Center%20Plainfield%20NJ","pilot-2026-09-25-2k"
"Optima Behavior Analysis Partners","https://www.optimaabatx.org","League City","TX","1","Daphne Bedford","CEO & Managing Partner, BCBA","ceo","dbedford@optimaabatx.org","https://www.linkedin.com/in/daphne-bedford-optimaaba","state_directory","https://www.google.com/maps/search/Optima%20Behavior%20Analysis%20Partners%20League%20City%20TX","pilot-2026-09-25-2k"
"Orchard Behavioral Care","https://www.orchardautismfl.com","Delray Beach","FL","2","Darlene Beebe","Executive Clinical Director & Partner, BCBA","exec_director","darlene@orchardautismfl.com","https://www.linkedin.com/in/darlene-beebe-orchardaba","aba_index","https://www.google.com/maps/search/Orchard%20Behavioral%20Care%20Delray%20Beach%20FL","pilot-2026-09-25-2k"
"Origin Autism Horizons","https://www.originbehavioralca.com","Ontario","CA","3","Darren Beeler","Founder & President, BCBA, LBA","founder","darren.beeler@originbehavioralca.com","https://www.linkedin.com/in/darren-beeler-originaba","google_maps","https://www.google.com/maps/search/Origin%20Autism%20Horizons%20Ontario%20CA","pilot-2026-09-25-2k"
"Overbrook Therapy & Learning Center","https://www.overbrookcarenc.com","High Point","NC","4","David Begay","Owner & Director of Applied Behavior Analysis","owner","dbegay@overbrookcarenc.com","https://www.linkedin.com/in/david-begay-overbrookaba","apollo","https://www.google.com/maps/search/Overbrook%20Therapy%20%26%20Learning%20Center%20High%20Point%20NC","pilot-2026-09-25-2k"
"Pacific Behavioral Interventions","https://www.pacificabaga.net","Dunwoody","GA","1","Dawn Belcher","Founder & Clinical Director, BCBA-D","founder","dawn@pacificabaga.net","https://www.linkedin.com/in/dawn-belcher-pacificaba","linkedin_sales_nav","https://www.google.com/maps/search/Pacific%20Behavioral%20Interventions%20Dunwoody%20GA","pilot-2026-09-25-2k"
"Palisade Autism Clinic","https://www.palisadeautismco.org","Boulder","CO","2","Dean Bell","Co-Founder & Executive Director, MS, BCBA","founder","dean.bell@palisadeautismco.org","https://www.linkedin.com/in/dean-bell-palisadeaba","state_directory","https://www.google.com/maps/search/Palisade%20Autism%20Clinic%20Boulder%20CO","pilot-2026-09-25-2k"
"Panorama ABA Center","https://www.panoramabehavioralva.com","Roanoke","VA","3","Deanna Bellamy","Owner & Clinical Supervisor, BCBA","owner","dbellamy@panoramabehavioralva.com","https://www.linkedin.com/in/deanna-bellamy-panoramaaba","aba_index","https://www.google.com/maps/search/Panorama%20ABA%20Center%20Roanoke%20VA","pilot-2026-09-25-2k"
"Paragon Behavioral Health Network","https://www.paragoncaremd.com","Bowie","MD","4","Deborah Bellinger","CEO & Managing Partner, BCBA","ceo","deborah@paragoncaremd.com","https://www.linkedin.com/in/deborah-bellinger-paragonaba","google_maps","https://www.google.com/maps/search/Paragon%20Behavioral%20Health%20Network%20Bowie%20MD","pilot-2026-09-25-2k"
"Pathway Autism Group","https://www.pathwayabail.com","Elgin","IL","1","Debra Beltran","Executive Clinical Director & Partner, BCBA","exec_director","debra.beltran@pathwayabail.com","https://www.linkedin.com/in/debra-beltran-pathwayaba","apollo","https://www.google.com/maps/search/Pathway%20Autism%20Group%20Elgin%20IL","pilot-2026-09-25-2k"
"Pathways Applied Behavior Specialists","https://www.pathwaysautismut.com","Lehi","UT","2","Declan Bender","Founder & President, BCBA, LBA","founder","dbender@pathwaysautismut.com","https://www.linkedin.com/in/declan-bender-pathwaysaba","linkedin_sales_nav","https://www.google.com/maps/search/Pathways%20Applied%20Behavior%20Specialists%20Lehi%20UT","pilot-2026-09-25-2k"
"Patience Therapy Partners","https://www.patiencebehavioralnj.org","Camden","NJ","3","Delilah Benedict","Owner & Director of Applied Behavior Analysis","owner","delilah@patiencebehavioralnj.org","https://www.linkedin.com/in/delilah-benedict-patienceaba","state_directory","https://www.google.com/maps/search/Patience%20Therapy%20Partners%20Camden%20NJ","pilot-2026-09-25-2k"
"Peak Pediatric Autism Services","https://www.peakcaretx.net","Mission","TX","4","Derek Benitez","Founder & Clinical Director, BCBA-D","founder","derek.benitez@peakcaretx.net","https://www.linkedin.com/in/derek-benitez-peakaba","aba_index","https://www.google.com/maps/search/Peak%20Pediatric%20Autism%20Services%20Mission%20TX","pilot-2026-09-25-2k"
"Pelican Behavioral Care Center","https://www.pelicanabafl.com","Clermont","FL","1","Desiree Benjamin","Co-Founder & Executive Director, MS, BCBA","founder","dbenjamin@pelicanabafl.com","https://www.linkedin.com/in/desiree-benjamin-pelicanaba","google_maps","https://www.google.com/maps/search/Pelican%20Behavioral%20Care%20Center%20Clermont%20FL","pilot-2026-09-25-2k"
"Petal Autism & Learning Institute","https://www.petalautismca.com","Simi Valley","CA","2","Destiny Bennett","Owner & Clinical Supervisor, BCBA","owner","destiny@petalautismca.com","https://www.linkedin.com/in/destiny-bennett-petalaba","apollo","https://www.google.com/maps/search/Petal%20Autism%20%26%20Learning%20Institute%20Simi%20Valley%20CA","pilot-2026-09-25-2k"
"Pharos Developmental Solutions","https://www.pharosbehavioralnc.com","Garner","NC","3","Devin Benoit","CEO & Managing Partner, BCBA","ceo","devin.benoit@pharosbehavioralnc.com","https://www.linkedin.com/in/devin-benoit-pharosaba","linkedin_sales_nav","https://www.google.com/maps/search/Pharos%20Developmental%20Solutions%20Garner%20NC","pilot-2026-09-25-2k"
"Pheonix Behavioral Therapy Center","https://www.pheonixcarega.org","Suwanee","GA","4","Diana Benson","Executive Clinical Director & Partner, BCBA","exec_director","dbenson@pheonixcarega.org","https://www.linkedin.com/in/diana-benson-pheonixaba","state_directory","https://www.google.com/maps/search/Pheonix%20Behavioral%20Therapy%20Center%20Suwanee%20GA","pilot-2026-09-25-2k"
"Pier Autism Discovery Center","https://www.pierabaco.com","Commerce City","CO","1","Dominic Bentley","Founder & President, BCBA, LBA","founder","dominic@pierabaco.com","https://www.linkedin.com/in/dominic-bentley-pieraba","aba_index","https://www.google.com/maps/search/Pier%20Autism%20Discovery%20Center%20Commerce%20City%20CO","pilot-2026-09-25-2k"
"Pilgrim Behavioral Foundations","https://www.pilgrimautismva.com","Fredericksburg","VA","2","Donald Benton","Owner & Director of Applied Behavior Analysis","owner","donald.benton@pilgrimautismva.com","https://www.linkedin.com/in/donald-benton-pilgrimaba","google_maps","https://www.google.com/maps/search/Pilgrim%20Behavioral%20Foundations%20Fredericksburg%20VA","pilot-2026-09-25-2k"
"Pilot Therapeutic Solutions","https://www.pilotbehavioralmd.net","Severn","MD","3","Donna Berg","Founder & Clinical Director, BCBA-D","founder","dberg@pilotbehavioralmd.net","https://www.linkedin.com/in/donna-berg-pilotaba","apollo","https://www.google.com/maps/search/Pilot%20Therapeutic%20Solutions%20Severn%20MD","pilot-2026-09-25-2k"
"Pinnacle ABA Collective","https://www.pinnaclecareil.com","Des Plaines","IL","4","Dora Berger","Co-Founder & Executive Director, MS, BCBA","founder","dora@pinnaclecareil.com","https://www.linkedin.com/in/dora-berger-pinnacleaba","linkedin_sales_nav","https://www.google.com/maps/search/Pinnacle%20ABA%20Collective%20Des%20Plaines%20IL","pilot-2026-09-25-2k"
"Pioneer Autism Center","https://www.pioneerabaut.org","Salt Lake City","UT","1","Douglas Bergman","Owner & Clinical Supervisor, BCBA","owner","douglas.bergman@pioneerabaut.org","https://www.linkedin.com/in/douglas-bergman-pioneeraba","state_directory","https://www.google.com/maps/search/Pioneer%20Autism%20Center%20Salt%20Lake%20City%20UT","pilot-2026-09-25-2k"
"Plaza ABA Therapy Group","https://www.plazaautismnj.com","Jersey City","NJ","2","Drew Bernal","CEO & Managing Partner, BCBA","ceo","dbernal@plazaautismnj.com","https://www.linkedin.com/in/drew-bernal-plazaaba","aba_index","https://www.google.com/maps/search/Plaza%20ABA%20Therapy%20Group%20Jersey%20City%20NJ","pilot-2026-09-25-2k"
"Pledge Behavioral Solutions","https://www.pledgebehavioraltx.com","Houston","TX","3","Dustin Bernard","Executive Clinical Director & Partner, BCBA","exec_director","dustin@pledgebehavioraltx.com","https://www.linkedin.com/in/dustin-bernard-pledgeaba","google_maps","https://www.google.com/maps/search/Pledge%20Behavioral%20Solutions%20Houston%20TX","pilot-2026-09-25-2k"
"Point Autism Services","https://www.pointcarefl.com","Jacksonville","FL","4","Dylan Berry","Founder & President, BCBA, LBA","founder","dylan.berry@pointcarefl.com","https://www.linkedin.com/in/dylan-berry-pointaba","apollo","https://www.google.com/maps/search/Point%20Autism%20Services%20Jacksonville%20FL","pilot-2026-09-25-2k"
"Polestar Behavioral Health","https://www.polestarabaca.com","Irvine","CA","1","Easton Berryman","Owner & Director of Applied Behavior Analysis","owner","eberryman@polestarabaca.com","https://www.linkedin.com/in/easton-berryman-polestaraba","linkedin_sales_nav","https://www.google.com/maps/search/Polestar%20Behavioral%20Health%20Irvine%20CA","pilot-2026-09-25-2k"
"Prairie Therapy Associates","https://www.prairieautismnc.org","Fayetteville","NC","2","Eddie Bertram","Founder & Clinical Director, BCBA-D","founder","eddie@prairieautismnc.org","https://www.linkedin.com/in/eddie-bertram-prairieaba","state_directory","https://www.google.com/maps/search/Prairie%20Therapy%20Associates%20Fayetteville%20NC","pilot-2026-09-25-2k"
"Precision Developmental Clinic","https://www.precisionbehavioralga.com","Roswell","GA","3","Eden Best","Co-Founder & Executive Director, MS, BCBA","founder","eden.best@precisionbehavioralga.com","https://www.linkedin.com/in/eden-best-precisionaba","aba_index","https://www.google.com/maps/search/Precision%20Developmental%20Clinic%20Roswell%20GA","pilot-2026-09-25-2k"
"Premier ABA Services","https://www.premiercareco.com","Arvada","CO","4","Edward Betancourt","Owner & Clinical Supervisor, BCBA","owner","ebetancourt@premiercareco.com","https://www.linkedin.com/in/edward-betancourt-premieraba","google_maps","https://www.google.com/maps/search/Premier%20ABA%20Services%20Arvada%20CO","pilot-2026-09-25-2k"
"Primrose Autism & Behavioral Clinic","https://www.primroseabava.com","Reston","VA","1","Edwin Betts","CEO & Managing Partner, BCBA","ceo","edwin@primroseabava.com","https://www.linkedin.com/in/edwin-betts-primroseaba","apollo","https://www.google.com/maps/search/Primrose%20Autism%20%26%20Behavioral%20Clinic%20Reston%20VA","pilot-2026-09-25-2k"
"Prism Child Development Center","https://www.prismautismmd.com","Towson","MD","2","Elaine Bevan","Executive Clinical Director & Partner, BCBA","exec_director","elaine.bevan@prismautismmd.com","https://www.linkedin.com/in/elaine-bevan-prismaba","linkedin_sales_nav","https://www.google.com/maps/search/Prism%20Child%20Development%20Center%20Towson%20MD","pilot-2026-09-25-2k"
"Progress Behavior Analysis Partners","https://www.progressbehavioralil.org","Waukegan","IL","3","Eleanor Beverly","Founder & President, BCBA, LBA","founder","ebeverly@progressbehavioralil.org","https://www.linkedin.com/in/eleanor-beverly-progressaba","state_directory","https://www.google.com/maps/search/Progress%20Behavior%20Analysis%20Partners%20Waukegan%20IL","pilot-2026-09-25-2k"
"Promise Behavioral Care","https://www.promisecareut.com","Taylorsville","UT","4","Eli Beyer","Owner & Director of Applied Behavior Analysis","owner","eli@promisecareut.com","https://www.linkedin.com/in/eli-beyer-promiseaba","aba_index","https://www.google.com/maps/search/Promise%20Behavioral%20Care%20Taylorsville%20UT","pilot-2026-09-25-2k"
"Prosper Autism Horizons","https://www.prosperabanj.net","Union City","NJ","1","Elias Bibb","Founder & Clinical Director, BCBA-D","founder","elias.bibb@prosperabanj.net","https://www.linkedin.com/in/elias-bibb-prosperaba","google_maps","https://www.google.com/maps/search/Prosper%20Autism%20Horizons%20Union%20City%20NJ","pilot-2026-09-25-2k"
"Proximity Therapy & Learning Center","https://www.proximityautismtx.com","McAllen","TX","2","Elijah Bickford","Co-Founder & Executive Director, MS, BCBA","founder","ebickford@proximityautismtx.com","https://www.linkedin.com/in/elijah-bickford-proximityaba","apollo","https://www.google.com/maps/search/Proximity%20Therapy%20%26%20Learning%20Center%20McAllen%20TX","pilot-2026-09-25-2k"
"Purpose Behavioral Interventions","https://www.purposebehavioralfl.com","Lakeland","FL","3","Elise Biddle","Owner & Clinical Supervisor, BCBA","owner","elise@purposebehavioralfl.com","https://www.linkedin.com/in/elise-biddle-purposeaba","linkedin_sales_nav","https://www.google.com/maps/search/Purpose%20Behavioral%20Interventions%20Lakeland%20FL","pilot-2026-09-25-2k"
"Quest Autism Clinic","https://www.questcareca.org","Santa Clarita","CA","4","Elizabeth Bigelow","CEO & Managing Partner, BCBA","ceo","elizabeth.bigelow@questcareca.org","https://www.linkedin.com/in/elizabeth-bigelow-questaba","state_directory","https://www.google.com/maps/search/Quest%20Autism%20Clinic%20Santa%20Clarita%20CA","pilot-2026-09-25-2k"
"Radiance ABA Center","https://www.radianceabanc.com","Kannapolis","NC","1","Ella Biggs","Executive Clinical Director & Partner, BCBA","exec_director","ebiggs@radianceabanc.com","https://www.linkedin.com/in/ella-biggs-radianceaba","aba_index","https://www.google.com/maps/search/Radiance%20ABA%20Center%20Kannapolis%20NC","pilot-2026-09-25-2k"
"Radiant Behavioral Health Network","https://www.radiantautismga.com","Newnan","GA","2","Ellen Abbott","Founder & President, BCBA, LBA","founder","ellen@radiantautismga.com","https://www.linkedin.com/in/ellen-abbott-radiantaba","google_maps","https://www.google.com/maps/search/Radiant%20Behavioral%20Health%20Network%20Newnan%20GA","pilot-2026-09-25-2k"
"Rainbow Autism Group","https://www.rainbowbehavioralco.com","Littleton","CO","3","Ellie Abernathy","Owner & Director of Applied Behavior Analysis","owner","ellie.abernathy@rainbowbehavioralco.com","https://www.linkedin.com/in/ellie-abernathy-rainbowaba","apollo","https://www.google.com/maps/search/Rainbow%20Autism%20Group%20Littleton%20CO","pilot-2026-09-25-2k"
"Reach Applied Behavior Specialists","https://www.reachcareva.net","Salem","VA","4","Elliott Acevedo","Founder & Clinical Director, BCBA-D","founder","eacevedo@reachcareva.net","https://www.linkedin.com/in/elliott-acevedo-reachaba","linkedin_sales_nav","https://www.google.com/maps/search/Reach%20Applied%20Behavior%20Specialists%20Salem%20VA","pilot-2026-09-25-2k"
"Realm Therapy Partners","https://www.realmabamd.org","Baltimore","MD","1","Aaron Acosta","Co-Founder & Executive Director, MS, BCBA","founder","aaron@realmabamd.org","https://www.linkedin.com/in/aaron-acosta-realmaba","state_directory","https://www.google.com/maps/search/Realm%20Therapy%20Partners%20Baltimore%20MD","pilot-2026-09-25-2k"
"Redwood Pediatric Autism Services","https://www.redwoodautismil.com","Naperville","IL","2","Abigail Adair","Owner & Clinical Supervisor, BCBA","owner","abigail.adair@redwoodautismil.com","https://www.linkedin.com/in/abigail-adair-redwoodaba","aba_index","https://www.google.com/maps/search/Redwood%20Pediatric%20Autism%20Services%20Naperville%20IL","pilot-2026-09-25-2k"
"Refuge Behavioral Care Center","https://www.refugebehavioralut.com","West Valley City","UT","3","Adam Adkins","CEO & Managing Partner, BCBA","ceo","aadkins@refugebehavioralut.com","https://www.linkedin.com/in/adam-adkins-refugeaba","google_maps","https://www.google.com/maps/search/Refuge%20Behavioral%20Care%20Center%20West%20Valley%20City%20UT","pilot-2026-09-25-2k"
"Regal Autism & Learning Institute","https://www.regalcarenj.com","Elizabeth","NJ","4","Adrian Aguilar","Executive Clinical Director & Partner, BCBA","exec_director","adrian@regalcarenj.com","https://www.linkedin.com/in/adrian-aguilar-regalaba","apollo","https://www.google.com/maps/search/Regal%20Autism%20%26%20Learning%20Institute%20Elizabeth%20NJ","pilot-2026-09-25-2k"
"Reliant Developmental Solutions","https://www.reliantabatx.com","New Braunfels","TX","1","Aiden Aguirre","Founder & President, BCBA, LBA","founder","aiden.aguirre@reliantabatx.com","https://www.linkedin.com/in/aiden-aguirre-reliantaba","linkedin_sales_nav","https://www.google.com/maps/search/Reliant%20Developmental%20Solutions%20New%20Braunfels%20TX","pilot-2026-09-25-2k"
"Renaissance Behavioral Therapy Center","https://www.renaissanceautismfl.org","Melbourne","FL","2","Alex Albert","Owner & Director of Applied Behavior Analysis","owner","aalbert@renaissanceautismfl.org","https://www.linkedin.com/in/alex-albert-renaissanceaba","state_directory","https://www.google.com/maps/search/Renaissance%20Behavioral%20Therapy%20Center%20Melbourne%20FL","pilot-2026-09-25-2k"
"Renew Autism Discovery Center","https://www.renewbehavioralca.net","Sunnyvale","CA","3","Alexander Albrecht","Founder & Clinical Director, BCBA-D","founder","alexander@renewbehavioralca.net","https://www.linkedin.com/in/alexander-albrecht-renewaba","aba_index","https://www.google.com/maps/search/Renew%20Autism%20Discovery%20Center%20Sunnyvale%20CA","pilot-2026-09-25-2k"
"Renewal Behavioral Foundations","https://www.renewalcarenc.com","Statesville","NC","4","Alexandra Alcorn","Co-Founder & Executive Director, MS, BCBA","founder","alexandra.alcorn@renewalcarenc.com","https://www.linkedin.com/in/alexandra-alcorn-renewalaba","google_maps","https://www.google.com/maps/search/Renewal%20Behavioral%20Foundations%20Statesville%20NC","pilot-2026-09-25-2k"
"Resilience Therapeutic Solutions","https://www.resilienceabaga.com","Stockbridge","GA","1","Alexis Aldridge","Owner & Clinical Supervisor, BCBA","owner","aaldridge@resilienceabaga.com","https://www.linkedin.com/in/alexis-aldridge-resilienceaba","apollo","https://www.google.com/maps/search/Resilience%20Therapeutic%20Solutions%20Stockbridge%20GA","pilot-2026-09-25-2k"
"Resolution ABA Collective","https://www.resolutionautismco.com","Pueblo","CO","2","Alice Alford","CEO & Managing Partner, BCBA","ceo","alice@resolutionautismco.com","https://www.linkedin.com/in/alice-alford-resolutionaba","linkedin_sales_nav","https://www.google.com/maps/search/Resolution%20ABA%20Collective%20Pueblo%20CO","pilot-2026-09-25-2k"
"Resonance Autism Center","https://www.resonancebehavioralva.org","Hampton","VA","3","Allison Allan","Executive Clinical Director & Partner, BCBA","exec_director","allison.allan@resonancebehavioralva.org","https://www.linkedin.com/in/allison-allan-resonanceaba","state_directory","https://www.google.com/maps/search/Resonance%20Autism%20Center%20Hampton%20VA","pilot-2026-09-25-2k"
"Rialto ABA Therapy Group","https://www.rialtocaremd.com","Waldorf","MD","4","Alyssa Alston","Founder & President, BCBA, LBA","founder","aalston@rialtocaremd.com","https://www.linkedin.com/in/alyssa-alston-rialtoaba","aba_index","https://www.google.com/maps/search/Rialto%20ABA%20Therapy%20Group%20Waldorf%20MD","pilot-2026-09-25-2k"
"Ridge Behavioral Solutions","https://www.ridgeabail.com","Champaign","IL","1","Amber Alvarado","Owner & Director of Applied Behavior Analysis","owner","amber@ridgeabail.com","https://www.linkedin.com/in/amber-alvarado-ridgeaba","google_maps","https://www.google.com/maps/search/Ridge%20Behavioral%20Solutions%20Champaign%20IL","pilot-2026-09-25-2k"
"Ridgeway Autism Services","https://www.ridgewayautismut.net","Murray","UT","2","Amy Alvarez","Founder & Clinical Director, BCBA-D","founder","amy.alvarez@ridgewayautismut.net","https://www.linkedin.com/in/amy-alvarez-ridgewayaba","apollo","https://www.google.com/maps/search/Ridgeway%20Autism%20Services%20Murray%20UT","pilot-2026-09-25-2k"
"Rise Behavioral Health","https://www.risebehavioralnj.com","East Orange","NJ","3","Andrea Amato","Co-Founder & Executive Director, MS, BCBA","founder","aamato@risebehavioralnj.com","https://www.linkedin.com/in/andrea-amato-riseaba","linkedin_sales_nav","https://www.google.com/maps/search/Rise%20Behavioral%20Health%20East%20Orange%20NJ","pilot-2026-09-25-2k"
"Rising Sun Therapy Associates","https://www.risingsuncaretx.org","Beaumont","TX","4","Andrew Ambrose","Owner & Clinical Supervisor, BCBA","owner","andrew@risingsuncaretx.org","https://www.linkedin.com/in/andrew-ambrose-risingsunaba","state_directory","https://www.google.com/maps/search/Rising%20Sun%20Therapy%20Associates%20Beaumont%20TX","pilot-2026-09-25-2k"
"River Developmental Clinic","https://www.riverabafl.com","Plantation","FL","1","Angela Ames","CEO & Managing Partner, BCBA","ceo","angela.ames@riverabafl.com","https://www.linkedin.com/in/angela-ames-riveraba","aba_index","https://www.google.com/maps/search/River%20Developmental%20Clinic%20Plantation%20FL","pilot-2026-09-25-2k"
"Riverbend ABA Services","https://www.riverbendautismca.com","Vallejo","CA","2","Ann Amos","Executive Clinical Director & Partner, BCBA","exec_director","aamos@riverbendautismca.com","https://www.linkedin.com/in/ann-amos-riverbendaba","google_maps","https://www.google.com/maps/search/Riverbend%20ABA%20Services%20Vallejo%20CA","pilot-2026-09-25-2k"
"Riverstone Autism & Behavioral Clinic","https://www.riverstonebehavioralnc.com","Asheville","NC","3","Anna Anaya","Founder & President, BCBA, LBA","founder","anna@riverstonebehavioralnc.com","https://www.linkedin.com/in/anna-anaya-riverstoneaba","apollo","https://www.google.com/maps/search/Riverstone%20Autism%20%26%20Behavioral%20Clinic%20Asheville%20NC","pilot-2026-09-25-2k"
"Roanoke Child Development Center","https://www.roanokecarega.com","Marietta","GA","4","Anthony Anders","Owner & Director of Applied Behavior Analysis","owner","anthony.anders@roanokecarega.com","https://www.linkedin.com/in/anthony-anders-roanokeaba","linkedin_sales_nav","https://www.google.com/maps/search/Roanoke%20Child%20Development%20Center%20Marietta%20GA","pilot-2026-09-25-2k"
"Rockford Behavior Analysis Partners","https://www.rockfordabaco.org","Denver","CO","1","Antonio Andersen","Founder & Clinical Director, BCBA-D","founder","aandersen@rockfordabaco.org","https://www.linkedin.com/in/antonio-andersen-rockfordaba","state_directory","https://www.google.com/maps/search/Rockford%20Behavior%20Analysis%20Partners%20Denver%20CO","pilot-2026-09-25-2k"
"Roots Behavioral Care","https://www.rootsautismva.com","Virginia Beach","VA","2","Arthur Anderson","Co-Founder & Executive Director, MS, BCBA","founder","arthur@rootsautismva.com","https://www.linkedin.com/in/arthur-anderson-rootsaba","aba_index","https://www.google.com/maps/search/Roots%20Behavioral%20Care%20Virginia%20Beach%20VA","pilot-2026-09-25-2k"
"Roswell Autism Horizons","https://www.roswellbehavioralmd.com","Bethesda","MD","3","Ashley Andrade","Owner & Clinical Supervisor, BCBA","owner","ashley.andrade@roswellbehavioralmd.com","https://www.linkedin.com/in/ashley-andrade-roswellaba","google_maps","https://www.google.com/maps/search/Roswell%20Autism%20Horizons%20Bethesda%20MD","pilot-2026-09-25-2k"
"Safe Harbor Therapy & Learning Center","https://www.safeharborcareil.com","Rockford","IL","4","Audrey Andrews","CEO & Managing Partner, BCBA","ceo","aandrews@safeharborcareil.com","https://www.linkedin.com/in/audrey-andrews-safeharboraba","apollo","https://www.google.com/maps/search/Safe%20Harbor%20Therapy%20%26%20Learning%20Center%20Rockford%20IL","pilot-2026-09-25-2k"
"Safe Haven Behavioral Interventions","https://www.safehavenabaut.com","Sandy","UT","1","Austin Anthony","Executive Clinical Director & Partner, BCBA","exec_director","austin@safehavenabaut.com","https://www.linkedin.com/in/austin-anthony-safehavenaba","linkedin_sales_nav","https://www.google.com/maps/search/Safe%20Haven%20Behavioral%20Interventions%20Sandy%20UT","pilot-2026-09-25-2k"
"Saddleback Autism Clinic","https://www.saddlebackautismnj.org","Woodbridge","NJ","2","Autumn Archer","Founder & President, BCBA, LBA","founder","autumn.archer@saddlebackautismnj.org","https://www.linkedin.com/in/autumn-archer-saddlebackaba","state_directory","https://www.google.com/maps/search/Saddleback%20Autism%20Clinic%20Woodbridge%20NJ","pilot-2026-09-25-2k"
"Sage ABA Center","https://www.sagebehavioraltx.com","Sugar Land","TX","3","Ava Arellano","Owner & Director of Applied Behavior Analysis","owner","aarellano@sagebehavioraltx.com","https://www.linkedin.com/in/ava-arellano-sageaba","aba_index","https://www.google.com/maps/search/Sage%20ABA%20Center%20Sugar%20Land%20TX","pilot-2026-09-25-2k"
"Sanctuary Behavioral Health Network","https://www.sanctuarycarefl.net","Sarasota","FL","4","Avery Armenta","Founder & Clinical Director, BCBA-D","founder","avery@sanctuarycarefl.net","https://www.linkedin.com/in/avery-armenta-sanctuaryaba","google_maps","https://www.google.com/maps/search/Sanctuary%20Behavioral%20Health%20Network%20Sarasota%20FL","pilot-2026-09-25-2k"
"Sapphire Autism Group","https://www.sapphireabaca.com","Long Beach","CA","1","Bailey Armstrong","Co-Founder & Executive Director, MS, BCBA","founder","bailey.armstrong@sapphireabaca.com","https://www.linkedin.com/in/bailey-armstrong-sapphireaba","apollo","https://www.google.com/maps/search/Sapphire%20Autism%20Group%20Long%20Beach%20CA","pilot-2026-09-25-2k"
"Scaffold Applied Behavior Specialists","https://www.scaffoldautismnc.com","Wake Forest","NC","2","Barbara Arndt","Owner & Clinical Supervisor, BCBA","owner","barndt@scaffoldautismnc.com","https://www.linkedin.com/in/barbara-arndt-scaffoldaba","linkedin_sales_nav","https://www.google.com/maps/search/Scaffold%20Applied%20Behavior%20Specialists%20Wake%20Forest%20NC","pilot-2026-09-25-2k"
"Scholar Therapy Partners","https://www.scholarbehavioralga.org","Douglasville","GA","3","Beatrice Arnold","CEO & Managing Partner, BCBA","ceo","beatrice@scholarbehavioralga.org","https://www.linkedin.com/in/beatrice-arnold-scholaraba","state_directory","https://www.google.com/maps/search/Scholar%20Therapy%20Partners%20Douglasville%20GA","pilot-2026-09-25-2k"
"Scope Pediatric Autism Services","https://www.scopecareco.com","Longmont","CO","4","Benjamin Arredondo","Executive Clinical Director & Partner, BCBA","exec_director","benjamin.arredondo@scopecareco.com","https://www.linkedin.com/in/benjamin-arredondo-scopeaba","aba_index","https://www.google.com/maps/search/Scope%20Pediatric%20Autism%20Services%20Longmont%20CO","pilot-2026-09-25-2k"
"Sequoia Behavioral Care Center","https://www.sequoiaabava.com","Charlottesville","VA","1","Bethany Arroyo","Founder & President, BCBA, LBA","founder","barroyo@sequoiaabava.com","https://www.linkedin.com/in/bethany-arroyo-sequoiaaba","google_maps","https://www.google.com/maps/search/Sequoia%20Behavioral%20Care%20Center%20Charlottesville%20VA","pilot-2026-09-25-2k"
"Serenity Autism & Learning Institute","https://www.serenityautismmd.com","Glen Burnie","MD","2","Blake Arthur","Owner & Director of Applied Behavior Analysis","owner","blake@serenityautismmd.com","https://www.linkedin.com/in/blake-arthur-serenityaba","apollo","https://www.google.com/maps/search/Serenity%20Autism%20%26%20Learning%20Institute%20Glen%20Burnie%20MD","pilot-2026-09-25-2k"
"Shelter Developmental Solutions","https://www.shelterbehavioralil.net","Arlington Heights","IL","3","Bradley Asher","Founder & Clinical Director, BCBA-D","founder","bradley.asher@shelterbehavioralil.net","https://www.linkedin.com/in/bradley-asher-shelteraba","linkedin_sales_nav","https://www.google.com/maps/search/Shelter%20Developmental%20Solutions%20Arlington%20Heights%20IL","pilot-2026-09-25-2k"
"Shield Behavioral Therapy Center","https://www.shieldcareut.org","Bountiful","UT","4","Brandon Ashley","Co-Founder & Executive Director, MS, BCBA","founder","bashley@shieldcareut.org","https://www.linkedin.com/in/brandon-ashley-shieldaba","state_directory","https://www.google.com/maps/search/Shield%20Behavioral%20Therapy%20Center%20Bountiful%20UT","pilot-2026-09-25-2k"
"Shine Autism Discovery Center","https://www.shineabanj.com","New Brunswick","NJ","1","Brayden Ashton","Owner & Clinical Supervisor, BCBA","owner","brayden@shineabanj.com","https://www.linkedin.com/in/brayden-ashton-shineaba","aba_index","https://www.google.com/maps/search/Shine%20Autism%20Discovery%20Center%20New%20Brunswick%20NJ","pilot-2026-09-25-2k"
"Signal Behavioral Foundations","https://www.signalautismtx.com","College Station","TX","2","Brenda Atkins","CEO & Managing Partner, BCBA","ceo","brenda.atkins@signalautismtx.com","https://www.linkedin.com/in/brenda-atkins-signalaba","google_maps","https://www.google.com/maps/search/Signal%20Behavioral%20Foundations%20College%20Station%20TX","pilot-2026-09-25-2k"
"Silhouette Therapeutic Solutions","https://www.silhouettebehavioralfl.com","Coral Gables","FL","3","Brian Atkinson","Executive Clinical Director & Partner, BCBA","exec_director","batkinson@silhouettebehavioralfl.com","https://www.linkedin.com/in/brian-atkinson-silhouetteaba","apollo","https://www.google.com/maps/search/Silhouette%20Therapeutic%20Solutions%20Coral%20Gables%20FL","pilot-2026-09-25-2k"
"Silver Lining ABA Collective","https://www.silverliningcareca.com","Santa Rosa","CA","4","Brianna Augustine","Founder & President, BCBA, LBA","founder","brianna@silverliningcareca.com","https://www.linkedin.com/in/brianna-augustine-silverliningaba","linkedin_sales_nav","https://www.google.com/maps/search/Silver%20Lining%20ABA%20Collective%20Santa%20Rosa%20CA","pilot-2026-09-25-2k"
"Skyline Autism Center","https://www.skylineabanc.org","Charlotte","NC","1","Brittany Austin","Owner & Director of Applied Behavior Analysis","owner","brittany.austin@skylineabanc.org","https://www.linkedin.com/in/brittany-austin-skylineaba","state_directory","https://www.google.com/maps/search/Skyline%20Autism%20Center%20Charlotte%20NC","pilot-2026-09-25-2k"
"Skyward ABA Therapy Group","https://www.skywardautismga.net","Augusta","GA","2","Brooke Avalos","Founder & Clinical Director, BCBA-D","founder","bavalos@skywardautismga.net","https://www.linkedin.com/in/brooke-avalos-skywardaba","aba_index","https://www.google.com/maps/search/Skyward%20ABA%20Therapy%20Group%20Augusta%20GA","pilot-2026-09-25-2k"
"Smart Start Behavioral Solutions","https://www.smartstartbehavioralco.com","Aurora","CO","3","Brooklyn Avery","Co-Founder & Executive Director, MS, BCBA","founder","brooklyn@smartstartbehavioralco.com","https://www.linkedin.com/in/brooklyn-avery-smartstartaba","google_maps","https://www.google.com/maps/search/Smart%20Start%20Behavioral%20Solutions%20Aurora%20CO","pilot-2026-09-25-2k"
"Soar Autism Services","https://www.soarcareva.com","Chesapeake","VA","4","Bruce Avila","Owner & Clinical Supervisor, BCBA","owner","bruce.avila@soarcareva.com","https://www.linkedin.com/in/bruce-avila-soaraba","apollo","https://www.google.com/maps/search/Soar%20Autism%20Services%20Chesapeake%20VA","pilot-2026-09-25-2k"
"Solace Behavioral Health","https://www.solaceabamd.com","Frederick","MD","1","Bryan Ayala","CEO & Managing Partner, BCBA","ceo","bayala@solaceabamd.com","https://www.linkedin.com/in/bryan-ayala-solaceaba","linkedin_sales_nav","https://www.google.com/maps/search/Solace%20Behavioral%20Health%20Frederick%20MD","pilot-2026-09-25-2k"
"Solidarity Therapy Associates","https://www.solidarityautismil.org","Evanston","IL","2","Caleb Babcock","Executive Clinical Director & Partner, BCBA","exec_director","caleb@solidarityautismil.org","https://www.linkedin.com/in/caleb-babcock-solidarityaba","state_directory","https://www.google.com/maps/search/Solidarity%20Therapy%20Associates%20Evanston%20IL","pilot-2026-09-25-2k"
"Sonata Developmental Clinic","https://www.sonatabehavioralut.com","St. George","UT","3","Cameron Bach","Founder & President, BCBA, LBA","founder","cameron.bach@sonatabehavioralut.com","https://www.linkedin.com/in/cameron-bach-sonataaba","aba_index","https://www.google.com/maps/search/Sonata%20Developmental%20Clinic%20St.%20George%20UT","pilot-2026-09-25-2k"
"Sound ABA Services","https://www.soundcarenj.com","Toms River","NJ","4","Camila Bader","Owner & Director of Applied Behavior Analysis","owner","cbader@soundcarenj.com","https://www.linkedin.com/in/camila-bader-soundaba","google_maps","https://www.google.com/maps/search/Sound%20ABA%20Services%20Toms%20River%20NJ","pilot-2026-09-25-2k"
"Southern Cross Autism & Behavioral Clinic","https://www.southerncrossabatx.net","Georgetown","TX","1","Carla Baer","Founder & Clinical Director, BCBA-D","founder","carla@southerncrossabatx.net","https://www.linkedin.com/in/carla-baer-southerncrossaba","apollo","https://www.google.com/maps/search/Southern%20Cross%20Autism%20%26%20Behavioral%20Clinic%20Georgetown%20TX","pilot-2026-09-25-2k"
"Spark Child Development Center","https://www.sparkautismfl.com","Jupiter","FL","2","Carlos Baggett","Co-Founder & Executive Director, MS, BCBA","founder","carlos.baggett@sparkautismfl.com","https://www.linkedin.com/in/carlos-baggett-sparkaba","linkedin_sales_nav","https://www.google.com/maps/search/Spark%20Child%20Development%20Center%20Jupiter%20FL","pilot-2026-09-25-2k"
"Spectrum Behavior Analysis Partners","https://www.spectrumbehavioralca.org","Fullerton","CA","3","Caroline Bagley","Owner & Clinical Supervisor, BCBA","owner","cbagley@spectrumbehavioralca.org","https://www.linkedin.com/in/caroline-bagley-spectrumaba","state_directory","https://www.google.com/maps/search/Spectrum%20Behavior%20Analysis%20Partners%20Fullerton%20CA","pilot-2026-09-25-2k"
"Sphere Behavioral Care","https://www.spherecarenc.com","Chapel Hill","NC","4","Carolyn Bailey","CEO & Managing Partner, BCBA","ceo","carolyn@spherecarenc.com","https://www.linkedin.com/in/carolyn-bailey-sphereaba","aba_index","https://www.google.com/maps/search/Sphere%20Behavioral%20Care%20Chapel%20Hill%20NC","pilot-2026-09-25-2k"
"Spire Autism Horizons","https://www.spireabaga.com","Decatur","GA","1","Carson Bain","Executive Clinical Director & Partner, BCBA","exec_director","carson.bain@spireabaga.com","https://www.linkedin.com/in/carson-bain-spireaba","google_maps","https://www.google.com/maps/search/Spire%20Autism%20Horizons%20Decatur%20GA","pilot-2026-09-25-2k"
"Spotlight Therapy & Learning Center","https://www.spotlightautismco.com","Broomfield","CO","2","Carter Baird","Founder & President, BCBA, LBA","founder","cbaird@spotlightautismco.com","https://www.linkedin.com/in/carter-baird-spotlightaba","apollo","https://www.google.com/maps/search/Spotlight%20Therapy%20%26%20Learning%20Center%20Broomfield%20CO","pilot-2026-09-25-2k"
"Springboard Behavioral Interventions","https://www.springboardbehavioralva.com","Harrisonburg","VA","3","Cassandra Baker","Owner & Director of Applied Behavior Analysis","owner","cassandra@springboardbehavioralva.com","https://www.linkedin.com/in/cassandra-baker-springboardaba","linkedin_sales_nav","https://www.google.com/maps/search/Springboard%20Behavioral%20Interventions%20Harrisonburg%20VA","pilot-2026-09-25-2k"
"Sprout Autism Clinic","https://www.sproutcaremd.org","Laurel","MD","4","Catherine Baldwin","Founder & Clinical Director, BCBA-D","founder","catherine.baldwin@sproutcaremd.org","https://www.linkedin.com/in/catherine-baldwin-sproutaba","state_directory","https://www.google.com/maps/search/Sprout%20Autism%20Clinic%20Laurel%20MD","pilot-2026-09-25-2k"
"Starling ABA Center","https://www.starlingabail.com","Decatur","IL","1","Cecilia Bales","Co-Founder & Executive Director, MS, BCBA","founder","cbales@starlingabail.com","https://www.linkedin.com/in/cecilia-bales-starlingaba","aba_index","https://www.google.com/maps/search/Starling%20ABA%20Center%20Decatur%20IL","pilot-2026-09-25-2k"
"Steadfast Behavioral Health Network","https://www.steadfastautismut.com","Spanish Fork","UT","2","Chad Ball","Owner & Clinical Supervisor, BCBA","owner","chad@steadfastautismut.com","https://www.linkedin.com/in/chad-ball-steadfastaba","google_maps","https://www.google.com/maps/search/Steadfast%20Behavioral%20Health%20Network%20Spanish%20Fork%20UT","pilot-2026-09-25-2k"
"Starlight Autism Group","https://www.starlightbehavioralnj.com","Perth Amboy","NJ","3","Charles Ballard","CEO & Managing Partner, BCBA","ceo","charles.ballard@starlightbehavioralnj.com","https://www.linkedin.com/in/charles-ballard-starlightaba","apollo","https://www.google.com/maps/search/Starlight%20Autism%20Group%20Perth%20Amboy%20NJ","pilot-2026-09-25-2k"
"Step Ahead Applied Behavior Specialists","https://www.stepaheadcaretx.com","Carrollton","TX","4","Charlotte Ballesteros","Executive Clinical Director & Partner, BCBA","exec_director","cballesteros@stepaheadcaretx.com","https://www.linkedin.com/in/charlotte-ballesteros-stepaheadaba","linkedin_sales_nav","https://www.google.com/maps/search/Step%20Ahead%20Applied%20Behavior%20Specialists%20Carrollton%20TX","pilot-2026-09-25-2k"
"Step By Step Therapy Partners","https://www.stepbystepabafl.org","Miami","FL","1","Chase Banks","Founder & President, BCBA, LBA","founder","chase@stepbystepabafl.org","https://www.linkedin.com/in/chase-banks-stepbystepaba","state_directory","https://www.google.com/maps/search/Step%20By%20Step%20Therapy%20Partners%20Miami%20FL","pilot-2026-09-25-2k"
"Stepping Stone Pediatric Autism Services","https://www.steppingstoneautismca.com","Los Angeles","CA","2","Chelsea Bankston","Owner & Director of Applied Behavior Analysis","owner","chelsea.bankston@steppingstoneautismca.com","https://www.linkedin.com/in/chelsea-bankston-steppingstoneaba","aba_index","https://www.google.com/maps/search/Stepping%20Stone%20Pediatric%20Autism%20Services%20Los%20Angeles%20CA","pilot-2026-09-25-2k"
"Steps Behavioral Care Center","https://www.stepsbehavioralnc.net","Monroe","NC","3","Cheyenne Bannister","Founder & Clinical Director, BCBA-D","founder","cbannister@stepsbehavioralnc.net","https://www.linkedin.com/in/cheyenne-bannister-stepsaba","google_maps","https://www.google.com/maps/search/Steps%20Behavioral%20Care%20Center%20Monroe%20NC","pilot-2026-09-25-2k"
"Sterling Autism & Learning Institute","https://www.sterlingcarega.com","Lawrenceville","GA","4","Chloe Barajas","Co-Founder & Executive Director, MS, BCBA","founder","chloe@sterlingcarega.com","https://www.linkedin.com/in/chloe-barajas-sterlingaba","apollo","https://www.google.com/maps/search/Sterling%20Autism%20%26%20Learning%20Institute%20Lawrenceville%20GA","pilot-2026-09-25-2k"
"Stonegate Developmental Solutions","https://www.stonegateabaco.com","Lakewood","CO","1","Christian Barba","Owner & Clinical Supervisor, BCBA","owner","christian.barba@stonegateabaco.com","https://www.linkedin.com/in/christian-barba-stonegateaba","linkedin_sales_nav","https://www.google.com/maps/search/Stonegate%20Developmental%20Solutions%20Lakewood%20CO","pilot-2026-09-25-2k"
"Storybook Behavioral Therapy Center","https://www.storybookautismva.org","Alexandria","VA","2","Christina Barbee","CEO & Managing Partner, BCBA","ceo","cbarbee@storybookautismva.org","https://www.linkedin.com/in/christina-barbee-storybookaba","state_directory","https://www.google.com/maps/search/Storybook%20Behavioral%20Therapy%20Center%20Alexandria%20VA","pilot-2026-09-25-2k"
"Strides Autism Discovery Center","https://www.stridesbehavioralmd.com","Annapolis","MD","3","Christine Barber","Executive Clinical Director & Partner, BCBA","exec_director","christine@stridesbehavioralmd.com","https://www.linkedin.com/in/christine-barber-stridesaba","aba_index","https://www.google.com/maps/search/Strides%20Autism%20Discovery%20Center%20Annapolis%20MD","pilot-2026-09-25-2k"
"Sublime Behavioral Foundations","https://www.sublimecareil.com","Peoria","IL","4","Christopher Barker","Founder & President, BCBA, LBA","founder","christopher.barker@sublimecareil.com","https://www.linkedin.com/in/christopher-barker-sublimeaba","google_maps","https://www.google.com/maps/search/Sublime%20Behavioral%20Foundations%20Peoria%20IL","pilot-2026-09-25-2k"
"Success Therapeutic Solutions","https://www.successabaut.com","South Jordan","UT","1","Claire Barkley","Owner & Director of Applied Behavior Analysis","owner","cbarkley@successabaut.com","https://www.linkedin.com/in/claire-barkley-successaba","apollo","https://www.google.com/maps/search/Success%20Therapeutic%20Solutions%20South%20Jordan%20UT","pilot-2026-09-25-2k"
"Summit ABA Collective","https://www.summitautismnj.net","Clifton","NJ","2","Clara Barnes","Founder & Clinical Director, BCBA-D","founder","clara@summitautismnj.net","https://www.linkedin.com/in/clara-barnes-summitaba","linkedin_sales_nav","https://www.google.com/maps/search/Summit%20ABA%20Collective%20Clifton%20NJ","pilot-2026-09-25-2k"
"Sunburst Autism Center","https://www.sunburstbehavioraltx.org","Corpus Christi","TX","3","Clayton Barnett","Co-Founder & Executive Director, MS, BCBA","founder","clayton.barnett@sunburstbehavioraltx.org","https://www.linkedin.com/in/clayton-barnett-sunburstaba","state_directory","https://www.google.com/maps/search/Sunburst%20Autism%20Center%20Corpus%20Christi%20TX","pilot-2026-09-25-2k"
"Sunlight ABA Therapy Group","https://www.sunlightcarefl.com","Pensacola","FL","4","Cole Barr","Owner & Clinical Supervisor, BCBA","owner","cbarr@sunlightcarefl.com","https://www.linkedin.com/in/cole-barr-sunlightaba","aba_index","https://www.google.com/maps/search/Sunlight%20ABA%20Therapy%20Group%20Pensacola%20FL","pilot-2026-09-25-2k"
"Sunny Days Behavioral Solutions","https://www.sunnydaysabaca.com","Stockton","CA","1","Colin Barrera","CEO & Managing Partner, BCBA","ceo","colin@sunnydaysabaca.com","https://www.linkedin.com/in/colin-barrera-sunnydaysaba","google_maps","https://www.google.com/maps/search/Sunny%20Days%20Behavioral%20Solutions%20Stockton%20CA","pilot-2026-09-25-2k"
"Sunrise Autism Services","https://www.sunriseautismnc.com","Durham","NC","2","Colleen Barrett","Executive Clinical Director & Partner, BCBA","exec_director","colleen.barrett@sunriseautismnc.com","https://www.linkedin.com/in/colleen-barrett-sunriseaba","apollo","https://www.google.com/maps/search/Sunrise%20Autism%20Services%20Durham%20NC","pilot-2026-09-25-2k"
"Sunset Behavioral Health","https://www.sunsetbehavioralga.com","Athens","GA","3","Connor Barron","Founder & President, BCBA, LBA","founder","cbarron@sunsetbehavioralga.com","https://www.linkedin.com/in/connor-barron-sunsetaba","linkedin_sales_nav","https://www.google.com/maps/search/Sunset%20Behavioral%20Health%20Athens%20GA","pilot-2026-09-25-2k"
"Sunstone Therapy Associates","https://www.sunstonecareco.org","Grand Junction","CO","4","Cora Barry","Owner & Director of Applied Behavior Analysis","owner","cora@sunstonecareco.org","https://www.linkedin.com/in/cora-barry-sunstoneaba","state_directory","https://www.google.com/maps/search/Sunstone%20Therapy%20Associates%20Grand%20Junction%20CO","pilot-2026-09-25-2k"
"Surge Developmental Clinic","https://www.surgeabava.net","Blacksburg","VA","1","Corey Bartlett","Founder & Clinical Director, BCBA-D","founder","corey.bartlett@surgeabava.net","https://www.linkedin.com/in/corey-bartlett-surgeaba","aba_index","https://www.google.com/maps/search/Surge%20Developmental%20Clinic%20Blacksburg%20VA","pilot-2026-09-25-2k"
"Symphony ABA Services","https://www.symphonyautismmd.com","College Park","MD","2","Courtney Barton","Co-Founder & Executive Director, MS, BCBA","founder","cbarton@symphonyautismmd.com","https://www.linkedin.com/in/courtney-barton-symphonyaba","google_maps","https://www.google.com/maps/search/Symphony%20ABA%20Services%20College%20Park%20MD","pilot-2026-09-25-2k"
"Synergy Autism & Behavioral Clinic","https://www.synergybehavioralil.com","Skokie","IL","3","Craig Bass","Owner & Clinical Supervisor, BCBA","owner","craig@synergybehavioralil.com","https://www.linkedin.com/in/craig-bass-synergyaba","apollo","https://www.google.com/maps/search/Synergy%20Autism%20%26%20Behavioral%20Clinic%20Skokie%20IL","pilot-2026-09-25-2k"
"Talent Child Development Center","https://www.talentcareut.com","Pleasant Grove","UT","4","Crystal Batchelor","CEO & Managing Partner, BCBA","ceo","crystal.batchelor@talentcareut.com","https://www.linkedin.com/in/crystal-batchelor-talentaba","linkedin_sales_nav","https://www.google.com/maps/search/Talent%20Child%20Development%20Center%20Pleasant%20Grove%20UT","pilot-2026-09-25-2k"
"Threshold Behavior Analysis Partners","https://www.thresholdabanj.org","Newark","NJ","1","Curtis Bateman","Executive Clinical Director & Partner, BCBA","exec_director","cbateman@thresholdabanj.org","https://www.linkedin.com/in/curtis-bateman-thresholdaba","state_directory","https://www.google.com/maps/search/Threshold%20Behavior%20Analysis%20Partners%20Newark%20NJ","pilot-2026-09-25-2k"
"Thrive Behavioral Care","https://www.thriveautismtx.com","Allen","TX","2","Cynthia Bates","Founder & President, BCBA, LBA","founder","cynthia@thriveautismtx.com","https://www.linkedin.com/in/cynthia-bates-thriveaba","aba_index","https://www.google.com/maps/search/Thrive%20Behavioral%20Care%20Allen%20TX","pilot-2026-09-25-2k"
"Tidewater Autism Horizons","https://www.tidewaterbehavioralfl.com","Daytona Beach","FL","3","Daisy Batista","Owner & Director of Applied Behavior Analysis","owner","daisy.batista@tidewaterbehavioralfl.com","https://www.linkedin.com/in/daisy-batista-tidewateraba","google_maps","https://www.google.com/maps/search/Tidewater%20Autism%20Horizons%20Daytona%20Beach%20FL","pilot-2026-09-25-2k"
"Timberline Therapy & Learning Center","https://www.timberlinecareca.net","Corona","CA","4","Dale Bauer","Founder & Clinical Director, BCBA-D","founder","dbauer@timberlinecareca.net","https://www.linkedin.com/in/dale-bauer-timberlineaba","apollo","https://www.google.com/maps/search/Timberline%20Therapy%20%26%20Learning%20Center%20Corona%20CA","pilot-2026-09-25-2k"
"Top Notch Behavioral Interventions","https://www.topnotchabanc.com","Burlington","NC","1","Dallas Baughman","Co-Founder & Executive Director, MS, BCBA","founder","dallas@topnotchabanc.com","https://www.linkedin.com/in/dallas-baughman-topnotchaba","linkedin_sales_nav","https://www.google.com/maps/search/Top%20Notch%20Behavioral%20Interventions%20Burlington%20NC","pilot-2026-09-25-2k"
"Torch Autism Clinic","https://www.torchautismga.org","Peachtree City","GA","2","Dalton Bauman","Owner & Clinical Supervisor, BCBA","owner","dalton.bauman@torchautismga.org","https://www.linkedin.com/in/dalton-bauman-torchaba","state_directory","https://www.google.com/maps/search/Torch%20Autism%20Clinic%20Peachtree%20City%20GA","pilot-2026-09-25-2k"
"Totem ABA Center","https://www.totembehavioralco.com","Thornton","CO","3","Damian Baxter","CEO & Managing Partner, BCBA","ceo","dbaxter@totembehavioralco.com","https://www.linkedin.com/in/damian-baxter-totemaba","aba_index","https://www.google.com/maps/search/Totem%20ABA%20Center%20Thornton%20CO","pilot-2026-09-25-2k"
"Touchstone Behavioral Health Network","https://www.touchstonecareva.com","Fairfax","VA","4","Daniel Beach","Executive Clinical Director & Partner, BCBA","exec_director","daniel@touchstonecareva.com","https://www.linkedin.com/in/daniel-beach-touchstoneaba","google_maps","https://www.google.com/maps/search/Touchstone%20Behavioral%20Health%20Network%20Fairfax%20VA","pilot-2026-09-25-2k"
"Trace Autism Group","https://www.traceabamd.com","Columbia","MD","1","Danielle Beal","Founder & President, BCBA, LBA","founder","danielle.beal@traceabamd.com","https://www.linkedin.com/in/danielle-beal-traceaba","apollo","https://www.google.com/maps/search/Trace%20Autism%20Group%20Columbia%20MD","pilot-2026-09-25-2k"
"Trailblazer Applied Behavior Specialists","https://www.trailblazerautismil.com","Springfield","IL","2","Danny Beam","Owner & Director of Applied Behavior Analysis","owner","dbeam@trailblazerautismil.com","https://www.linkedin.com/in/danny-beam-trailblazeraba","linkedin_sales_nav","https://www.google.com/maps/search/Trailblazer%20Applied%20Behavior%20Specialists%20Springfield%20IL","pilot-2026-09-25-2k"
"Transform Therapy Partners","https://www.transformbehavioralut.org","Millcreek","UT","3","Daphne Bean","Founder & Clinical Director, BCBA-D","founder","daphne@transformbehavioralut.org","https://www.linkedin.com/in/daphne-bean-transformaba","state_directory","https://www.google.com/maps/search/Transform%20Therapy%20Partners%20Millcreek%20UT","pilot-2026-09-25-2k"
"Tree of Life Pediatric Autism Services","https://www.treeoflifecarenj.com","Passaic","NJ","4","Darlene Beard","Co-Founder & Executive Director, MS, BCBA","founder","darlene.beard@treeoflifecarenj.com","https://www.linkedin.com/in/darlene-beard-treeoflifeaba","aba_index","https://www.google.com/maps/search/Tree%20of%20Life%20Pediatric%20Autism%20Services%20Passaic%20NJ","pilot-2026-09-25-2k"
"Trellis Behavioral Care Center","https://www.trellisabatx.com","Killeen","TX","1","Darren Beasley","Owner & Clinical Supervisor, BCBA","owner","dbeasley@trellisabatx.com","https://www.linkedin.com/in/darren-beasley-trellisaba","google_maps","https://www.google.com/maps/search/Trellis%20Behavioral%20Care%20Center%20Killeen%20TX","pilot-2026-09-25-2k"
"Tribute Autism & Learning Institute","https://www.tributeautismfl.com","Winter Park","FL","2","David Beatty","CEO & Managing Partner, BCBA","ceo","david@tributeautismfl.com","https://www.linkedin.com/in/david-beatty-tributeaba","apollo","https://www.google.com/maps/search/Tribute%20Autism%20%26%20Learning%20Institute%20Winter%20Park%20FL","pilot-2026-09-25-2k"
"Triumph Developmental Solutions","https://www.triumphbehavioralca.com","Thousand Oaks","CA","3","Dawn Beauchamp","Executive Clinical Director & Partner, BCBA","exec_director","dawn.beauchamp@triumphbehavioralca.com","https://www.linkedin.com/in/dawn-beauchamp-triumphaba","linkedin_sales_nav","https://www.google.com/maps/search/Triumph%20Developmental%20Solutions%20Thousand%20Oaks%20CA","pilot-2026-09-25-2k"
"True North Behavioral Therapy Center","https://www.truenorthcarenc.org","Cornelius","NC","4","Dean Beaver","Founder & President, BCBA, LBA","founder","dbeaver@truenorthcarenc.org","https://www.linkedin.com/in/dean-beaver-truenorthaba","state_directory","https://www.google.com/maps/search/True%20North%20Behavioral%20Therapy%20Center%20Cornelius%20NC","pilot-2026-09-25-2k"
"Trust Autism Discovery Center","https://www.trustabaga.com","Snellville","GA","1","Deanna Beck","Owner & Director of Applied Behavior Analysis","owner","deanna@trustabaga.com","https://www.linkedin.com/in/deanna-beck-trustaba","aba_index","https://www.google.com/maps/search/Trust%20Autism%20Discovery%20Center%20Snellville%20GA","pilot-2026-09-25-2k"
"Turning Point Behavioral Foundations","https://www.turningpointautismco.net","Parker","CO","2","Deborah Becker","Founder & Clinical Director, BCBA-D","founder","deborah.becker@turningpointautismco.net","https://www.linkedin.com/in/deborah-becker-turningpointaba","google_maps","https://www.google.com/maps/search/Turning%20Point%20Behavioral%20Foundations%20Parker%20CO","pilot-2026-09-25-2k"
"Twin Oaks Therapeutic Solutions","https://www.twinoaksbehavioralva.com","Winchester","VA","3","Debra Beckett","Co-Founder & Executive Director, MS, BCBA","founder","dbeckett@twinoaksbehavioralva.com","https://www.linkedin.com/in/debra-beckett-twinoaksaba","apollo","https://www.google.com/maps/search/Twin%20Oaks%20Therapeutic%20Solutions%20Winchester%20VA","pilot-2026-09-25-2k"
"Unicorn ABA Collective","https://www.unicorncaremd.com","Hagerstown","MD","4","Declan Beckman","Owner & Clinical Supervisor, BCBA","owner","declan@unicorncaremd.com","https://www.linkedin.com/in/declan-beckman-unicornaba","linkedin_sales_nav","https://www.google.com/maps/search/Unicorn%20ABA%20Collective%20Hagerstown%20MD","pilot-2026-09-25-2k"
"Union Autism Center","https://www.unionabail.org","Chicago","IL","1","Delilah Bedford","CEO & Managing Partner, BCBA","ceo","delilah.bedford@unionabail.org","https://www.linkedin.com/in/delilah-bedford-unionaba","state_directory","https://www.google.com/maps/search/Union%20Autism%20Center%20Chicago%20IL","pilot-2026-09-25-2k"
"Unique ABA Therapy Group","https://www.uniqueautismut.com","Provo","UT","2","Derek Beebe","Executive Clinical Director & Partner, BCBA","exec_director","dbeebe@uniqueautismut.com","https://www.linkedin.com/in/derek-beebe-uniqueaba","aba_index","https://www.google.com/maps/search/Unique%20ABA%20Therapy%20Group%20Provo%20UT","pilot-2026-09-25-2k"
"Unity Behavioral Solutions","https://www.unitybehavioralnj.com","Paterson","NJ","3","Desiree Beeler","Founder & President, BCBA, LBA","founder","desiree@unitybehavioralnj.com","https://www.linkedin.com/in/desiree-beeler-unityaba","google_maps","https://www.google.com/maps/search/Unity%20Behavioral%20Solutions%20Paterson%20NJ","pilot-2026-09-25-2k"
"Universal Autism Services","https://www.universalcaretx.com","San Antonio","TX","4","Destiny Begay","Owner & Director of Applied Behavior Analysis","owner","destiny.begay@universalcaretx.com","https://www.linkedin.com/in/destiny-begay-universalaba","apollo","https://www.google.com/maps/search/Universal%20Autism%20Services%20San%20Antonio%20TX","pilot-2026-09-25-2k"
"Uplift Behavioral Health","https://www.upliftabafl.net","Fort Lauderdale","FL","1","Devin Belcher","Founder & Clinical Director, BCBA-D","founder","dbelcher@upliftabafl.net","https://www.linkedin.com/in/devin-belcher-upliftaba","linkedin_sales_nav","https://www.google.com/maps/search/Uplift%20Behavioral%20Health%20Fort%20Lauderdale%20FL","pilot-2026-09-25-2k"
"Valencia Therapy Associates","https://www.valenciaautismca.org","Fresno","CA","2","Diana Bell","Co-Founder & Executive Director, MS, BCBA","founder","diana@valenciaautismca.org","https://www.linkedin.com/in/diana-bell-valenciaaba","state_directory","https://www.google.com/maps/search/Valencia%20Therapy%20Associates%20Fresno%20CA","pilot-2026-09-25-2k"
"Valiant Developmental Clinic","https://www.valiantbehavioralnc.com","Cary","NC","3","Dominic Bellamy","Owner & Clinical Supervisor, BCBA","owner","dominic.bellamy@valiantbehavioralnc.com","https://www.linkedin.com/in/dominic-bellamy-valiantaba","aba_index","https://www.google.com/maps/search/Valiant%20Developmental%20Clinic%20Cary%20NC","pilot-2026-09-25-2k"
"Valor ABA Services","https://www.valorcarega.com","Johns Creek","GA","4","Donald Bellinger","CEO & Managing Partner, BCBA","ceo","dbellinger@valorcarega.com","https://www.linkedin.com/in/donald-bellinger-valoraba","google_maps","https://www.google.com/maps/search/Valor%20ABA%20Services%20Johns%20Creek%20GA","pilot-2026-09-25-2k"
"Valued Autism & Behavioral Clinic","https://www.valuedabaco.com","Centennial","CO","1","Donna Beltran","Executive Clinical Director & Partner, BCBA","exec_director","donna@valuedabaco.com","https://www.linkedin.com/in/donna-beltran-valuedaba","apollo","https://www.google.com/maps/search/Valued%20Autism%20%26%20Behavioral%20Clinic%20Centennial%20CO","pilot-2026-09-25-2k"
"Vanguard Child Development Center","https://www.vanguardautismva.com","McLean","VA","2","Dora Bender","Founder & President, BCBA, LBA","founder","dora.bender@vanguardautismva.com","https://www.linkedin.com/in/dora-bender-vanguardaba","linkedin_sales_nav","https://www.google.com/maps/search/Vanguard%20Child%20Development%20Center%20McLean%20VA","pilot-2026-09-25-2k"
"Vector Behavior Analysis Partners","https://www.vectorbehavioralmd.org","Germantown","MD","3","Douglas Benedict","Owner & Director of Applied Behavior Analysis","owner","dbenedict@vectorbehavioralmd.org","https://www.linkedin.com/in/douglas-benedict-vectoraba","state_directory","https://www.google.com/maps/search/Vector%20Behavior%20Analysis%20Partners%20Germantown%20MD","pilot-2026-09-25-2k"
"Velocity Behavioral Care","https://www.velocitycareil.net","Cicero","IL","4","Drew Benitez","Founder & Clinical Director, BCBA-D","founder","drew@velocitycareil.net","https://www.linkedin.com/in/drew-benitez-velocityaba","aba_index","https://www.google.com/maps/search/Velocity%20Behavioral%20Care%20Cicero%20IL","pilot-2026-09-25-2k"
"Venture Autism Horizons","https://www.ventureabaut.com","Logan","UT","1","Dustin Benjamin","Co-Founder & Executive Director, MS, BCBA","founder","dustin.benjamin@ventureabaut.com","https://www.linkedin.com/in/dustin-benjamin-ventureaba","google_maps","https://www.google.com/maps/search/Venture%20Autism%20Horizons%20Logan%20UT","pilot-2026-09-25-2k"
"Ventures Therapy & Learning Center","https://www.venturesautismnj.com","Bayonne","NJ","2","Dylan Bennett","Owner & Clinical Supervisor, BCBA","owner","dbennett@venturesautismnj.com","https://www.linkedin.com/in/dylan-bennett-venturesaba","apollo","https://www.google.com/maps/search/Ventures%20Therapy%20%26%20Learning%20Center%20Bayonne%20NJ","pilot-2026-09-25-2k"
"Verdant Behavioral Interventions","https://www.verdantbehavioraltx.com","Denton","TX","3","Easton Benoit","CEO & Managing Partner, BCBA","ceo","easton@verdantbehavioraltx.com","https://www.linkedin.com/in/easton-benoit-verdantaba","linkedin_sales_nav","https://www.google.com/maps/search/Verdant%20Behavioral%20Interventions%20Denton%20TX","pilot-2026-09-25-2k"
"Veritas Autism Clinic","https://www.veritascarefl.org","Tallahassee","FL","4","Eddie Benson","Executive Clinical Director & Partner, BCBA","exec_director","eddie.benson@veritascarefl.org","https://www.linkedin.com/in/eddie-benson-veritasaba","state_directory","https://www.google.com/maps/search/Veritas%20Autism%20Clinic%20Tallahassee%20FL","pilot-2026-09-25-2k"
"Verity ABA Center","https://www.verityabaca.com","Modesto","CA","1","Eden Bentley","Founder & President, BCBA, LBA","founder","ebentley@verityabaca.com","https://www.linkedin.com/in/eden-bentley-verityaba","aba_index","https://www.google.com/maps/search/Verity%20ABA%20Center%20Modesto%20CA","pilot-2026-09-25-2k"
"Vertex Behavioral Health Network","https://www.vertexautismnc.com","Rocky Mount","NC","2","Edward Benton","Owner & Director of Applied Behavior Analysis","owner","edward@vertexautismnc.com","https://www.linkedin.com/in/edward-benton-vertexaba","google_maps","https://www.google.com/maps/search/Vertex%20Behavioral%20Health%20Network%20Rocky%20Mount%20NC","pilot-2026-09-25-2k"
"Vibrant Autism Group","https://www.vibrantbehavioralga.net","Milton","GA","3","Edwin Berg","Founder & Clinical Director, BCBA-D","founder","edwin.berg@vibrantbehavioralga.net","https://www.linkedin.com/in/edwin-berg-vibrantaba","apollo","https://www.google.com/maps/search/Vibrant%20Autism%20Group%20Milton%20GA","pilot-2026-09-25-2k"
"Victoria Applied Behavior Specialists","https://www.victoriacareco.com","Brighton","CO","4","Elaine Berger","Co-Founder & Executive Director, MS, BCBA","founder","eberger@victoriacareco.com","https://www.linkedin.com/in/elaine-berger-victoriaaba","linkedin_sales_nav","https://www.google.com/maps/search/Victoria%20Applied%20Behavior%20Specialists%20Brighton%20CO","pilot-2026-09-25-2k"
"Victory Therapy Partners","https://www.victoryabava.org","Richmond","VA","1","Eleanor Bergman","Owner & Clinical Supervisor, BCBA","owner","eleanor@victoryabava.org","https://www.linkedin.com/in/eleanor-bergman-victoryaba","state_directory","https://www.google.com/maps/search/Victory%20Therapy%20Partners%20Richmond%20VA","pilot-2026-09-25-2k"
"Viewpoint Pediatric Autism Services","https://www.viewpointautismmd.com","Rockville","MD","2","Eli Bernal","CEO & Managing Partner, BCBA","ceo","eli.bernal@viewpointautismmd.com","https://www.linkedin.com/in/eli-bernal-viewpointaba","aba_index","https://www.google.com/maps/search/Viewpoint%20Pediatric%20Autism%20Services%20Rockville%20MD","pilot-2026-09-25-2k"
"Village Behavioral Care Center","https://www.villagebehavioralil.com","Aurora","IL","3","Elias Bernard","Executive Clinical Director & Partner, BCBA","exec_director","ebernard@villagebehavioralil.com","https://www.linkedin.com/in/elias-bernard-villageaba","google_maps","https://www.google.com/maps/search/Village%20Behavioral%20Care%20Center%20Aurora%20IL","pilot-2026-09-25-2k"
"Vineyard Autism & Learning Institute","https://www.vineyardcareut.com","Orem","UT","4","Elijah Berry","Founder & President, BCBA, LBA","founder","elijah@vineyardcareut.com","https://www.linkedin.com/in/elijah-berry-vineyardaba","apollo","https://www.google.com/maps/search/Vineyard%20Autism%20%26%20Learning%20Institute%20Orem%20UT","pilot-2026-09-25-2k"
"Vista Developmental Solutions","https://www.vistaabanj.com","Edison","NJ","1","Elise Berryman","Owner & Director of Applied Behavior Analysis","owner","elise.berryman@vistaabanj.com","https://www.linkedin.com/in/elise-berryman-vistaaba","linkedin_sales_nav","https://www.google.com/maps/search/Vista%20Developmental%20Solutions%20Edison%20NJ","pilot-2026-09-25-2k"
"Vital Behavioral Therapy Center","https://www.vitalautismtx.org","Mansfield","TX","2","Elizabeth Bertram","Founder & Clinical Director, BCBA-D","founder","ebertram@vitalautismtx.org","https://www.linkedin.com/in/elizabeth-bertram-vitalaba","state_directory","https://www.google.com/maps/search/Vital%20Behavioral%20Therapy%20Center%20Mansfield%20TX","pilot-2026-09-25-2k"
"Vitality Autism Discovery Center","https://www.vitalitybehavioralfl.com","Deerfield Beach","FL","3","Ella Best","Co-Founder & Executive Director, MS, BCBA","founder","ella@vitalitybehavioralfl.com","https://www.linkedin.com/in/ella-best-vitalityaba","aba_index","https://www.google.com/maps/search/Vitality%20Autism%20Discovery%20Center%20Deerfield%20Beach%20FL","pilot-2026-09-25-2k"
"Vivid Behavioral Foundations","https://www.vividcareca.com","Escondido","CA","4","Ellen Betancourt","Owner & Clinical Supervisor, BCBA","owner","ellen.betancourt@vividcareca.com","https://www.linkedin.com/in/ellen-betancourt-vividaba","google_maps","https://www.google.com/maps/search/Vivid%20Behavioral%20Foundations%20Escondido%20CA","pilot-2026-09-25-2k"
"Vocational Therapeutic Solutions","https://www.vocationalabanc.com","Holly Springs","NC","1","Ellie Betts","CEO & Managing Partner, BCBA","ceo","ebetts@vocationalabanc.com","https://www.linkedin.com/in/ellie-betts-vocationalaba","apollo","https://www.google.com/maps/search/Vocational%20Therapeutic%20Solutions%20Holly%20Springs%20NC","pilot-2026-09-25-2k"
"Voyage ABA Collective","https://www.voyageautismga.com","Canton","GA","2","Elliott Bevan","Executive Clinical Director & Partner, BCBA","exec_director","elliott@voyageautismga.com","https://www.linkedin.com/in/elliott-bevan-voyageaba","linkedin_sales_nav","https://www.google.com/maps/search/Voyage%20ABA%20Collective%20Canton%20GA","pilot-2026-09-25-2k"
"Walkway Autism Center","https://www.walkwaybehavioralco.org","Greeley","CO","3","Aaron Beverly","Founder & President, BCBA, LBA","founder","aaron.beverly@walkwaybehavioralco.org","https://www.linkedin.com/in/aaron-beverly-walkwayaba","state_directory","https://www.google.com/maps/search/Walkway%20Autism%20Center%20Greeley%20CO","pilot-2026-09-25-2k"
"Warm Heart ABA Therapy Group","https://www.warmheartcareva.com","Newport News","VA","4","Abigail Beyer","Owner & Director of Applied Behavior Analysis","owner","abeyer@warmheartcareva.com","https://www.linkedin.com/in/abigail-beyer-warmheartaba","aba_index","https://www.google.com/maps/search/Warm%20Heart%20ABA%20Therapy%20Group%20Newport%20News%20VA","pilot-2026-09-25-2k"
"Waterford Behavioral Solutions","https://www.waterfordabamd.net","Ellicott City","MD","1","Adam Bibb","Founder & Clinical Director, BCBA-D","founder","adam@waterfordabamd.net","https://www.linkedin.com/in/adam-bibb-waterfordaba","google_maps","https://www.google.com/maps/search/Waterford%20Behavioral%20Solutions%20Ellicott%20City%20MD","pilot-2026-09-25-2k"
"Wayfinder Autism Services","https://www.wayfinderautismil.com","Bloomington","IL","2","Adrian Bickford","Co-Founder & Executive Director, MS, BCBA","founder","adrian.bickford@wayfinderautismil.com","https://www.linkedin.com/in/adrian-bickford-wayfinderaba","apollo","https://www.google.com/maps/search/Wayfinder%20Autism%20Services%20Bloomington%20IL","pilot-2026-09-25-2k"
"Waypoint Behavioral Health","https://www.waypointbehavioralut.com","Draper","UT","3","Aiden Biddle","Owner & Clinical Supervisor, BCBA","owner","abiddle@waypointbehavioralut.com","https://www.linkedin.com/in/aiden-biddle-waypointaba","linkedin_sales_nav","https://www.google.com/maps/search/Waypoint%20Behavioral%20Health%20Draper%20UT","pilot-2026-09-25-2k"
"Wellspring Therapy Associates","https://www.wellspringcarenj.org","Vineland","NJ","4","Alex Bigelow","CEO & Managing Partner, BCBA","ceo","alex@wellspringcarenj.org","https://www.linkedin.com/in/alex-bigelow-wellspringaba","state_directory","https://www.google.com/maps/search/Wellspring%20Therapy%20Associates%20Vineland%20NJ","pilot-2026-09-25-2k"
"Westward Developmental Clinic","https://www.westwardabatx.com","Abilene","TX","1","Alexander Biggs","Executive Clinical Director & Partner, BCBA","exec_director","alexander.biggs@westwardabatx.com","https://www.linkedin.com/in/alexander-biggs-westwardaba","aba_index","https://www.google.com/maps/search/Westward%20Developmental%20Clinic%20Abilene%20TX","pilot-2026-09-25-2k"
"White Oak ABA Services","https://www.whiteoakautismfl.com","Sunrise","FL","2","Alexandra Abbott","Founder & President, BCBA, LBA","founder","aabbott@whiteoakautismfl.com","https://www.linkedin.com/in/alexandra-abbott-whiteoakaba","google_maps","https://www.google.com/maps/search/White%20Oak%20ABA%20Services%20Sunrise%20FL","pilot-2026-09-25-2k"
"Willow Autism & Behavioral Clinic","https://www.willowbehavioralca.com","Berkeley","CA","3","Alexis Abernathy","Owner & Director of Applied Behavior Analysis","owner","alexis@willowbehavioralca.com","https://www.linkedin.com/in/alexis-abernathy-willowaba","apollo","https://www.google.com/maps/search/Willow%20Autism%20%26%20Behavioral%20Clinic%20Berkeley%20CA","pilot-2026-09-25-2k"
"Windsor Child Development Center","https://www.windsorcarenc.net","Concord","NC","4","Alice Acevedo","Founder & Clinical Director, BCBA-D","founder","alice.acevedo@windsorcarenc.net","https://www.linkedin.com/in/alice-acevedo-windsoraba","linkedin_sales_nav","https://www.google.com/maps/search/Windsor%20Child%20Development%20Center%20Concord%20NC","pilot-2026-09-25-2k"
"Wings Behavior Analysis Partners","https://www.wingsabaga.org","Tyrone","GA","1","Allison Acosta","Co-Founder & Executive Director, MS, BCBA","founder","aacosta@wingsabaga.org","https://www.linkedin.com/in/allison-acosta-wingsaba","state_directory","https://www.google.com/maps/search/Wings%20Behavior%20Analysis%20Partners%20Tyrone%20GA","pilot-2026-09-25-2k"
"Wise Behavioral Care","https://www.wiseautismco.com","Colorado Springs","CO","2","Alyssa Adair","Owner & Clinical Supervisor, BCBA","owner","alyssa@wiseautismco.com","https://www.linkedin.com/in/alyssa-adair-wiseaba","aba_index","https://www.google.com/maps/search/Wise%20Behavioral%20Care%20Colorado%20Springs%20CO","pilot-2026-09-25-2k"
"Zenith Autism Horizons","https://www.zenithbehavioralva.com","Norfolk","VA","3","Amber Adkins","CEO & Managing Partner, BCBA","ceo","amber.adkins@zenithbehavioralva.com","https://www.linkedin.com/in/amber-adkins-zenithaba","google_maps","https://www.google.com/maps/search/Zenith%20Autism%20Horizons%20Norfolk%20VA","pilot-2026-09-25-2k"
"Zephyr Therapy & Learning Center","https://www.zephyrcaremd.com","Silver Spring","MD","4","Amy Aguilar","Executive Clinical Director & Partner, BCBA","exec_director","aaguilar@zephyrcaremd.com","https://www.linkedin.com/in/amy-aguilar-zephyraba","apollo","https://www.google.com/maps/search/Zephyr%20Therapy%20%26%20Learning%20Center%20Silver%20Spring%20MD","pilot-2026-09-25-2k"
"Abundant Behavioral Interventions","https://www.abundantabail.com","Joliet","IL","1","Andrea Aguirre","Founder & President, BCBA, LBA","founder","andrea@abundantabail.com","https://www.linkedin.com/in/andrea-aguirre-abundantaba","linkedin_sales_nav","https://www.google.com/maps/search/Abundant%20Behavioral%20Interventions%20Joliet%20IL","pilot-2026-09-25-2k"
"Academy Autism Clinic","https://www.academyautismut.org","Ogden","UT","2","Andrew Albert","Owner & Director of Applied Behavior Analysis","owner","andrew.albert@academyautismut.org","https://www.linkedin.com/in/andrew-albert-academyaba","state_directory","https://www.google.com/maps/search/Academy%20Autism%20Clinic%20Ogden%20UT","pilot-2026-09-25-2k"
"Acorn ABA Center","https://www.acornbehavioralnj.net","Princeton","NJ","3","Angela Albrecht","Founder & Clinical Director, BCBA-D","founder","aalbrecht@acornbehavioralnj.net","https://www.linkedin.com/in/angela-albrecht-acornaba","aba_index","https://www.google.com/maps/search/Acorn%20ABA%20Center%20Princeton%20NJ","pilot-2026-09-25-2k"
"Action Behavioral Health Network","https://www.actioncaretx.com","Frisco","TX","4","Ann Alcorn","Co-Founder & Executive Director, MS, BCBA","founder","ann@actioncaretx.com","https://www.linkedin.com/in/ann-alcorn-actionaba","google_maps","https://www.google.com/maps/search/Action%20Behavioral%20Health%20Network%20Frisco%20TX","pilot-2026-09-25-2k"
"Active Autism Group","https://www.activeabafl.com","Cape Coral","FL","1","Anna Aldridge","Owner & Clinical Supervisor, BCBA","owner","anna.aldridge@activeabafl.com","https://www.linkedin.com/in/anna-aldridge-activeaba","apollo","https://www.google.com/maps/search/Active%20Autism%20Group%20Cape%20Coral%20FL","pilot-2026-09-25-2k"
"Advance Applied Behavior Specialists","https://www.advanceautismca.com","Oakland","CA","2","Anthony Alford","CEO & Managing Partner, BCBA","ceo","aalford@advanceautismca.com","https://www.linkedin.com/in/anthony-alford-advanceaba","linkedin_sales_nav","https://www.google.com/maps/search/Advance%20Applied%20Behavior%20Specialists%20Oakland%20CA","pilot-2026-09-25-2k"
"Advantage Therapy Partners","https://www.advantagebehavioralnc.org","Wilson","NC","3","Antonio Allan","Executive Clinical Director & Partner, BCBA","exec_director","antonio@advantagebehavioralnc.org","https://www.linkedin.com/in/antonio-allan-advantageaba","state_directory","https://www.google.com/maps/search/Advantage%20Therapy%20Partners%20Wilson%20NC","pilot-2026-09-25-2k"
"Aim Pediatric Autism Services","https://www.aimcarega.com","Kennesaw","GA","4","Arthur Alston","Founder & President, BCBA, LBA","founder","arthur.alston@aimcarega.com","https://www.linkedin.com/in/arthur-alston-aimaba","aba_index","https://www.google.com/maps/search/Aim%20Pediatric%20Autism%20Services%20Kennesaw%20GA","pilot-2026-09-25-2k"
"Alliance Behavioral Care Center","https://www.allianceabaco.com","Loveland","CO","1","Ashley Alvarado","Owner & Director of Applied Behavior Analysis","owner","aalvarado@allianceabaco.com","https://www.linkedin.com/in/ashley-alvarado-allianceaba","google_maps","https://www.google.com/maps/search/Alliance%20Behavioral%20Care%20Center%20Loveland%20CO","pilot-2026-09-25-2k"
"Allied Autism & Learning Institute","https://www.alliedautismva.net","Lynchburg","VA","2","Audrey Alvarez","Founder & Clinical Director, BCBA-D","founder","audrey@alliedautismva.net","https://www.linkedin.com/in/audrey-alvarez-alliedaba","apollo","https://www.google.com/maps/search/Allied%20Autism%20%26%20Learning%20Institute%20Lynchburg%20VA","pilot-2026-09-25-2k"
"Alpine Developmental Solutions","https://www.alpinebehavioralmd.com","Dundalk","MD","3","Austin Amato","Co-Founder & Executive Director, MS, BCBA","founder","austin.amato@alpinebehavioralmd.com","https://www.linkedin.com/in/austin-amato-alpineaba","linkedin_sales_nav","https://www.google.com/maps/search/Alpine%20Developmental%20Solutions%20Dundalk%20MD","pilot-2026-09-25-2k"
"Altus Behavioral Therapy Center","https://www.altuscareil.org","Bolingbrook","IL","4","Autumn Ambrose","Owner & Clinical Supervisor, BCBA","owner","aambrose@altuscareil.org","https://www.linkedin.com/in/autumn-ambrose-altusaba","state_directory","https://www.google.com/maps/search/Altus%20Behavioral%20Therapy%20Center%20Bolingbrook%20IL","pilot-2026-09-25-2k"
"Amity Autism Discovery Center","https://www.amityabaut.com","Riverton","UT","1","Ava Ames","CEO & Managing Partner, BCBA","ceo","ava@amityabaut.com","https://www.linkedin.com/in/ava-ames-amityaba","aba_index","https://www.google.com/maps/search/Amity%20Autism%20Discovery%20Center%20Riverton%20UT","pilot-2026-09-25-2k"
"Anchor Behavioral Foundations","https://www.anchorautismnj.com","Hoboken","NJ","2","Avery Amos","Executive Clinical Director & Partner, BCBA","exec_director","avery.amos@anchorautismnj.com","https://www.linkedin.com/in/avery-amos-anchoraba","google_maps","https://www.google.com/maps/search/Anchor%20Behavioral%20Foundations%20Hoboken%20NJ","pilot-2026-09-25-2k"
"Apex Therapeutic Solutions","https://www.apexbehavioraltx.com","Pearland","TX","3","Bailey Anaya","Founder & President, BCBA, LBA","founder","banaya@apexbehavioraltx.com","https://www.linkedin.com/in/bailey-anaya-apexaba","apollo","https://www.google.com/maps/search/Apex%20Therapeutic%20Solutions%20Pearland%20TX","pilot-2026-09-25-2k"
"Aquila ABA Collective","https://www.aquilacarefl.com","Palm Bay","FL","4","Barbara Anders","Owner & Director of Applied Behavior Analysis","owner","barbara@aquilacarefl.com","https://www.linkedin.com/in/barbara-anders-aquilaaba","linkedin_sales_nav","https://www.google.com/maps/search/Aquila%20ABA%20Collective%20Palm%20Bay%20FL","pilot-2026-09-25-2k"
"Arch Autism Center","https://www.archabaca.org","Oceanside","CA","1","Beatrice Andersen","Founder & Clinical Director, BCBA-D","founder","beatrice.andersen@archabaca.org","https://www.linkedin.com/in/beatrice-andersen-archaba","state_directory","https://www.google.com/maps/search/Arch%20Autism%20Center%20Oceanside%20CA","pilot-2026-09-25-2k"
"Ardent ABA Therapy Group","https://www.ardentautismnc.com","Raleigh","NC","2","Benjamin Anderson","Co-Founder & Executive Director, MS, BCBA","founder","banderson@ardentautismnc.com","https://www.linkedin.com/in/benjamin-anderson-ardentaba","aba_index","https://www.google.com/maps/search/Ardent%20ABA%20Therapy%20Group%20Raleigh%20NC","pilot-2026-09-25-2k"
"Ascend Behavioral Solutions","https://www.ascendbehavioralga.com","Columbus","GA","3","Bethany Andrade","Owner & Clinical Supervisor, BCBA","owner","bethany@ascendbehavioralga.com","https://www.linkedin.com/in/bethany-andrade-ascendaba","google_maps","https://www.google.com/maps/search/Ascend%20Behavioral%20Solutions%20Columbus%20GA","pilot-2026-09-25-2k"
"Aspen Autism Services","https://www.aspencareco.com","Fort Collins","CO","4","Blake Andrews","CEO & Managing Partner, BCBA","ceo","blake.andrews@aspencareco.com","https://www.linkedin.com/in/blake-andrews-aspenaba","apollo","https://www.google.com/maps/search/Aspen%20Autism%20Services%20Fort%20Collins%20CO","pilot-2026-09-25-2k"
"Aspire Behavioral Health","https://www.aspireabava.com","Arlington","VA","1","Bradley Anthony","Executive Clinical Director & Partner, BCBA","exec_director","banthony@aspireabava.com","https://www.linkedin.com/in/bradley-anthony-aspireaba","linkedin_sales_nav","https://www.google.com/maps/search/Aspire%20Behavioral%20Health%20Arlington%20VA","pilot-2026-09-25-2k"
"Aston Therapy Associates","https://www.astonautismmd.org","Gaithersburg","MD","2","Brandon Archer","Founder & President, BCBA, LBA","founder","brandon@astonautismmd.org","https://www.linkedin.com/in/brandon-archer-astonaba","state_directory","https://www.google.com/maps/search/Aston%20Therapy%20Associates%20Gaithersburg%20MD","pilot-2026-09-25-2k"
"Atlantic Developmental Clinic","https://www.atlanticbehavioralil.com","Schaumburg","IL","3","Brayden Arellano","Owner & Director of Applied Behavior Analysis","owner","brayden.arellano@atlanticbehavioralil.com","https://www.linkedin.com/in/brayden-arellano-atlanticaba","aba_index","https://www.google.com/maps/search/Atlantic%20Developmental%20Clinic%20Schaumburg%20IL","pilot-2026-09-25-2k"
"Atlas ABA Services","https://www.atlascareut.net","Layton","UT","4","Brenda Armenta","Founder & Clinical Director, BCBA-D","founder","barmenta@atlascareut.net","https://www.linkedin.com/in/brenda-armenta-atlasaba","google_maps","https://www.google.com/maps/search/Atlas%20ABA%20Services%20Layton%20UT","pilot-2026-09-25-2k"
"Atrium Autism & Behavioral Clinic","https://www.atriumabanj.com","Trenton","NJ","1","Brian Armstrong","Co-Founder & Executive Director, MS, BCBA","founder","brian@atriumabanj.com","https://www.linkedin.com/in/brian-armstrong-atriumaba","apollo","https://www.google.com/maps/search/Atrium%20Autism%20%26%20Behavioral%20Clinic%20Trenton%20NJ","pilot-2026-09-25-2k"
"Aura Child Development Center","https://www.auraautismtx.com","Pflugerville","TX","2","Brianna Arndt","Owner & Clinical Supervisor, BCBA","owner","brianna.arndt@auraautismtx.com","https://www.linkedin.com/in/brianna-arndt-auraaba","linkedin_sales_nav","https://www.google.com/maps/search/Aura%20Child%20Development%20Center%20Pflugerville%20TX","pilot-2026-09-25-2k"
"Aurora Behavior Analysis Partners","https://www.aurorabehavioralfl.org","Ocala","FL","3","Brittany Arnold","CEO & Managing Partner, BCBA","ceo","barnold@aurorabehavioralfl.org","https://www.linkedin.com/in/brittany-arnold-auroraaba","state_directory","https://www.google.com/maps/search/Aurora%20Behavior%20Analysis%20Partners%20Ocala%20FL","pilot-2026-09-25-2k"
"Authentic Behavioral Care","https://www.authenticcareca.com","Roseville","CA","4","Brooke Arredondo","Executive Clinical Director & Partner, BCBA","exec_director","brooke@authenticcareca.com","https://www.linkedin.com/in/brooke-arredondo-authenticaba","aba_index","https://www.google.com/maps/search/Authentic%20Behavioral%20Care%20Roseville%20CA","pilot-2026-09-25-2k"
"Avenue Autism Horizons","https://www.avenueabanc.com","Apex","NC","1","Brooklyn Arroyo","Founder & President, BCBA, LBA","founder","brooklyn.arroyo@avenueabanc.com","https://www.linkedin.com/in/brooklyn-arroyo-avenueaba","google_maps","https://www.google.com/maps/search/Avenue%20Autism%20Horizons%20Apex%20NC","pilot-2026-09-25-2k"
"Axis Therapy & Learning Center","https://www.axisautismga.com","Smyrna","GA","2","Bruce Arthur","Owner & Director of Applied Behavior Analysis","owner","barthur@axisautismga.com","https://www.linkedin.com/in/bruce-arthur-axisaba","apollo","https://www.google.com/maps/search/Axis%20Therapy%20%26%20Learning%20Center%20Smyrna%20GA","pilot-2026-09-25-2k"
"Basis Behavioral Interventions","https://www.basisbehavioralco.net","Castle Rock","CO","3","Bryan Asher","Founder & Clinical Director, BCBA-D","founder","bryan@basisbehavioralco.net","https://www.linkedin.com/in/bryan-asher-basisaba","linkedin_sales_nav","https://www.google.com/maps/search/Basis%20Behavioral%20Interventions%20Castle%20Rock%20CO","pilot-2026-09-25-2k"
"Beacon Autism Clinic","https://www.beaconcareva.org","Leesburg","VA","4","Caleb Ashley","Co-Founder & Executive Director, MS, BCBA","founder","caleb.ashley@beaconcareva.org","https://www.linkedin.com/in/caleb-ashley-beaconaba","state_directory","https://www.google.com/maps/search/Beacon%20Autism%20Clinic%20Leesburg%20VA","pilot-2026-09-25-2k"
"Belief ABA Center","https://www.beliefabamd.com","Salisbury","MD","1","Cameron Ashton","Owner & Clinical Supervisor, BCBA","owner","cashton@beliefabamd.com","https://www.linkedin.com/in/cameron-ashton-beliefaba","aba_index","https://www.google.com/maps/search/Belief%20ABA%20Center%20Salisbury%20MD","pilot-2026-09-25-2k"
"Beloved Behavioral Health Network","https://www.belovedautismil.com","Palatine","IL","2","Camila Atkins","CEO & Managing Partner, BCBA","ceo","camila@belovedautismil.com","https://www.linkedin.com/in/camila-atkins-belovedaba","google_maps","https://www.google.com/maps/search/Beloved%20Behavioral%20Health%20Network%20Palatine%20IL","pilot-2026-09-25-2k"
"Benchmark Autism Group","https://www.benchmarkbehavioralut.com","Roy","UT","3","Carla Atkinson","Executive Clinical Director & Partner, BCBA","exec_director","carla.atkinson@benchmarkbehavioralut.com","https://www.linkedin.com/in/carla-atkinson-benchmarkaba","apollo","https://www.google.com/maps/search/Benchmark%20Autism%20Group%20Roy%20UT","pilot-2026-09-25-2k"
"Benefit Applied Behavior Specialists","https://www.benefitcarenj.com","Plainfield","NJ","4","Carlos Augustine","Founder & President, BCBA, LBA","founder","caugustine@benefitcarenj.com","https://www.linkedin.com/in/carlos-augustine-benefitaba","linkedin_sales_nav","https://www.google.com/maps/search/Benefit%20Applied%20Behavior%20Specialists%20Plainfield%20NJ","pilot-2026-09-25-2k"
"Better Days Therapy Partners","https://www.betterdaysabatx.org","Austin","TX","1","Caroline Austin","Owner & Director of Applied Behavior Analysis","owner","caroline@betterdaysabatx.org","https://www.linkedin.com/in/caroline-austin-betterdaysaba","state_directory","https://www.google.com/maps/search/Better%20Days%20Therapy%20Partners%20Austin%20TX","pilot-2026-09-25-2k"
"Beyond Pediatric Autism Services","https://www.beyondautismfl.net","Orlando","FL","2","Carolyn Avalos","Founder & Clinical Director, BCBA-D","founder","carolyn.avalos@beyondautismfl.net","https://www.linkedin.com/in/carolyn-avalos-beyondaba","aba_index","https://www.google.com/maps/search/Beyond%20Pediatric%20Autism%20Services%20Orlando%20FL","pilot-2026-09-25-2k"
"Blossom Behavioral Care Center","https://www.blossombehavioralca.com","San Jose","CA","3","Carson Avery","Co-Founder & Executive Director, MS, BCBA","founder","cavery@blossombehavioralca.com","https://www.linkedin.com/in/carson-avery-blossomaba","google_maps","https://www.google.com/maps/search/Blossom%20Behavioral%20Care%20Center%20San%20Jose%20CA","pilot-2026-09-25-2k"
"Blue Ridge Autism & Learning Institute","https://www.blueridgecarenc.com","Matthews","NC","4","Carter Avila","Owner & Clinical Supervisor, BCBA","owner","carter@blueridgecarenc.com","https://www.linkedin.com/in/carter-avila-blueridgeaba","apollo","https://www.google.com/maps/search/Blue%20Ridge%20Autism%20%26%20Learning%20Institute%20Matthews%20NC","pilot-2026-09-25-2k"
"Blue Sky Developmental Solutions","https://www.blueskyabaga.com","Carrollton","GA","1","Cassandra Ayala","CEO & Managing Partner, BCBA","ceo","cassandra.ayala@blueskyabaga.com","https://www.linkedin.com/in/cassandra-ayala-blueskyaba","linkedin_sales_nav","https://www.google.com/maps/search/Blue%20Sky%20Developmental%20Solutions%20Carrollton%20GA","pilot-2026-09-25-2k"
"Bloom Behavioral Therapy Center","https://www.bloomautismco.org","Boulder","CO","2","Catherine Babcock","Executive Clinical Director & Partner, BCBA","exec_director","cbabcock@bloomautismco.org","https://www.linkedin.com/in/catherine-babcock-bloomaba","state_directory","https://www.google.com/maps/search/Bloom%20Behavioral%20Therapy%20Center%20Boulder%20CO","pilot-2026-09-25-2k"
"Bold Autism Discovery Center","https://www.boldbehavioralva.com","Roanoke","VA","3","Cecilia Bach","Founder & President, BCBA, LBA","founder","cecilia@boldbehavioralva.com","https://www.linkedin.com/in/cecilia-bach-boldaba","aba_index","https://www.google.com/maps/search/Bold%20Autism%20Discovery%20Center%20Roanoke%20VA","pilot-2026-09-25-2k"
"Bond Behavioral Foundations","https://www.bondcaremd.com","Bowie","MD","4","Chad Bader","Owner & Director of Applied Behavior Analysis","owner","chad.bader@bondcaremd.com","https://www.linkedin.com/in/chad-bader-bondaba","google_maps","https://www.google.com/maps/search/Bond%20Behavioral%20Foundations%20Bowie%20MD","pilot-2026-09-25-2k"
"Boundless Therapeutic Solutions","https://www.boundlessabail.net","Elgin","IL","1","Charles Baer","Founder & Clinical Director, BCBA-D","founder","cbaer@boundlessabail.net","https://www.linkedin.com/in/charles-baer-boundlessaba","apollo","https://www.google.com/maps/search/Boundless%20Therapeutic%20Solutions%20Elgin%20IL","pilot-2026-09-25-2k"
"Branch ABA Collective","https://www.branchautismut.com","Lehi","UT","2","Charlotte Baggett","Co-Founder & Executive Director, MS, BCBA","founder","charlotte@branchautismut.com","https://www.linkedin.com/in/charlotte-baggett-branchaba","linkedin_sales_nav","https://www.google.com/maps/search/Branch%20ABA%20Collective%20Lehi%20UT","pilot-2026-09-25-2k"
"Bravo Autism Center","https://www.bravobehavioralnj.org","Camden","NJ","3","Chase Bagley","Owner & Clinical Supervisor, BCBA","owner","chase.bagley@bravobehavioralnj.org","https://www.linkedin.com/in/chase-bagley-bravoaba","state_directory","https://www.google.com/maps/search/Bravo%20Autism%20Center%20Camden%20NJ","pilot-2026-09-25-2k"
"Bravery ABA Therapy Group","https://www.braverycaretx.com","El Paso","TX","4","Chelsea Bailey","CEO & Managing Partner, BCBA","ceo","cbailey@braverycaretx.com","https://www.linkedin.com/in/chelsea-bailey-braveryaba","aba_index","https://www.google.com/maps/search/Bravery%20ABA%20Therapy%20Group%20El%20Paso%20TX","pilot-2026-09-25-2k"
"Bridge Behavioral Solutions","https://www.bridgeabafl.com","Clearwater","FL","1","Cheyenne Bain","Executive Clinical Director & Partner, BCBA","exec_director","cheyenne@bridgeabafl.com","https://www.linkedin.com/in/cheyenne-bain-bridgeaba","google_maps","https://www.google.com/maps/search/Bridge%20Behavioral%20Solutions%20Clearwater%20FL","pilot-2026-09-25-2k"
"Bright Future Autism Services","https://www.brightfutureautismca.com","Chula Vista","CA","2","Chloe Baird","Founder & President, BCBA, LBA","founder","chloe.baird@brightfutureautismca.com","https://www.linkedin.com/in/chloe-baird-brightfutureaba","apollo","https://www.google.com/maps/search/Bright%20Future%20Autism%20Services%20Chula%20Vista%20CA","pilot-2026-09-25-2k"
"Bright Path Behavioral Health","https://www.brightpathbehavioralnc.com","Winston-Salem","NC","3","Christian Baker","Owner & Director of Applied Behavior Analysis","owner","cbaker@brightpathbehavioralnc.com","https://www.linkedin.com/in/christian-baker-brightpathaba","linkedin_sales_nav","https://www.google.com/maps/search/Bright%20Path%20Behavioral%20Health%20Winston-Salem%20NC","pilot-2026-09-25-2k"
"Brighter Days Therapy Associates","https://www.brighterdayscarega.org","Sandy Springs","GA","4","Christina Baldwin","Founder & Clinical Director, BCBA-D","founder","christina@brighterdayscarega.org","https://www.linkedin.com/in/christina-baldwin-brighterdaysaba","state_directory","https://www.google.com/maps/search/Brighter%20Days%20Therapy%20Associates%20Sandy%20Springs%20GA","pilot-2026-09-25-2k"
"Broadview Developmental Clinic","https://www.broadviewabaco.com","Commerce City","CO","1","Christine Bales","Co-Founder & Executive Director, MS, BCBA","founder","christine.bales@broadviewabaco.com","https://www.linkedin.com/in/christine-bales-broadviewaba","aba_index","https://www.google.com/maps/search/Broadview%20Developmental%20Clinic%20Commerce%20City%20CO","pilot-2026-09-25-2k"
"Building Blocks ABA Services","https://www.buildingblocksautismva.com","Fredericksburg","VA","2","Christopher Ball","Owner & Clinical Supervisor, BCBA","owner","cball@buildingblocksautismva.com","https://www.linkedin.com/in/christopher-ball-buildingblocksaba","google_maps","https://www.google.com/maps/search/Building%20Blocks%20ABA%20Services%20Fredericksburg%20VA","pilot-2026-09-25-2k"
"Calm Autism & Behavioral Clinic","https://www.calmbehavioralmd.com","Severn","MD","3","Claire Ballard","CEO & Managing Partner, BCBA","ceo","claire@calmbehavioralmd.com","https://www.linkedin.com/in/claire-ballard-calmaba","apollo","https://www.google.com/maps/search/Calm%20Autism%20%26%20Behavioral%20Clinic%20Severn%20MD","pilot-2026-09-25-2k"
"Canyon Child Development Center","https://www.canyoncareil.com","Des Plaines","IL","4","Clara Ballesteros","Executive Clinical Director & Partner, BCBA","exec_director","clara.ballesteros@canyoncareil.com","https://www.linkedin.com/in/clara-ballesteros-canyonaba","linkedin_sales_nav","https://www.google.com/maps/search/Canyon%20Child%20Development%20Center%20Des%20Plaines%20IL","pilot-2026-09-25-2k"
"Capital Behavior Analysis Partners","https://www.capitalabaut.org","Salt Lake City","UT","1","Clayton Banks","Founder & President, BCBA, LBA","founder","cbanks@capitalabaut.org","https://www.linkedin.com/in/clayton-banks-capitalaba","state_directory","https://www.google.com/maps/search/Capital%20Behavior%20Analysis%20Partners%20Salt%20Lake%20City%20UT","pilot-2026-09-25-2k"
"CarePoint Behavioral Care","https://www.carepointautismnj.com","Jersey City","NJ","2","Cole Bankston","Owner & Director of Applied Behavior Analysis","owner","cole@carepointautismnj.com","https://www.linkedin.com/in/cole-bankston-carepointaba","aba_index","https://www.google.com/maps/search/CarePoint%20Behavioral%20Care%20Jersey%20City%20NJ","pilot-2026-09-25-2k"
"Cascade Autism Horizons","https://www.cascadebehavioraltx.net","Sugar Land","TX","3","Colin Bannister","Founder & Clinical Director, BCBA-D","founder","colin.bannister@cascadebehavioraltx.net","https://www.linkedin.com/in/colin-bannister-cascadeaba","google_maps","https://www.google.com/maps/search/Cascade%20Autism%20Horizons%20Sugar%20Land%20TX","pilot-2026-09-25-2k"
"Catalyst Therapy & Learning Center","https://www.catalystcarefl.com","Port St. Lucie","FL","4","Colleen Barajas","Co-Founder & Executive Director, MS, BCBA","founder","cbarajas@catalystcarefl.com","https://www.linkedin.com/in/colleen-barajas-catalystaba","apollo","https://www.google.com/maps/search/Catalyst%20Therapy%20%26%20Learning%20Center%20Port%20St.%20Lucie%20FL","pilot-2026-09-25-2k"
"Cedar Behavioral Interventions","https://www.cedarabaca.com","Torrance","CA","1","Connor Barba","Owner & Clinical Supervisor, BCBA","owner","connor@cedarabaca.com","https://www.linkedin.com/in/connor-barba-cedaraba","linkedin_sales_nav","https://www.google.com/maps/search/Cedar%20Behavioral%20Interventions%20Torrance%20CA","pilot-2026-09-25-2k"
"Celestial Autism Clinic","https://www.celestialautismnc.org","Huntersville","NC","2","Cora Barbee","CEO & Managing Partner, BCBA","ceo","cora.barbee@celestialautismnc.org","https://www.linkedin.com/in/cora-barbee-celestialaba","state_directory","https://www.google.com/maps/search/Celestial%20Autism%20Clinic%20Huntersville%20NC","pilot-2026-09-25-2k"
"Centennial ABA Center","https://www.centennialbehavioralga.com","Gainesville","GA","3","Corey Barber","Executive Clinical Director & Partner, BCBA","exec_director","cbarber@centennialbehavioralga.com","https://www.linkedin.com/in/corey-barber-centennialaba","aba_index","https://www.google.com/maps/search/Centennial%20ABA%20Center%20Gainesville%20GA","pilot-2026-09-25-2k"
"CenterPoint Behavioral Health Network","https://www.centerpointcareco.com","Arvada","CO","4","Courtney Barker","Founder & President, BCBA, LBA","founder","courtney@centerpointcareco.com","https://www.linkedin.com/in/courtney-barker-centerpointaba","google_maps","https://www.google.com/maps/search/CenterPoint%20Behavioral%20Health%20Network%20Arvada%20CO","pilot-2026-09-25-2k"
"Champion Autism Group","https://www.championabava.com","Reston","VA","1","Craig Barkley","Owner & Director of Applied Behavior Analysis","owner","craig.barkley@championabava.com","https://www.linkedin.com/in/craig-barkley-championaba","apollo","https://www.google.com/maps/search/Champion%20Autism%20Group%20Reston%20VA","pilot-2026-09-25-2k"
"Channel Applied Behavior Specialists","https://www.channelautismmd.net","Towson","MD","2","Crystal Barnes","Founder & Clinical Director, BCBA-D","founder","cbarnes@channelautismmd.net","https://www.linkedin.com/in/crystal-barnes-channelaba","linkedin_sales_nav","https://www.google.com/maps/search/Channel%20Applied%20Behavior%20Specialists%20Towson%20MD","pilot-2026-09-25-2k"
"Circle Therapy Partners","https://www.circlebehavioralil.org","Waukegan","IL","3","Curtis Barnett","Co-Founder & Executive Director, MS, BCBA","founder","curtis@circlebehavioralil.org","https://www.linkedin.com/in/curtis-barnett-circleaba","state_directory","https://www.google.com/maps/search/Circle%20Therapy%20Partners%20Waukegan%20IL","pilot-2026-09-25-2k"
"Clarity Pediatric Autism Services","https://www.claritycareut.com","Taylorsville","UT","4","Cynthia Barr","Owner & Clinical Supervisor, BCBA","owner","cynthia.barr@claritycareut.com","https://www.linkedin.com/in/cynthia-barr-clarityaba","aba_index","https://www.google.com/maps/search/Clarity%20Pediatric%20Autism%20Services%20Taylorsville%20UT","pilot-2026-09-25-2k"
"Clear Horizon Behavioral Care Center","https://www.clearhorizonabanj.com","Union City","NJ","1","Daisy Barrera","CEO & Managing Partner, BCBA","ceo","dbarrera@clearhorizonabanj.com","https://www.linkedin.com/in/daisy-barrera-clearhorizonaba","google_maps","https://www.google.com/maps/search/Clear%20Horizon%20Behavioral%20Care%20Center%20Union%20City%20NJ","pilot-2026-09-25-2k"
"Climb Autism & Learning Institute","https://www.climbautismtx.com","Midland","TX","2","Dale Barrett","Executive Clinical Director & Partner, BCBA","exec_director","dale@climbautismtx.com","https://www.linkedin.com/in/dale-barrett-climbaba","apollo","https://www.google.com/maps/search/Climb%20Autism%20%26%20Learning%20Institute%20Midland%20TX","pilot-2026-09-25-2k"
"Clover Developmental Solutions","https://www.cloverbehavioralfl.com","Sanford","FL","3","Dallas Barron","Founder & President, BCBA, LBA","founder","dallas.barron@cloverbehavioralfl.com","https://www.linkedin.com/in/dallas-barron-cloveraba","linkedin_sales_nav","https://www.google.com/maps/search/Clover%20Developmental%20Solutions%20Sanford%20FL","pilot-2026-09-25-2k"
"Coastal Behavioral Therapy Center","https://www.coastalcareca.org","Temecula","CA","4","Dalton Barry","Owner & Director of Applied Behavior Analysis","owner","dbarry@coastalcareca.org","https://www.linkedin.com/in/dalton-barry-coastalaba","state_directory","https://www.google.com/maps/search/Coastal%20Behavioral%20Therapy%20Center%20Temecula%20CA","pilot-2026-09-25-2k"
"Cognitive Autism Discovery Center","https://www.cognitiveabanc.net","New Bern","NC","1","Damian Bartlett","Founder & Clinical Director, BCBA-D","founder","damian@cognitiveabanc.net","https://www.linkedin.com/in/damian-bartlett-cognitiveaba","aba_index","https://www.google.com/maps/search/Cognitive%20Autism%20Discovery%20Center%20New%20Bern%20NC","pilot-2026-09-25-2k"
"Collab Behavioral Foundations","https://www.collabautismga.com","McDonough","GA","2","Daniel Barton","Co-Founder & Executive Director, MS, BCBA","founder","daniel.barton@collabautismga.com","https://www.linkedin.com/in/daniel-barton-collababa","google_maps","https://www.google.com/maps/search/Collab%20Behavioral%20Foundations%20McDonough%20GA","pilot-2026-09-25-2k"
"Comfort Therapeutic Solutions","https://www.comfortbehavioralco.com","Littleton","CO","3","Danielle Bass","Owner & Clinical Supervisor, BCBA","owner","dbass@comfortbehavioralco.com","https://www.linkedin.com/in/danielle-bass-comfortaba","apollo","https://www.google.com/maps/search/Comfort%20Therapeutic%20Solutions%20Littleton%20CO","pilot-2026-09-25-2k"
"Common Ground ABA Collective","https://www.commongroundcareva.com","Salem","VA","4","Danny Batchelor","CEO & Managing Partner, BCBA","ceo","danny@commongroundcareva.com","https://www.linkedin.com/in/danny-batchelor-commongroundaba","linkedin_sales_nav","https://www.google.com/maps/search/Common%20Ground%20ABA%20Collective%20Salem%20VA","pilot-2026-09-25-2k"
"Community Autism Center","https://www.communityabamd.org","Baltimore","MD","1","Daphne Bateman","Executive Clinical Director & Partner, BCBA","exec_director","daphne.bateman@communityabamd.org","https://www.linkedin.com/in/daphne-bateman-communityaba","state_directory","https://www.google.com/maps/search/Community%20Autism%20Center%20Baltimore%20MD","pilot-2026-09-25-2k"
"Companion ABA Therapy Group","https://www.companionautismil.com","Naperville","IL","2","Darlene Bates","Founder & President, BCBA, LBA","founder","dbates@companionautismil.com","https://www.linkedin.com/in/darlene-bates-companionaba","aba_index","https://www.google.com/maps/search/Companion%20ABA%20Therapy%20Group%20Naperville%20IL","pilot-2026-09-25-2k"
"Compass Behavioral Solutions","https://www.compassbehavioralut.com","West Valley City","UT","3","Darren Batista","Owner & Director of Applied Behavior Analysis","owner","darren@compassbehavioralut.com","https://www.linkedin.com/in/darren-batista-compassaba","google_maps","https://www.google.com/maps/search/Compass%20Behavioral%20Solutions%20West%20Valley%20City%20UT","pilot-2026-09-25-2k"
"Concord Autism Services","https://www.concordcarenj.net","Elizabeth","NJ","4","David Bauer","Founder & Clinical Director, BCBA-D","founder","david.bauer@concordcarenj.net","https://www.linkedin.com/in/david-bauer-concordaba","apollo","https://www.google.com/maps/search/Concord%20Autism%20Services%20Elizabeth%20NJ","pilot-2026-09-25-2k"
"Confidence Behavioral Health","https://www.confidenceabatx.com","Fort Worth","TX","1","Dawn Baughman","Co-Founder & Executive Director, MS, BCBA","founder","dbaughman@confidenceabatx.com","https://www.linkedin.com/in/dawn-baughman-confidenceaba","linkedin_sales_nav","https://www.google.com/maps/search/Confidence%20Behavioral%20Health%20Fort%20Worth%20TX","pilot-2026-09-25-2k"
"Connect Therapy Associates","https://www.connectautismfl.org","St. Petersburg","FL","2","Dean Bauman","Owner & Clinical Supervisor, BCBA","owner","dean@connectautismfl.org","https://www.linkedin.com/in/dean-bauman-connectaba","state_directory","https://www.google.com/maps/search/Connect%20Therapy%20Associates%20St.%20Petersburg%20FL","pilot-2026-09-25-2k"
"Continuum Developmental Clinic","https://www.continuumbehavioralca.com","Pasadena","CA","3","Deanna Baxter","CEO & Managing Partner, BCBA","ceo","deanna.baxter@continuumbehavioralca.com","https://www.linkedin.com/in/deanna-baxter-continuumaba","aba_index","https://www.google.com/maps/search/Continuum%20Developmental%20Clinic%20Pasadena%20CA","pilot-2026-09-25-2k"
"Core ABA Services","https://www.corecarenc.com","Wilmington","NC","4","Deborah Beach","Executive Clinical Director & Partner, BCBA","exec_director","dbeach@corecarenc.com","https://www.linkedin.com/in/deborah-beach-coreaba","google_maps","https://www.google.com/maps/search/Core%20ABA%20Services%20Wilmington%20NC","pilot-2026-09-25-2k"
"Cornerstone Autism & Behavioral Clinic","https://www.cornerstoneabaga.com","Alpharetta","GA","1","Debra Beal","Founder & President, BCBA, LBA","founder","debra@cornerstoneabaga.com","https://www.linkedin.com/in/debra-beal-cornerstoneaba","apollo","https://www.google.com/maps/search/Cornerstone%20Autism%20%26%20Behavioral%20Clinic%20Alpharetta%20GA","pilot-2026-09-25-2k"
"Cosmos Child Development Center","https://www.cosmosautismco.com","Pueblo","CO","2","Declan Beam","Owner & Director of Applied Behavior Analysis","owner","declan.beam@cosmosautismco.com","https://www.linkedin.com/in/declan-beam-cosmosaba","linkedin_sales_nav","https://www.google.com/maps/search/Cosmos%20Child%20Development%20Center%20Pueblo%20CO","pilot-2026-09-25-2k"
"Courage Behavior Analysis Partners","https://www.couragebehavioralva.org","Hampton","VA","3","Delilah Bean","Founder & Clinical Director, BCBA-D","founder","dbean@couragebehavioralva.org","https://www.linkedin.com/in/delilah-bean-courageaba","state_directory","https://www.google.com/maps/search/Courage%20Behavior%20Analysis%20Partners%20Hampton%20VA","pilot-2026-09-25-2k"
"Covenant Behavioral Care","https://www.covenantcaremd.com","Waldorf","MD","4","Derek Beard","Co-Founder & Executive Director, MS, BCBA","founder","derek@covenantcaremd.com","https://www.linkedin.com/in/derek-beard-covenantaba","aba_index","https://www.google.com/maps/search/Covenant%20Behavioral%20Care%20Waldorf%20MD","pilot-2026-09-25-2k"
"Cove Autism Horizons","https://www.coveabail.com","Champaign","IL","1","Desiree Beasley","Owner & Clinical Supervisor, BCBA","owner","desiree.beasley@coveabail.com","https://www.linkedin.com/in/desiree-beasley-coveaba","google_maps","https://www.google.com/maps/search/Cove%20Autism%20Horizons%20Champaign%20IL","pilot-2026-09-25-2k"
"Cradle Therapy & Learning Center","https://www.cradleautismut.com","Murray","UT","2","Destiny Beatty","CEO & Managing Partner, BCBA","ceo","dbeatty@cradleautismut.com","https://www.linkedin.com/in/destiny-beatty-cradleaba","apollo","https://www.google.com/maps/search/Cradle%20Therapy%20%26%20Learning%20Center%20Murray%20UT","pilot-2026-09-25-2k"
"Craft Behavioral Interventions","https://www.craftbehavioralnj.com","East Orange","NJ","3","Devin Beauchamp","Executive Clinical Director & Partner, BCBA","exec_director","devin@craftbehavioralnj.com","https://www.linkedin.com/in/devin-beauchamp-craftaba","linkedin_sales_nav","https://www.google.com/maps/search/Craft%20Behavioral%20Interventions%20East%20Orange%20NJ","pilot-2026-09-25-2k"
"Crest Autism Clinic","https://www.crestcaretx.org","Waco","TX","4","Diana Beaver","Founder & President, BCBA, LBA","founder","diana.beaver@crestcaretx.org","https://www.linkedin.com/in/diana-beaver-crestaba","state_directory","https://www.google.com/maps/search/Crest%20Autism%20Clinic%20Waco%20TX","pilot-2026-09-25-2k"
"Crestview ABA Center","https://www.crestviewabafl.com","Bradenton","FL","1","Dominic Beck","Owner & Director of Applied Behavior Analysis","owner","dbeck@crestviewabafl.com","https://www.linkedin.com/in/dominic-beck-crestviewaba","aba_index","https://www.google.com/maps/search/Crestview%20ABA%20Center%20Bradenton%20FL","pilot-2026-09-25-2k"
"Crossroads Behavioral Health Network","https://www.crossroadsautismca.net","Glendale","CA","2","Donald Becker","Founder & Clinical Director, BCBA-D","founder","donald@crossroadsautismca.net","https://www.linkedin.com/in/donald-becker-crossroadsaba","google_maps","https://www.google.com/maps/search/Crossroads%20Behavioral%20Health%20Network%20Glendale%20CA","pilot-2026-09-25-2k"
"Crown Autism Group","https://www.crownbehavioralnc.com","Mooresville","NC","3","Donna Beckett","Co-Founder & Executive Director, MS, BCBA","founder","donna.beckett@crownbehavioralnc.com","https://www.linkedin.com/in/donna-beckett-crownaba","apollo","https://www.google.com/maps/search/Crown%20Autism%20Group%20Mooresville%20NC","pilot-2026-09-25-2k"
"Crystal Applied Behavior Specialists","https://www.crystalcarega.com","Woodstock","GA","4","Dora Beckman","Owner & Clinical Supervisor, BCBA","owner","dbeckman@crystalcarega.com","https://www.linkedin.com/in/dora-beckman-crystalaba","linkedin_sales_nav","https://www.google.com/maps/search/Crystal%20Applied%20Behavior%20Specialists%20Woodstock%20GA","pilot-2026-09-25-2k"
"Cultivate Therapy Partners","https://www.cultivateabaco.org","Denver","CO","1","Douglas Bedford","CEO & Managing Partner, BCBA","ceo","douglas@cultivateabaco.org","https://www.linkedin.com/in/douglas-bedford-cultivateaba","state_directory","https://www.google.com/maps/search/Cultivate%20Therapy%20Partners%20Denver%20CO","pilot-2026-09-25-2k"
"Daybreak Pediatric Autism Services","https://www.daybreakautismva.com","Virginia Beach","VA","2","Drew Beebe","Executive Clinical Director & Partner, BCBA","exec_director","drew.beebe@daybreakautismva.com","https://www.linkedin.com/in/drew-beebe-daybreakaba","aba_index","https://www.google.com/maps/search/Daybreak%20Pediatric%20Autism%20Services%20Virginia%20Beach%20VA","pilot-2026-09-25-2k"
"Delta Behavioral Care Center","https://www.deltabehavioralmd.com","Bethesda","MD","3","Dustin Beeler","Founder & President, BCBA, LBA","founder","dbeeler@deltabehavioralmd.com","https://www.linkedin.com/in/dustin-beeler-deltaaba","google_maps","https://www.google.com/maps/search/Delta%20Behavioral%20Care%20Center%20Bethesda%20MD","pilot-2026-09-25-2k"
"Destiny Autism & Learning Institute","https://www.destinycareil.com","Rockford","IL","4","Dylan Begay","Owner & Director of Applied Behavior Analysis","owner","dylan@destinycareil.com","https://www.linkedin.com/in/dylan-begay-destinyaba","apollo","https://www.google.com/maps/search/Destiny%20Autism%20%26%20Learning%20Institute%20Rockford%20IL","pilot-2026-09-25-2k"
"Diligence Developmental Solutions","https://www.diligenceabaut.net","Sandy","UT","1","Easton Belcher","Founder & Clinical Director, BCBA-D","founder","easton.belcher@diligenceabaut.net","https://www.linkedin.com/in/easton-belcher-diligenceaba","linkedin_sales_nav","https://www.google.com/maps/search/Diligence%20Developmental%20Solutions%20Sandy%20UT","pilot-2026-09-25-2k"
"Direction Behavioral Therapy Center","https://www.directionautismnj.org","Woodbridge","NJ","2","Eddie Bell","Co-Founder & Executive Director, MS, BCBA","founder","ebell@directionautismnj.org","https://www.linkedin.com/in/eddie-bell-directionaba","state_directory","https://www.google.com/maps/search/Direction%20Behavioral%20Therapy%20Center%20Woodbridge%20NJ","pilot-2026-09-25-2k"
"Discovery Autism Discovery Center","https://www.discoverybehavioraltx.com","Cedar Park","TX","3","Eden Bellamy","Owner & Clinical Supervisor, BCBA","owner","eden@discoverybehavioraltx.com","https://www.linkedin.com/in/eden-bellamy-discoveryaba","aba_index","https://www.google.com/maps/search/Discovery%20Autism%20Discovery%20Center%20Cedar%20Park%20TX","pilot-2026-09-25-2k"
"Dynamic Behavioral Foundations","https://www.dynamiccarefl.com","Boynton Beach","FL","4","Edward Bellinger","CEO & Managing Partner, BCBA","ceo","edward.bellinger@dynamiccarefl.com","https://www.linkedin.com/in/edward-bellinger-dynamicaba","google_maps","https://www.google.com/maps/search/Dynamic%20Behavioral%20Foundations%20Boynton%20Beach%20FL","pilot-2026-09-25-2k"
"Early Start Therapeutic Solutions","https://www.earlystartabaca.com","Carlsbad","CA","1","Edwin Beltran","Executive Clinical Director & Partner, BCBA","exec_director","ebeltran@earlystartabaca.com","https://www.linkedin.com/in/edwin-beltran-earlystartaba","apollo","https://www.google.com/maps/search/Early%20Start%20Therapeutic%20Solutions%20Carlsbad%20CA","pilot-2026-09-25-2k"
"Echo ABA Collective","https://www.echoautismnc.com","Kernersville","NC","2","Elaine Bender","Founder & President, BCBA, LBA","founder","elaine@echoautismnc.com","https://www.linkedin.com/in/elaine-bender-echoaba","linkedin_sales_nav","https://www.google.com/maps/search/Echo%20ABA%20Collective%20Kernersville%20NC","pilot-2026-09-25-2k"
"Eclipse Autism Center","https://www.eclipsebehavioralga.org","Atlanta","GA","3","Eleanor Benedict","Owner & Director of Applied Behavior Analysis","owner","eleanor.benedict@eclipsebehavioralga.org","https://www.linkedin.com/in/eleanor-benedict-eclipseaba","state_directory","https://www.google.com/maps/search/Eclipse%20Autism%20Center%20Atlanta%20GA","pilot-2026-09-25-2k"
"Eden ABA Therapy Group","https://www.edencareco.net","Longmont","CO","4","Eli Benitez","Founder & Clinical Director, BCBA-D","founder","ebenitez@edencareco.net","https://www.linkedin.com/in/eli-benitez-edenaba","aba_index","https://www.google.com/maps/search/Eden%20ABA%20Therapy%20Group%20Longmont%20CO","pilot-2026-09-25-2k"
"Elation Behavioral Solutions","https://www.elationabava.com","Charlottesville","VA","1","Elias Benjamin","Co-Founder & Executive Director, MS, BCBA","founder","elias@elationabava.com","https://www.linkedin.com/in/elias-benjamin-elationaba","google_maps","https://www.google.com/maps/search/Elation%20Behavioral%20Solutions%20Charlottesville%20VA","pilot-2026-09-25-2k"
"Elevate Autism Services","https://www.elevateautismmd.com","Glen Burnie","MD","2","Elijah Bennett","Owner & Clinical Supervisor, BCBA","owner","elijah.bennett@elevateautismmd.com","https://www.linkedin.com/in/elijah-bennett-elevateaba","apollo","https://www.google.com/maps/search/Elevate%20Autism%20Services%20Glen%20Burnie%20MD","pilot-2026-09-25-2k"
"Elite Behavioral Health","https://www.elitebehavioralil.com","Arlington Heights","IL","3","Elise Benoit","CEO & Managing Partner, BCBA","ceo","ebenoit@elitebehavioralil.com","https://www.linkedin.com/in/elise-benoit-eliteaba","linkedin_sales_nav","https://www.google.com/maps/search/Elite%20Behavioral%20Health%20Arlington%20Heights%20IL","pilot-2026-09-25-2k"
"Embrace Therapy Associates","https://www.embracecareut.org","Bountiful","UT","4","Elizabeth Benson","Executive Clinical Director & Partner, BCBA","exec_director","elizabeth@embracecareut.org","https://www.linkedin.com/in/elizabeth-benson-embraceaba","state_directory","https://www.google.com/maps/search/Embrace%20Therapy%20Associates%20Bountiful%20UT","pilot-2026-09-25-2k"
"Emergence Developmental Clinic","https://www.emergenceabanj.com","New Brunswick","NJ","1","Ella Bentley","Founder & President, BCBA, LBA","founder","ella.bentley@emergenceabanj.com","https://www.linkedin.com/in/ella-bentley-emergenceaba","aba_index","https://www.google.com/maps/search/Emergence%20Developmental%20Clinic%20New%20Brunswick%20NJ","pilot-2026-09-25-2k"
"Empathy ABA Services","https://www.empathyautismtx.com","Richardson","TX","2","Ellen Benton","Owner & Director of Applied Behavior Analysis","owner","ebenton@empathyautismtx.com","https://www.linkedin.com/in/ellen-benton-empathyaba","google_maps","https://www.google.com/maps/search/Empathy%20ABA%20Services%20Richardson%20TX","pilot-2026-09-25-2k"
"Empire Autism & Behavioral Clinic","https://www.empirebehavioralfl.net","Davie","FL","3","Ellie Berg","Founder & Clinical Director, BCBA-D","founder","ellie@empirebehavioralfl.net","https://www.linkedin.com/in/ellie-berg-empireaba","apollo","https://www.google.com/maps/search/Empire%20Autism%20%26%20Behavioral%20Clinic%20Davie%20FL","pilot-2026-09-25-2k"
"Empower Child Development Center","https://www.empowercareca.com","El Cajon","CA","4","Elliott Berger","Co-Founder & Executive Director, MS, BCBA","founder","elliott.berger@empowercareca.com","https://www.linkedin.com/in/elliott-berger-empoweraba","linkedin_sales_nav","https://www.google.com/maps/search/Empower%20Child%20Development%20Center%20El%20Cajon%20CA","pilot-2026-09-25-2k"
"Endeavor Behavior Analysis Partners","https://www.endeavorabanc.org","Gastonia","NC","1","Aaron Bergman","Owner & Clinical Supervisor, BCBA","owner","abergman@endeavorabanc.org","https://www.linkedin.com/in/aaron-bergman-endeavoraba","state_directory","https://www.google.com/maps/search/Endeavor%20Behavior%20Analysis%20Partners%20Gastonia%20NC","pilot-2026-09-25-2k"
"Engage Behavioral Care","https://www.engageautismga.com","Cumming","GA","2","Abigail Bernal","CEO & Managing Partner, BCBA","ceo","abigail@engageautismga.com","https://www.linkedin.com/in/abigail-bernal-engageaba","aba_index","https://www.google.com/maps/search/Engage%20Behavioral%20Care%20Cumming%20GA","pilot-2026-09-25-2k"
"Enrich Autism Horizons","https://www.enrichbehavioralco.com","Aurora","CO","3","Adam Bernard","Executive Clinical Director & Partner, BCBA","exec_director","adam.bernard@enrichbehavioralco.com","https://www.linkedin.com/in/adam-bernard-enrichaba","google_maps","https://www.google.com/maps/search/Enrich%20Autism%20Horizons%20Aurora%20CO","pilot-2026-09-25-2k"
"Equinox Therapy & Learning Center","https://www.equinoxcareva.com","Chesapeake","VA","4","Adrian Berry","Founder & President, BCBA, LBA","founder","aberry@equinoxcareva.com","https://www.linkedin.com/in/adrian-berry-equinoxaba","apollo","https://www.google.com/maps/search/Equinox%20Therapy%20%26%20Learning%20Center%20Chesapeake%20VA","pilot-2026-09-25-2k"
"Essence Behavioral Interventions","https://www.essenceabamd.com","Frederick","MD","1","Aiden Berryman","Owner & Director of Applied Behavior Analysis","owner","aiden@essenceabamd.com","https://www.linkedin.com/in/aiden-berryman-essenceaba","linkedin_sales_nav","https://www.google.com/maps/search/Essence%20Behavioral%20Interventions%20Frederick%20MD","pilot-2026-09-25-2k"
"Essential Autism Clinic","https://www.essentialautismil.org","Evanston","IL","2","Alex Bertram","Founder & Clinical Director, BCBA-D","founder","alex.bertram@essentialautismil.org","https://www.linkedin.com/in/alex-bertram-essentialaba","state_directory","https://www.google.com/maps/search/Essential%20Autism%20Clinic%20Evanston%20IL","pilot-2026-09-25-2k"
"Estuary ABA Center","https://www.estuarybehavioralut.com","St. George","UT","3","Alexander Best","Co-Founder & Executive Director, MS, BCBA","founder","abest@estuarybehavioralut.com","https://www.linkedin.com/in/alexander-best-estuaryaba","aba_index","https://www.google.com/maps/search/Estuary%20ABA%20Center%20St.%20George%20UT","pilot-2026-09-25-2k"
"Evergreen Behavioral Health Network","https://www.evergreencarenj.com","Toms River","NJ","4","Alexandra Betancourt","Owner & Clinical Supervisor, BCBA","owner","alexandra@evergreencarenj.com","https://www.linkedin.com/in/alexandra-betancourt-evergreenaba","google_maps","https://www.google.com/maps/search/Evergreen%20Behavioral%20Health%20Network%20Toms%20River%20NJ","pilot-2026-09-25-2k"
"Excel Autism Group","https://www.excelabatx.com","The Woodlands","TX","1","Alexis Betts","CEO & Managing Partner, BCBA","ceo","alexis.betts@excelabatx.com","https://www.linkedin.com/in/alexis-betts-excelaba","apollo","https://www.google.com/maps/search/Excel%20Autism%20Group%20The%20Woodlands%20TX","pilot-2026-09-25-2k"
"Excellence Applied Behavior Specialists","https://www.excellenceautismfl.com","Gainesville","FL","2","Alice Bevan","Executive Clinical Director & Partner, BCBA","exec_director","abevan@excellenceautismfl.com","https://www.linkedin.com/in/alice-bevan-excellenceaba","linkedin_sales_nav","https://www.google.com/maps/search/Excellence%20Applied%20Behavior%20Specialists%20Gainesville%20FL","pilot-2026-09-25-2k"
"Expansion Therapy Partners","https://www.expansionbehavioralca.org","Anaheim","CA","3","Allison Beverly","Founder & President, BCBA, LBA","founder","allison@expansionbehavioralca.org","https://www.linkedin.com/in/allison-beverly-expansionaba","state_directory","https://www.google.com/maps/search/Expansion%20Therapy%20Partners%20Anaheim%20CA","pilot-2026-09-25-2k"
"Express Pediatric Autism Services","https://www.expresscarenc.com","Salisbury","NC","4","Alyssa Beyer","Owner & Director of Applied Behavior Analysis","owner","alyssa.beyer@expresscarenc.com","https://www.linkedin.com/in/alyssa-beyer-expressaba","aba_index","https://www.google.com/maps/search/Express%20Pediatric%20Autism%20Services%20Salisbury%20NC","pilot-2026-09-25-2k"
"Faith Behavioral Care Center","https://www.faithabaga.net","Duluth","GA","1","Amber Bibb","Founder & Clinical Director, BCBA-D","founder","abibb@faithabaga.net","https://www.linkedin.com/in/amber-bibb-faithaba","google_maps","https://www.google.com/maps/search/Faith%20Behavioral%20Care%20Center%20Duluth%20GA","pilot-2026-09-25-2k"
"Family First Autism & Learning Institute","https://www.familyfirstautismco.com","Broomfield","CO","2","Amy Bickford","Co-Founder & Executive Director, MS, BCBA","founder","amy@familyfirstautismco.com","https://www.linkedin.com/in/amy-bickford-familyfirstaba","apollo","https://www.google.com/maps/search/Family%20First%20Autism%20%26%20Learning%20Institute%20Broomfield%20CO","pilot-2026-09-25-2k"
"Feather Developmental Solutions","https://www.featherbehavioralva.com","Harrisonburg","VA","3","Andrea Biddle","Owner & Clinical Supervisor, BCBA","owner","andrea.biddle@featherbehavioralva.com","https://www.linkedin.com/in/andrea-biddle-featheraba","linkedin_sales_nav","https://www.google.com/maps/search/Feather%20Developmental%20Solutions%20Harrisonburg%20VA","pilot-2026-09-25-2k"
"First Step Behavioral Therapy Center","https://www.firststepcaremd.org","Laurel","MD","4","Andrew Bigelow","CEO & Managing Partner, BCBA","ceo","abigelow@firststepcaremd.org","https://www.linkedin.com/in/andrew-bigelow-firststepaba","state_directory","https://www.google.com/maps/search/First%20Step%20Behavioral%20Therapy%20Center%20Laurel%20MD","pilot-2026-09-25-2k"
"Focus Autism Discovery Center","https://www.focusabail.com","Decatur","IL","1","Angela Biggs","Executive Clinical Director & Partner, BCBA","exec_director","angela@focusabail.com","https://www.linkedin.com/in/angela-biggs-focusaba","aba_index","https://www.google.com/maps/search/Focus%20Autism%20Discovery%20Center%20Decatur%20IL","pilot-2026-09-25-2k"
"Footprints Behavioral Foundations","https://www.footprintsautismut.com","Spanish Fork","UT","2","Ann Abbott","Founder & President, BCBA, LBA","founder","ann.abbott@footprintsautismut.com","https://www.linkedin.com/in/ann-abbott-footprintsaba","google_maps","https://www.google.com/maps/search/Footprints%20Behavioral%20Foundations%20Spanish%20Fork%20UT","pilot-2026-09-25-2k"
"Forge Therapeutic Solutions","https://www.forgebehavioralnj.com","Perth Amboy","NJ","3","Anna Abernathy","Owner & Director of Applied Behavior Analysis","owner","aabernathy@forgebehavioralnj.com","https://www.linkedin.com/in/anna-abernathy-forgeaba","apollo","https://www.google.com/maps/search/Forge%20Therapeutic%20Solutions%20Perth%20Amboy%20NJ","pilot-2026-09-25-2k"
"Forward ABA Collective","https://www.forwardcaretx.net","Round Rock","TX","4","Anthony Acevedo","Founder & Clinical Director, BCBA-D","founder","anthony@forwardcaretx.net","https://www.linkedin.com/in/anthony-acevedo-forwardaba","linkedin_sales_nav","https://www.google.com/maps/search/Forward%20ABA%20Collective%20Round%20Rock%20TX","pilot-2026-09-25-2k"
"Foundation Autism Center","https://www.foundationabafl.org","Pompano Beach","FL","1","Antonio Acosta","Co-Founder & Executive Director, MS, BCBA","founder","antonio.acosta@foundationabafl.org","https://www.linkedin.com/in/antonio-acosta-foundationaba","state_directory","https://www.google.com/maps/search/Foundation%20Autism%20Center%20Pompano%20Beach%20FL","pilot-2026-09-25-2k"
"Frontier ABA Therapy Group","https://www.frontierautismca.com","Rancho Cucamonga","CA","2","Arthur Adair","Owner & Clinical Supervisor, BCBA","owner","aadair@frontierautismca.com","https://www.linkedin.com/in/arthur-adair-frontieraba","aba_index","https://www.google.com/maps/search/Frontier%20ABA%20Therapy%20Group%20Rancho%20Cucamonga%20CA","pilot-2026-09-25-2k"
"Galliant Behavioral Solutions","https://www.galliantbehavioralnc.com","Greensboro","NC","3","Ashley Adkins","CEO & Managing Partner, BCBA","ceo","ashley@galliantbehavioralnc.com","https://www.linkedin.com/in/ashley-adkins-galliantaba","google_maps","https://www.google.com/maps/search/Galliant%20Behavioral%20Solutions%20Greensboro%20NC","pilot-2026-09-25-2k"
"Genesis Autism Services","https://www.genesiscarega.com","Savannah","GA","4","Audrey Aguilar","Executive Clinical Director & Partner, BCBA","exec_director","audrey.aguilar@genesiscarega.com","https://www.linkedin.com/in/audrey-aguilar-genesisaba","apollo","https://www.google.com/maps/search/Genesis%20Autism%20Services%20Savannah%20GA","pilot-2026-09-25-2k"
"Gentle Behavioral Health","https://www.gentleabaco.com","Lakewood","CO","1","Austin Aguirre","Founder & President, BCBA, LBA","founder","aaguirre@gentleabaco.com","https://www.linkedin.com/in/austin-aguirre-gentleaba","linkedin_sales_nav","https://www.google.com/maps/search/Gentle%20Behavioral%20Health%20Lakewood%20CO","pilot-2026-09-25-2k"
"Golden Gate Therapy Associates","https://www.goldengateautismva.org","Alexandria","VA","2","Autumn Albert","Owner & Director of Applied Behavior Analysis","owner","autumn@goldengateautismva.org","https://www.linkedin.com/in/autumn-albert-goldengateaba","state_directory","https://www.google.com/maps/search/Golden%20Gate%20Therapy%20Associates%20Alexandria%20VA","pilot-2026-09-25-2k"
"Grace Developmental Clinic","https://www.gracebehavioralmd.net","Annapolis","MD","3","Ava Albrecht","Founder & Clinical Director, BCBA-D","founder","ava.albrecht@gracebehavioralmd.net","https://www.linkedin.com/in/ava-albrecht-graceaba","aba_index","https://www.google.com/maps/search/Grace%20Developmental%20Clinic%20Annapolis%20MD","pilot-2026-09-25-2k"
"Great Steps ABA Services","https://www.greatstepscareil.com","Peoria","IL","4","Avery Alcorn","Co-Founder & Executive Director, MS, BCBA","founder","aalcorn@greatstepscareil.com","https://www.linkedin.com/in/avery-alcorn-greatstepsaba","google_maps","https://www.google.com/maps/search/Great%20Steps%20ABA%20Services%20Peoria%20IL","pilot-2026-09-25-2k"
"Groove Autism & Behavioral Clinic","https://www.grooveabaut.com","South Jordan","UT","1","Bailey Aldridge","Owner & Clinical Supervisor, BCBA","owner","bailey@grooveabaut.com","https://www.linkedin.com/in/bailey-aldridge-grooveaba","apollo","https://www.google.com/maps/search/Groove%20Autism%20%26%20Behavioral%20Clinic%20South%20Jordan%20UT","pilot-2026-09-25-2k"
"Growth Point Child Development Center","https://www.growthpointautismnj.com","Clifton","NJ","2","Barbara Alford","CEO & Managing Partner, BCBA","ceo","barbara.alford@growthpointautismnj.com","https://www.linkedin.com/in/barbara-alford-growthpointaba","linkedin_sales_nav","https://www.google.com/maps/search/Growth%20Point%20Child%20Development%20Center%20Clifton%20NJ","pilot-2026-09-25-2k"
"Guidepost Behavior Analysis Partners","https://www.guidepostbehavioraltx.org","San Marcos","TX","3","Beatrice Allan","Executive Clinical Director & Partner, BCBA","exec_director","ballan@guidepostbehavioraltx.org","https://www.linkedin.com/in/beatrice-allan-guidepostaba","state_directory","https://www.google.com/maps/search/Guidepost%20Behavior%20Analysis%20Partners%20San%20Marcos%20TX","pilot-2026-09-25-2k"
"Hand in Hand Behavioral Care","https://www.handinhandcarefl.com","Apopka","FL","4","Benjamin Alston","Founder & President, BCBA, LBA","founder","benjamin@handinhandcarefl.com","https://www.linkedin.com/in/benjamin-alston-handinhandaba","aba_index","https://www.google.com/maps/search/Hand%20in%20Hand%20Behavioral%20Care%20Apopka%20FL","pilot-2026-09-25-2k"
"Harbor Autism Horizons","https://www.harborabaca.com","Concord","CA","1","Bethany Alvarado","Owner & Director of Applied Behavior Analysis","owner","bethany.alvarado@harborabaca.com","https://www.linkedin.com/in/bethany-alvarado-harboraba","google_maps","https://www.google.com/maps/search/Harbor%20Autism%20Horizons%20Concord%20CA","pilot-2026-09-25-2k"
"Harmony Therapy & Learning Center","https://www.harmonyautismnc.net","High Point","NC","2","Blake Alvarez","Founder & Clinical Director, BCBA-D","founder","balvarez@harmonyautismnc.net","https://www.linkedin.com/in/blake-alvarez-harmonyaba","apollo","https://www.google.com/maps/search/Harmony%20Therapy%20%26%20Learning%20Center%20High%20Point%20NC","pilot-2026-09-25-2k"
"Haven Behavioral Interventions","https://www.havenbehavioralga.com","Dunwoody","GA","3","Bradley Amato","Co-Founder & Executive Director, MS, BCBA","founder","bradley@havenbehavioralga.com","https://www.linkedin.com/in/bradley-amato-havenaba","linkedin_sales_nav","https://www.google.com/maps/search/Haven%20Behavioral%20Interventions%20Dunwoody%20GA","pilot-2026-09-25-2k"
"Headway Autism Clinic","https://www.headwaycareco.org","Grand Junction","CO","4","Brandon Ambrose","Owner & Clinical Supervisor, BCBA","owner","brandon.ambrose@headwaycareco.org","https://www.linkedin.com/in/brandon-ambrose-headwayaba","state_directory","https://www.google.com/maps/search/Headway%20Autism%20Clinic%20Grand%20Junction%20CO","pilot-2026-09-25-2k"
"Heartland ABA Center","https://www.heartlandabava.com","Blacksburg","VA","1","Brayden Ames","CEO & Managing Partner, BCBA","ceo","bames@heartlandabava.com","https://www.linkedin.com/in/brayden-ames-heartlandaba","aba_index","https://www.google.com/maps/search/Heartland%20ABA%20Center%20Blacksburg%20VA","pilot-2026-09-25-2k"
"Heritage Behavioral Health Network","https://www.heritageautismmd.com","College Park","MD","2","Brenda Amos","Executive Clinical Director & Partner, BCBA","exec_director","brenda@heritageautismmd.com","https://www.linkedin.com/in/brenda-amos-heritageaba","google_maps","https://www.google.com/maps/search/Heritage%20Behavioral%20Health%20Network%20College%20Park%20MD","pilot-2026-09-25-2k"
"Highland Autism Group","https://www.highlandbehavioralil.com","Skokie","IL","3","Brian Anaya","Founder & President, BCBA, LBA","founder","brian.anaya@highlandbehavioralil.com","https://www.linkedin.com/in/brian-anaya-highlandaba","apollo","https://www.google.com/maps/search/Highland%20Autism%20Group%20Skokie%20IL","pilot-2026-09-25-2k"
"Highline Applied Behavior Specialists","https://www.highlinecareut.com","Pleasant Grove","UT","4","Brianna Anders","Owner & Director of Applied Behavior Analysis","owner","banders@highlinecareut.com","https://www.linkedin.com/in/brianna-anders-highlineaba","linkedin_sales_nav","https://www.google.com/maps/search/Highline%20Applied%20Behavior%20Specialists%20Pleasant%20Grove%20UT","pilot-2026-09-25-2k"
"Holistic Therapy Partners","https://www.holisticabanj.org","Newark","NJ","1","Brittany Andersen","Founder & Clinical Director, BCBA-D","founder","brittany@holisticabanj.org","https://www.linkedin.com/in/brittany-andersen-holisticaba","state_directory","https://www.google.com/maps/search/Holistic%20Therapy%20Partners%20Newark%20NJ","pilot-2026-09-25-2k"
"Homestead Pediatric Autism Services","https://www.homesteadautismtx.com","Dallas","TX","2","Brooke Anderson","Co-Founder & Executive Director, MS, BCBA","founder","brooke.anderson@homesteadautismtx.com","https://www.linkedin.com/in/brooke-anderson-homesteadaba","aba_index","https://www.google.com/maps/search/Homestead%20Pediatric%20Autism%20Services%20Dallas%20TX","pilot-2026-09-25-2k"
"Hope Behavioral Care Center","https://www.hopebehavioralfl.com","Tampa","FL","3","Brooklyn Andrade","Owner & Clinical Supervisor, BCBA","owner","bandrade@hopebehavioralfl.com","https://www.linkedin.com/in/brooklyn-andrade-hopeaba","google_maps","https://www.google.com/maps/search/Hope%20Behavioral%20Care%20Center%20Tampa%20FL","pilot-2026-09-25-2k"
"Horizon Autism & Learning Institute","https://www.horizoncareca.com","Sacramento","CA","4","Bruce Andrews","CEO & Managing Partner, BCBA","ceo","bruce@horizoncareca.com","https://www.linkedin.com/in/bruce-andrews-horizonaba","apollo","https://www.google.com/maps/search/Horizon%20Autism%20%26%20Learning%20Institute%20Sacramento%20CA","pilot-2026-09-25-2k"
"Hub Developmental Solutions","https://www.hubabanc.com","Garner","NC","1","Bryan Anthony","Executive Clinical Director & Partner, BCBA","exec_director","bryan.anthony@hubabanc.com","https://www.linkedin.com/in/bryan-anthony-hubaba","linkedin_sales_nav","https://www.google.com/maps/search/Hub%20Developmental%20Solutions%20Garner%20NC","pilot-2026-09-25-2k"
"Hull Behavioral Therapy Center","https://www.hullautismga.org","Suwanee","GA","2","Caleb Archer","Founder & President, BCBA, LBA","founder","carcher@hullautismga.org","https://www.linkedin.com/in/caleb-archer-hullaba","state_directory","https://www.google.com/maps/search/Hull%20Behavioral%20Therapy%20Center%20Suwanee%20GA","pilot-2026-09-25-2k"
"Illuminate Autism Discovery Center","https://www.illuminatebehavioralco.com","Thornton","CO","3","Cameron Arellano","Owner & Director of Applied Behavior Analysis","owner","cameron@illuminatebehavioralco.com","https://www.linkedin.com/in/cameron-arellano-illuminateaba","aba_index","https://www.google.com/maps/search/Illuminate%20Autism%20Discovery%20Center%20Thornton%20CO","pilot-2026-09-25-2k"
"Impact Behavioral Foundations","https://www.impactcareva.net","Fairfax","VA","4","Camila Armenta","Founder & Clinical Director, BCBA-D","founder","camila.armenta@impactcareva.net","https://www.linkedin.com/in/camila-armenta-impactaba","google_maps","https://www.google.com/maps/search/Impact%20Behavioral%20Foundations%20Fairfax%20VA","pilot-2026-09-25-2k"
"Infinia Therapeutic Solutions","https://www.infiniaabamd.com","Columbia","MD","1","Carla Armstrong","Co-Founder & Executive Director, MS, BCBA","founder","carmstrong@infiniaabamd.com","https://www.linkedin.com/in/carla-armstrong-infiniaaba","apollo","https://www.google.com/maps/search/Infinia%20Therapeutic%20Solutions%20Columbia%20MD","pilot-2026-09-25-2k"
"Infinity ABA Collective","https://www.infinityautismil.com","Springfield","IL","2","Carlos Arndt","Owner & Clinical Supervisor, BCBA","owner","carlos@infinityautismil.com","https://www.linkedin.com/in/carlos-arndt-infinityaba","linkedin_sales_nav","https://www.google.com/maps/search/Infinity%20ABA%20Collective%20Springfield%20IL","pilot-2026-09-25-2k"
"Inherit Autism Center","https://www.inheritbehavioralut.org","Millcreek","UT","3","Caroline Arnold","CEO & Managing Partner, BCBA","ceo","caroline.arnold@inheritbehavioralut.org","https://www.linkedin.com/in/caroline-arnold-inheritaba","state_directory","https://www.google.com/maps/search/Inherit%20Autism%20Center%20Millcreek%20UT","pilot-2026-09-25-2k"
"Initiative ABA Therapy Group","https://www.initiativecarenj.com","Passaic","NJ","4","Carolyn Arredondo","Executive Clinical Director & Partner, BCBA","exec_director","carredondo@initiativecarenj.com","https://www.linkedin.com/in/carolyn-arredondo-initiativeaba","aba_index","https://www.google.com/maps/search/Initiative%20ABA%20Therapy%20Group%20Passaic%20NJ","pilot-2026-09-25-2k"
"Insight Behavioral Solutions","https://www.insightabatx.com","Lubbock","TX","1","Carson Arroyo","Founder & President, BCBA, LBA","founder","carson@insightabatx.com","https://www.linkedin.com/in/carson-arroyo-insightaba","google_maps","https://www.google.com/maps/search/Insight%20Behavioral%20Solutions%20Lubbock%20TX","pilot-2026-09-25-2k"
"Inspire Autism Services","https://www.inspireautismfl.com","West Palm Beach","FL","2","Carter Arthur","Owner & Director of Applied Behavior Analysis","owner","carter.arthur@inspireautismfl.com","https://www.linkedin.com/in/carter-arthur-inspireaba","apollo","https://www.google.com/maps/search/Inspire%20Autism%20Services%20West%20Palm%20Beach%20FL","pilot-2026-09-25-2k"
"Integrity Behavioral Health","https://www.integritybehavioralca.net","Fremont","CA","3","Cassandra Asher","Founder & Clinical Director, BCBA-D","founder","casher@integritybehavioralca.net","https://www.linkedin.com/in/cassandra-asher-integrityaba","linkedin_sales_nav","https://www.google.com/maps/search/Integrity%20Behavioral%20Health%20Fremont%20CA","pilot-2026-09-25-2k"
"Journey Therapy Associates","https://www.journeycarenc.org","Fayetteville","NC","4","Catherine Ashley","Co-Founder & Executive Director, MS, BCBA","founder","catherine@journeycarenc.org","https://www.linkedin.com/in/catherine-ashley-journeyaba","state_directory","https://www.google.com/maps/search/Journey%20Therapy%20Associates%20Fayetteville%20NC","pilot-2026-09-25-2k"
"Jubilee Developmental Clinic","https://www.jubileeabaga.com","Roswell","GA","1","Cecilia Ashton","Owner & Clinical Supervisor, BCBA","owner","cecilia.ashton@jubileeabaga.com","https://www.linkedin.com/in/cecilia-ashton-jubileeaba","aba_index","https://www.google.com/maps/search/Jubilee%20Developmental%20Clinic%20Roswell%20GA","pilot-2026-09-25-2k"
"Kaleidoscope ABA Services","https://www.kaleidoscopeautismco.com","Parker","CO","2","Chad Atkins","CEO & Managing Partner, BCBA","ceo","catkins@kaleidoscopeautismco.com","https://www.linkedin.com/in/chad-atkins-kaleidoscopeaba","google_maps","https://www.google.com/maps/search/Kaleidoscope%20ABA%20Services%20Parker%20CO","pilot-2026-09-25-2k"
"Keystone Autism & Behavioral Clinic","https://www.keystonebehavioralva.com","Winchester","VA","3","Charles Atkinson","Executive Clinical Director & Partner, BCBA","exec_director","charles@keystonebehavioralva.com","https://www.linkedin.com/in/charles-atkinson-keystoneaba","apollo","https://www.google.com/maps/search/Keystone%20Autism%20%26%20Behavioral%20Clinic%20Winchester%20VA","pilot-2026-09-25-2k"
"Kindred Child Development Center","https://www.kindredcaremd.com","Hagerstown","MD","4","Charlotte Augustine","Founder & President, BCBA, LBA","founder","charlotte.augustine@kindredcaremd.com","https://www.linkedin.com/in/charlotte-augustine-kindredaba","linkedin_sales_nav","https://www.google.com/maps/search/Kindred%20Child%20Development%20Center%20Hagerstown%20MD","pilot-2026-09-25-2k"
"Kite Behavior Analysis Partners","https://www.kiteabail.org","Chicago","IL","1","Chase Austin","Owner & Director of Applied Behavior Analysis","owner","caustin@kiteabail.org","https://www.linkedin.com/in/chase-austin-kiteaba","state_directory","https://www.google.com/maps/search/Kite%20Behavior%20Analysis%20Partners%20Chicago%20IL","pilot-2026-09-25-2k"
"Lantern Behavioral Care","https://www.lanternautismut.net","Provo","UT","2","Chelsea Avalos","Founder & Clinical Director, BCBA-D","founder","chelsea@lanternautismut.net","https://www.linkedin.com/in/chelsea-avalos-lanternaba","aba_index","https://www.google.com/maps/search/Lantern%20Behavioral%20Care%20Provo%20UT","pilot-2026-09-25-2k"
"Launch Autism Horizons","https://www.launchbehavioralnj.com","Paterson","NJ","3","Cheyenne Avery","Co-Founder & Executive Director, MS, BCBA","founder","cheyenne.avery@launchbehavioralnj.com","https://www.linkedin.com/in/cheyenne-avery-launchaba","google_maps","https://www.google.com/maps/search/Launch%20Autism%20Horizons%20Paterson%20NJ","pilot-2026-09-25-2k"
"Leap Therapy & Learning Center","https://www.leapcaretx.com","Conroe","TX","4","Chloe Avila","Owner & Clinical Supervisor, BCBA","owner","cavila@leapcaretx.com","https://www.linkedin.com/in/chloe-avila-leapaba","apollo","https://www.google.com/maps/search/Leap%20Therapy%20%26%20Learning%20Center%20Conroe%20TX","pilot-2026-09-25-2k"
"Legend Behavioral Interventions","https://www.legendabafl.com","Fort Myers","FL","1","Christian Ayala","CEO & Managing Partner, BCBA","ceo","christian@legendabafl.com","https://www.linkedin.com/in/christian-ayala-legendaba","linkedin_sales_nav","https://www.google.com/maps/search/Legend%20Behavioral%20Interventions%20Fort%20Myers%20FL","pilot-2026-09-25-2k"
"Level Up Autism Clinic","https://www.levelupautismca.org","Hayward","CA","2","Christina Babcock","Executive Clinical Director & Partner, BCBA","exec_director","christina.babcock@levelupautismca.org","https://www.linkedin.com/in/christina-babcock-levelupaba","state_directory","https://www.google.com/maps/search/Level%20Up%20Autism%20Clinic%20Hayward%20CA","pilot-2026-09-25-2k"
"Liberty ABA Center","https://www.libertybehavioralnc.com","Kannapolis","NC","3","Christine Bach","Founder & President, BCBA, LBA","founder","cbach@libertybehavioralnc.com","https://www.linkedin.com/in/christine-bach-libertyaba","aba_index","https://www.google.com/maps/search/Liberty%20ABA%20Center%20Kannapolis%20NC","pilot-2026-09-25-2k"
"Lighthouse Behavioral Health Network","https://www.lighthousecarega.com","Newnan","GA","4","Christopher Bader","Owner & Director of Applied Behavior Analysis","owner","christopher@lighthousecarega.com","https://www.linkedin.com/in/christopher-bader-lighthouseaba","google_maps","https://www.google.com/maps/search/Lighthouse%20Behavioral%20Health%20Network%20Newnan%20GA","pilot-2026-09-25-2k"
"Lifeway Autism Group","https://www.lifewayabaco.net","Centennial","CO","1","Claire Baer","Founder & Clinical Director, BCBA-D","founder","claire.baer@lifewayabaco.net","https://www.linkedin.com/in/claire-baer-lifewayaba","apollo","https://www.google.com/maps/search/Lifeway%20Autism%20Group%20Centennial%20CO","pilot-2026-09-25-2k"
"Little Steps Applied Behavior Specialists","https://www.littlestepsautismva.com","McLean","VA","2","Clara Baggett","Co-Founder & Executive Director, MS, BCBA","founder","cbaggett@littlestepsautismva.com","https://www.linkedin.com/in/clara-baggett-littlestepsaba","linkedin_sales_nav","https://www.google.com/maps/search/Little%20Steps%20Applied%20Behavior%20Specialists%20McLean%20VA","pilot-2026-09-25-2k"
"Living Stone Therapy Partners","https://www.livingstonebehavioralmd.org","Germantown","MD","3","Clayton Bagley","Owner & Clinical Supervisor, BCBA","owner","clayton@livingstonebehavioralmd.org","https://www.linkedin.com/in/clayton-bagley-livingstoneaba","state_directory","https://www.google.com/maps/search/Living%20Stone%20Therapy%20Partners%20Germantown%20MD","pilot-2026-09-25-2k"
"Logic Pediatric Autism Services","https://www.logiccareil.com","Cicero","IL","4","Cole Bailey","CEO & Managing Partner, BCBA","ceo","cole.bailey@logiccareil.com","https://www.linkedin.com/in/cole-bailey-logicaba","aba_index","https://www.google.com/maps/search/Logic%20Pediatric%20Autism%20Services%20Cicero%20IL","pilot-2026-09-25-2k"
"Loom Behavioral Care Center","https://www.loomabaut.com","Logan","UT","1","Colin Bain","Executive Clinical Director & Partner, BCBA","exec_director","cbain@loomabaut.com","https://www.linkedin.com/in/colin-bain-loomaba","google_maps","https://www.google.com/maps/search/Loom%20Behavioral%20Care%20Center%20Logan%20UT","pilot-2026-09-25-2k"
"Lumina Autism & Learning Institute","https://www.luminaautismnj.com","Bayonne","NJ","2","Colleen Baird","Founder & President, BCBA, LBA","founder","colleen@luminaautismnj.com","https://www.linkedin.com/in/colleen-baird-luminaaba","apollo","https://www.google.com/maps/search/Lumina%20Autism%20%26%20Learning%20Institute%20Bayonne%20NJ","pilot-2026-09-25-2k"
"Magnolia Developmental Solutions","https://www.magnoliabehavioraltx.com","Odessa","TX","3","Connor Baker","Owner & Director of Applied Behavior Analysis","owner","connor.baker@magnoliabehavioraltx.com","https://www.linkedin.com/in/connor-baker-magnoliaaba","linkedin_sales_nav","https://www.google.com/maps/search/Magnolia%20Developmental%20Solutions%20Odessa%20TX","pilot-2026-09-25-2k"
"Mainstay Behavioral Therapy Center","https://www.mainstaycarefl.org","Altamonte Springs","FL","4","Cora Baldwin","Founder & Clinical Director, BCBA-D","founder","cbaldwin@mainstaycarefl.org","https://www.linkedin.com/in/cora-baldwin-mainstayaba","state_directory","https://www.google.com/maps/search/Mainstay%20Behavioral%20Therapy%20Center%20Altamonte%20Springs%20FL","pilot-2026-09-25-2k"
"Matrix Autism Discovery Center","https://www.matrixabaca.com","Clovis","CA","1","Corey Bales","Co-Founder & Executive Director, MS, BCBA","founder","corey@matrixabaca.com","https://www.linkedin.com/in/corey-bales-matrixaba","aba_index","https://www.google.com/maps/search/Matrix%20Autism%20Discovery%20Center%20Clovis%20CA","pilot-2026-09-25-2k"
"Meadow Behavioral Foundations","https://www.meadowautismnc.com","Statesville","NC","2","Courtney Ball","Owner & Clinical Supervisor, BCBA","owner","courtney.ball@meadowautismnc.com","https://www.linkedin.com/in/courtney-ball-meadowaba","google_maps","https://www.google.com/maps/search/Meadow%20Behavioral%20Foundations%20Statesville%20NC","pilot-2026-09-25-2k"
"Medallion Therapeutic Solutions","https://www.medallionbehavioralga.com","Stockbridge","GA","3","Craig Ballard","CEO & Managing Partner, BCBA","ceo","cballard@medallionbehavioralga.com","https://www.linkedin.com/in/craig-ballard-medallionaba","apollo","https://www.google.com/maps/search/Medallion%20Therapeutic%20Solutions%20Stockbridge%20GA","pilot-2026-09-25-2k"
"Mercy ABA Collective","https://www.mercycareco.com","Brighton","CO","4","Crystal Ballesteros","Executive Clinical Director & Partner, BCBA","exec_director","crystal@mercycareco.com","https://www.linkedin.com/in/crystal-ballesteros-mercyaba","linkedin_sales_nav","https://www.google.com/maps/search/Mercy%20ABA%20Collective%20Brighton%20CO","pilot-2026-09-25-2k"
"Meridian Autism Center","https://www.meridianabava.org","Richmond","VA","1","Curtis Banks","Founder & President, BCBA, LBA","founder","curtis.banks@meridianabava.org","https://www.linkedin.com/in/curtis-banks-meridianaba","state_directory","https://www.google.com/maps/search/Meridian%20Autism%20Center%20Richmond%20VA","pilot-2026-09-25-2k"
"Milestone ABA Therapy Group","https://www.milestoneautismmd.com","Rockville","MD","2","Cynthia Bankston","Owner & Director of Applied Behavior Analysis","owner","cbankston@milestoneautismmd.com","https://www.linkedin.com/in/cynthia-bankston-milestoneaba","aba_index","https://www.google.com/maps/search/Milestone%20ABA%20Therapy%20Group%20Rockville%20MD","pilot-2026-09-25-2k"
"Momentum Behavioral Solutions","https://www.momentumbehavioralil.net","Aurora","IL","3","Daisy Bannister","Founder & Clinical Director, BCBA-D","founder","daisy@momentumbehavioralil.net","https://www.linkedin.com/in/daisy-bannister-momentumaba","google_maps","https://www.google.com/maps/search/Momentum%20Behavioral%20Solutions%20Aurora%20IL","pilot-2026-09-25-2k"
"Monarch Autism Services","https://www.monarchcareut.com","Orem","UT","4","Dale Barajas","Co-Founder & Executive Director, MS, BCBA","founder","dale.barajas@monarchcareut.com","https://www.linkedin.com/in/dale-barajas-monarchaba","apollo","https://www.google.com/maps/search/Monarch%20Autism%20Services%20Orem%20UT","pilot-2026-09-25-2k"
"Mosaic Behavioral Health","https://www.mosaicabanj.com","Edison","NJ","1","Dallas Barba","Owner & Clinical Supervisor, BCBA","owner","dbarba@mosaicabanj.com","https://www.linkedin.com/in/dallas-barba-mosaicaba","linkedin_sales_nav","https://www.google.com/maps/search/Mosaic%20Behavioral%20Health%20Edison%20NJ","pilot-2026-09-25-2k"
"Navigate Therapy Associates","https://www.navigateautismtx.org","Plano","TX","2","Dalton Barbee","CEO & Managing Partner, BCBA","ceo","dalton@navigateautismtx.org","https://www.linkedin.com/in/dalton-barbee-navigateaba","state_directory","https://www.google.com/maps/search/Navigate%20Therapy%20Associates%20Plano%20TX","pilot-2026-09-25-2k"
"Navigator Developmental Clinic","https://www.navigatorbehavioralfl.com","Boca Raton","FL","3","Damian Barber","Executive Clinical Director & Partner, BCBA","exec_director","damian.barber@navigatorbehavioralfl.com","https://www.linkedin.com/in/damian-barber-navigatoraba","aba_index","https://www.google.com/maps/search/Navigator%20Developmental%20Clinic%20Boca%20Raton%20FL","pilot-2026-09-25-2k"
"Nest ABA Services","https://www.nestcareca.com","Bakersfield","CA","4","Daniel Barker","Founder & President, BCBA, LBA","founder","dbarker@nestcareca.com","https://www.linkedin.com/in/daniel-barker-nestaba","google_maps","https://www.google.com/maps/search/Nest%20ABA%20Services%20Bakersfield%20CA","pilot-2026-09-25-2k"
"New Chapter Autism & Behavioral Clinic","https://www.newchapterabanc.com","Asheville","NC","1","Danielle Barkley","Owner & Director of Applied Behavior Analysis","owner","danielle@newchapterabanc.com","https://www.linkedin.com/in/danielle-barkley-newchapteraba","apollo","https://www.google.com/maps/search/New%20Chapter%20Autism%20%26%20Behavioral%20Clinic%20Asheville%20NC","pilot-2026-09-25-2k"
"New Day Child Development Center","https://www.newdayautismga.net","Marietta","GA","2","Danny Barnes","Founder & Clinical Director, BCBA-D","founder","danny.barnes@newdayautismga.net","https://www.linkedin.com/in/danny-barnes-newdayaba","linkedin_sales_nav","https://www.google.com/maps/search/New%20Day%20Child%20Development%20Center%20Marietta%20GA","pilot-2026-09-25-2k"
"New Era Behavior Analysis Partners","https://www.newerabehavioralco.org","Greeley","CO","3","Daphne Barnett","Co-Founder & Executive Director, MS, BCBA","founder","dbarnett@newerabehavioralco.org","https://www.linkedin.com/in/daphne-barnett-neweraaba","state_directory","https://www.google.com/maps/search/New%20Era%20Behavior%20Analysis%20Partners%20Greeley%20CO","pilot-2026-09-25-2k"
"New Horizons Behavioral Care","https://www.newhorizonscareva.com","Newport News","VA","4","Darlene Barr","Owner & Clinical Supervisor, BCBA","owner","darlene@newhorizonscareva.com","https://www.linkedin.com/in/darlene-barr-newhorizonsaba","aba_index","https://www.google.com/maps/search/New%20Horizons%20Behavioral%20Care%20Newport%20News%20VA","pilot-2026-09-25-2k"
"New Path Autism Horizons","https://www.newpathabamd.com","Ellicott City","MD","1","Darren Barrera","CEO & Managing Partner, BCBA","ceo","darren.barrera@newpathabamd.com","https://www.linkedin.com/in/darren-barrera-newpathaba","google_maps","https://www.google.com/maps/search/New%20Path%20Autism%20Horizons%20Ellicott%20City%20MD","pilot-2026-09-25-2k"
"Next Chapter Therapy & Learning Center","https://www.nextchapterautismil.com","Bloomington","IL","2","David Barrett","Executive Clinical Director & Partner, BCBA","exec_director","dbarrett@nextchapterautismil.com","https://www.linkedin.com/in/david-barrett-nextchapteraba","apollo","https://www.google.com/maps/search/Next%20Chapter%20Therapy%20%26%20Learning%20Center%20Bloomington%20IL","pilot-2026-09-25-2k"
"Next Step Behavioral Interventions","https://www.nextstepbehavioralut.com","Draper","UT","3","Dawn Barron","Founder & President, BCBA, LBA","founder","dawn@nextstepbehavioralut.com","https://www.linkedin.com/in/dawn-barron-nextstepaba","linkedin_sales_nav","https://www.google.com/maps/search/Next%20Step%20Behavioral%20Interventions%20Draper%20UT","pilot-2026-09-25-2k"
"Noble Autism Clinic","https://www.noblecarenj.org","Vineland","NJ","4","Dean Barry","Owner & Director of Applied Behavior Analysis","owner","dean.barry@noblecarenj.org","https://www.linkedin.com/in/dean-barry-nobleaba","state_directory","https://www.google.com/maps/search/Noble%20Autism%20Clinic%20Vineland%20NJ","pilot-2026-09-25-2k"
"North Star ABA Center","https://www.northstarabatx.net","Tyler","TX","1","Deanna Bartlett","Founder & Clinical Director, BCBA-D","founder","dbartlett@northstarabatx.net","https://www.linkedin.com/in/deanna-bartlett-northstaraba","aba_index","https://www.google.com/maps/search/North%20Star%20ABA%20Center%20Tyler%20TX","pilot-2026-09-25-2k"
"Nova Behavioral Health Network","https://www.novaautismfl.com","Kissimmee","FL","2","Deborah Barton","Co-Founder & Executive Director, MS, BCBA","founder","deborah@novaautismfl.com","https://www.linkedin.com/in/deborah-barton-novaaba","google_maps","https://www.google.com/maps/search/Nova%20Behavioral%20Health%20Network%20Kissimmee%20FL","pilot-2026-09-25-2k"
"Oasis Autism Group","https://www.oasisbehavioralca.com","Huntington Beach","CA","3","Debra Bass","Owner & Clinical Supervisor, BCBA","owner","debra.bass@oasisbehavioralca.com","https://www.linkedin.com/in/debra-bass-oasisaba","apollo","https://www.google.com/maps/search/Oasis%20Autism%20Group%20Huntington%20Beach%20CA","pilot-2026-09-25-2k"
"Octave Applied Behavior Specialists","https://www.octavecarenc.com","Wake Forest","NC","4","Declan Batchelor","CEO & Managing Partner, BCBA","ceo","dbatchelor@octavecarenc.com","https://www.linkedin.com/in/declan-batchelor-octaveaba","linkedin_sales_nav","https://www.google.com/maps/search/Octave%20Applied%20Behavior%20Specialists%20Wake%20Forest%20NC","pilot-2026-09-25-2k"
"Odyssey Therapy Partners","https://www.odysseyabaga.org","Douglasville","GA","1","Delilah Bateman","Executive Clinical Director & Partner, BCBA","exec_director","delilah@odysseyabaga.org","https://www.linkedin.com/in/delilah-bateman-odysseyaba","state_directory","https://www.google.com/maps/search/Odyssey%20Therapy%20Partners%20Douglasville%20GA","pilot-2026-09-25-2k"
"Omega Pediatric Autism Services","https://www.omegaautismco.com","Colorado Springs","CO","2","Derek Bates","Founder & President, BCBA, LBA","founder","derek.bates@omegaautismco.com","https://www.linkedin.com/in/derek-bates-omegaaba","aba_index","https://www.google.com/maps/search/Omega%20Pediatric%20Autism%20Services%20Colorado%20Springs%20CO","pilot-2026-09-25-2k"
"One Step Behavioral Care Center","https://www.onestepbehavioralva.com","Norfolk","VA","3","Desiree Batista","Owner & Director of Applied Behavior Analysis","owner","dbatista@onestepbehavioralva.com","https://www.linkedin.com/in/desiree-batista-onestepaba","google_maps","https://www.google.com/maps/search/One%20Step%20Behavioral%20Care%20Center%20Norfolk%20VA","pilot-2026-09-25-2k"
"Open Door Autism & Learning Institute","https://www.opendoorcaremd.net","Silver Spring","MD","4","Destiny Bauer","Founder & Clinical Director, BCBA-D","founder","destiny@opendoorcaremd.net","https://www.linkedin.com/in/destiny-bauer-opendooraba","apollo","https://www.google.com/maps/search/Open%20Door%20Autism%20%26%20Learning%20Institute%20Silver%20Spring%20MD","pilot-2026-09-25-2k"
"Optima Developmental Solutions","https://www.optimaabail.com","Joliet","IL","1","Devin Baughman","Co-Founder & Executive Director, MS, BCBA","founder","devin.baughman@optimaabail.com","https://www.linkedin.com/in/devin-baughman-optimaaba","linkedin_sales_nav","https://www.google.com/maps/search/Optima%20Developmental%20Solutions%20Joliet%20IL","pilot-2026-09-25-2k"
"Orchard Behavioral Therapy Center","https://www.orchardautismut.org","Ogden","UT","2","Diana Bauman","Owner & Clinical Supervisor, BCBA","owner","dbauman@orchardautismut.org","https://www.linkedin.com/in/diana-bauman-orchardaba","state_directory","https://www.google.com/maps/search/Orchard%20Behavioral%20Therapy%20Center%20Ogden%20UT","pilot-2026-09-25-2k"
"Origin Autism Discovery Center","https://www.originbehavioralnj.com","Princeton","NJ","3","Dominic Baxter","CEO & Managing Partner, BCBA","ceo","dominic@originbehavioralnj.com","https://www.linkedin.com/in/dominic-baxter-originaba","aba_index","https://www.google.com/maps/search/Origin%20Autism%20Discovery%20Center%20Princeton%20NJ","pilot-2026-09-25-2k"
"Overbrook Behavioral Foundations","https://www.overbrookcaretx.com","Rowlett","TX","4","Donald Beach","Executive Clinical Director & Partner, BCBA","exec_director","donald.beach@overbrookcaretx.com","https://www.linkedin.com/in/donald-beach-overbrookaba","google_maps","https://www.google.com/maps/search/Overbrook%20Behavioral%20Foundations%20Rowlett%20TX","pilot-2026-09-25-2k"
"Pacific Therapeutic Solutions","https://www.pacificabafl.com","Homestead","FL","1","Donna Beal","Founder & President, BCBA, LBA","founder","dbeal@pacificabafl.com","https://www.linkedin.com/in/donna-beal-pacificaba","apollo","https://www.google.com/maps/search/Pacific%20Therapeutic%20Solutions%20Homestead%20FL","pilot-2026-09-25-2k"
"Palisade ABA Collective","https://www.palisadeautismca.com","Orange","CA","2","Dora Beam","Owner & Director of Applied Behavior Analysis","owner","dora@palisadeautismca.com","https://www.linkedin.com/in/dora-beam-palisadeaba","linkedin_sales_nav","https://www.google.com/maps/search/Palisade%20ABA%20Collective%20Orange%20CA","pilot-2026-09-25-2k"
"Panorama Autism Center","https://www.panoramabehavioralnc.org","Charlotte","NC","3","Douglas Bean","Founder & Clinical Director, BCBA-D","founder","douglas.bean@panoramabehavioralnc.org","https://www.linkedin.com/in/douglas-bean-panoramaaba","state_directory","https://www.google.com/maps/search/Panorama%20Autism%20Center%20Charlotte%20NC","pilot-2026-09-25-2k"
"Paragon ABA Therapy Group","https://www.paragoncarega.com","Augusta","GA","4","Drew Beard","Co-Founder & Executive Director, MS, BCBA","founder","dbeard@paragoncarega.com","https://www.linkedin.com/in/drew-beard-paragonaba","aba_index","https://www.google.com/maps/search/Paragon%20ABA%20Therapy%20Group%20Augusta%20GA","pilot-2026-09-25-2k"
"Pathway Behavioral Solutions","https://www.pathwayabaco.com","Loveland","CO","1","Dustin Beasley","Owner & Clinical Supervisor, BCBA","owner","dustin@pathwayabaco.com","https://www.linkedin.com/in/dustin-beasley-pathwayaba","google_maps","https://www.google.com/maps/search/Pathway%20Behavioral%20Solutions%20Loveland%20CO","pilot-2026-09-25-2k"
"Pathways Autism Services","https://www.pathwaysautismva.com","Lynchburg","VA","2","Dylan Beatty","CEO & Managing Partner, BCBA","ceo","dylan.beatty@pathwaysautismva.com","https://www.linkedin.com/in/dylan-beatty-pathwaysaba","apollo","https://www.google.com/maps/search/Pathways%20Autism%20Services%20Lynchburg%20VA","pilot-2026-09-25-2k"
"Patience Behavioral Health","https://www.patiencebehavioralmd.com","Dundalk","MD","3","Easton Beauchamp","Executive Clinical Director & Partner, BCBA","exec_director","ebeauchamp@patiencebehavioralmd.com","https://www.linkedin.com/in/easton-beauchamp-patienceaba","linkedin_sales_nav","https://www.google.com/maps/search/Patience%20Behavioral%20Health%20Dundalk%20MD","pilot-2026-09-25-2k"
"Peak Therapy Associates","https://www.peakcareil.org","Bolingbrook","IL","4","Eddie Beaver","Founder & President, BCBA, LBA","founder","eddie@peakcareil.org","https://www.linkedin.com/in/eddie-beaver-peakaba","state_directory","https://www.google.com/maps/search/Peak%20Therapy%20Associates%20Bolingbrook%20IL","pilot-2026-09-25-2k"
"Pelican Developmental Clinic","https://www.pelicanabaut.com","Riverton","UT","1","Eden Beck","Owner & Director of Applied Behavior Analysis","owner","eden.beck@pelicanabaut.com","https://www.linkedin.com/in/eden-beck-pelicanaba","aba_index","https://www.google.com/maps/search/Pelican%20Developmental%20Clinic%20Riverton%20UT","pilot-2026-09-25-2k"
"Petal ABA Services","https://www.petalautismnj.net","Hoboken","NJ","2","Edward Becker","Founder & Clinical Director, BCBA-D","founder","ebecker@petalautismnj.net","https://www.linkedin.com/in/edward-becker-petalaba","google_maps","https://www.google.com/maps/search/Petal%20ABA%20Services%20Hoboken%20NJ","pilot-2026-09-25-2k"
"Pharos Autism & Behavioral Clinic","https://www.pharosbehavioraltx.com","Lewisville","TX","3","Edwin Beckett","Co-Founder & Executive Director, MS, BCBA","founder","edwin@pharosbehavioraltx.com","https://www.linkedin.com/in/edwin-beckett-pharosaba","apollo","https://www.google.com/maps/search/Pharos%20Autism%20%26%20Behavioral%20Clinic%20Lewisville%20TX","pilot-2026-09-25-2k"
"Pheonix Child Development Center","https://www.pheonixcarefl.com","Miramar","FL","4","Elaine Beckman","Owner & Clinical Supervisor, BCBA","owner","elaine.beckman@pheonixcarefl.com","https://www.linkedin.com/in/elaine-beckman-pheonixaba","linkedin_sales_nav","https://www.google.com/maps/search/Pheonix%20Child%20Development%20Center%20Miramar%20FL","pilot-2026-09-25-2k"
"Pier Behavior Analysis Partners","https://www.pierabaca.org","San Diego","CA","1","Eleanor Bedford","CEO & Managing Partner, BCBA","ceo","ebedford@pierabaca.org","https://www.linkedin.com/in/eleanor-bedford-pieraba","state_directory","https://www.google.com/maps/search/Pier%20Behavior%20Analysis%20Partners%20San%20Diego%20CA","pilot-2026-09-25-2k"
"Pilgrim Behavioral Care","https://www.pilgrimautismnc.com","Chapel Hill","NC","2","Eli Beebe","Executive Clinical Director & Partner, BCBA","exec_director","eli@pilgrimautismnc.com","https://www.linkedin.com/in/eli-beebe-pilgrimaba","aba_index","https://www.google.com/maps/search/Pilgrim%20Behavioral%20Care%20Chapel%20Hill%20NC","pilot-2026-09-25-2k"
"Pilot Autism Horizons","https://www.pilotbehavioralga.com","Decatur","GA","3","Elias Beeler","Founder & President, BCBA, LBA","founder","elias.beeler@pilotbehavioralga.com","https://www.linkedin.com/in/elias-beeler-pilotaba","google_maps","https://www.google.com/maps/search/Pilot%20Autism%20Horizons%20Decatur%20GA","pilot-2026-09-25-2k"
"Pinnacle Therapy & Learning Center","https://www.pinnaclecareco.com","Fort Collins","CO","4","Elijah Begay","Owner & Director of Applied Behavior Analysis","owner","ebegay@pinnaclecareco.com","https://www.linkedin.com/in/elijah-begay-pinnacleaba","apollo","https://www.google.com/maps/search/Pinnacle%20Therapy%20%26%20Learning%20Center%20Fort%20Collins%20CO","pilot-2026-09-25-2k"
"Pioneer Behavioral Interventions","https://www.pioneerabava.net","Arlington","VA","1","Elise Belcher","Founder & Clinical Director, BCBA-D","founder","elise@pioneerabava.net","https://www.linkedin.com/in/elise-belcher-pioneeraba","linkedin_sales_nav","https://www.google.com/maps/search/Pioneer%20Behavioral%20Interventions%20Arlington%20VA","pilot-2026-09-25-2k"
"Plaza Autism Clinic","https://www.plazaautismmd.org","Gaithersburg","MD","2","Elizabeth Bell","Co-Founder & Executive Director, MS, BCBA","founder","elizabeth.bell@plazaautismmd.org","https://www.linkedin.com/in/elizabeth-bell-plazaaba","state_directory","https://www.google.com/maps/search/Plaza%20Autism%20Clinic%20Gaithersburg%20MD","pilot-2026-09-25-2k"
"Pledge ABA Center","https://www.pledgebehavioralil.com","Schaumburg","IL","3","Ella Bellamy","Owner & Clinical Supervisor, BCBA","owner","ebellamy@pledgebehavioralil.com","https://www.linkedin.com/in/ella-bellamy-pledgeaba","aba_index","https://www.google.com/maps/search/Pledge%20ABA%20Center%20Schaumburg%20IL","pilot-2026-09-25-2k"
"Point Behavioral Health Network","https://www.pointcareut.com","Layton","UT","4","Ellen Bellinger","CEO & Managing Partner, BCBA","ceo","ellen@pointcareut.com","https://www.linkedin.com/in/ellen-bellinger-pointaba","google_maps","https://www.google.com/maps/search/Point%20Behavioral%20Health%20Network%20Layton%20UT","pilot-2026-09-25-2k"
"Polestar Autism Group","https://www.polestarabanj.com","Trenton","NJ","1","Ellie Beltran","Executive Clinical Director & Partner, BCBA","exec_director","ellie.beltran@polestarabanj.com","https://www.linkedin.com/in/ellie-beltran-polestaraba","apollo","https://www.google.com/maps/search/Polestar%20Autism%20Group%20Trenton%20NJ","pilot-2026-09-25-2k"
"Prairie Applied Behavior Specialists","https://www.prairieautismtx.com","Arlington","TX","2","Elliott Bender","Founder & President, BCBA, LBA","founder","ebender@prairieautismtx.com","https://www.linkedin.com/in/elliott-bender-prairieaba","linkedin_sales_nav","https://www.google.com/maps/search/Prairie%20Applied%20Behavior%20Specialists%20Arlington%20TX","pilot-2026-09-25-2k"
"Precision Therapy Partners","https://www.precisionbehavioralfl.org","Naples","FL","3","Aaron Benedict","Owner & Director of Applied Behavior Analysis","owner","aaron@precisionbehavioralfl.org","https://www.linkedin.com/in/aaron-benedict-precisionaba","state_directory","https://www.google.com/maps/search/Precision%20Therapy%20Partners%20Naples%20FL","pilot-2026-09-25-2k"
"Premier Pediatric Autism Services","https://www.premiercareca.net","Riverside","CA","4","Abigail Benitez","Founder & Clinical Director, BCBA-D","founder","abigail.benitez@premiercareca.net","https://www.linkedin.com/in/abigail-benitez-premieraba","aba_index","https://www.google.com/maps/search/Premier%20Pediatric%20Autism%20Services%20Riverside%20CA","pilot-2026-09-25-2k"
"Primrose Behavioral Care Center","https://www.primroseabanc.com","Monroe","NC","1","Adam Benjamin","Co-Founder & Executive Director, MS, BCBA","founder","abenjamin@primroseabanc.com","https://www.linkedin.com/in/adam-benjamin-primroseaba","google_maps","https://www.google.com/maps/search/Primrose%20Behavioral%20Care%20Center%20Monroe%20NC","pilot-2026-09-25-2k"
"Prism Autism & Learning Institute","https://www.prismautismga.com","Lawrenceville","GA","2","Adrian Bennett","Owner & Clinical Supervisor, BCBA","owner","adrian@prismautismga.com","https://www.linkedin.com/in/adrian-bennett-prismaba","apollo","https://www.google.com/maps/search/Prism%20Autism%20%26%20Learning%20Institute%20Lawrenceville%20GA","pilot-2026-09-25-2k"
"Progress Developmental Solutions","https://www.progressbehavioralco.com","Castle Rock","CO","3","Aiden Benoit","CEO & Managing Partner, BCBA","ceo","aiden.benoit@progressbehavioralco.com","https://www.linkedin.com/in/aiden-benoit-progressaba","linkedin_sales_nav","https://www.google.com/maps/search/Progress%20Developmental%20Solutions%20Castle%20Rock%20CO","pilot-2026-09-25-2k"
"Promise Behavioral Therapy Center","https://www.promisecareva.org","Leesburg","VA","4","Alex Benson","Executive Clinical Director & Partner, BCBA","exec_director","abenson@promisecareva.org","https://www.linkedin.com/in/alex-benson-promiseaba","state_directory","https://www.google.com/maps/search/Promise%20Behavioral%20Therapy%20Center%20Leesburg%20VA","pilot-2026-09-25-2k"
"Prosper Autism Discovery Center","https://www.prosperabamd.com","Salisbury","MD","1","Alexander Bentley","Founder & President, BCBA, LBA","founder","alexander@prosperabamd.com","https://www.linkedin.com/in/alexander-bentley-prosperaba","aba_index","https://www.google.com/maps/search/Prosper%20Autism%20Discovery%20Center%20Salisbury%20MD","pilot-2026-09-25-2k"
"Proximity Behavioral Foundations","https://www.proximityautismil.com","Palatine","IL","2","Alexandra Benton","Owner & Director of Applied Behavior Analysis","owner","alexandra.benton@proximityautismil.com","https://www.linkedin.com/in/alexandra-benton-proximityaba","google_maps","https://www.google.com/maps/search/Proximity%20Behavioral%20Foundations%20Palatine%20IL","pilot-2026-09-25-2k"
"Purpose Therapeutic Solutions","https://www.purposebehavioralut.net","Roy","UT","3","Alexis Berg","Founder & Clinical Director, BCBA-D","founder","aberg@purposebehavioralut.net","https://www.linkedin.com/in/alexis-berg-purposeaba","apollo","https://www.google.com/maps/search/Purpose%20Therapeutic%20Solutions%20Roy%20UT","pilot-2026-09-25-2k"
"Quest ABA Collective","https://www.questcarenj.com","Plainfield","NJ","4","Alice Berger","Co-Founder & Executive Director, MS, BCBA","founder","alice@questcarenj.com","https://www.linkedin.com/in/alice-berger-questaba","linkedin_sales_nav","https://www.google.com/maps/search/Quest%20ABA%20Collective%20Plainfield%20NJ","pilot-2026-09-25-2k"
"Radiance Autism Center","https://www.radianceabatx.org","League City","TX","1","Allison Bergman","Owner & Clinical Supervisor, BCBA","owner","allison.bergman@radianceabatx.org","https://www.linkedin.com/in/allison-bergman-radianceaba","state_directory","https://www.google.com/maps/search/Radiance%20Autism%20Center%20League%20City%20TX","pilot-2026-09-25-2k"
"Radiant ABA Therapy Group","https://www.radiantautismfl.com","Delray Beach","FL","2","Alyssa Bernal","CEO & Managing Partner, BCBA","ceo","abernal@radiantautismfl.com","https://www.linkedin.com/in/alyssa-bernal-radiantaba","aba_index","https://www.google.com/maps/search/Radiant%20ABA%20Therapy%20Group%20Delray%20Beach%20FL","pilot-2026-09-25-2k"
"Rainbow Behavioral Solutions","https://www.rainbowbehavioralca.com","Ontario","CA","3","Amber Bernard","Executive Clinical Director & Partner, BCBA","exec_director","amber@rainbowbehavioralca.com","https://www.linkedin.com/in/amber-bernard-rainbowaba","google_maps","https://www.google.com/maps/search/Rainbow%20Behavioral%20Solutions%20Ontario%20CA","pilot-2026-09-25-2k"
"Reach Autism Services","https://www.reachcarenc.com","Durham","NC","4","Amy Berry","Founder & President, BCBA, LBA","founder","amy.berry@reachcarenc.com","https://www.linkedin.com/in/amy-berry-reachaba","apollo","https://www.google.com/maps/search/Reach%20Autism%20Services%20Durham%20NC","pilot-2026-09-25-2k"
"Realm Behavioral Health","https://www.realmabaga.com","Athens","GA","1","Andrea Berryman","Owner & Director of Applied Behavior Analysis","owner","aberryman@realmabaga.com","https://www.linkedin.com/in/andrea-berryman-realmaba","linkedin_sales_nav","https://www.google.com/maps/search/Realm%20Behavioral%20Health%20Athens%20GA","pilot-2026-09-25-2k"
"Redwood Therapy Associates","https://www.redwoodautismco.org","Boulder","CO","2","Andrew Bertram","Founder & Clinical Director, BCBA-D","founder","andrew@redwoodautismco.org","https://www.linkedin.com/in/andrew-bertram-redwoodaba","state_directory","https://www.google.com/maps/search/Redwood%20Therapy%20Associates%20Boulder%20CO","pilot-2026-09-25-2k"
"Refuge Developmental Clinic","https://www.refugebehavioralva.com","Roanoke","VA","3","Angela Best","Co-Founder & Executive Director, MS, BCBA","founder","angela.best@refugebehavioralva.com","https://www.linkedin.com/in/angela-best-refugeaba","aba_index","https://www.google.com/maps/search/Refuge%20Developmental%20Clinic%20Roanoke%20VA","pilot-2026-09-25-2k"
"Regal ABA Services","https://www.regalcaremd.com","Bowie","MD","4","Ann Betancourt","Owner & Clinical Supervisor, BCBA","owner","abetancourt@regalcaremd.com","https://www.linkedin.com/in/ann-betancourt-regalaba","google_maps","https://www.google.com/maps/search/Regal%20ABA%20Services%20Bowie%20MD","pilot-2026-09-25-2k"
"Reliant Autism & Behavioral Clinic","https://www.reliantabail.com","Elgin","IL","1","Anna Betts","CEO & Managing Partner, BCBA","ceo","anna@reliantabail.com","https://www.linkedin.com/in/anna-betts-reliantaba","apollo","https://www.google.com/maps/search/Reliant%20Autism%20%26%20Behavioral%20Clinic%20Elgin%20IL","pilot-2026-09-25-2k"
"Renaissance Child Development Center","https://www.renaissanceautismut.com","Lehi","UT","2","Anthony Bevan","Executive Clinical Director & Partner, BCBA","exec_director","anthony.bevan@renaissanceautismut.com","https://www.linkedin.com/in/anthony-bevan-renaissanceaba","linkedin_sales_nav","https://www.google.com/maps/search/Renaissance%20Child%20Development%20Center%20Lehi%20UT","pilot-2026-09-25-2k"
"Renew Behavior Analysis Partners","https://www.renewbehavioralnj.org","Camden","NJ","3","Antonio Beverly","Founder & President, BCBA, LBA","founder","abeverly@renewbehavioralnj.org","https://www.linkedin.com/in/antonio-beverly-renewaba","state_directory","https://www.google.com/maps/search/Renew%20Behavior%20Analysis%20Partners%20Camden%20NJ","pilot-2026-09-25-2k"
"Renewal Behavioral Care","https://www.renewalcaretx.com","Mission","TX","4","Arthur Beyer","Owner & Director of Applied Behavior Analysis","owner","arthur@renewalcaretx.com","https://www.linkedin.com/in/arthur-beyer-renewalaba","aba_index","https://www.google.com/maps/search/Renewal%20Behavioral%20Care%20Mission%20TX","pilot-2026-09-25-2k"
"Resilience Autism Horizons","https://www.resilienceabafl.net","Clermont","FL","1","Ashley Bibb","Founder & Clinical Director, BCBA-D","founder","ashley.bibb@resilienceabafl.net","https://www.linkedin.com/in/ashley-bibb-resilienceaba","google_maps","https://www.google.com/maps/search/Resilience%20Autism%20Horizons%20Clermont%20FL","pilot-2026-09-25-2k"
"Resolution Therapy & Learning Center","https://www.resolutionautismca.com","Simi Valley","CA","2","Audrey Bickford","Co-Founder & Executive Director, MS, BCBA","founder","abickford@resolutionautismca.com","https://www.linkedin.com/in/audrey-bickford-resolutionaba","apollo","https://www.google.com/maps/search/Resolution%20Therapy%20%26%20Learning%20Center%20Simi%20Valley%20CA","pilot-2026-09-25-2k"
"Resonance Behavioral Interventions","https://www.resonancebehavioralnc.com","Burlington","NC","3","Austin Biddle","Owner & Clinical Supervisor, BCBA","owner","austin@resonancebehavioralnc.com","https://www.linkedin.com/in/austin-biddle-resonanceaba","linkedin_sales_nav","https://www.google.com/maps/search/Resonance%20Behavioral%20Interventions%20Burlington%20NC","pilot-2026-09-25-2k"
"Rialto Autism Clinic","https://www.rialtocarega.org","Peachtree City","GA","4","Autumn Bigelow","CEO & Managing Partner, BCBA","ceo","autumn.bigelow@rialtocarega.org","https://www.linkedin.com/in/autumn-bigelow-rialtoaba","state_directory","https://www.google.com/maps/search/Rialto%20Autism%20Clinic%20Peachtree%20City%20GA","pilot-2026-09-25-2k"
"Ridge ABA Center","https://www.ridgeabaco.com","Commerce City","CO","1","Ava Biggs","Executive Clinical Director & Partner, BCBA","exec_director","abiggs@ridgeabaco.com","https://www.linkedin.com/in/ava-biggs-ridgeaba","aba_index","https://www.google.com/maps/search/Ridge%20ABA%20Center%20Commerce%20City%20CO","pilot-2026-09-25-2k"
"Ridgeway Behavioral Health Network","https://www.ridgewayautismva.com","Fredericksburg","VA","2","Avery Abbott","Founder & President, BCBA, LBA","founder","avery@ridgewayautismva.com","https://www.linkedin.com/in/avery-abbott-ridgewayaba","google_maps","https://www.google.com/maps/search/Ridgeway%20Behavioral%20Health%20Network%20Fredericksburg%20VA","pilot-2026-09-25-2k"
"Rise Autism Group","https://www.risebehavioralmd.com","Severn","MD","3","Bailey Abernathy","Owner & Director of Applied Behavior Analysis","owner","bailey.abernathy@risebehavioralmd.com","https://www.linkedin.com/in/bailey-abernathy-riseaba","apollo","https://www.google.com/maps/search/Rise%20Autism%20Group%20Severn%20MD","pilot-2026-09-25-2k"
"Rising Sun Applied Behavior Specialists","https://www.risingsuncareil.net","Des Plaines","IL","4","Barbara Acevedo","Founder & Clinical Director, BCBA-D","founder","bacevedo@risingsuncareil.net","https://www.linkedin.com/in/barbara-acevedo-risingsunaba","linkedin_sales_nav","https://www.google.com/maps/search/Rising%20Sun%20Applied%20Behavior%20Specialists%20Des%20Plaines%20IL","pilot-2026-09-25-2k"
"River Therapy Partners","https://www.riverabaut.org","Salt Lake City","UT","1","Beatrice Acosta","Co-Founder & Executive Director, MS, BCBA","founder","beatrice@riverabaut.org","https://www.linkedin.com/in/beatrice-acosta-riveraba","state_directory","https://www.google.com/maps/search/River%20Therapy%20Partners%20Salt%20Lake%20City%20UT","pilot-2026-09-25-2k"
"Riverbend Pediatric Autism Services","https://www.riverbendautismnj.com","Jersey City","NJ","2","Benjamin Adair","Owner & Clinical Supervisor, BCBA","owner","benjamin.adair@riverbendautismnj.com","https://www.linkedin.com/in/benjamin-adair-riverbendaba","aba_index","https://www.google.com/maps/search/Riverbend%20Pediatric%20Autism%20Services%20Jersey%20City%20NJ","pilot-2026-09-25-2k"
"Riverstone Behavioral Care Center","https://www.riverstonebehavioraltx.com","Houston","TX","3","Bethany Adkins","CEO & Managing Partner, BCBA","ceo","badkins@riverstonebehavioraltx.com","https://www.linkedin.com/in/bethany-adkins-riverstoneaba","google_maps","https://www.google.com/maps/search/Riverstone%20Behavioral%20Care%20Center%20Houston%20TX","pilot-2026-09-25-2k"
"Roanoke Autism & Learning Institute","https://www.roanokecarefl.com","Jacksonville","FL","4","Blake Aguilar","Executive Clinical Director & Partner, BCBA","exec_director","blake@roanokecarefl.com","https://www.linkedin.com/in/blake-aguilar-roanokeaba","apollo","https://www.google.com/maps/search/Roanoke%20Autism%20%26%20Learning%20Institute%20Jacksonville%20FL","pilot-2026-09-25-2k"
"Rockford Developmental Solutions","https://www.rockfordabaca.com","Irvine","CA","1","Bradley Aguirre","Founder & President, BCBA, LBA","founder","bradley.aguirre@rockfordabaca.com","https://www.linkedin.com/in/bradley-aguirre-rockfordaba","linkedin_sales_nav","https://www.google.com/maps/search/Rockford%20Developmental%20Solutions%20Irvine%20CA","pilot-2026-09-25-2k"
"Roots Behavioral Therapy Center","https://www.rootsautismnc.org","Cornelius","NC","2","Brandon Albert","Owner & Director of Applied Behavior Analysis","owner","balbert@rootsautismnc.org","https://www.linkedin.com/in/brandon-albert-rootsaba","state_directory","https://www.google.com/maps/search/Roots%20Behavioral%20Therapy%20Center%20Cornelius%20NC","pilot-2026-09-25-2k"
"Roswell Autism Discovery Center","https://www.roswellbehavioralga.net","Snellville","GA","3","Brayden Albrecht","Founder & Clinical Director, BCBA-D","founder","brayden@roswellbehavioralga.net","https://www.linkedin.com/in/brayden-albrecht-roswellaba","aba_index","https://www.google.com/maps/search/Roswell%20Autism%20Discovery%20Center%20Snellville%20GA","pilot-2026-09-25-2k"
"Safe Harbor Behavioral Foundations","https://www.safeharborcareco.com","Arvada","CO","4","Brenda Alcorn","Co-Founder & Executive Director, MS, BCBA","founder","brenda.alcorn@safeharborcareco.com","https://www.linkedin.com/in/brenda-alcorn-safeharboraba","google_maps","https://www.google.com/maps/search/Safe%20Harbor%20Behavioral%20Foundations%20Arvada%20CO","pilot-2026-09-25-2k"
"Safe Haven Therapeutic Solutions","https://www.safehavenabava.com","Reston","VA","1","Brian Aldridge","Owner & Clinical Supervisor, BCBA","owner","baldridge@safehavenabava.com","https://www.linkedin.com/in/brian-aldridge-safehavenaba","apollo","https://www.google.com/maps/search/Safe%20Haven%20Therapeutic%20Solutions%20Reston%20VA","pilot-2026-09-25-2k"
"Saddleback ABA Collective","https://www.saddlebackautismmd.com","Towson","MD","2","Brianna Alford","CEO & Managing Partner, BCBA","ceo","brianna@saddlebackautismmd.com","https://www.linkedin.com/in/brianna-alford-saddlebackaba","linkedin_sales_nav","https://www.google.com/maps/search/Saddleback%20ABA%20Collective%20Towson%20MD","pilot-2026-09-25-2k"
"Sage Autism Center","https://www.sagebehavioralil.org","Waukegan","IL","3","Brittany Allan","Executive Clinical Director & Partner, BCBA","exec_director","brittany.allan@sagebehavioralil.org","https://www.linkedin.com/in/brittany-allan-sageaba","state_directory","https://www.google.com/maps/search/Sage%20Autism%20Center%20Waukegan%20IL","pilot-2026-09-25-2k"
"Sanctuary ABA Therapy Group","https://www.sanctuarycareut.com","Taylorsville","UT","4","Brooke Alston","Founder & President, BCBA, LBA","founder","balston@sanctuarycareut.com","https://www.linkedin.com/in/brooke-alston-sanctuaryaba","aba_index","https://www.google.com/maps/search/Sanctuary%20ABA%20Therapy%20Group%20Taylorsville%20UT","pilot-2026-09-25-2k"
"Sapphire Behavioral Solutions","https://www.sapphireabanj.com","Union City","NJ","1","Brooklyn Alvarado","Owner & Director of Applied Behavior Analysis","owner","brooklyn@sapphireabanj.com","https://www.linkedin.com/in/brooklyn-alvarado-sapphireaba","google_maps","https://www.google.com/maps/search/Sapphire%20Behavioral%20Solutions%20Union%20City%20NJ","pilot-2026-09-25-2k"
"Scaffold Autism Services","https://www.scaffoldautismtx.net","McAllen","TX","2","Bruce Alvarez","Founder & Clinical Director, BCBA-D","founder","bruce.alvarez@scaffoldautismtx.net","https://www.linkedin.com/in/bruce-alvarez-scaffoldaba","apollo","https://www.google.com/maps/search/Scaffold%20Autism%20Services%20McAllen%20TX","pilot-2026-09-25-2k"
"Scholar Behavioral Health","https://www.scholarbehavioralfl.com","Lakeland","FL","3","Bryan Amato","Co-Founder & Executive Director, MS, BCBA","founder","bamato@scholarbehavioralfl.com","https://www.linkedin.com/in/bryan-amato-scholaraba","linkedin_sales_nav","https://www.google.com/maps/search/Scholar%20Behavioral%20Health%20Lakeland%20FL","pilot-2026-09-25-2k"
"Scope Therapy Associates","https://www.scopecareca.org","Santa Clarita","CA","4","Caleb Ambrose","Owner & Clinical Supervisor, BCBA","owner","caleb@scopecareca.org","https://www.linkedin.com/in/caleb-ambrose-scopeaba","state_directory","https://www.google.com/maps/search/Scope%20Therapy%20Associates%20Santa%20Clarita%20CA","pilot-2026-09-25-2k"
"Sequoia Developmental Clinic","https://www.sequoiaabanc.com","Cary","NC","1","Cameron Ames","CEO & Managing Partner, BCBA","ceo","cameron.ames@sequoiaabanc.com","https://www.linkedin.com/in/cameron-ames-sequoiaaba","aba_index","https://www.google.com/maps/search/Sequoia%20Developmental%20Clinic%20Cary%20NC","pilot-2026-09-25-2k"
"Serenity ABA Services","https://www.serenityautismga.com","Johns Creek","GA","2","Camila Amos","Executive Clinical Director & Partner, BCBA","exec_director","camos@serenityautismga.com","https://www.linkedin.com/in/camila-amos-serenityaba","google_maps","https://www.google.com/maps/search/Serenity%20ABA%20Services%20Johns%20Creek%20GA","pilot-2026-09-25-2k"
"Shelter Autism & Behavioral Clinic","https://www.shelterbehavioralco.com","Littleton","CO","3","Carla Anaya","Founder & President, BCBA, LBA","founder","carla@shelterbehavioralco.com","https://www.linkedin.com/in/carla-anaya-shelteraba","apollo","https://www.google.com/maps/search/Shelter%20Autism%20%26%20Behavioral%20Clinic%20Littleton%20CO","pilot-2026-09-25-2k"
"Shield Child Development Center","https://www.shieldcareva.com","Salem","VA","4","Carlos Anders","Owner & Director of Applied Behavior Analysis","owner","carlos.anders@shieldcareva.com","https://www.linkedin.com/in/carlos-anders-shieldaba","linkedin_sales_nav","https://www.google.com/maps/search/Shield%20Child%20Development%20Center%20Salem%20VA","pilot-2026-09-25-2k"
"Shine Behavior Analysis Partners","https://www.shineabamd.org","Baltimore","MD","1","Caroline Andersen","Founder & Clinical Director, BCBA-D","founder","candersen@shineabamd.org","https://www.linkedin.com/in/caroline-andersen-shineaba","state_directory","https://www.google.com/maps/search/Shine%20Behavior%20Analysis%20Partners%20Baltimore%20MD","pilot-2026-09-25-2k"
"Signal Behavioral Care","https://www.signalautismil.com","Naperville","IL","2","Carolyn Anderson","Co-Founder & Executive Director, MS, BCBA","founder","carolyn@signalautismil.com","https://www.linkedin.com/in/carolyn-anderson-signalaba","aba_index","https://www.google.com/maps/search/Signal%20Behavioral%20Care%20Naperville%20IL","pilot-2026-09-25-2k"
"Silhouette Autism Horizons","https://www.silhouettebehavioralut.com","West Valley City","UT","3","Carson Andrade","Owner & Clinical Supervisor, BCBA","owner","carson.andrade@silhouettebehavioralut.com","https://www.linkedin.com/in/carson-andrade-silhouetteaba","google_maps","https://www.google.com/maps/search/Silhouette%20Autism%20Horizons%20West%20Valley%20City%20UT","pilot-2026-09-25-2k"
"Silver Lining Therapy & Learning Center","https://www.silverliningcarenj.com","Elizabeth","NJ","4","Carter Andrews","CEO & Managing Partner, BCBA","ceo","candrews@silverliningcarenj.com","https://www.linkedin.com/in/carter-andrews-silverliningaba","apollo","https://www.google.com/maps/search/Silver%20Lining%20Therapy%20%26%20Learning%20Center%20Elizabeth%20NJ","pilot-2026-09-25-2k"
"Skyline Behavioral Interventions","https://www.skylineabatx.com","New Braunfels","TX","1","Cassandra Anthony","Executive Clinical Director & Partner, BCBA","exec_director","cassandra@skylineabatx.com","https://www.linkedin.com/in/cassandra-anthony-skylineaba","linkedin_sales_nav","https://www.google.com/maps/search/Skyline%20Behavioral%20Interventions%20New%20Braunfels%20TX","pilot-2026-09-25-2k"
"Skyward Autism Clinic","https://www.skywardautismfl.org","Melbourne","FL","2","Catherine Archer","Founder & President, BCBA, LBA","founder","catherine.archer@skywardautismfl.org","https://www.linkedin.com/in/catherine-archer-skywardaba","state_directory","https://www.google.com/maps/search/Skyward%20Autism%20Clinic%20Melbourne%20FL","pilot-2026-09-25-2k"
"Smart Start ABA Center","https://www.smartstartbehavioralca.com","Sunnyvale","CA","3","Cecilia Arellano","Owner & Director of Applied Behavior Analysis","owner","carellano@smartstartbehavioralca.com","https://www.linkedin.com/in/cecilia-arellano-smartstartaba","aba_index","https://www.google.com/maps/search/Smart%20Start%20ABA%20Center%20Sunnyvale%20CA","pilot-2026-09-25-2k"
"Soar Behavioral Health Network","https://www.soarcarenc.net","Rocky Mount","NC","4","Chad Armenta","Founder & Clinical Director, BCBA-D","founder","chad@soarcarenc.net","https://www.linkedin.com/in/chad-armenta-soaraba","google_maps","https://www.google.com/maps/search/Soar%20Behavioral%20Health%20Network%20Rocky%20Mount%20NC","pilot-2026-09-25-2k"
"Solace Autism Group","https://www.solaceabaga.com","Milton","GA","1","Charles Armstrong","Co-Founder & Executive Director, MS, BCBA","founder","charles.armstrong@solaceabaga.com","https://www.linkedin.com/in/charles-armstrong-solaceaba","apollo","https://www.google.com/maps/search/Solace%20Autism%20Group%20Milton%20GA","pilot-2026-09-25-2k"
"Solidarity Applied Behavior Specialists","https://www.solidarityautismco.com","Pueblo","CO","2","Charlotte Arndt","Owner & Clinical Supervisor, BCBA","owner","carndt@solidarityautismco.com","https://www.linkedin.com/in/charlotte-arndt-solidarityaba","linkedin_sales_nav","https://www.google.com/maps/search/Solidarity%20Applied%20Behavior%20Specialists%20Pueblo%20CO","pilot-2026-09-25-2k"
"Sonata Therapy Partners","https://www.sonatabehavioralva.org","Hampton","VA","3","Chase Arnold","CEO & Managing Partner, BCBA","ceo","chase@sonatabehavioralva.org","https://www.linkedin.com/in/chase-arnold-sonataaba","state_directory","https://www.google.com/maps/search/Sonata%20Therapy%20Partners%20Hampton%20VA","pilot-2026-09-25-2k"
"Sound Pediatric Autism Services","https://www.soundcaremd.com","Waldorf","MD","4","Chelsea Arredondo","Executive Clinical Director & Partner, BCBA","exec_director","chelsea.arredondo@soundcaremd.com","https://www.linkedin.com/in/chelsea-arredondo-soundaba","aba_index","https://www.google.com/maps/search/Sound%20Pediatric%20Autism%20Services%20Waldorf%20MD","pilot-2026-09-25-2k"
"Southern Cross Behavioral Care Center","https://www.southerncrossabail.com","Champaign","IL","1","Cheyenne Arroyo","Founder & President, BCBA, LBA","founder","carroyo@southerncrossabail.com","https://www.linkedin.com/in/cheyenne-arroyo-southerncrossaba","google_maps","https://www.google.com/maps/search/Southern%20Cross%20Behavioral%20Care%20Center%20Champaign%20IL","pilot-2026-09-25-2k"
"Spark Autism & Learning Institute","https://www.sparkautismut.com","Murray","UT","2","Chloe Arthur","Owner & Director of Applied Behavior Analysis","owner","chloe@sparkautismut.com","https://www.linkedin.com/in/chloe-arthur-sparkaba","apollo","https://www.google.com/maps/search/Spark%20Autism%20%26%20Learning%20Institute%20Murray%20UT","pilot-2026-09-25-2k"
"Spectrum Developmental Solutions","https://www.spectrumbehavioralnj.net","East Orange","NJ","3","Christian Asher","Founder & Clinical Director, BCBA-D","founder","christian.asher@spectrumbehavioralnj.net","https://www.linkedin.com/in/christian-asher-spectrumaba","linkedin_sales_nav","https://www.google.com/maps/search/Spectrum%20Developmental%20Solutions%20East%20Orange%20NJ","pilot-2026-09-25-2k"
"Sphere Behavioral Therapy Center","https://www.spherecaretx.org","Beaumont","TX","4","Christina Ashley","Co-Founder & Executive Director, MS, BCBA","founder","cashley@spherecaretx.org","https://www.linkedin.com/in/christina-ashley-sphereaba","state_directory","https://www.google.com/maps/search/Sphere%20Behavioral%20Therapy%20Center%20Beaumont%20TX","pilot-2026-09-25-2k"
"Spire Autism Discovery Center","https://www.spireabafl.com","Plantation","FL","1","Christine Ashton","Owner & Clinical Supervisor, BCBA","owner","christine@spireabafl.com","https://www.linkedin.com/in/christine-ashton-spireaba","aba_index","https://www.google.com/maps/search/Spire%20Autism%20Discovery%20Center%20Plantation%20FL","pilot-2026-09-25-2k"
"Spotlight Behavioral Foundations","https://www.spotlightautismca.com","Vallejo","CA","2","Christopher Atkins","CEO & Managing Partner, BCBA","ceo","christopher.atkins@spotlightautismca.com","https://www.linkedin.com/in/christopher-atkins-spotlightaba","google_maps","https://www.google.com/maps/search/Spotlight%20Behavioral%20Foundations%20Vallejo%20CA","pilot-2026-09-25-2k"
"Springboard Therapeutic Solutions","https://www.springboardbehavioralnc.com","Holly Springs","NC","3","Claire Atkinson","Executive Clinical Director & Partner, BCBA","exec_director","catkinson@springboardbehavioralnc.com","https://www.linkedin.com/in/claire-atkinson-springboardaba","apollo","https://www.google.com/maps/search/Springboard%20Therapeutic%20Solutions%20Holly%20Springs%20NC","pilot-2026-09-25-2k"
"Sprout ABA Collective","https://www.sproutcarega.com","Canton","GA","4","Clara Augustine","Founder & President, BCBA, LBA","founder","clara@sproutcarega.com","https://www.linkedin.com/in/clara-augustine-sproutaba","linkedin_sales_nav","https://www.google.com/maps/search/Sprout%20ABA%20Collective%20Canton%20GA","pilot-2026-09-25-2k"
"Starling Autism Center","https://www.starlingabaco.org","Denver","CO","1","Clayton Austin","Owner & Director of Applied Behavior Analysis","owner","clayton.austin@starlingabaco.org","https://www.linkedin.com/in/clayton-austin-starlingaba","state_directory","https://www.google.com/maps/search/Starling%20Autism%20Center%20Denver%20CO","pilot-2026-09-25-2k"
"Steadfast ABA Therapy Group","https://www.steadfastautismva.net","Virginia Beach","VA","2","Cole Avalos","Founder & Clinical Director, BCBA-D","founder","cavalos@steadfastautismva.net","https://www.linkedin.com/in/cole-avalos-steadfastaba","aba_index","https://www.google.com/maps/search/Steadfast%20ABA%20Therapy%20Group%20Virginia%20Beach%20VA","pilot-2026-09-25-2k"
"Starlight Behavioral Solutions","https://www.starlightbehavioralmd.com","Bethesda","MD","3","Colin Avery","Co-Founder & Executive Director, MS, BCBA","founder","colin@starlightbehavioralmd.com","https://www.linkedin.com/in/colin-avery-starlightaba","google_maps","https://www.google.com/maps/search/Starlight%20Behavioral%20Solutions%20Bethesda%20MD","pilot-2026-09-25-2k"
"Step Ahead Autism Services","https://www.stepaheadcareil.com","Rockford","IL","4","Colleen Avila","Owner & Clinical Supervisor, BCBA","owner","colleen.avila@stepaheadcareil.com","https://www.linkedin.com/in/colleen-avila-stepaheadaba","apollo","https://www.google.com/maps/search/Step%20Ahead%20Autism%20Services%20Rockford%20IL","pilot-2026-09-25-2k"
"Step By Step Behavioral Health","https://www.stepbystepabaut.com","Sandy","UT","1","Connor Ayala","CEO & Managing Partner, BCBA","ceo","cayala@stepbystepabaut.com","https://www.linkedin.com/in/connor-ayala-stepbystepaba","linkedin_sales_nav","https://www.google.com/maps/search/Step%20By%20Step%20Behavioral%20Health%20Sandy%20UT","pilot-2026-09-25-2k"
"Stepping Stone Therapy Associates","https://www.steppingstoneautismnj.org","Woodbridge","NJ","2","Cora Babcock","Executive Clinical Director & Partner, BCBA","exec_director","cora@steppingstoneautismnj.org","https://www.linkedin.com/in/cora-babcock-steppingstoneaba","state_directory","https://www.google.com/maps/search/Stepping%20Stone%20Therapy%20Associates%20Woodbridge%20NJ","pilot-2026-09-25-2k"
"Steps Developmental Clinic","https://www.stepsbehavioraltx.com","Sugar Land","TX","3","Corey Bach","Founder & President, BCBA, LBA","founder","corey.bach@stepsbehavioraltx.com","https://www.linkedin.com/in/corey-bach-stepsaba","aba_index","https://www.google.com/maps/search/Steps%20Developmental%20Clinic%20Sugar%20Land%20TX","pilot-2026-09-25-2k"
"Sterling ABA Services","https://www.sterlingcarefl.com","Sarasota","FL","4","Courtney Bader","Owner & Director of Applied Behavior Analysis","owner","cbader@sterlingcarefl.com","https://www.linkedin.com/in/courtney-bader-sterlingaba","google_maps","https://www.google.com/maps/search/Sterling%20ABA%20Services%20Sarasota%20FL","pilot-2026-09-25-2k"
"Stonegate Autism & Behavioral Clinic","https://www.stonegateabaca.net","Long Beach","CA","1","Craig Baer","Founder & Clinical Director, BCBA-D","founder","craig@stonegateabaca.net","https://www.linkedin.com/in/craig-baer-stonegateaba","apollo","https://www.google.com/maps/search/Stonegate%20Autism%20%26%20Behavioral%20Clinic%20Long%20Beach%20CA","pilot-2026-09-25-2k"
"Storybook Child Development Center","https://www.storybookautismnc.com","Concord","NC","2","Crystal Baggett","Co-Founder & Executive Director, MS, BCBA","founder","crystal.baggett@storybookautismnc.com","https://www.linkedin.com/in/crystal-baggett-storybookaba","linkedin_sales_nav","https://www.google.com/maps/search/Storybook%20Child%20Development%20Center%20Concord%20NC","pilot-2026-09-25-2k"
"Strides Behavior Analysis Partners","https://www.stridesbehavioralga.org","Tyrone","GA","3","Curtis Bagley","Owner & Clinical Supervisor, BCBA","owner","cbagley@stridesbehavioralga.org","https://www.linkedin.com/in/curtis-bagley-stridesaba","state_directory","https://www.google.com/maps/search/Strides%20Behavior%20Analysis%20Partners%20Tyrone%20GA","pilot-2026-09-25-2k"
"Sublime Behavioral Care","https://www.sublimecareco.com","Longmont","CO","4","Cynthia Bailey","CEO & Managing Partner, BCBA","ceo","cynthia@sublimecareco.com","https://www.linkedin.com/in/cynthia-bailey-sublimeaba","aba_index","https://www.google.com/maps/search/Sublime%20Behavioral%20Care%20Longmont%20CO","pilot-2026-09-25-2k"
"Success Autism Horizons","https://www.successabava.com","Charlottesville","VA","1","Daisy Bain","Executive Clinical Director & Partner, BCBA","exec_director","daisy.bain@successabava.com","https://www.linkedin.com/in/daisy-bain-successaba","google_maps","https://www.google.com/maps/search/Success%20Autism%20Horizons%20Charlottesville%20VA","pilot-2026-09-25-2k"
"Summit Therapy & Learning Center","https://www.summitautismmd.com","Glen Burnie","MD","2","Dale Baird","Founder & President, BCBA, LBA","founder","dbaird@summitautismmd.com","https://www.linkedin.com/in/dale-baird-summitaba","apollo","https://www.google.com/maps/search/Summit%20Therapy%20%26%20Learning%20Center%20Glen%20Burnie%20MD","pilot-2026-09-25-2k"
"Sunburst Behavioral Interventions","https://www.sunburstbehavioralil.com","Arlington Heights","IL","3","Dallas Baker","Owner & Director of Applied Behavior Analysis","owner","dallas@sunburstbehavioralil.com","https://www.linkedin.com/in/dallas-baker-sunburstaba","linkedin_sales_nav","https://www.google.com/maps/search/Sunburst%20Behavioral%20Interventions%20Arlington%20Heights%20IL","pilot-2026-09-25-2k"
"Sunlight Autism Clinic","https://www.sunlightcareut.org","Bountiful","UT","4","Dalton Baldwin","Founder & Clinical Director, BCBA-D","founder","dalton.baldwin@sunlightcareut.org","https://www.linkedin.com/in/dalton-baldwin-sunlightaba","state_directory","https://www.google.com/maps/search/Sunlight%20Autism%20Clinic%20Bountiful%20UT","pilot-2026-09-25-2k"
"Sunny Days ABA Center","https://www.sunnydaysabanj.com","New Brunswick","NJ","1","Damian Bales","Co-Founder & Executive Director, MS, BCBA","founder","dbales@sunnydaysabanj.com","https://www.linkedin.com/in/damian-bales-sunnydaysaba","aba_index","https://www.google.com/maps/search/Sunny%20Days%20ABA%20Center%20New%20Brunswick%20NJ","pilot-2026-09-25-2k"
"Sunrise Behavioral Health Network","https://www.sunriseautismtx.com","College Station","TX","2","Daniel Ball","Owner & Clinical Supervisor, BCBA","owner","daniel@sunriseautismtx.com","https://www.linkedin.com/in/daniel-ball-sunriseaba","google_maps","https://www.google.com/maps/search/Sunrise%20Behavioral%20Health%20Network%20College%20Station%20TX","pilot-2026-09-25-2k"
"Sunset Autism Group","https://www.sunsetbehavioralfl.com","Coral Gables","FL","3","Danielle Ballard","CEO & Managing Partner, BCBA","ceo","danielle.ballard@sunsetbehavioralfl.com","https://www.linkedin.com/in/danielle-ballard-sunsetaba","apollo","https://www.google.com/maps/search/Sunset%20Autism%20Group%20Coral%20Gables%20FL","pilot-2026-09-25-2k"
"Sunstone Applied Behavior Specialists","https://www.sunstonecareca.com","Santa Rosa","CA","4","Danny Ballesteros","Executive Clinical Director & Partner, BCBA","exec_director","dballesteros@sunstonecareca.com","https://www.linkedin.com/in/danny-ballesteros-sunstoneaba","linkedin_sales_nav","https://www.google.com/maps/search/Sunstone%20Applied%20Behavior%20Specialists%20Santa%20Rosa%20CA","pilot-2026-09-25-2k"
"Surge Therapy Partners","https://www.surgeabanc.org","Wilson","NC","1","Daphne Banks","Founder & President, BCBA, LBA","founder","daphne@surgeabanc.org","https://www.linkedin.com/in/daphne-banks-surgeaba","state_directory","https://www.google.com/maps/search/Surge%20Therapy%20Partners%20Wilson%20NC","pilot-2026-09-25-2k"
"Symphony Pediatric Autism Services","https://www.symphonyautismga.com","Kennesaw","GA","2","Darlene Bankston","Owner & Director of Applied Behavior Analysis","owner","darlene.bankston@symphonyautismga.com","https://www.linkedin.com/in/darlene-bankston-symphonyaba","aba_index","https://www.google.com/maps/search/Symphony%20Pediatric%20Autism%20Services%20Kennesaw%20GA","pilot-2026-09-25-2k"
"Synergy Behavioral Care Center","https://www.synergybehavioralco.net","Aurora","CO","3","Darren Bannister","Founder & Clinical Director, BCBA-D","founder","dbannister@synergybehavioralco.net","https://www.linkedin.com/in/darren-bannister-synergyaba","google_maps","https://www.google.com/maps/search/Synergy%20Behavioral%20Care%20Center%20Aurora%20CO","pilot-2026-09-25-2k"
"Talent Autism & Learning Institute","https://www.talentcareva.com","Chesapeake","VA","4","David Barajas","Co-Founder & Executive Director, MS, BCBA","founder","david@talentcareva.com","https://www.linkedin.com/in/david-barajas-talentaba","apollo","https://www.google.com/maps/search/Talent%20Autism%20%26%20Learning%20Institute%20Chesapeake%20VA","pilot-2026-09-25-2k"
"Threshold Developmental Solutions","https://www.thresholdabamd.com","Frederick","MD","1","Dawn Barba","Owner & Clinical Supervisor, BCBA","owner","dawn.barba@thresholdabamd.com","https://www.linkedin.com/in/dawn-barba-thresholdaba","linkedin_sales_nav","https://www.google.com/maps/search/Threshold%20Developmental%20Solutions%20Frederick%20MD","pilot-2026-09-25-2k"
"Thrive Behavioral Therapy Center","https://www.thriveautismil.org","Evanston","IL","2","Dean Barbee","CEO & Managing Partner, BCBA","ceo","dbarbee@thriveautismil.org","https://www.linkedin.com/in/dean-barbee-thriveaba","state_directory","https://www.google.com/maps/search/Thrive%20Behavioral%20Therapy%20Center%20Evanston%20IL","pilot-2026-09-25-2k"
"Tidewater Autism Discovery Center","https://www.tidewaterbehavioralut.com","St. George","UT","3","Deanna Barber","Executive Clinical Director & Partner, BCBA","exec_director","deanna@tidewaterbehavioralut.com","https://www.linkedin.com/in/deanna-barber-tidewateraba","aba_index","https://www.google.com/maps/search/Tidewater%20Autism%20Discovery%20Center%20St.%20George%20UT","pilot-2026-09-25-2k"
"Timberline Behavioral Foundations","https://www.timberlinecarenj.com","Toms River","NJ","4","Deborah Barker","Founder & President, BCBA, LBA","founder","deborah.barker@timberlinecarenj.com","https://www.linkedin.com/in/deborah-barker-timberlineaba","google_maps","https://www.google.com/maps/search/Timberline%20Behavioral%20Foundations%20Toms%20River%20NJ","pilot-2026-09-25-2k"
"Top Notch Therapeutic Solutions","https://www.topnotchabatx.com","Georgetown","TX","1","Debra Barkley","Owner & Director of Applied Behavior Analysis","owner","dbarkley@topnotchabatx.com","https://www.linkedin.com/in/debra-barkley-topnotchaba","apollo","https://www.google.com/maps/search/Top%20Notch%20Therapeutic%20Solutions%20Georgetown%20TX","pilot-2026-09-25-2k"
"Torch ABA Collective","https://www.torchautismfl.net","Jupiter","FL","2","Declan Barnes","Founder & Clinical Director, BCBA-D","founder","declan@torchautismfl.net","https://www.linkedin.com/in/declan-barnes-torchaba","linkedin_sales_nav","https://www.google.com/maps/search/Torch%20ABA%20Collective%20Jupiter%20FL","pilot-2026-09-25-2k"
"Totem Autism Center","https://www.totembehavioralca.org","Fullerton","CA","3","Delilah Barnett","Co-Founder & Executive Director, MS, BCBA","founder","delilah.barnett@totembehavioralca.org","https://www.linkedin.com/in/delilah-barnett-totemaba","state_directory","https://www.google.com/maps/search/Totem%20Autism%20Center%20Fullerton%20CA","pilot-2026-09-25-2k"
"Touchstone ABA Therapy Group","https://www.touchstonecarenc.com","Raleigh","NC","4","Derek Barr","Owner & Clinical Supervisor, BCBA","owner","dbarr@touchstonecarenc.com","https://www.linkedin.com/in/derek-barr-touchstoneaba","aba_index","https://www.google.com/maps/search/Touchstone%20ABA%20Therapy%20Group%20Raleigh%20NC","pilot-2026-09-25-2k"
"Trace Behavioral Solutions","https://www.traceabaga.com","Columbus","GA","1","Desiree Barrera","CEO & Managing Partner, BCBA","ceo","desiree@traceabaga.com","https://www.linkedin.com/in/desiree-barrera-traceaba","google_maps","https://www.google.com/maps/search/Trace%20Behavioral%20Solutions%20Columbus%20GA","pilot-2026-09-25-2k"
"Trailblazer Autism Services","https://www.trailblazerautismco.com","Broomfield","CO","2","Destiny Barrett","Executive Clinical Director & Partner, BCBA","exec_director","destiny.barrett@trailblazerautismco.com","https://www.linkedin.com/in/destiny-barrett-trailblazeraba","apollo","https://www.google.com/maps/search/Trailblazer%20Autism%20Services%20Broomfield%20CO","pilot-2026-09-25-2k"
"Transform Behavioral Health","https://www.transformbehavioralva.com","Harrisonburg","VA","3","Devin Barron","Founder & President, BCBA, LBA","founder","dbarron@transformbehavioralva.com","https://www.linkedin.com/in/devin-barron-transformaba","linkedin_sales_nav","https://www.google.com/maps/search/Transform%20Behavioral%20Health%20Harrisonburg%20VA","pilot-2026-09-25-2k"
"Tree of Life Therapy Associates","https://www.treeoflifecaremd.org","Laurel","MD","4","Diana Barry","Owner & Director of Applied Behavior Analysis","owner","diana@treeoflifecaremd.org","https://www.linkedin.com/in/diana-barry-treeoflifeaba","state_directory","https://www.google.com/maps/search/Tree%20of%20Life%20Therapy%20Associates%20Laurel%20MD","pilot-2026-09-25-2k"
"Trellis Developmental Clinic","https://www.trellisabail.net","Decatur","IL","1","Dominic Bartlett","Founder & Clinical Director, BCBA-D","founder","dominic.bartlett@trellisabail.net","https://www.linkedin.com/in/dominic-bartlett-trellisaba","aba_index","https://www.google.com/maps/search/Trellis%20Developmental%20Clinic%20Decatur%20IL","pilot-2026-09-25-2k"
"Tribute ABA Services","https://www.tributeautismut.com","Spanish Fork","UT","2","Donald Barton","Co-Founder & Executive Director, MS, BCBA","founder","dbarton@tributeautismut.com","https://www.linkedin.com/in/donald-barton-tributeaba","google_maps","https://www.google.com/maps/search/Tribute%20ABA%20Services%20Spanish%20Fork%20UT","pilot-2026-09-25-2k"
"Triumph Autism & Behavioral Clinic","https://www.triumphbehavioralnj.com","Perth Amboy","NJ","3","Donna Bass","Owner & Clinical Supervisor, BCBA","owner","donna@triumphbehavioralnj.com","https://www.linkedin.com/in/donna-bass-triumphaba","apollo","https://www.google.com/maps/search/Triumph%20Autism%20%26%20Behavioral%20Clinic%20Perth%20Amboy%20NJ","pilot-2026-09-25-2k"
"True North Child Development Center","https://www.truenorthcaretx.com","Carrollton","TX","4","Dora Batchelor","CEO & Managing Partner, BCBA","ceo","dora.batchelor@truenorthcaretx.com","https://www.linkedin.com/in/dora-batchelor-truenorthaba","linkedin_sales_nav","https://www.google.com/maps/search/True%20North%20Child%20Development%20Center%20Carrollton%20TX","pilot-2026-09-25-2k"
"Trust Behavior Analysis Partners","https://www.trustabafl.org","Miami","FL","1","Douglas Bateman","Executive Clinical Director & Partner, BCBA","exec_director","dbateman@trustabafl.org","https://www.linkedin.com/in/douglas-bateman-trustaba","state_directory","https://www.google.com/maps/search/Trust%20Behavior%20Analysis%20Partners%20Miami%20FL","pilot-2026-09-25-2k"
"Turning Point Behavioral Care","https://www.turningpointautismca.com","Los Angeles","CA","2","Drew Bates","Founder & President, BCBA, LBA","founder","drew@turningpointautismca.com","https://www.linkedin.com/in/drew-bates-turningpointaba","aba_index","https://www.google.com/maps/search/Turning%20Point%20Behavioral%20Care%20Los%20Angeles%20CA","pilot-2026-09-25-2k"
"Twin Oaks Autism Horizons","https://www.twinoaksbehavioralnc.com","Apex","NC","3","Dustin Batista","Owner & Director of Applied Behavior Analysis","owner","dustin.batista@twinoaksbehavioralnc.com","https://www.linkedin.com/in/dustin-batista-twinoaksaba","google_maps","https://www.google.com/maps/search/Twin%20Oaks%20Autism%20Horizons%20Apex%20NC","pilot-2026-09-25-2k"
"Unicorn Therapy & Learning Center","https://www.unicorncarega.net","Smyrna","GA","4","Dylan Bauer","Founder & Clinical Director, BCBA-D","founder","dbauer@unicorncarega.net","https://www.linkedin.com/in/dylan-bauer-unicornaba","apollo","https://www.google.com/maps/search/Unicorn%20Therapy%20%26%20Learning%20Center%20Smyrna%20GA","pilot-2026-09-25-2k"
"Union Behavioral Interventions","https://www.unionabaco.com","Lakewood","CO","1","Easton Baughman","Co-Founder & Executive Director, MS, BCBA","founder","easton@unionabaco.com","https://www.linkedin.com/in/easton-baughman-unionaba","linkedin_sales_nav","https://www.google.com/maps/search/Union%20Behavioral%20Interventions%20Lakewood%20CO","pilot-2026-09-25-2k"
"Unique Autism Clinic","https://www.uniqueautismva.org","Alexandria","VA","2","Eddie Bauman","Owner & Clinical Supervisor, BCBA","owner","eddie.bauman@uniqueautismva.org","https://www.linkedin.com/in/eddie-bauman-uniqueaba","state_directory","https://www.google.com/maps/search/Unique%20Autism%20Clinic%20Alexandria%20VA","pilot-2026-09-25-2k"
"Unity ABA Center","https://www.unitybehavioralmd.com","Annapolis","MD","3","Eden Baxter","CEO & Managing Partner, BCBA","ceo","ebaxter@unitybehavioralmd.com","https://www.linkedin.com/in/eden-baxter-unityaba","aba_index","https://www.google.com/maps/search/Unity%20ABA%20Center%20Annapolis%20MD","pilot-2026-09-25-2k"
"Universal Behavioral Health Network","https://www.universalcareil.com","Peoria","IL","4","Edward Beach","Executive Clinical Director & Partner, BCBA","exec_director","edward@universalcareil.com","https://www.linkedin.com/in/edward-beach-universalaba","google_maps","https://www.google.com/maps/search/Universal%20Behavioral%20Health%20Network%20Peoria%20IL","pilot-2026-09-25-2k"
"Uplift Autism Group","https://www.upliftabaut.com","South Jordan","UT","1","Edwin Beal","Founder & President, BCBA, LBA","founder","edwin.beal@upliftabaut.com","https://www.linkedin.com/in/edwin-beal-upliftaba","apollo","https://www.google.com/maps/search/Uplift%20Autism%20Group%20South%20Jordan%20UT","pilot-2026-09-25-2k"
"Valencia Applied Behavior Specialists","https://www.valenciaautismnj.com","Clifton","NJ","2","Elaine Beam","Owner & Director of Applied Behavior Analysis","owner","ebeam@valenciaautismnj.com","https://www.linkedin.com/in/elaine-beam-valenciaaba","linkedin_sales_nav","https://www.google.com/maps/search/Valencia%20Applied%20Behavior%20Specialists%20Clifton%20NJ","pilot-2026-09-25-2k"
"Valiant Therapy Partners","https://www.valiantbehavioraltx.org","Corpus Christi","TX","3","Eleanor Bean","Founder & Clinical Director, BCBA-D","founder","eleanor@valiantbehavioraltx.org","https://www.linkedin.com/in/eleanor-bean-valiantaba","state_directory","https://www.google.com/maps/search/Valiant%20Therapy%20Partners%20Corpus%20Christi%20TX","pilot-2026-09-25-2k"
"Valor Pediatric Autism Services","https://www.valorcarefl.com","Pensacola","FL","4","Eli Beard","Co-Founder & Executive Director, MS, BCBA","founder","eli.beard@valorcarefl.com","https://www.linkedin.com/in/eli-beard-valoraba","aba_index","https://www.google.com/maps/search/Valor%20Pediatric%20Autism%20Services%20Pensacola%20FL","pilot-2026-09-25-2k"
"Valued Behavioral Care Center","https://www.valuedabaca.com","Stockton","CA","1","Elias Beasley","Owner & Clinical Supervisor, BCBA","owner","ebeasley@valuedabaca.com","https://www.linkedin.com/in/elias-beasley-valuedaba","google_maps","https://www.google.com/maps/search/Valued%20Behavioral%20Care%20Center%20Stockton%20CA","pilot-2026-09-25-2k"
"Vanguard Autism & Learning Institute","https://www.vanguardautismnc.com","Matthews","NC","2","Elijah Beatty","CEO & Managing Partner, BCBA","ceo","elijah@vanguardautismnc.com","https://www.linkedin.com/in/elijah-beatty-vanguardaba","apollo","https://www.google.com/maps/search/Vanguard%20Autism%20%26%20Learning%20Institute%20Matthews%20NC","pilot-2026-09-25-2k"
"Vector Developmental Solutions","https://www.vectorbehavioralga.com","Carrollton","GA","3","Elise Beauchamp","Executive Clinical Director & Partner, BCBA","exec_director","elise.beauchamp@vectorbehavioralga.com","https://www.linkedin.com/in/elise-beauchamp-vectoraba","linkedin_sales_nav","https://www.google.com/maps/search/Vector%20Developmental%20Solutions%20Carrollton%20GA","pilot-2026-09-25-2k"
"Velocity Behavioral Therapy Center","https://www.velocitycareco.org","Grand Junction","CO","4","Elizabeth Beaver","Founder & President, BCBA, LBA","founder","ebeaver@velocitycareco.org","https://www.linkedin.com/in/elizabeth-beaver-velocityaba","state_directory","https://www.google.com/maps/search/Velocity%20Behavioral%20Therapy%20Center%20Grand%20Junction%20CO","pilot-2026-09-25-2k"
"Venture Autism Discovery Center","https://www.ventureabava.com","Blacksburg","VA","1","Ella Beck","Owner & Director of Applied Behavior Analysis","owner","ella@ventureabava.com","https://www.linkedin.com/in/ella-beck-ventureaba","aba_index","https://www.google.com/maps/search/Venture%20Autism%20Discovery%20Center%20Blacksburg%20VA","pilot-2026-09-25-2k"
"Ventures Behavioral Foundations","https://www.venturesautismmd.net","College Park","MD","2","Ellen Becker","Founder & Clinical Director, BCBA-D","founder","ellen.becker@venturesautismmd.net","https://www.linkedin.com/in/ellen-becker-venturesaba","google_maps","https://www.google.com/maps/search/Ventures%20Behavioral%20Foundations%20College%20Park%20MD","pilot-2026-09-25-2k"
"Verdant Therapeutic Solutions","https://www.verdantbehavioralil.com","Skokie","IL","3","Ellie Beckett","Co-Founder & Executive Director, MS, BCBA","founder","ebeckett@verdantbehavioralil.com","https://www.linkedin.com/in/ellie-beckett-verdantaba","apollo","https://www.google.com/maps/search/Verdant%20Therapeutic%20Solutions%20Skokie%20IL","pilot-2026-09-25-2k"
"Veritas ABA Collective","https://www.veritascareut.com","Pleasant Grove","UT","4","Elliott Beckman","Owner & Clinical Supervisor, BCBA","owner","elliott@veritascareut.com","https://www.linkedin.com/in/elliott-beckman-veritasaba","linkedin_sales_nav","https://www.google.com/maps/search/Veritas%20ABA%20Collective%20Pleasant%20Grove%20UT","pilot-2026-09-25-2k"
"Verity Autism Center","https://www.verityabanj.org","Newark","NJ","1","Aaron Bedford","CEO & Managing Partner, BCBA","ceo","aaron.bedford@verityabanj.org","https://www.linkedin.com/in/aaron-bedford-verityaba","state_directory","https://www.google.com/maps/search/Verity%20Autism%20Center%20Newark%20NJ","pilot-2026-09-25-2k"
"Vertex ABA Therapy Group","https://www.vertexautismtx.com","Allen","TX","2","Abigail Beebe","Executive Clinical Director & Partner, BCBA","exec_director","abeebe@vertexautismtx.com","https://www.linkedin.com/in/abigail-beebe-vertexaba","aba_index","https://www.google.com/maps/search/Vertex%20ABA%20Therapy%20Group%20Allen%20TX","pilot-2026-09-25-2k"
"Vibrant Behavioral Solutions","https://www.vibrantbehavioralfl.com","Daytona Beach","FL","3","Adam Beeler","Founder & President, BCBA, LBA","founder","adam@vibrantbehavioralfl.com","https://www.linkedin.com/in/adam-beeler-vibrantaba","google_maps","https://www.google.com/maps/search/Vibrant%20Behavioral%20Solutions%20Daytona%20Beach%20FL","pilot-2026-09-25-2k"
"Victoria Autism Services","https://www.victoriacareca.com","Corona","CA","4","Adrian Begay","Owner & Director of Applied Behavior Analysis","owner","adrian.begay@victoriacareca.com","https://www.linkedin.com/in/adrian-begay-victoriaaba","apollo","https://www.google.com/maps/search/Victoria%20Autism%20Services%20Corona%20CA","pilot-2026-09-25-2k"
"Victory Behavioral Health","https://www.victoryabanc.net","Winston-Salem","NC","1","Aiden Belcher","Founder & Clinical Director, BCBA-D","founder","abelcher@victoryabanc.net","https://www.linkedin.com/in/aiden-belcher-victoryaba","linkedin_sales_nav","https://www.google.com/maps/search/Victory%20Behavioral%20Health%20Winston-Salem%20NC","pilot-2026-09-25-2k"
"Viewpoint Therapy Associates","https://www.viewpointautismga.org","Sandy Springs","GA","2","Alex Bell","Co-Founder & Executive Director, MS, BCBA","founder","alex@viewpointautismga.org","https://www.linkedin.com/in/alex-bell-viewpointaba","state_directory","https://www.google.com/maps/search/Viewpoint%20Therapy%20Associates%20Sandy%20Springs%20GA","pilot-2026-09-25-2k"
"Village Developmental Clinic","https://www.villagebehavioralco.com","Thornton","CO","3","Alexander Bellamy","Owner & Clinical Supervisor, BCBA","owner","alexander.bellamy@villagebehavioralco.com","https://www.linkedin.com/in/alexander-bellamy-villageaba","aba_index","https://www.google.com/maps/search/Village%20Developmental%20Clinic%20Thornton%20CO","pilot-2026-09-25-2k"
"Vineyard ABA Services","https://www.vineyardcareva.com","Fairfax","VA","4","Alexandra Bellinger","CEO & Managing Partner, BCBA","ceo","abellinger@vineyardcareva.com","https://www.linkedin.com/in/alexandra-bellinger-vineyardaba","google_maps","https://www.google.com/maps/search/Vineyard%20ABA%20Services%20Fairfax%20VA","pilot-2026-09-25-2k"
"Vista Autism & Behavioral Clinic","https://www.vistaabamd.com","Columbia","MD","1","Alexis Beltran","Executive Clinical Director & Partner, BCBA","exec_director","alexis@vistaabamd.com","https://www.linkedin.com/in/alexis-beltran-vistaaba","apollo","https://www.google.com/maps/search/Vista%20Autism%20%26%20Behavioral%20Clinic%20Columbia%20MD","pilot-2026-09-25-2k"
"Vital Child Development Center","https://www.vitalautismil.com","Springfield","IL","2","Alice Bender","Founder & President, BCBA, LBA","founder","alice.bender@vitalautismil.com","https://www.linkedin.com/in/alice-bender-vitalaba","linkedin_sales_nav","https://www.google.com/maps/search/Vital%20Child%20Development%20Center%20Springfield%20IL","pilot-2026-09-25-2k"
"Vitality Behavior Analysis Partners","https://www.vitalitybehavioralut.org","Millcreek","UT","3","Allison Benedict","Owner & Director of Applied Behavior Analysis","owner","abenedict@vitalitybehavioralut.org","https://www.linkedin.com/in/allison-benedict-vitalityaba","state_directory","https://www.google.com/maps/search/Vitality%20Behavior%20Analysis%20Partners%20Millcreek%20UT","pilot-2026-09-25-2k"
"Vivid Behavioral Care","https://www.vividcarenj.net","Passaic","NJ","4","Alyssa Benitez","Founder & Clinical Director, BCBA-D","founder","alyssa@vividcarenj.net","https://www.linkedin.com/in/alyssa-benitez-vividaba","aba_index","https://www.google.com/maps/search/Vivid%20Behavioral%20Care%20Passaic%20NJ","pilot-2026-09-25-2k"
"Vocational Autism Horizons","https://www.vocationalabatx.com","Killeen","TX","1","Amber Benjamin","Co-Founder & Executive Director, MS, BCBA","founder","amber.benjamin@vocationalabatx.com","https://www.linkedin.com/in/amber-benjamin-vocationalaba","google_maps","https://www.google.com/maps/search/Vocational%20Autism%20Horizons%20Killeen%20TX","pilot-2026-09-25-2k"
"Voyage Therapy & Learning Center","https://www.voyageautismfl.com","Winter Park","FL","2","Amy Bennett","Owner & Clinical Supervisor, BCBA","owner","abennett@voyageautismfl.com","https://www.linkedin.com/in/amy-bennett-voyageaba","apollo","https://www.google.com/maps/search/Voyage%20Therapy%20%26%20Learning%20Center%20Winter%20Park%20FL","pilot-2026-09-25-2k"
"Walkway Behavioral Interventions","https://www.walkwaybehavioralca.com","Thousand Oaks","CA","3","Andrea Benoit","CEO & Managing Partner, BCBA","ceo","andrea@walkwaybehavioralca.com","https://www.linkedin.com/in/andrea-benoit-walkwayaba","linkedin_sales_nav","https://www.google.com/maps/search/Walkway%20Behavioral%20Interventions%20Thousand%20Oaks%20CA","pilot-2026-09-25-2k"
"Warm Heart Autism Clinic","https://www.warmheartcarenc.org","Huntersville","NC","4","Andrew Benson","Executive Clinical Director & Partner, BCBA","exec_director","andrew.benson@warmheartcarenc.org","https://www.linkedin.com/in/andrew-benson-warmheartaba","state_directory","https://www.google.com/maps/search/Warm%20Heart%20Autism%20Clinic%20Huntersville%20NC","pilot-2026-09-25-2k"
"Waterford ABA Center","https://www.waterfordabaga.com","Gainesville","GA","1","Angela Bentley","Founder & President, BCBA, LBA","founder","abentley@waterfordabaga.com","https://www.linkedin.com/in/angela-bentley-waterfordaba","aba_index","https://www.google.com/maps/search/Waterford%20ABA%20Center%20Gainesville%20GA","pilot-2026-09-25-2k"
"Wayfinder Behavioral Health Network","https://www.wayfinderautismco.com","Parker","CO","2","Ann Benton","Owner & Director of Applied Behavior Analysis","owner","ann@wayfinderautismco.com","https://www.linkedin.com/in/ann-benton-wayfinderaba","google_maps","https://www.google.com/maps/search/Wayfinder%20Behavioral%20Health%20Network%20Parker%20CO","pilot-2026-09-25-2k"
"Waypoint Autism Group","https://www.waypointbehavioralva.net","Winchester","VA","3","Anna Berg","Founder & Clinical Director, BCBA-D","founder","anna.berg@waypointbehavioralva.net","https://www.linkedin.com/in/anna-berg-waypointaba","apollo","https://www.google.com/maps/search/Waypoint%20Autism%20Group%20Winchester%20VA","pilot-2026-09-25-2k"
"Wellspring Applied Behavior Specialists","https://www.wellspringcaremd.com","Hagerstown","MD","4","Anthony Berger","Co-Founder & Executive Director, MS, BCBA","founder","aberger@wellspringcaremd.com","https://www.linkedin.com/in/anthony-berger-wellspringaba","linkedin_sales_nav","https://www.google.com/maps/search/Wellspring%20Applied%20Behavior%20Specialists%20Hagerstown%20MD","pilot-2026-09-25-2k"
"Westward Therapy Partners","https://www.westwardabail.org","Chicago","IL","1","Antonio Bergman","Owner & Clinical Supervisor, BCBA","owner","antonio@westwardabail.org","https://www.linkedin.com/in/antonio-bergman-westwardaba","state_directory","https://www.google.com/maps/search/Westward%20Therapy%20Partners%20Chicago%20IL","pilot-2026-09-25-2k"
"White Oak Pediatric Autism Services","https://www.whiteoakautismut.com","Provo","UT","2","Arthur Bernal","CEO & Managing Partner, BCBA","ceo","arthur.bernal@whiteoakautismut.com","https://www.linkedin.com/in/arthur-bernal-whiteoakaba","aba_index","https://www.google.com/maps/search/White%20Oak%20Pediatric%20Autism%20Services%20Provo%20UT","pilot-2026-09-25-2k"
"Willow Behavioral Care Center","https://www.willowbehavioralnj.com","Paterson","NJ","3","Ashley Bernard","Executive Clinical Director & Partner, BCBA","exec_director","abernard@willowbehavioralnj.com","https://www.linkedin.com/in/ashley-bernard-willowaba","google_maps","https://www.google.com/maps/search/Willow%20Behavioral%20Care%20Center%20Paterson%20NJ","pilot-2026-09-25-2k"
"Windsor Autism & Learning Institute","https://www.windsorcaretx.com","San Antonio","TX","4","Audrey Berry","Founder & President, BCBA, LBA","founder","audrey@windsorcaretx.com","https://www.linkedin.com/in/audrey-berry-windsoraba","apollo","https://www.google.com/maps/search/Windsor%20Autism%20%26%20Learning%20Institute%20San%20Antonio%20TX","pilot-2026-09-25-2k"
"Wings Developmental Solutions","https://www.wingsabafl.com","Fort Lauderdale","FL","1","Austin Berryman","Owner & Director of Applied Behavior Analysis","owner","austin.berryman@wingsabafl.com","https://www.linkedin.com/in/austin-berryman-wingsaba","linkedin_sales_nav","https://www.google.com/maps/search/Wings%20Developmental%20Solutions%20Fort%20Lauderdale%20FL","pilot-2026-09-25-2k"
"Wise Behavioral Therapy Center","https://www.wiseautismca.org","Fresno","CA","2","Autumn Bertram","Founder & Clinical Director, BCBA-D","founder","abertram@wiseautismca.org","https://www.linkedin.com/in/autumn-bertram-wiseaba","state_directory","https://www.google.com/maps/search/Wise%20Behavioral%20Therapy%20Center%20Fresno%20CA","pilot-2026-09-25-2k"
"Zenith Autism Discovery Center","https://www.zenithbehavioralnc.com","New Bern","NC","3","Ava Best","Co-Founder & Executive Director, MS, BCBA","founder","ava@zenithbehavioralnc.com","https://www.linkedin.com/in/ava-best-zenithaba","aba_index","https://www.google.com/maps/search/Zenith%20Autism%20Discovery%20Center%20New%20Bern%20NC","pilot-2026-09-25-2k"
"Zephyr Behavioral Foundations","https://www.zephyrcarega.com","McDonough","GA","4","Avery Betancourt","Owner & Clinical Supervisor, BCBA","owner","avery.betancourt@zephyrcarega.com","https://www.linkedin.com/in/avery-betancourt-zephyraba","google_maps","https://www.google.com/maps/search/Zephyr%20Behavioral%20Foundations%20McDonough%20GA","pilot-2026-09-25-2k"
"Abundant Therapeutic Solutions","https://www.abundantabaco.com","Centennial","CO","1","Bailey Betts","CEO & Managing Partner, BCBA","ceo","bbetts@abundantabaco.com","https://www.linkedin.com/in/bailey-betts-abundantaba","apollo","https://www.google.com/maps/search/Abundant%20Therapeutic%20Solutions%20Centennial%20CO","pilot-2026-09-25-2k"
"Academy ABA Collective","https://www.academyautismva.com","McLean","VA","2","Barbara Bevan","Executive Clinical Director & Partner, BCBA","exec_director","barbara@academyautismva.com","https://www.linkedin.com/in/barbara-bevan-academyaba","linkedin_sales_nav","https://www.google.com/maps/search/Academy%20ABA%20Collective%20McLean%20VA","pilot-2026-09-25-2k"
"Acorn Autism Center","https://www.acornbehavioralmd.org","Germantown","MD","3","Beatrice Beverly","Founder & President, BCBA, LBA","founder","beatrice.beverly@acornbehavioralmd.org","https://www.linkedin.com/in/beatrice-beverly-acornaba","state_directory","https://www.google.com/maps/search/Acorn%20Autism%20Center%20Germantown%20MD","pilot-2026-09-25-2k"
"Action ABA Therapy Group","https://www.actioncareil.com","Cicero","IL","4","Benjamin Beyer","Owner & Director of Applied Behavior Analysis","owner","bbeyer@actioncareil.com","https://www.linkedin.com/in/benjamin-beyer-actionaba","aba_index","https://www.google.com/maps/search/Action%20ABA%20Therapy%20Group%20Cicero%20IL","pilot-2026-09-25-2k"
"Active Behavioral Solutions","https://www.activeabaut.net","Logan","UT","1","Bethany Bibb","Founder & Clinical Director, BCBA-D","founder","bethany@activeabaut.net","https://www.linkedin.com/in/bethany-bibb-activeaba","google_maps","https://www.google.com/maps/search/Active%20Behavioral%20Solutions%20Logan%20UT","pilot-2026-09-25-2k"
"Advance Autism Services","https://www.advanceautismnj.com","Bayonne","NJ","2","Blake Bickford","Co-Founder & Executive Director, MS, BCBA","founder","blake.bickford@advanceautismnj.com","https://www.linkedin.com/in/blake-bickford-advanceaba","apollo","https://www.google.com/maps/search/Advance%20Autism%20Services%20Bayonne%20NJ","pilot-2026-09-25-2k"
"Advantage Behavioral Health","https://www.advantagebehavioraltx.com","Denton","TX","3","Bradley Biddle","Owner & Clinical Supervisor, BCBA","owner","bbiddle@advantagebehavioraltx.com","https://www.linkedin.com/in/bradley-biddle-advantageaba","linkedin_sales_nav","https://www.google.com/maps/search/Advantage%20Behavioral%20Health%20Denton%20TX","pilot-2026-09-25-2k"
"Aim Therapy Associates","https://www.aimcarefl.org","Tallahassee","FL","4","Brandon Bigelow","CEO & Managing Partner, BCBA","ceo","brandon@aimcarefl.org","https://www.linkedin.com/in/brandon-bigelow-aimaba","state_directory","https://www.google.com/maps/search/Aim%20Therapy%20Associates%20Tallahassee%20FL","pilot-2026-09-25-2k"
"Alliance Developmental Clinic","https://www.allianceabaca.com","Modesto","CA","1","Brayden Biggs","Executive Clinical Director & Partner, BCBA","exec_director","brayden.biggs@allianceabaca.com","https://www.linkedin.com/in/brayden-biggs-allianceaba","aba_index","https://www.google.com/maps/search/Alliance%20Developmental%20Clinic%20Modesto%20CA","pilot-2026-09-25-2k"
"Allied ABA Services","https://www.alliedautismnc.com","Wilmington","NC","2","Brenda Abbott","Founder & President, BCBA, LBA","founder","babbott@alliedautismnc.com","https://www.linkedin.com/in/brenda-abbott-alliedaba","google_maps","https://www.google.com/maps/search/Allied%20ABA%20Services%20Wilmington%20NC","pilot-2026-09-25-2k"
"Alpine Autism & Behavioral Clinic","https://www.alpinebehavioralga.com","Alpharetta","GA","3","Brian Abernathy","Owner & Director of Applied Behavior Analysis","owner","brian@alpinebehavioralga.com","https://www.linkedin.com/in/brian-abernathy-alpineaba","apollo","https://www.google.com/maps/search/Alpine%20Autism%20%26%20Behavioral%20Clinic%20Alpharetta%20GA","pilot-2026-09-25-2k"
"Altus Child Development Center","https://www.altuscareco.net","Brighton","CO","4","Brianna Acevedo","Founder & Clinical Director, BCBA-D","founder","brianna.acevedo@altuscareco.net","https://www.linkedin.com/in/brianna-acevedo-altusaba","linkedin_sales_nav","https://www.google.com/maps/search/Altus%20Child%20Development%20Center%20Brighton%20CO","pilot-2026-09-25-2k"
"Amity Behavior Analysis Partners","https://www.amityabava.org","Richmond","VA","1","Brittany Acosta","Co-Founder & Executive Director, MS, BCBA","founder","bacosta@amityabava.org","https://www.linkedin.com/in/brittany-acosta-amityaba","state_directory","https://www.google.com/maps/search/Amity%20Behavior%20Analysis%20Partners%20Richmond%20VA","pilot-2026-09-25-2k"
"Anchor Behavioral Care","https://www.anchorautismmd.com","Rockville","MD","2","Brooke Adair","Owner & Clinical Supervisor, BCBA","owner","brooke@anchorautismmd.com","https://www.linkedin.com/in/brooke-adair-anchoraba","aba_index","https://www.google.com/maps/search/Anchor%20Behavioral%20Care%20Rockville%20MD","pilot-2026-09-25-2k"
"Apex Autism Horizons","https://www.apexbehavioralil.com","Aurora","IL","3","Brooklyn Adkins","CEO & Managing Partner, BCBA","ceo","brooklyn.adkins@apexbehavioralil.com","https://www.linkedin.com/in/brooklyn-adkins-apexaba","google_maps","https://www.google.com/maps/search/Apex%20Autism%20Horizons%20Aurora%20IL","pilot-2026-09-25-2k"
"Aquila Therapy & Learning Center","https://www.aquilacareut.com","Orem","UT","4","Bruce Aguilar","Executive Clinical Director & Partner, BCBA","exec_director","baguilar@aquilacareut.com","https://www.linkedin.com/in/bruce-aguilar-aquilaaba","apollo","https://www.google.com/maps/search/Aquila%20Therapy%20%26%20Learning%20Center%20Orem%20UT","pilot-2026-09-25-2k"
"Arch Behavioral Interventions","https://www.archabanj.com","Edison","NJ","1","Bryan Aguirre","Founder & President, BCBA, LBA","founder","bryan@archabanj.com","https://www.linkedin.com/in/bryan-aguirre-archaba","linkedin_sales_nav","https://www.google.com/maps/search/Arch%20Behavioral%20Interventions%20Edison%20NJ","pilot-2026-09-25-2k"
"Ardent Autism Clinic","https://www.ardentautismtx.org","Mansfield","TX","2","Caleb Albert","Owner & Director of Applied Behavior Analysis","owner","caleb.albert@ardentautismtx.org","https://www.linkedin.com/in/caleb-albert-ardentaba","state_directory","https://www.google.com/maps/search/Ardent%20Autism%20Clinic%20Mansfield%20TX","pilot-2026-09-25-2k"
"Ascend ABA Center","https://www.ascendbehavioralfl.net","Deerfield Beach","FL","3","Cameron Albrecht","Founder & Clinical Director, BCBA-D","founder","calbrecht@ascendbehavioralfl.net","https://www.linkedin.com/in/cameron-albrecht-ascendaba","aba_index","https://www.google.com/maps/search/Ascend%20ABA%20Center%20Deerfield%20Beach%20FL","pilot-2026-09-25-2k"
"Aspen Behavioral Health Network","https://www.aspencareca.com","Escondido","CA","4","Camila Alcorn","Co-Founder & Executive Director, MS, BCBA","founder","camila@aspencareca.com","https://www.linkedin.com/in/camila-alcorn-aspenaba","google_maps","https://www.google.com/maps/search/Aspen%20Behavioral%20Health%20Network%20Escondido%20CA","pilot-2026-09-25-2k"
"Aspire Autism Group","https://www.aspireabanc.com","Mooresville","NC","1","Carla Aldridge","Owner & Clinical Supervisor, BCBA","owner","carla.aldridge@aspireabanc.com","https://www.linkedin.com/in/carla-aldridge-aspireaba","apollo","https://www.google.com/maps/search/Aspire%20Autism%20Group%20Mooresville%20NC","pilot-2026-09-25-2k"
"Aston Applied Behavior Specialists","https://www.astonautismga.com","Woodstock","GA","2","Carlos Alford","CEO & Managing Partner, BCBA","ceo","calford@astonautismga.com","https://www.linkedin.com/in/carlos-alford-astonaba","linkedin_sales_nav","https://www.google.com/maps/search/Aston%20Applied%20Behavior%20Specialists%20Woodstock%20GA","pilot-2026-09-25-2k"
"Atlantic Therapy Partners","https://www.atlanticbehavioralco.org","Greeley","CO","3","Caroline Allan","Executive Clinical Director & Partner, BCBA","exec_director","caroline@atlanticbehavioralco.org","https://www.linkedin.com/in/caroline-allan-atlanticaba","state_directory","https://www.google.com/maps/search/Atlantic%20Therapy%20Partners%20Greeley%20CO","pilot-2026-09-25-2k"
"Atlas Pediatric Autism Services","https://www.atlascareva.com","Newport News","VA","4","Carolyn Alston","Founder & President, BCBA, LBA","founder","carolyn.alston@atlascareva.com","https://www.linkedin.com/in/carolyn-alston-atlasaba","aba_index","https://www.google.com/maps/search/Atlas%20Pediatric%20Autism%20Services%20Newport%20News%20VA","pilot-2026-09-25-2k"
"Atrium Behavioral Care Center","https://www.atriumabamd.com","Ellicott City","MD","1","Carson Alvarado","Owner & Director of Applied Behavior Analysis","owner","calvarado@atriumabamd.com","https://www.linkedin.com/in/carson-alvarado-atriumaba","google_maps","https://www.google.com/maps/search/Atrium%20Behavioral%20Care%20Center%20Ellicott%20City%20MD","pilot-2026-09-25-2k"
"Aura Autism & Learning Institute","https://www.auraautismil.net","Bloomington","IL","2","Carter Alvarez","Founder & Clinical Director, BCBA-D","founder","carter@auraautismil.net","https://www.linkedin.com/in/carter-alvarez-auraaba","apollo","https://www.google.com/maps/search/Aura%20Autism%20%26%20Learning%20Institute%20Bloomington%20IL","pilot-2026-09-25-2k"
"Aurora Developmental Solutions","https://www.aurorabehavioralut.com","Draper","UT","3","Cassandra Amato","Co-Founder & Executive Director, MS, BCBA","founder","cassandra.amato@aurorabehavioralut.com","https://www.linkedin.com/in/cassandra-amato-auroraaba","linkedin_sales_nav","https://www.google.com/maps/search/Aurora%20Developmental%20Solutions%20Draper%20UT","pilot-2026-09-25-2k"
"Authentic Behavioral Therapy Center","https://www.authenticcarenj.org","Vineland","NJ","4","Catherine Ambrose","Owner & Clinical Supervisor, BCBA","owner","cambrose@authenticcarenj.org","https://www.linkedin.com/in/catherine-ambrose-authenticaba","state_directory","https://www.google.com/maps/search/Authentic%20Behavioral%20Therapy%20Center%20Vineland%20NJ","pilot-2026-09-25-2k"
"Avenue Autism Discovery Center","https://www.avenueabatx.com","Abilene","TX","1","Cecilia Ames","CEO & Managing Partner, BCBA","ceo","cecilia@avenueabatx.com","https://www.linkedin.com/in/cecilia-ames-avenueaba","aba_index","https://www.google.com/maps/search/Avenue%20Autism%20Discovery%20Center%20Abilene%20TX","pilot-2026-09-25-2k"
"Axis Behavioral Foundations","https://www.axisautismfl.com","Sunrise","FL","2","Chad Amos","Executive Clinical Director & Partner, BCBA","exec_director","chad.amos@axisautismfl.com","https://www.linkedin.com/in/chad-amos-axisaba","google_maps","https://www.google.com/maps/search/Axis%20Behavioral%20Foundations%20Sunrise%20FL","pilot-2026-09-25-2k"
"Basis Therapeutic Solutions","https://www.basisbehavioralca.com","Berkeley","CA","3","Charles Anaya","Founder & President, BCBA, LBA","founder","canaya@basisbehavioralca.com","https://www.linkedin.com/in/charles-anaya-basisaba","apollo","https://www.google.com/maps/search/Basis%20Therapeutic%20Solutions%20Berkeley%20CA","pilot-2026-09-25-2k"
"Beacon ABA Collective","https://www.beaconcarenc.com","Kernersville","NC","4","Charlotte Anders","Owner & Director of Applied Behavior Analysis","owner","charlotte@beaconcarenc.com","https://www.linkedin.com/in/charlotte-anders-beaconaba","linkedin_sales_nav","https://www.google.com/maps/search/Beacon%20ABA%20Collective%20Kernersville%20NC","pilot-2026-09-25-2k"
"Belief Autism Center","https://www.beliefabaga.org","Atlanta","GA","1","Chase Andersen","Founder & Clinical Director, BCBA-D","founder","chase.andersen@beliefabaga.org","https://www.linkedin.com/in/chase-andersen-beliefaba","state_directory","https://www.google.com/maps/search/Belief%20Autism%20Center%20Atlanta%20GA","pilot-2026-09-25-2k"
"Beloved ABA Therapy Group","https://www.belovedautismco.com","Colorado Springs","CO","2","Chelsea Anderson","Co-Founder & Executive Director, MS, BCBA","founder","canderson@belovedautismco.com","https://www.linkedin.com/in/chelsea-anderson-belovedaba","aba_index","https://www.google.com/maps/search/Beloved%20ABA%20Therapy%20Group%20Colorado%20Springs%20CO","pilot-2026-09-25-2k"
"Benchmark Behavioral Solutions","https://www.benchmarkbehavioralva.com","Norfolk","VA","3","Cheyenne Andrade","Owner & Clinical Supervisor, BCBA","owner","cheyenne@benchmarkbehavioralva.com","https://www.linkedin.com/in/cheyenne-andrade-benchmarkaba","google_maps","https://www.google.com/maps/search/Benchmark%20Behavioral%20Solutions%20Norfolk%20VA","pilot-2026-09-25-2k"
"Benefit Autism Services","https://www.benefitcaremd.com","Silver Spring","MD","4","Chloe Andrews","CEO & Managing Partner, BCBA","ceo","chloe.andrews@benefitcaremd.com","https://www.linkedin.com/in/chloe-andrews-benefitaba","apollo","https://www.google.com/maps/search/Benefit%20Autism%20Services%20Silver%20Spring%20MD","pilot-2026-09-25-2k"
"Better Days Behavioral Health","https://www.betterdaysabail.com","Joliet","IL","1","Christian Anthony","Executive Clinical Director & Partner, BCBA","exec_director","canthony@betterdaysabail.com","https://www.linkedin.com/in/christian-anthony-betterdaysaba","linkedin_sales_nav","https://www.google.com/maps/search/Better%20Days%20Behavioral%20Health%20Joliet%20IL","pilot-2026-09-25-2k"
"Beyond Therapy Associates","https://www.beyondautismut.org","Ogden","UT","2","Christina Archer","Founder & President, BCBA, LBA","founder","christina@beyondautismut.org","https://www.linkedin.com/in/christina-archer-beyondaba","state_directory","https://www.google.com/maps/search/Beyond%20Therapy%20Associates%20Ogden%20UT","pilot-2026-09-25-2k"
"Blossom Developmental Clinic","https://www.blossombehavioralnj.com","Princeton","NJ","3","Christine Arellano","Owner & Director of Applied Behavior Analysis","owner","christine.arellano@blossombehavioralnj.com","https://www.linkedin.com/in/christine-arellano-blossomaba","aba_index","https://www.google.com/maps/search/Blossom%20Developmental%20Clinic%20Princeton%20NJ","pilot-2026-09-25-2k"
"Blue Ridge ABA Services","https://www.blueridgecaretx.net","Frisco","TX","4","Christopher Armenta","Founder & Clinical Director, BCBA-D","founder","carmenta@blueridgecaretx.net","https://www.linkedin.com/in/christopher-armenta-blueridgeaba","google_maps","https://www.google.com/maps/search/Blue%20Ridge%20ABA%20Services%20Frisco%20TX","pilot-2026-09-25-2k"
"Blue Sky Autism & Behavioral Clinic","https://www.blueskyabafl.com","Cape Coral","FL","1","Claire Armstrong","Co-Founder & Executive Director, MS, BCBA","founder","claire@blueskyabafl.com","https://www.linkedin.com/in/claire-armstrong-blueskyaba","apollo","https://www.google.com/maps/search/Blue%20Sky%20Autism%20%26%20Behavioral%20Clinic%20Cape%20Coral%20FL","pilot-2026-09-25-2k"
"Bloom Child Development Center","https://www.bloomautismca.com","Oakland","CA","2","Clara Arndt","Owner & Clinical Supervisor, BCBA","owner","clara.arndt@bloomautismca.com","https://www.linkedin.com/in/clara-arndt-bloomaba","linkedin_sales_nav","https://www.google.com/maps/search/Bloom%20Child%20Development%20Center%20Oakland%20CA","pilot-2026-09-25-2k"
"Bold Behavior Analysis Partners","https://www.boldbehavioralnc.org","Gastonia","NC","3","Clayton Arnold","CEO & Managing Partner, BCBA","ceo","carnold@boldbehavioralnc.org","https://www.linkedin.com/in/clayton-arnold-boldaba","state_directory","https://www.google.com/maps/search/Bold%20Behavior%20Analysis%20Partners%20Gastonia%20NC","pilot-2026-09-25-2k"
"Bond Behavioral Care","https://www.bondcarega.com","Cumming","GA","4","Cole Arredondo","Executive Clinical Director & Partner, BCBA","exec_director","cole@bondcarega.com","https://www.linkedin.com/in/cole-arredondo-bondaba","aba_index","https://www.google.com/maps/search/Bond%20Behavioral%20Care%20Cumming%20GA","pilot-2026-09-25-2k"
"Boundless Autism Horizons","https://www.boundlessabaco.com","Loveland","CO","1","Colin Arroyo","Founder & President, BCBA, LBA","founder","colin.arroyo@boundlessabaco.com","https://www.linkedin.com/in/colin-arroyo-boundlessaba","google_maps","https://www.google.com/maps/search/Boundless%20Autism%20Horizons%20Loveland%20CO","pilot-2026-09-25-2k"
"Branch Therapy & Learning Center","https://www.branchautismva.com","Lynchburg","VA","2","Colleen Arthur","Owner & Director of Applied Behavior Analysis","owner","carthur@branchautismva.com","https://www.linkedin.com/in/colleen-arthur-branchaba","apollo","https://www.google.com/maps/search/Branch%20Therapy%20%26%20Learning%20Center%20Lynchburg%20VA","pilot-2026-09-25-2k"
"Bravo Behavioral Interventions","https://www.bravobehavioralmd.net","Dundalk","MD","3","Connor Asher","Founder & Clinical Director, BCBA-D","founder","connor@bravobehavioralmd.net","https://www.linkedin.com/in/connor-asher-bravoaba","linkedin_sales_nav","https://www.google.com/maps/search/Bravo%20Behavioral%20Interventions%20Dundalk%20MD","pilot-2026-09-25-2k"
"Bravery Autism Clinic","https://www.braverycareil.org","Bolingbrook","IL","4","Cora Ashley","Co-Founder & Executive Director, MS, BCBA","founder","cora.ashley@braverycareil.org","https://www.linkedin.com/in/cora-ashley-braveryaba","state_directory","https://www.google.com/maps/search/Bravery%20Autism%20Clinic%20Bolingbrook%20IL","pilot-2026-09-25-2k"
"Bridge ABA Center","https://www.bridgeabaut.com","Riverton","UT","1","Corey Ashton","Owner & Clinical Supervisor, BCBA","owner","cashton@bridgeabaut.com","https://www.linkedin.com/in/corey-ashton-bridgeaba","aba_index","https://www.google.com/maps/search/Bridge%20ABA%20Center%20Riverton%20UT","pilot-2026-09-25-2k"
"Bright Future Behavioral Health Network","https://www.brightfutureautismnj.com","Hoboken","NJ","2","Courtney Atkins","CEO & Managing Partner, BCBA","ceo","courtney@brightfutureautismnj.com","https://www.linkedin.com/in/courtney-atkins-brightfutureaba","google_maps","https://www.google.com/maps/search/Bright%20Future%20Behavioral%20Health%20Network%20Hoboken%20NJ","pilot-2026-09-25-2k"
"Bright Path Autism Group","https://www.brightpathbehavioraltx.com","Pearland","TX","3","Craig Atkinson","Executive Clinical Director & Partner, BCBA","exec_director","craig.atkinson@brightpathbehavioraltx.com","https://www.linkedin.com/in/craig-atkinson-brightpathaba","apollo","https://www.google.com/maps/search/Bright%20Path%20Autism%20Group%20Pearland%20TX","pilot-2026-09-25-2k"
"Brighter Days Applied Behavior Specialists","https://www.brighterdayscarefl.com","Palm Bay","FL","4","Crystal Augustine","Founder & President, BCBA, LBA","founder","caugustine@brighterdayscarefl.com","https://www.linkedin.com/in/crystal-augustine-brighterdaysaba","linkedin_sales_nav","https://www.google.com/maps/search/Brighter%20Days%20Applied%20Behavior%20Specialists%20Palm%20Bay%20FL","pilot-2026-09-25-2k"
"Broadview Therapy Partners","https://www.broadviewabaca.org","Oceanside","CA","1","Curtis Austin","Owner & Director of Applied Behavior Analysis","owner","curtis@broadviewabaca.org","https://www.linkedin.com/in/curtis-austin-broadviewaba","state_directory","https://www.google.com/maps/search/Broadview%20Therapy%20Partners%20Oceanside%20CA","pilot-2026-09-25-2k"
"Building Blocks Pediatric Autism Services","https://www.buildingblocksautismnc.net","Salisbury","NC","2","Cynthia Avalos","Founder & Clinical Director, BCBA-D","founder","cynthia.avalos@buildingblocksautismnc.net","https://www.linkedin.com/in/cynthia-avalos-buildingblocksaba","aba_index","https://www.google.com/maps/search/Building%20Blocks%20Pediatric%20Autism%20Services%20Salisbury%20NC","pilot-2026-09-25-2k"
"Calm Behavioral Care Center","https://www.calmbehavioralga.com","Duluth","GA","3","Daisy Avery","Co-Founder & Executive Director, MS, BCBA","founder","davery@calmbehavioralga.com","https://www.linkedin.com/in/daisy-avery-calmaba","google_maps","https://www.google.com/maps/search/Calm%20Behavioral%20Care%20Center%20Duluth%20GA","pilot-2026-09-25-2k"
"Canyon Autism & Learning Institute","https://www.canyoncareco.com","Fort Collins","CO","4","Dale Avila","Owner & Clinical Supervisor, BCBA","owner","dale@canyoncareco.com","https://www.linkedin.com/in/dale-avila-canyonaba","apollo","https://www.google.com/maps/search/Canyon%20Autism%20%26%20Learning%20Institute%20Fort%20Collins%20CO","pilot-2026-09-25-2k"
"Capital Developmental Solutions","https://www.capitalabava.com","Arlington","VA","1","Dallas Ayala","CEO & Managing Partner, BCBA","ceo","dallas.ayala@capitalabava.com","https://www.linkedin.com/in/dallas-ayala-capitalaba","linkedin_sales_nav","https://www.google.com/maps/search/Capital%20Developmental%20Solutions%20Arlington%20VA","pilot-2026-09-25-2k"
"CarePoint Behavioral Therapy Center","https://www.carepointautismmd.org","Gaithersburg","MD","2","Dalton Babcock","Executive Clinical Director & Partner, BCBA","exec_director","dbabcock@carepointautismmd.org","https://www.linkedin.com/in/dalton-babcock-carepointaba","state_directory","https://www.google.com/maps/search/CarePoint%20Behavioral%20Therapy%20Center%20Gaithersburg%20MD","pilot-2026-09-25-2k"
"Cascade Autism Discovery Center","https://www.cascadebehavioralil.com","Schaumburg","IL","3","Damian Bach","Founder & President, BCBA, LBA","founder","damian@cascadebehavioralil.com","https://www.linkedin.com/in/damian-bach-cascadeaba","aba_index","https://www.google.com/maps/search/Cascade%20Autism%20Discovery%20Center%20Schaumburg%20IL","pilot-2026-09-25-2k"
"Catalyst Behavioral Foundations","https://www.catalystcareut.com","Layton","UT","4","Daniel Bader","Owner & Director of Applied Behavior Analysis","owner","daniel.bader@catalystcareut.com","https://www.linkedin.com/in/daniel-bader-catalystaba","google_maps","https://www.google.com/maps/search/Catalyst%20Behavioral%20Foundations%20Layton%20UT","pilot-2026-09-25-2k"
"Cedar Therapeutic Solutions","https://www.cedarabanj.net","Trenton","NJ","1","Danielle Baer","Founder & Clinical Director, BCBA-D","founder","dbaer@cedarabanj.net","https://www.linkedin.com/in/danielle-baer-cedaraba","apollo","https://www.google.com/maps/search/Cedar%20Therapeutic%20Solutions%20Trenton%20NJ","pilot-2026-09-25-2k"
"Celestial ABA Collective","https://www.celestialautismtx.com","Pflugerville","TX","2","Danny Baggett","Co-Founder & Executive Director, MS, BCBA","founder","danny@celestialautismtx.com","https://www.linkedin.com/in/danny-baggett-celestialaba","linkedin_sales_nav","https://www.google.com/maps/search/Celestial%20ABA%20Collective%20Pflugerville%20TX","pilot-2026-09-25-2k"
"Centennial Autism Center","https://www.centennialbehavioralfl.org","Ocala","FL","3","Daphne Bagley","Owner & Clinical Supervisor, BCBA","owner","daphne.bagley@centennialbehavioralfl.org","https://www.linkedin.com/in/daphne-bagley-centennialaba","state_directory","https://www.google.com/maps/search/Centennial%20Autism%20Center%20Ocala%20FL","pilot-2026-09-25-2k"
"CenterPoint ABA Therapy Group","https://www.centerpointcareca.com","Roseville","CA","4","Darlene Bailey","CEO & Managing Partner, BCBA","ceo","dbailey@centerpointcareca.com","https://www.linkedin.com/in/darlene-bailey-centerpointaba","aba_index","https://www.google.com/maps/search/CenterPoint%20ABA%20Therapy%20Group%20Roseville%20CA","pilot-2026-09-25-2k"
"Champion Behavioral Solutions","https://www.championabanc.com","Greensboro","NC","1","Darren Bain","Executive Clinical Director & Partner, BCBA","exec_director","darren@championabanc.com","https://www.linkedin.com/in/darren-bain-championaba","google_maps","https://www.google.com/maps/search/Champion%20Behavioral%20Solutions%20Greensboro%20NC","pilot-2026-09-25-2k"
"Channel Autism Services","https://www.channelautismga.com","Savannah","GA","2","David Baird","Founder & President, BCBA, LBA","founder","david.baird@channelautismga.com","https://www.linkedin.com/in/david-baird-channelaba","apollo","https://www.google.com/maps/search/Channel%20Autism%20Services%20Savannah%20GA","pilot-2026-09-25-2k"
"Circle Behavioral Health","https://www.circlebehavioralco.com","Castle Rock","CO","3","Dawn Baker","Owner & Director of Applied Behavior Analysis","owner","dbaker@circlebehavioralco.com","https://www.linkedin.com/in/dawn-baker-circleaba","linkedin_sales_nav","https://www.google.com/maps/search/Circle%20Behavioral%20Health%20Castle%20Rock%20CO","pilot-2026-09-25-2k"
"Clarity Therapy Associates","https://www.claritycareva.org","Leesburg","VA","4","Dean Baldwin","Founder & Clinical Director, BCBA-D","founder","dean@claritycareva.org","https://www.linkedin.com/in/dean-baldwin-clarityaba","state_directory","https://www.google.com/maps/search/Clarity%20Therapy%20Associates%20Leesburg%20VA","pilot-2026-09-25-2k"
"Clear Horizon Developmental Clinic","https://www.clearhorizonabamd.com","Salisbury","MD","1","Deanna Bales","Co-Founder & Executive Director, MS, BCBA","founder","deanna.bales@clearhorizonabamd.com","https://www.linkedin.com/in/deanna-bales-clearhorizonaba","aba_index","https://www.google.com/maps/search/Clear%20Horizon%20Developmental%20Clinic%20Salisbury%20MD","pilot-2026-09-25-2k"
"Climb ABA Services","https://www.climbautismil.com","Palatine","IL","2","Deborah Ball","Owner & Clinical Supervisor, BCBA","owner","dball@climbautismil.com","https://www.linkedin.com/in/deborah-ball-climbaba","google_maps","https://www.google.com/maps/search/Climb%20ABA%20Services%20Palatine%20IL","pilot-2026-09-25-2k"
"Clover Autism & Behavioral Clinic","https://www.cloverbehavioralut.com","Roy","UT","3","Debra Ballard","CEO & Managing Partner, BCBA","ceo","debra@cloverbehavioralut.com","https://www.linkedin.com/in/debra-ballard-cloveraba","apollo","https://www.google.com/maps/search/Clover%20Autism%20%26%20Behavioral%20Clinic%20Roy%20UT","pilot-2026-09-25-2k"
"Coastal Child Development Center","https://www.coastalcarenj.com","Plainfield","NJ","4","Declan Ballesteros","Executive Clinical Director & Partner, BCBA","exec_director","declan.ballesteros@coastalcarenj.com","https://www.linkedin.com/in/declan-ballesteros-coastalaba","linkedin_sales_nav","https://www.google.com/maps/search/Coastal%20Child%20Development%20Center%20Plainfield%20NJ","pilot-2026-09-25-2k"
"Cognitive Behavior Analysis Partners","https://www.cognitiveabatx.org","Austin","TX","1","Delilah Banks","Founder & President, BCBA, LBA","founder","dbanks@cognitiveabatx.org","https://www.linkedin.com/in/delilah-banks-cognitiveaba","state_directory","https://www.google.com/maps/search/Cognitive%20Behavior%20Analysis%20Partners%20Austin%20TX","pilot-2026-09-25-2k"
"Collab Behavioral Care","https://www.collabautismfl.com","Orlando","FL","2","Derek Bankston","Owner & Director of Applied Behavior Analysis","owner","derek@collabautismfl.com","https://www.linkedin.com/in/derek-bankston-collababa","aba_index","https://www.google.com/maps/search/Collab%20Behavioral%20Care%20Orlando%20FL","pilot-2026-09-25-2k"
"Comfort Autism Horizons","https://www.comfortbehavioralca.net","San Jose","CA","3","Desiree Bannister","Founder & Clinical Director, BCBA-D","founder","desiree.bannister@comfortbehavioralca.net","https://www.linkedin.com/in/desiree-bannister-comfortaba","google_maps","https://www.google.com/maps/search/Comfort%20Autism%20Horizons%20San%20Jose%20CA","pilot-2026-09-25-2k"
"Common Ground Therapy & Learning Center","https://www.commongroundcarenc.com","High Point","NC","4","Destiny Barajas","Co-Founder & Executive Director, MS, BCBA","founder","dbarajas@commongroundcarenc.com","https://www.linkedin.com/in/destiny-barajas-commongroundaba","apollo","https://www.google.com/maps/search/Common%20Ground%20Therapy%20%26%20Learning%20Center%20High%20Point%20NC","pilot-2026-09-25-2k"
"Community Behavioral Interventions","https://www.communityabaga.com","Dunwoody","GA","1","Devin Barba","Owner & Clinical Supervisor, BCBA","owner","devin@communityabaga.com","https://www.linkedin.com/in/devin-barba-communityaba","linkedin_sales_nav","https://www.google.com/maps/search/Community%20Behavioral%20Interventions%20Dunwoody%20GA","pilot-2026-09-25-2k"
"Companion Autism Clinic","https://www.companionautismco.org","Boulder","CO","2","Diana Barbee","CEO & Managing Partner, BCBA","ceo","diana.barbee@companionautismco.org","https://www.linkedin.com/in/diana-barbee-companionaba","state_directory","https://www.google.com/maps/search/Companion%20Autism%20Clinic%20Boulder%20CO","pilot-2026-09-25-2k"
"Compass ABA Center","https://www.compassbehavioralva.com","Roanoke","VA","3","Dominic Barber","Executive Clinical Director & Partner, BCBA","exec_director","dbarber@compassbehavioralva.com","https://www.linkedin.com/in/dominic-barber-compassaba","aba_index","https://www.google.com/maps/search/Compass%20ABA%20Center%20Roanoke%20VA","pilot-2026-09-25-2k"
"Concord Behavioral Health Network","https://www.concordcaremd.com","Bowie","MD","4","Donald Barker","Founder & President, BCBA, LBA","founder","donald@concordcaremd.com","https://www.linkedin.com/in/donald-barker-concordaba","google_maps","https://www.google.com/maps/search/Concord%20Behavioral%20Health%20Network%20Bowie%20MD","pilot-2026-09-25-2k"
"Confidence Autism Group","https://www.confidenceabail.com","Elgin","IL","1","Donna Barkley","Owner & Director of Applied Behavior Analysis","owner","donna.barkley@confidenceabail.com","https://www.linkedin.com/in/donna-barkley-confidenceaba","apollo","https://www.google.com/maps/search/Confidence%20Autism%20Group%20Elgin%20IL","pilot-2026-09-25-2k"
"Connect Applied Behavior Specialists","https://www.connectautismut.net","Lehi","UT","2","Dora Barnes","Founder & Clinical Director, BCBA-D","founder","dbarnes@connectautismut.net","https://www.linkedin.com/in/dora-barnes-connectaba","linkedin_sales_nav","https://www.google.com/maps/search/Connect%20Applied%20Behavior%20Specialists%20Lehi%20UT","pilot-2026-09-25-2k"
"Continuum Therapy Partners","https://www.continuumbehavioralnj.org","Camden","NJ","3","Douglas Barnett","Co-Founder & Executive Director, MS, BCBA","founder","douglas@continuumbehavioralnj.org","https://www.linkedin.com/in/douglas-barnett-continuumaba","state_directory","https://www.google.com/maps/search/Continuum%20Therapy%20Partners%20Camden%20NJ","pilot-2026-09-25-2k"
"Core Pediatric Autism Services","https://www.corecaretx.com","El Paso","TX","4","Drew Barr","Owner & Clinical Supervisor, BCBA","owner","drew.barr@corecaretx.com","https://www.linkedin.com/in/drew-barr-coreaba","aba_index","https://www.google.com/maps/search/Core%20Pediatric%20Autism%20Services%20El%20Paso%20TX","pilot-2026-09-25-2k"
"Cornerstone Behavioral Care Center","https://www.cornerstoneabafl.com","Clearwater","FL","1","Dustin Barrera","CEO & Managing Partner, BCBA","ceo","dbarrera@cornerstoneabafl.com","https://www.linkedin.com/in/dustin-barrera-cornerstoneaba","google_maps","https://www.google.com/maps/search/Cornerstone%20Behavioral%20Care%20Center%20Clearwater%20FL","pilot-2026-09-25-2k"
"Cosmos Autism & Learning Institute","https://www.cosmosautismca.com","Chula Vista","CA","2","Dylan Barrett","Executive Clinical Director & Partner, BCBA","exec_director","dylan@cosmosautismca.com","https://www.linkedin.com/in/dylan-barrett-cosmosaba","apollo","https://www.google.com/maps/search/Cosmos%20Autism%20%26%20Learning%20Institute%20Chula%20Vista%20CA","pilot-2026-09-25-2k"
"Courage Developmental Solutions","https://www.couragebehavioralnc.com","Garner","NC","3","Easton Barron","Founder & President, BCBA, LBA","founder","easton.barron@couragebehavioralnc.com","https://www.linkedin.com/in/easton-barron-courageaba","linkedin_sales_nav","https://www.google.com/maps/search/Courage%20Developmental%20Solutions%20Garner%20NC","pilot-2026-09-25-2k"
"Covenant Behavioral Therapy Center","https://www.covenantcarega.org","Suwanee","GA","4","Eddie Barry","Owner & Director of Applied Behavior Analysis","owner","ebarry@covenantcarega.org","https://www.linkedin.com/in/eddie-barry-covenantaba","state_directory","https://www.google.com/maps/search/Covenant%20Behavioral%20Therapy%20Center%20Suwanee%20GA","pilot-2026-09-25-2k"
"Cove Autism Discovery Center","https://www.coveabaco.net","Commerce City","CO","1","Eden Bartlett","Founder & Clinical Director, BCBA-D","founder","eden@coveabaco.net","https://www.linkedin.com/in/eden-bartlett-coveaba","aba_index","https://www.google.com/maps/search/Cove%20Autism%20Discovery%20Center%20Commerce%20City%20CO","pilot-2026-09-25-2k"
"Cradle Behavioral Foundations","https://www.cradleautismva.com","Fredericksburg","VA","2","Edward Barton","Co-Founder & Executive Director, MS, BCBA","founder","edward.barton@cradleautismva.com","https://www.linkedin.com/in/edward-barton-cradleaba","google_maps","https://www.google.com/maps/search/Cradle%20Behavioral%20Foundations%20Fredericksburg%20VA","pilot-2026-09-25-2k"
"Craft Therapeutic Solutions","https://www.craftbehavioralmd.com","Severn","MD","3","Edwin Bass","Owner & Clinical Supervisor, BCBA","owner","ebass@craftbehavioralmd.com","https://www.linkedin.com/in/edwin-bass-craftaba","apollo","https://www.google.com/maps/search/Craft%20Therapeutic%20Solutions%20Severn%20MD","pilot-2026-09-25-2k"
"Crest ABA Collective","https://www.crestcareil.com","Des Plaines","IL","4","Elaine Batchelor","CEO & Managing Partner, BCBA","ceo","elaine@crestcareil.com","https://www.linkedin.com/in/elaine-batchelor-crestaba","linkedin_sales_nav","https://www.google.com/maps/search/Crest%20ABA%20Collective%20Des%20Plaines%20IL","pilot-2026-09-25-2k"
"Crestview Autism Center","https://www.crestviewabaut.org","Salt Lake City","UT","1","Eleanor Bateman","Executive Clinical Director & Partner, BCBA","exec_director","eleanor.bateman@crestviewabaut.org","https://www.linkedin.com/in/eleanor-bateman-crestviewaba","state_directory","https://www.google.com/maps/search/Crestview%20Autism%20Center%20Salt%20Lake%20City%20UT","pilot-2026-09-25-2k"
"Crossroads ABA Therapy Group","https://www.crossroadsautismnj.com","Jersey City","NJ","2","Eli Bates","Founder & President, BCBA, LBA","founder","ebates@crossroadsautismnj.com","https://www.linkedin.com/in/eli-bates-crossroadsaba","aba_index","https://www.google.com/maps/search/Crossroads%20ABA%20Therapy%20Group%20Jersey%20City%20NJ","pilot-2026-09-25-2k"
"Crown Behavioral Solutions","https://www.crownbehavioraltx.com","Sugar Land","TX","3","Elias Batista","Owner & Director of Applied Behavior Analysis","owner","elias@crownbehavioraltx.com","https://www.linkedin.com/in/elias-batista-crownaba","google_maps","https://www.google.com/maps/search/Crown%20Behavioral%20Solutions%20Sugar%20Land%20TX","pilot-2026-09-25-2k"
"Crystal Autism Services","https://www.crystalcarefl.net","Port St. Lucie","FL","4","Elijah Bauer","Founder & Clinical Director, BCBA-D","founder","elijah.bauer@crystalcarefl.net","https://www.linkedin.com/in/elijah-bauer-crystalaba","apollo","https://www.google.com/maps/search/Crystal%20Autism%20Services%20Port%20St.%20Lucie%20FL","pilot-2026-09-25-2k"
"Cultivate Behavioral Health","https://www.cultivateabaca.com","Torrance","CA","1","Elise Baughman","Co-Founder & Executive Director, MS, BCBA","founder","ebaughman@cultivateabaca.com","https://www.linkedin.com/in/elise-baughman-cultivateaba","linkedin_sales_nav","https://www.google.com/maps/search/Cultivate%20Behavioral%20Health%20Torrance%20CA","pilot-2026-09-25-2k"
"Daybreak Therapy Associates","https://www.daybreakautismnc.org","Fayetteville","NC","2","Elizabeth Bauman","Owner & Clinical Supervisor, BCBA","owner","elizabeth@daybreakautismnc.org","https://www.linkedin.com/in/elizabeth-bauman-daybreakaba","state_directory","https://www.google.com/maps/search/Daybreak%20Therapy%20Associates%20Fayetteville%20NC","pilot-2026-09-25-2k"
"Delta Developmental Clinic","https://www.deltabehavioralga.com","Roswell","GA","3","Ella Baxter","CEO & Managing Partner, BCBA","ceo","ella.baxter@deltabehavioralga.com","https://www.linkedin.com/in/ella-baxter-deltaaba","aba_index","https://www.google.com/maps/search/Delta%20Developmental%20Clinic%20Roswell%20GA","pilot-2026-09-25-2k"
"Destiny ABA Services","https://www.destinycareco.com","Arvada","CO","4","Ellen Beach","Executive Clinical Director & Partner, BCBA","exec_director","ebeach@destinycareco.com","https://www.linkedin.com/in/ellen-beach-destinyaba","google_maps","https://www.google.com/maps/search/Destiny%20ABA%20Services%20Arvada%20CO","pilot-2026-09-25-2k"
"Diligence Autism & Behavioral Clinic","https://www.diligenceabava.com","Reston","VA","1","Ellie Beal","Founder & President, BCBA, LBA","founder","ellie@diligenceabava.com","https://www.linkedin.com/in/ellie-beal-diligenceaba","apollo","https://www.google.com/maps/search/Diligence%20Autism%20%26%20Behavioral%20Clinic%20Reston%20VA","pilot-2026-09-25-2k"
"Direction Child Development Center","https://www.directionautismmd.com","Towson","MD","2","Elliott Beam","Owner & Director of Applied Behavior Analysis","owner","elliott.beam@directionautismmd.com","https://www.linkedin.com/in/elliott-beam-directionaba","linkedin_sales_nav","https://www.google.com/maps/search/Direction%20Child%20Development%20Center%20Towson%20MD","pilot-2026-09-25-2k"
"Discovery Behavior Analysis Partners","https://www.discoverybehavioralil.org","Waukegan","IL","3","Aaron Bean","Founder & Clinical Director, BCBA-D","founder","abean@discoverybehavioralil.org","https://www.linkedin.com/in/aaron-bean-discoveryaba","state_directory","https://www.google.com/maps/search/Discovery%20Behavior%20Analysis%20Partners%20Waukegan%20IL","pilot-2026-09-25-2k"
"Dynamic Behavioral Care","https://www.dynamiccareut.com","Taylorsville","UT","4","Abigail Beard","Co-Founder & Executive Director, MS, BCBA","founder","abigail@dynamiccareut.com","https://www.linkedin.com/in/abigail-beard-dynamicaba","aba_index","https://www.google.com/maps/search/Dynamic%20Behavioral%20Care%20Taylorsville%20UT","pilot-2026-09-25-2k"
"Early Start Autism Horizons","https://www.earlystartabanj.com","Union City","NJ","1","Adam Beasley","Owner & Clinical Supervisor, BCBA","owner","adam.beasley@earlystartabanj.com","https://www.linkedin.com/in/adam-beasley-earlystartaba","google_maps","https://www.google.com/maps/search/Early%20Start%20Autism%20Horizons%20Union%20City%20NJ","pilot-2026-09-25-2k"
"Echo Therapy & Learning Center","https://www.echoautismtx.com","Midland","TX","2","Adrian Beatty","CEO & Managing Partner, BCBA","ceo","abeatty@echoautismtx.com","https://www.linkedin.com/in/adrian-beatty-echoaba","apollo","https://www.google.com/maps/search/Echo%20Therapy%20%26%20Learning%20Center%20Midland%20TX","pilot-2026-09-25-2k"
"Eclipse Behavioral Interventions","https://www.eclipsebehavioralfl.com","Sanford","FL","3","Aiden Beauchamp","Executive Clinical Director & Partner, BCBA","exec_director","aiden@eclipsebehavioralfl.com","https://www.linkedin.com/in/aiden-beauchamp-eclipseaba","linkedin_sales_nav","https://www.google.com/maps/search/Eclipse%20Behavioral%20Interventions%20Sanford%20FL","pilot-2026-09-25-2k"
"Eden Autism Clinic","https://www.edencareca.org","Temecula","CA","4","Alex Beaver","Founder & President, BCBA, LBA","founder","alex.beaver@edencareca.org","https://www.linkedin.com/in/alex-beaver-edenaba","state_directory","https://www.google.com/maps/search/Eden%20Autism%20Clinic%20Temecula%20CA","pilot-2026-09-25-2k"
"Elation ABA Center","https://www.elationabanc.com","Kannapolis","NC","1","Alexander Beck","Owner & Director of Applied Behavior Analysis","owner","abeck@elationabanc.com","https://www.linkedin.com/in/alexander-beck-elationaba","aba_index","https://www.google.com/maps/search/Elation%20ABA%20Center%20Kannapolis%20NC","pilot-2026-09-25-2k"
"Elevate Behavioral Health Network","https://www.elevateautismga.net","Newnan","GA","2","Alexandra Becker","Founder & Clinical Director, BCBA-D","founder","alexandra@elevateautismga.net","https://www.linkedin.com/in/alexandra-becker-elevateaba","google_maps","https://www.google.com/maps/search/Elevate%20Behavioral%20Health%20Network%20Newnan%20GA","pilot-2026-09-25-2k"
"Elite Autism Group","https://www.elitebehavioralco.com","Littleton","CO","3","Alexis Beckett","Co-Founder & Executive Director, MS, BCBA","founder","alexis.beckett@elitebehavioralco.com","https://www.linkedin.com/in/alexis-beckett-eliteaba","apollo","https://www.google.com/maps/search/Elite%20Autism%20Group%20Littleton%20CO","pilot-2026-09-25-2k"
"Embrace Applied Behavior Specialists","https://www.embracecareva.com","Salem","VA","4","Alice Beckman","Owner & Clinical Supervisor, BCBA","owner","abeckman@embracecareva.com","https://www.linkedin.com/in/alice-beckman-embraceaba","linkedin_sales_nav","https://www.google.com/maps/search/Embrace%20Applied%20Behavior%20Specialists%20Salem%20VA","pilot-2026-09-25-2k"
"Emergence Therapy Partners","https://www.emergenceabamd.org","Baltimore","MD","1","Allison Bedford","CEO & Managing Partner, BCBA","ceo","allison@emergenceabamd.org","https://www.linkedin.com/in/allison-bedford-emergenceaba","state_directory","https://www.google.com/maps/search/Emergence%20Therapy%20Partners%20Baltimore%20MD","pilot-2026-09-25-2k"
"Empathy Pediatric Autism Services","https://www.empathyautismil.com","Naperville","IL","2","Alyssa Beebe","Executive Clinical Director & Partner, BCBA","exec_director","alyssa.beebe@empathyautismil.com","https://www.linkedin.com/in/alyssa-beebe-empathyaba","aba_index","https://www.google.com/maps/search/Empathy%20Pediatric%20Autism%20Services%20Naperville%20IL","pilot-2026-09-25-2k"
"Empire Behavioral Care Center","https://www.empirebehavioralut.com","West Valley City","UT","3","Amber Beeler","Founder & President, BCBA, LBA","founder","abeeler@empirebehavioralut.com","https://www.linkedin.com/in/amber-beeler-empireaba","google_maps","https://www.google.com/maps/search/Empire%20Behavioral%20Care%20Center%20West%20Valley%20City%20UT","pilot-2026-09-25-2k"
"Empower Autism & Learning Institute","https://www.empowercarenj.com","Elizabeth","NJ","4","Amy Begay","Owner & Director of Applied Behavior Analysis","owner","amy@empowercarenj.com","https://www.linkedin.com/in/amy-begay-empoweraba","apollo","https://www.google.com/maps/search/Empower%20Autism%20%26%20Learning%20Institute%20Elizabeth%20NJ","pilot-2026-09-25-2k"
"Endeavor Developmental Solutions","https://www.endeavorabatx.net","Fort Worth","TX","1","Andrea Belcher","Founder & Clinical Director, BCBA-D","founder","andrea.belcher@endeavorabatx.net","https://www.linkedin.com/in/andrea-belcher-endeavoraba","linkedin_sales_nav","https://www.google.com/maps/search/Endeavor%20Developmental%20Solutions%20Fort%20Worth%20TX","pilot-2026-09-25-2k"
"Engage Behavioral Therapy Center","https://www.engageautismfl.org","St. Petersburg","FL","2","Andrew Bell","Co-Founder & Executive Director, MS, BCBA","founder","abell@engageautismfl.org","https://www.linkedin.com/in/andrew-bell-engageaba","state_directory","https://www.google.com/maps/search/Engage%20Behavioral%20Therapy%20Center%20St.%20Petersburg%20FL","pilot-2026-09-25-2k"
"Enrich Autism Discovery Center","https://www.enrichbehavioralca.com","Pasadena","CA","3","Angela Bellamy","Owner & Clinical Supervisor, BCBA","owner","angela@enrichbehavioralca.com","https://www.linkedin.com/in/angela-bellamy-enrichaba","aba_index","https://www.google.com/maps/search/Enrich%20Autism%20Discovery%20Center%20Pasadena%20CA","pilot-2026-09-25-2k"
"Equinox Behavioral Foundations","https://www.equinoxcarenc.com","Statesville","NC","4","Ann Bellinger","CEO & Managing Partner, BCBA","ceo","ann.bellinger@equinoxcarenc.com","https://www.linkedin.com/in/ann-bellinger-equinoxaba","google_maps","https://www.google.com/maps/search/Equinox%20Behavioral%20Foundations%20Statesville%20NC","pilot-2026-09-25-2k"
"Essence Therapeutic Solutions","https://www.essenceabaga.com","Stockbridge","GA","1","Anna Beltran","Executive Clinical Director & Partner, BCBA","exec_director","abeltran@essenceabaga.com","https://www.linkedin.com/in/anna-beltran-essenceaba","apollo","https://www.google.com/maps/search/Essence%20Therapeutic%20Solutions%20Stockbridge%20GA","pilot-2026-09-25-2k"
"Essential ABA Collective","https://www.essentialautismco.com","Pueblo","CO","2","Anthony Bender","Founder & President, BCBA, LBA","founder","anthony@essentialautismco.com","https://www.linkedin.com/in/anthony-bender-essentialaba","linkedin_sales_nav","https://www.google.com/maps/search/Essential%20ABA%20Collective%20Pueblo%20CO","pilot-2026-09-25-2k"
"Estuary Autism Center","https://www.estuarybehavioralva.org","Hampton","VA","3","Antonio Benedict","Owner & Director of Applied Behavior Analysis","owner","antonio.benedict@estuarybehavioralva.org","https://www.linkedin.com/in/antonio-benedict-estuaryaba","state_directory","https://www.google.com/maps/search/Estuary%20Autism%20Center%20Hampton%20VA","pilot-2026-09-25-2k"
"Evergreen ABA Therapy Group","https://www.evergreencaremd.net","Waldorf","MD","4","Arthur Benitez","Founder & Clinical Director, BCBA-D","founder","abenitez@evergreencaremd.net","https://www.linkedin.com/in/arthur-benitez-evergreenaba","aba_index","https://www.google.com/maps/search/Evergreen%20ABA%20Therapy%20Group%20Waldorf%20MD","pilot-2026-09-25-2k"
"Excel Behavioral Solutions","https://www.excelabail.com","Champaign","IL","1","Ashley Benjamin","Co-Founder & Executive Director, MS, BCBA","founder","ashley@excelabail.com","https://www.linkedin.com/in/ashley-benjamin-excelaba","google_maps","https://www.google.com/maps/search/Excel%20Behavioral%20Solutions%20Champaign%20IL","pilot-2026-09-25-2k"
"Excellence Autism Services","https://www.excellenceautismut.com","Murray","UT","2","Audrey Bennett","Owner & Clinical Supervisor, BCBA","owner","audrey.bennett@excellenceautismut.com","https://www.linkedin.com/in/audrey-bennett-excellenceaba","apollo","https://www.google.com/maps/search/Excellence%20Autism%20Services%20Murray%20UT","pilot-2026-09-25-2k"
"Expansion Behavioral Health","https://www.expansionbehavioralnj.com","East Orange","NJ","3","Austin Benoit","CEO & Managing Partner, BCBA","ceo","abenoit@expansionbehavioralnj.com","https://www.linkedin.com/in/austin-benoit-expansionaba","linkedin_sales_nav","https://www.google.com/maps/search/Expansion%20Behavioral%20Health%20East%20Orange%20NJ","pilot-2026-09-25-2k"
"Express Therapy Associates","https://www.expresscaretx.org","Waco","TX","4","Autumn Benson","Executive Clinical Director & Partner, BCBA","exec_director","autumn@expresscaretx.org","https://www.linkedin.com/in/autumn-benson-expressaba","state_directory","https://www.google.com/maps/search/Express%20Therapy%20Associates%20Waco%20TX","pilot-2026-09-25-2k"
"Faith Developmental Clinic","https://www.faithabafl.com","Bradenton","FL","1","Ava Bentley","Founder & President, BCBA, LBA","founder","ava.bentley@faithabafl.com","https://www.linkedin.com/in/ava-bentley-faithaba","aba_index","https://www.google.com/maps/search/Faith%20Developmental%20Clinic%20Bradenton%20FL","pilot-2026-09-25-2k"
"Family First ABA Services","https://www.familyfirstautismca.com","Glendale","CA","2","Avery Benton","Owner & Director of Applied Behavior Analysis","owner","abenton@familyfirstautismca.com","https://www.linkedin.com/in/avery-benton-familyfirstaba","google_maps","https://www.google.com/maps/search/Family%20First%20ABA%20Services%20Glendale%20CA","pilot-2026-09-25-2k"
"Feather Autism & Behavioral Clinic","https://www.featherbehavioralnc.net","Asheville","NC","3","Bailey Berg","Founder & Clinical Director, BCBA-D","founder","bailey@featherbehavioralnc.net","https://www.linkedin.com/in/bailey-berg-featheraba","apollo","https://www.google.com/maps/search/Feather%20Autism%20%26%20Behavioral%20Clinic%20Asheville%20NC","pilot-2026-09-25-2k"
"First Step Child Development Center","https://www.firststepcarega.com","Marietta","GA","4","Barbara Berger","Co-Founder & Executive Director, MS, BCBA","founder","barbara.berger@firststepcarega.com","https://www.linkedin.com/in/barbara-berger-firststepaba","linkedin_sales_nav","https://www.google.com/maps/search/First%20Step%20Child%20Development%20Center%20Marietta%20GA","pilot-2026-09-25-2k"
"Focus Behavior Analysis Partners","https://www.focusabaco.org","Denver","CO","1","Beatrice Bergman","Owner & Clinical Supervisor, BCBA","owner","bbergman@focusabaco.org","https://www.linkedin.com/in/beatrice-bergman-focusaba","state_directory","https://www.google.com/maps/search/Focus%20Behavior%20Analysis%20Partners%20Denver%20CO","pilot-2026-09-25-2k"
"Footprints Behavioral Care","https://www.footprintsautismva.com","Virginia Beach","VA","2","Benjamin Bernal","CEO & Managing Partner, BCBA","ceo","benjamin@footprintsautismva.com","https://www.linkedin.com/in/benjamin-bernal-footprintsaba","aba_index","https://www.google.com/maps/search/Footprints%20Behavioral%20Care%20Virginia%20Beach%20VA","pilot-2026-09-25-2k"
"Forge Autism Horizons","https://www.forgebehavioralmd.com","Bethesda","MD","3","Bethany Bernard","Executive Clinical Director & Partner, BCBA","exec_director","bethany.bernard@forgebehavioralmd.com","https://www.linkedin.com/in/bethany-bernard-forgeaba","google_maps","https://www.google.com/maps/search/Forge%20Autism%20Horizons%20Bethesda%20MD","pilot-2026-09-25-2k"
"Forward Therapy & Learning Center","https://www.forwardcareil.com","Rockford","IL","4","Blake Berry","Founder & President, BCBA, LBA","founder","bberry@forwardcareil.com","https://www.linkedin.com/in/blake-berry-forwardaba","apollo","https://www.google.com/maps/search/Forward%20Therapy%20%26%20Learning%20Center%20Rockford%20IL","pilot-2026-09-25-2k"
"Foundation Behavioral Interventions","https://www.foundationabaut.com","Sandy","UT","1","Bradley Berryman","Owner & Director of Applied Behavior Analysis","owner","bradley@foundationabaut.com","https://www.linkedin.com/in/bradley-berryman-foundationaba","linkedin_sales_nav","https://www.google.com/maps/search/Foundation%20Behavioral%20Interventions%20Sandy%20UT","pilot-2026-09-25-2k"
"Frontier Autism Clinic","https://www.frontierautismnj.org","Woodbridge","NJ","2","Brandon Bertram","Founder & Clinical Director, BCBA-D","founder","brandon.bertram@frontierautismnj.org","https://www.linkedin.com/in/brandon-bertram-frontieraba","state_directory","https://www.google.com/maps/search/Frontier%20Autism%20Clinic%20Woodbridge%20NJ","pilot-2026-09-25-2k"
"Galliant ABA Center","https://www.galliantbehavioraltx.com","Cedar Park","TX","3","Brayden Best","Co-Founder & Executive Director, MS, BCBA","founder","bbest@galliantbehavioraltx.com","https://www.linkedin.com/in/brayden-best-galliantaba","aba_index","https://www.google.com/maps/search/Galliant%20ABA%20Center%20Cedar%20Park%20TX","pilot-2026-09-25-2k"
"Genesis Behavioral Health Network","https://www.genesiscarefl.com","Boynton Beach","FL","4","Brenda Betancourt","Owner & Clinical Supervisor, BCBA","owner","brenda@genesiscarefl.com","https://www.linkedin.com/in/brenda-betancourt-genesisaba","google_maps","https://www.google.com/maps/search/Genesis%20Behavioral%20Health%20Network%20Boynton%20Beach%20FL","pilot-2026-09-25-2k"
"Gentle Autism Group","https://www.gentleabaca.com","Carlsbad","CA","1","Brian Betts","CEO & Managing Partner, BCBA","ceo","brian.betts@gentleabaca.com","https://www.linkedin.com/in/brian-betts-gentleaba","apollo","https://www.google.com/maps/search/Gentle%20Autism%20Group%20Carlsbad%20CA","pilot-2026-09-25-2k"
"Golden Gate Applied Behavior Specialists","https://www.goldengateautismnc.com","Wake Forest","NC","2","Brianna Bevan","Executive Clinical Director & Partner, BCBA","exec_director","bbevan@goldengateautismnc.com","https://www.linkedin.com/in/brianna-bevan-goldengateaba","linkedin_sales_nav","https://www.google.com/maps/search/Golden%20Gate%20Applied%20Behavior%20Specialists%20Wake%20Forest%20NC","pilot-2026-09-25-2k"
"Grace Therapy Partners","https://www.gracebehavioralga.org","Douglasville","GA","3","Brittany Beverly","Founder & President, BCBA, LBA","founder","brittany@gracebehavioralga.org","https://www.linkedin.com/in/brittany-beverly-graceaba","state_directory","https://www.google.com/maps/search/Grace%20Therapy%20Partners%20Douglasville%20GA","pilot-2026-09-25-2k"
"Great Steps Pediatric Autism Services","https://www.greatstepscareco.com","Longmont","CO","4","Brooke Beyer","Owner & Director of Applied Behavior Analysis","owner","brooke.beyer@greatstepscareco.com","https://www.linkedin.com/in/brooke-beyer-greatstepsaba","aba_index","https://www.google.com/maps/search/Great%20Steps%20Pediatric%20Autism%20Services%20Longmont%20CO","pilot-2026-09-25-2k"
"Groove Behavioral Care Center","https://www.grooveabava.net","Charlottesville","VA","1","Brooklyn Bibb","Founder & Clinical Director, BCBA-D","founder","bbibb@grooveabava.net","https://www.linkedin.com/in/brooklyn-bibb-grooveaba","google_maps","https://www.google.com/maps/search/Groove%20Behavioral%20Care%20Center%20Charlottesville%20VA","pilot-2026-09-25-2k"
"Growth Point Autism & Learning Institute","https://www.growthpointautismmd.com","Glen Burnie","MD","2","Bruce Bickford","Co-Founder & Executive Director, MS, BCBA","founder","bruce@growthpointautismmd.com","https://www.linkedin.com/in/bruce-bickford-growthpointaba","apollo","https://www.google.com/maps/search/Growth%20Point%20Autism%20%26%20Learning%20Institute%20Glen%20Burnie%20MD","pilot-2026-09-25-2k"
"Guidepost Developmental Solutions","https://www.guidepostbehavioralil.com","Arlington Heights","IL","3","Bryan Biddle","Owner & Clinical Supervisor, BCBA","owner","bryan.biddle@guidepostbehavioralil.com","https://www.linkedin.com/in/bryan-biddle-guidepostaba","linkedin_sales_nav","https://www.google.com/maps/search/Guidepost%20Developmental%20Solutions%20Arlington%20Heights%20IL","pilot-2026-09-25-2k"
"Hand in Hand Behavioral Therapy Center","https://www.handinhandcareut.org","Bountiful","UT","4","Caleb Bigelow","CEO & Managing Partner, BCBA","ceo","cbigelow@handinhandcareut.org","https://www.linkedin.com/in/caleb-bigelow-handinhandaba","state_directory","https://www.google.com/maps/search/Hand%20in%20Hand%20Behavioral%20Therapy%20Center%20Bountiful%20UT","pilot-2026-09-25-2k"
"Harbor Autism Discovery Center","https://www.harborabanj.com","New Brunswick","NJ","1","Cameron Biggs","Executive Clinical Director & Partner, BCBA","exec_director","cameron@harborabanj.com","https://www.linkedin.com/in/cameron-biggs-harboraba","aba_index","https://www.google.com/maps/search/Harbor%20Autism%20Discovery%20Center%20New%20Brunswick%20NJ","pilot-2026-09-25-2k"
"Harmony Behavioral Foundations","https://www.harmonyautismtx.com","Richardson","TX","2","Camila Abbott","Founder & President, BCBA, LBA","founder","camila.abbott@harmonyautismtx.com","https://www.linkedin.com/in/camila-abbott-harmonyaba","google_maps","https://www.google.com/maps/search/Harmony%20Behavioral%20Foundations%20Richardson%20TX","pilot-2026-09-25-2k"
"Haven Therapeutic Solutions","https://www.havenbehavioralfl.com","Davie","FL","3","Carla Abernathy","Owner & Director of Applied Behavior Analysis","owner","cabernathy@havenbehavioralfl.com","https://www.linkedin.com/in/carla-abernathy-havenaba","apollo","https://www.google.com/maps/search/Haven%20Therapeutic%20Solutions%20Davie%20FL","pilot-2026-09-25-2k"
"Headway ABA Collective","https://www.headwaycareca.net","El Cajon","CA","4","Carlos Acevedo","Founder & Clinical Director, BCBA-D","founder","carlos@headwaycareca.net","https://www.linkedin.com/in/carlos-acevedo-headwayaba","linkedin_sales_nav","https://www.google.com/maps/search/Headway%20ABA%20Collective%20El%20Cajon%20CA","pilot-2026-09-25-2k"
"Heartland Autism Center","https://www.heartlandabanc.org","Charlotte","NC","1","Caroline Acosta","Co-Founder & Executive Director, MS, BCBA","founder","caroline.acosta@heartlandabanc.org","https://www.linkedin.com/in/caroline-acosta-heartlandaba","state_directory","https://www.google.com/maps/search/Heartland%20Autism%20Center%20Charlotte%20NC","pilot-2026-09-25-2k"
"Heritage ABA Therapy Group","https://www.heritageautismga.com","Augusta","GA","2","Carolyn Adair","Owner & Clinical Supervisor, BCBA","owner","cadair@heritageautismga.com","https://www.linkedin.com/in/carolyn-adair-heritageaba","aba_index","https://www.google.com/maps/search/Heritage%20ABA%20Therapy%20Group%20Augusta%20GA","pilot-2026-09-25-2k"
"Highland Behavioral Solutions","https://www.highlandbehavioralco.com","Aurora","CO","3","Carson Adkins","CEO & Managing Partner, BCBA","ceo","carson@highlandbehavioralco.com","https://www.linkedin.com/in/carson-adkins-highlandaba","google_maps","https://www.google.com/maps/search/Highland%20Behavioral%20Solutions%20Aurora%20CO","pilot-2026-09-25-2k"
"Highline Autism Services","https://www.highlinecareva.com","Chesapeake","VA","4","Carter Aguilar","Executive Clinical Director & Partner, BCBA","exec_director","carter.aguilar@highlinecareva.com","https://www.linkedin.com/in/carter-aguilar-highlineaba","apollo","https://www.google.com/maps/search/Highline%20Autism%20Services%20Chesapeake%20VA","pilot-2026-09-25-2k"
"Holistic Behavioral Health","https://www.holisticabamd.com","Frederick","MD","1","Cassandra Aguirre","Founder & President, BCBA, LBA","founder","caguirre@holisticabamd.com","https://www.linkedin.com/in/cassandra-aguirre-holisticaba","linkedin_sales_nav","https://www.google.com/maps/search/Holistic%20Behavioral%20Health%20Frederick%20MD","pilot-2026-09-25-2k"
"Homestead Therapy Associates","https://www.homesteadautismil.org","Evanston","IL","2","Catherine Albert","Owner & Director of Applied Behavior Analysis","owner","catherine@homesteadautismil.org","https://www.linkedin.com/in/catherine-albert-homesteadaba","state_directory","https://www.google.com/maps/search/Homestead%20Therapy%20Associates%20Evanston%20IL","pilot-2026-09-25-2k"
"Hope Developmental Clinic","https://www.hopebehavioralut.net","St. George","UT","3","Cecilia Albrecht","Founder & Clinical Director, BCBA-D","founder","cecilia.albrecht@hopebehavioralut.net","https://www.linkedin.com/in/cecilia-albrecht-hopeaba","aba_index","https://www.google.com/maps/search/Hope%20Developmental%20Clinic%20St.%20George%20UT","pilot-2026-09-25-2k"
"Horizon ABA Services","https://www.horizoncarenj.com","Toms River","NJ","4","Chad Alcorn","Co-Founder & Executive Director, MS, BCBA","founder","calcorn@horizoncarenj.com","https://www.linkedin.com/in/chad-alcorn-horizonaba","google_maps","https://www.google.com/maps/search/Horizon%20ABA%20Services%20Toms%20River%20NJ","pilot-2026-09-25-2k"
"Hub Autism & Behavioral Clinic","https://www.hubabatx.com","The Woodlands","TX","1","Charles Aldridge","Owner & Clinical Supervisor, BCBA","owner","charles@hubabatx.com","https://www.linkedin.com/in/charles-aldridge-hubaba","apollo","https://www.google.com/maps/search/Hub%20Autism%20%26%20Behavioral%20Clinic%20The%20Woodlands%20TX","pilot-2026-09-25-2k"
"Hull Child Development Center","https://www.hullautismfl.com","Gainesville","FL","2","Charlotte Alford","CEO & Managing Partner, BCBA","ceo","charlotte.alford@hullautismfl.com","https://www.linkedin.com/in/charlotte-alford-hullaba","linkedin_sales_nav","https://www.google.com/maps/search/Hull%20Child%20Development%20Center%20Gainesville%20FL","pilot-2026-09-25-2k"
"Illuminate Behavior Analysis Partners","https://www.illuminatebehavioralca.org","Anaheim","CA","3","Chase Allan","Executive Clinical Director & Partner, BCBA","exec_director","callan@illuminatebehavioralca.org","https://www.linkedin.com/in/chase-allan-illuminateaba","state_directory","https://www.google.com/maps/search/Illuminate%20Behavior%20Analysis%20Partners%20Anaheim%20CA","pilot-2026-09-25-2k"
"Impact Behavioral Care","https://www.impactcarenc.com","Chapel Hill","NC","4","Chelsea Alston","Founder & President, BCBA, LBA","founder","chelsea@impactcarenc.com","https://www.linkedin.com/in/chelsea-alston-impactaba","aba_index","https://www.google.com/maps/search/Impact%20Behavioral%20Care%20Chapel%20Hill%20NC","pilot-2026-09-25-2k"
"Infinia Autism Horizons","https://www.infiniaabaga.com","Decatur","GA","1","Cheyenne Alvarado","Owner & Director of Applied Behavior Analysis","owner","cheyenne.alvarado@infiniaabaga.com","https://www.linkedin.com/in/cheyenne-alvarado-infiniaaba","google_maps","https://www.google.com/maps/search/Infinia%20Autism%20Horizons%20Decatur%20GA","pilot-2026-09-25-2k"
"Infinity Therapy & Learning Center","https://www.infinityautismco.net","Broomfield","CO","2","Chloe Alvarez","Founder & Clinical Director, BCBA-D","founder","calvarez@infinityautismco.net","https://www.linkedin.com/in/chloe-alvarez-infinityaba","apollo","https://www.google.com/maps/search/Infinity%20Therapy%20%26%20Learning%20Center%20Broomfield%20CO","pilot-2026-09-25-2k"
"Inherit Behavioral Interventions","https://www.inheritbehavioralva.com","Harrisonburg","VA","3","Christian Amato","Co-Founder & Executive Director, MS, BCBA","founder","christian@inheritbehavioralva.com","https://www.linkedin.com/in/christian-amato-inheritaba","linkedin_sales_nav","https://www.google.com/maps/search/Inherit%20Behavioral%20Interventions%20Harrisonburg%20VA","pilot-2026-09-25-2k"
"Initiative Autism Clinic","https://www.initiativecaremd.org","Laurel","MD","4","Christina Ambrose","Owner & Clinical Supervisor, BCBA","owner","christina.ambrose@initiativecaremd.org","https://www.linkedin.com/in/christina-ambrose-initiativeaba","state_directory","https://www.google.com/maps/search/Initiative%20Autism%20Clinic%20Laurel%20MD","pilot-2026-09-25-2k"
"Insight ABA Center","https://www.insightabail.com","Decatur","IL","1","Christine Ames","CEO & Managing Partner, BCBA","ceo","cames@insightabail.com","https://www.linkedin.com/in/christine-ames-insightaba","aba_index","https://www.google.com/maps/search/Insight%20ABA%20Center%20Decatur%20IL","pilot-2026-09-25-2k"
"Inspire Behavioral Health Network","https://www.inspireautismut.com","Spanish Fork","UT","2","Christopher Amos","Executive Clinical Director & Partner, BCBA","exec_director","christopher@inspireautismut.com","https://www.linkedin.com/in/christopher-amos-inspireaba","google_maps","https://www.google.com/maps/search/Inspire%20Behavioral%20Health%20Network%20Spanish%20Fork%20UT","pilot-2026-09-25-2k"
"Integrity Autism Group","https://www.integritybehavioralnj.com","Perth Amboy","NJ","3","Claire Anaya","Founder & President, BCBA, LBA","founder","claire.anaya@integritybehavioralnj.com","https://www.linkedin.com/in/claire-anaya-integrityaba","apollo","https://www.google.com/maps/search/Integrity%20Autism%20Group%20Perth%20Amboy%20NJ","pilot-2026-09-25-2k"
"Journey Applied Behavior Specialists","https://www.journeycaretx.com","Round Rock","TX","4","Clara Anders","Owner & Director of Applied Behavior Analysis","owner","canders@journeycaretx.com","https://www.linkedin.com/in/clara-anders-journeyaba","linkedin_sales_nav","https://www.google.com/maps/search/Journey%20Applied%20Behavior%20Specialists%20Round%20Rock%20TX","pilot-2026-09-25-2k"
"Jubilee Therapy Partners","https://www.jubileeabafl.org","Pompano Beach","FL","1","Clayton Andersen","Founder & Clinical Director, BCBA-D","founder","clayton@jubileeabafl.org","https://www.linkedin.com/in/clayton-andersen-jubileeaba","state_directory","https://www.google.com/maps/search/Jubilee%20Therapy%20Partners%20Pompano%20Beach%20FL","pilot-2026-09-25-2k"
"Kaleidoscope Pediatric Autism Services","https://www.kaleidoscopeautismca.com","Rancho Cucamonga","CA","2","Cole Anderson","Co-Founder & Executive Director, MS, BCBA","founder","cole.anderson@kaleidoscopeautismca.com","https://www.linkedin.com/in/cole-anderson-kaleidoscopeaba","aba_index","https://www.google.com/maps/search/Kaleidoscope%20Pediatric%20Autism%20Services%20Rancho%20Cucamonga%20CA","pilot-2026-09-25-2k"
"Keystone Behavioral Care Center","https://www.keystonebehavioralnc.com","Monroe","NC","3","Colin Andrade","Owner & Clinical Supervisor, BCBA","owner","candrade@keystonebehavioralnc.com","https://www.linkedin.com/in/colin-andrade-keystoneaba","google_maps","https://www.google.com/maps/search/Keystone%20Behavioral%20Care%20Center%20Monroe%20NC","pilot-2026-09-25-2k"
"Kindred Autism & Learning Institute","https://www.kindredcarega.com","Lawrenceville","GA","4","Colleen Andrews","CEO & Managing Partner, BCBA","ceo","colleen@kindredcarega.com","https://www.linkedin.com/in/colleen-andrews-kindredaba","apollo","https://www.google.com/maps/search/Kindred%20Autism%20%26%20Learning%20Institute%20Lawrenceville%20GA","pilot-2026-09-25-2k"
"Kite Developmental Solutions","https://www.kiteabaco.com","Lakewood","CO","1","Connor Anthony","Executive Clinical Director & Partner, BCBA","exec_director","connor.anthony@kiteabaco.com","https://www.linkedin.com/in/connor-anthony-kiteaba","linkedin_sales_nav","https://www.google.com/maps/search/Kite%20Developmental%20Solutions%20Lakewood%20CO","pilot-2026-09-25-2k"
"Lantern Behavioral Therapy Center","https://www.lanternautismva.org","Alexandria","VA","2","Cora Archer","Founder & President, BCBA, LBA","founder","carcher@lanternautismva.org","https://www.linkedin.com/in/cora-archer-lanternaba","state_directory","https://www.google.com/maps/search/Lantern%20Behavioral%20Therapy%20Center%20Alexandria%20VA","pilot-2026-09-25-2k"
"Launch Autism Discovery Center","https://www.launchbehavioralmd.com","Annapolis","MD","3","Corey Arellano","Owner & Director of Applied Behavior Analysis","owner","corey@launchbehavioralmd.com","https://www.linkedin.com/in/corey-arellano-launchaba","aba_index","https://www.google.com/maps/search/Launch%20Autism%20Discovery%20Center%20Annapolis%20MD","pilot-2026-09-25-2k"
"Leap Behavioral Foundations","https://www.leapcareil.net","Peoria","IL","4","Courtney Armenta","Founder & Clinical Director, BCBA-D","founder","courtney.armenta@leapcareil.net","https://www.linkedin.com/in/courtney-armenta-leapaba","google_maps","https://www.google.com/maps/search/Leap%20Behavioral%20Foundations%20Peoria%20IL","pilot-2026-09-25-2k"
"Legend Therapeutic Solutions","https://www.legendabaut.com","South Jordan","UT","1","Craig Armstrong","Co-Founder & Executive Director, MS, BCBA","founder","carmstrong@legendabaut.com","https://www.linkedin.com/in/craig-armstrong-legendaba","apollo","https://www.google.com/maps/search/Legend%20Therapeutic%20Solutions%20South%20Jordan%20UT","pilot-2026-09-25-2k"
"Level Up ABA Collective","https://www.levelupautismnj.com","Clifton","NJ","2","Crystal Arndt","Owner & Clinical Supervisor, BCBA","owner","crystal@levelupautismnj.com","https://www.linkedin.com/in/crystal-arndt-levelupaba","linkedin_sales_nav","https://www.google.com/maps/search/Level%20Up%20ABA%20Collective%20Clifton%20NJ","pilot-2026-09-25-2k"
"Liberty Autism Center","https://www.libertybehavioraltx.org","San Marcos","TX","3","Curtis Arnold","CEO & Managing Partner, BCBA","ceo","curtis.arnold@libertybehavioraltx.org","https://www.linkedin.com/in/curtis-arnold-libertyaba","state_directory","https://www.google.com/maps/search/Liberty%20Autism%20Center%20San%20Marcos%20TX","pilot-2026-09-25-2k"
"Lighthouse ABA Therapy Group","https://www.lighthousecarefl.com","Apopka","FL","4","Cynthia Arredondo","Executive Clinical Director & Partner, BCBA","exec_director","carredondo@lighthousecarefl.com","https://www.linkedin.com/in/cynthia-arredondo-lighthouseaba","aba_index","https://www.google.com/maps/search/Lighthouse%20ABA%20Therapy%20Group%20Apopka%20FL","pilot-2026-09-25-2k"
"Lifeway Behavioral Solutions","https://www.lifewayabaca.com","Concord","CA","1","Daisy Arroyo","Founder & President, BCBA, LBA","founder","daisy@lifewayabaca.com","https://www.linkedin.com/in/daisy-arroyo-lifewayaba","google_maps","https://www.google.com/maps/search/Lifeway%20Behavioral%20Solutions%20Concord%20CA","pilot-2026-09-25-2k"
"Little Steps Autism Services","https://www.littlestepsautismnc.com","Durham","NC","2","Dale Arthur","Owner & Director of Applied Behavior Analysis","owner","dale.arthur@littlestepsautismnc.com","https://www.linkedin.com/in/dale-arthur-littlestepsaba","apollo","https://www.google.com/maps/search/Little%20Steps%20Autism%20Services%20Durham%20NC","pilot-2026-09-25-2k"
"Living Stone Behavioral Health","https://www.livingstonebehavioralga.net","Athens","GA","3","Dallas Asher","Founder & Clinical Director, BCBA-D","founder","dasher@livingstonebehavioralga.net","https://www.linkedin.com/in/dallas-asher-livingstoneaba","linkedin_sales_nav","https://www.google.com/maps/search/Living%20Stone%20Behavioral%20Health%20Athens%20GA","pilot-2026-09-25-2k"
"Logic Therapy Associates","https://www.logiccareco.org","Grand Junction","CO","4","Dalton Ashley","Co-Founder & Executive Director, MS, BCBA","founder","dalton@logiccareco.org","https://www.linkedin.com/in/dalton-ashley-logicaba","state_directory","https://www.google.com/maps/search/Logic%20Therapy%20Associates%20Grand%20Junction%20CO","pilot-2026-09-25-2k"
"Loom Developmental Clinic","https://www.loomabava.com","Blacksburg","VA","1","Damian Ashton","Owner & Clinical Supervisor, BCBA","owner","damian.ashton@loomabava.com","https://www.linkedin.com/in/damian-ashton-loomaba","aba_index","https://www.google.com/maps/search/Loom%20Developmental%20Clinic%20Blacksburg%20VA","pilot-2026-09-25-2k"
"Lumina ABA Services","https://www.luminaautismmd.com","College Park","MD","2","Daniel Atkins","CEO & Managing Partner, BCBA","ceo","datkins@luminaautismmd.com","https://www.linkedin.com/in/daniel-atkins-luminaaba","google_maps","https://www.google.com/maps/search/Lumina%20ABA%20Services%20College%20Park%20MD","pilot-2026-09-25-2k"
"Magnolia Autism & Behavioral Clinic","https://www.magnoliabehavioralil.com","Skokie","IL","3","Danielle Atkinson","Executive Clinical Director & Partner, BCBA","exec_director","danielle@magnoliabehavioralil.com","https://www.linkedin.com/in/danielle-atkinson-magnoliaaba","apollo","https://www.google.com/maps/search/Magnolia%20Autism%20%26%20Behavioral%20Clinic%20Skokie%20IL","pilot-2026-09-25-2k"
"Mainstay Child Development Center","https://www.mainstaycareut.com","Pleasant Grove","UT","4","Danny Augustine","Founder & President, BCBA, LBA","founder","danny.augustine@mainstaycareut.com","https://www.linkedin.com/in/danny-augustine-mainstayaba","linkedin_sales_nav","https://www.google.com/maps/search/Mainstay%20Child%20Development%20Center%20Pleasant%20Grove%20UT","pilot-2026-09-25-2k"
"Matrix Behavior Analysis Partners","https://www.matrixabanj.org","Newark","NJ","1","Daphne Austin","Owner & Director of Applied Behavior Analysis","owner","daustin@matrixabanj.org","https://www.linkedin.com/in/daphne-austin-matrixaba","state_directory","https://www.google.com/maps/search/Matrix%20Behavior%20Analysis%20Partners%20Newark%20NJ","pilot-2026-09-25-2k"
"Meadow Behavioral Care","https://www.meadowautismtx.net","Dallas","TX","2","Darlene Avalos","Founder & Clinical Director, BCBA-D","founder","darlene@meadowautismtx.net","https://www.linkedin.com/in/darlene-avalos-meadowaba","aba_index","https://www.google.com/maps/search/Meadow%20Behavioral%20Care%20Dallas%20TX","pilot-2026-09-25-2k"
"Medallion Autism Horizons","https://www.medallionbehavioralfl.com","Tampa","FL","3","Darren Avery","Co-Founder & Executive Director, MS, BCBA","founder","darren.avery@medallionbehavioralfl.com","https://www.linkedin.com/in/darren-avery-medallionaba","google_maps","https://www.google.com/maps/search/Medallion%20Autism%20Horizons%20Tampa%20FL","pilot-2026-09-25-2k"
"Mercy Therapy & Learning Center","https://www.mercycareca.com","Sacramento","CA","4","David Avila","Owner & Clinical Supervisor, BCBA","owner","davila@mercycareca.com","https://www.linkedin.com/in/david-avila-mercyaba","apollo","https://www.google.com/maps/search/Mercy%20Therapy%20%26%20Learning%20Center%20Sacramento%20CA","pilot-2026-09-25-2k"
"Meridian Behavioral Interventions","https://www.meridianabanc.com","Burlington","NC","1","Dawn Ayala","CEO & Managing Partner, BCBA","ceo","dawn@meridianabanc.com","https://www.linkedin.com/in/dawn-ayala-meridianaba","linkedin_sales_nav","https://www.google.com/maps/search/Meridian%20Behavioral%20Interventions%20Burlington%20NC","pilot-2026-09-25-2k"
"Milestone Autism Clinic","https://www.milestoneautismga.org","Peachtree City","GA","2","Dean Babcock","Executive Clinical Director & Partner, BCBA","exec_director","dean.babcock@milestoneautismga.org","https://www.linkedin.com/in/dean-babcock-milestoneaba","state_directory","https://www.google.com/maps/search/Milestone%20Autism%20Clinic%20Peachtree%20City%20GA","pilot-2026-09-25-2k"
"Momentum ABA Center","https://www.momentumbehavioralco.com","Thornton","CO","3","Deanna Bach","Founder & President, BCBA, LBA","founder","dbach@momentumbehavioralco.com","https://www.linkedin.com/in/deanna-bach-momentumaba","aba_index","https://www.google.com/maps/search/Momentum%20ABA%20Center%20Thornton%20CO","pilot-2026-09-25-2k"
"Monarch Behavioral Health Network","https://www.monarchcareva.com","Fairfax","VA","4","Deborah Bader","Owner & Director of Applied Behavior Analysis","owner","deborah@monarchcareva.com","https://www.linkedin.com/in/deborah-bader-monarchaba","google_maps","https://www.google.com/maps/search/Monarch%20Behavioral%20Health%20Network%20Fairfax%20VA","pilot-2026-09-25-2k"
"Mosaic Autism Group","https://www.mosaicabamd.net","Columbia","MD","1","Debra Baer","Founder & Clinical Director, BCBA-D","founder","debra.baer@mosaicabamd.net","https://www.linkedin.com/in/debra-baer-mosaicaba","apollo","https://www.google.com/maps/search/Mosaic%20Autism%20Group%20Columbia%20MD","pilot-2026-09-25-2k"
"Navigate Applied Behavior Specialists","https://www.navigateautismil.com","Springfield","IL","2","Declan Baggett","Co-Founder & Executive Director, MS, BCBA","founder","dbaggett@navigateautismil.com","https://www.linkedin.com/in/declan-baggett-navigateaba","linkedin_sales_nav","https://www.google.com/maps/search/Navigate%20Applied%20Behavior%20Specialists%20Springfield%20IL","pilot-2026-09-25-2k"
"Navigator Therapy Partners","https://www.navigatorbehavioralut.org","Millcreek","UT","3","Delilah Bagley","Owner & Clinical Supervisor, BCBA","owner","delilah@navigatorbehavioralut.org","https://www.linkedin.com/in/delilah-bagley-navigatoraba","state_directory","https://www.google.com/maps/search/Navigator%20Therapy%20Partners%20Millcreek%20UT","pilot-2026-09-25-2k"
"Nest Pediatric Autism Services","https://www.nestcarenj.com","Passaic","NJ","4","Derek Bailey","CEO & Managing Partner, BCBA","ceo","derek.bailey@nestcarenj.com","https://www.linkedin.com/in/derek-bailey-nestaba","aba_index","https://www.google.com/maps/search/Nest%20Pediatric%20Autism%20Services%20Passaic%20NJ","pilot-2026-09-25-2k"
"New Chapter Behavioral Care Center","https://www.newchapterabatx.com","Lubbock","TX","1","Desiree Bain","Executive Clinical Director & Partner, BCBA","exec_director","dbain@newchapterabatx.com","https://www.linkedin.com/in/desiree-bain-newchapteraba","google_maps","https://www.google.com/maps/search/New%20Chapter%20Behavioral%20Care%20Center%20Lubbock%20TX","pilot-2026-09-25-2k"
"New Day Autism & Learning Institute","https://www.newdayautismfl.com","West Palm Beach","FL","2","Destiny Baird","Founder & President, BCBA, LBA","founder","destiny@newdayautismfl.com","https://www.linkedin.com/in/destiny-baird-newdayaba","apollo","https://www.google.com/maps/search/New%20Day%20Autism%20%26%20Learning%20Institute%20West%20Palm%20Beach%20FL","pilot-2026-09-25-2k"
"New Era Developmental Solutions","https://www.newerabehavioralca.com","Fremont","CA","3","Devin Baker","Owner & Director of Applied Behavior Analysis","owner","devin.baker@newerabehavioralca.com","https://www.linkedin.com/in/devin-baker-neweraaba","linkedin_sales_nav","https://www.google.com/maps/search/New%20Era%20Developmental%20Solutions%20Fremont%20CA","pilot-2026-09-25-2k"
"New Horizons Behavioral Therapy Center","https://www.newhorizonscarenc.org","Cornelius","NC","4","Diana Baldwin","Founder & Clinical Director, BCBA-D","founder","dbaldwin@newhorizonscarenc.org","https://www.linkedin.com/in/diana-baldwin-newhorizonsaba","state_directory","https://www.google.com/maps/search/New%20Horizons%20Behavioral%20Therapy%20Center%20Cornelius%20NC","pilot-2026-09-25-2k"
"New Path Autism Discovery Center","https://www.newpathabaga.com","Snellville","GA","1","Dominic Bales","Co-Founder & Executive Director, MS, BCBA","founder","dominic@newpathabaga.com","https://www.linkedin.com/in/dominic-bales-newpathaba","aba_index","https://www.google.com/maps/search/New%20Path%20Autism%20Discovery%20Center%20Snellville%20GA","pilot-2026-09-25-2k"
"Next Chapter Behavioral Foundations","https://www.nextchapterautismco.com","Parker","CO","2","Donald Ball","Owner & Clinical Supervisor, BCBA","owner","donald.ball@nextchapterautismco.com","https://www.linkedin.com/in/donald-ball-nextchapteraba","google_maps","https://www.google.com/maps/search/Next%20Chapter%20Behavioral%20Foundations%20Parker%20CO","pilot-2026-09-25-2k"
"Next Step Therapeutic Solutions","https://www.nextstepbehavioralva.com","Winchester","VA","3","Donna Ballard","CEO & Managing Partner, BCBA","ceo","dballard@nextstepbehavioralva.com","https://www.linkedin.com/in/donna-ballard-nextstepaba","apollo","https://www.google.com/maps/search/Next%20Step%20Therapeutic%20Solutions%20Winchester%20VA","pilot-2026-09-25-2k"
"Noble ABA Collective","https://www.noblecaremd.com","Hagerstown","MD","4","Dora Ballesteros","Executive Clinical Director & Partner, BCBA","exec_director","dora@noblecaremd.com","https://www.linkedin.com/in/dora-ballesteros-nobleaba","linkedin_sales_nav","https://www.google.com/maps/search/Noble%20ABA%20Collective%20Hagerstown%20MD","pilot-2026-09-25-2k"
"North Star Autism Center","https://www.northstarabail.org","Chicago","IL","1","Douglas Banks","Founder & President, BCBA, LBA","founder","douglas.banks@northstarabail.org","https://www.linkedin.com/in/douglas-banks-northstaraba","state_directory","https://www.google.com/maps/search/North%20Star%20Autism%20Center%20Chicago%20IL","pilot-2026-09-25-2k"
"Nova ABA Therapy Group","https://www.novaautismut.com","Provo","UT","2","Drew Bankston","Owner & Director of Applied Behavior Analysis","owner","dbankston@novaautismut.com","https://www.linkedin.com/in/drew-bankston-novaaba","aba_index","https://www.google.com/maps/search/Nova%20ABA%20Therapy%20Group%20Provo%20UT","pilot-2026-09-25-2k"
"Oasis Behavioral Solutions","https://www.oasisbehavioralnj.net","Paterson","NJ","3","Dustin Bannister","Founder & Clinical Director, BCBA-D","founder","dustin@oasisbehavioralnj.net","https://www.linkedin.com/in/dustin-bannister-oasisaba","google_maps","https://www.google.com/maps/search/Oasis%20Behavioral%20Solutions%20Paterson%20NJ","pilot-2026-09-25-2k"
"Octave Autism Services","https://www.octavecaretx.com","Conroe","TX","4","Dylan Barajas","Co-Founder & Executive Director, MS, BCBA","founder","dylan.barajas@octavecaretx.com","https://www.linkedin.com/in/dylan-barajas-octaveaba","apollo","https://www.google.com/maps/search/Octave%20Autism%20Services%20Conroe%20TX","pilot-2026-09-25-2k"
"Odyssey Behavioral Health","https://www.odysseyabafl.com","Fort Myers","FL","1","Easton Barba","Owner & Clinical Supervisor, BCBA","owner","ebarba@odysseyabafl.com","https://www.linkedin.com/in/easton-barba-odysseyaba","linkedin_sales_nav","https://www.google.com/maps/search/Odyssey%20Behavioral%20Health%20Fort%20Myers%20FL","pilot-2026-09-25-2k"
"Omega Therapy Associates","https://www.omegaautismca.org","Hayward","CA","2","Eddie Barbee","CEO & Managing Partner, BCBA","ceo","eddie@omegaautismca.org","https://www.linkedin.com/in/eddie-barbee-omegaaba","state_directory","https://www.google.com/maps/search/Omega%20Therapy%20Associates%20Hayward%20CA","pilot-2026-09-25-2k"
"One Step Developmental Clinic","https://www.onestepbehavioralnc.com","Cary","NC","3","Eden Barber","Executive Clinical Director & Partner, BCBA","exec_director","eden.barber@onestepbehavioralnc.com","https://www.linkedin.com/in/eden-barber-onestepaba","aba_index","https://www.google.com/maps/search/One%20Step%20Developmental%20Clinic%20Cary%20NC","pilot-2026-09-25-2k"
"Open Door ABA Services","https://www.opendoorcarega.com","Johns Creek","GA","4","Edward Barker","Founder & President, BCBA, LBA","founder","ebarker@opendoorcarega.com","https://www.linkedin.com/in/edward-barker-opendooraba","google_maps","https://www.google.com/maps/search/Open%20Door%20ABA%20Services%20Johns%20Creek%20GA","pilot-2026-09-25-2k"
"Optima Autism & Behavioral Clinic","https://www.optimaabaco.com","Centennial","CO","1","Edwin Barkley","Owner & Director of Applied Behavior Analysis","owner","edwin@optimaabaco.com","https://www.linkedin.com/in/edwin-barkley-optimaaba","apollo","https://www.google.com/maps/search/Optima%20Autism%20%26%20Behavioral%20Clinic%20Centennial%20CO","pilot-2026-09-25-2k"
"Orchard Child Development Center","https://www.orchardautismva.net","McLean","VA","2","Elaine Barnes","Founder & Clinical Director, BCBA-D","founder","elaine.barnes@orchardautismva.net","https://www.linkedin.com/in/elaine-barnes-orchardaba","linkedin_sales_nav","https://www.google.com/maps/search/Orchard%20Child%20Development%20Center%20McLean%20VA","pilot-2026-09-25-2k"
"Origin Behavior Analysis Partners","https://www.originbehavioralmd.org","Germantown","MD","3","Eleanor Barnett","Co-Founder & Executive Director, MS, BCBA","founder","ebarnett@originbehavioralmd.org","https://www.linkedin.com/in/eleanor-barnett-originaba","state_directory","https://www.google.com/maps/search/Origin%20Behavior%20Analysis%20Partners%20Germantown%20MD","pilot-2026-09-25-2k"
"Overbrook Behavioral Care","https://www.overbrookcareil.com","Cicero","IL","4","Eli Barr","Owner & Clinical Supervisor, BCBA","owner","eli@overbrookcareil.com","https://www.linkedin.com/in/eli-barr-overbrookaba","aba_index","https://www.google.com/maps/search/Overbrook%20Behavioral%20Care%20Cicero%20IL","pilot-2026-09-25-2k"
"Pacific Autism Horizons","https://www.pacificabaut.com","Logan","UT","1","Elias Barrera","CEO & Managing Partner, BCBA","ceo","elias.barrera@pacificabaut.com","https://www.linkedin.com/in/elias-barrera-pacificaba","google_maps","https://www.google.com/maps/search/Pacific%20Autism%20Horizons%20Logan%20UT","pilot-2026-09-25-2k"
"Palisade Therapy & Learning Center","https://www.palisadeautismnj.com","Bayonne","NJ","2","Elijah Barrett","Executive Clinical Director & Partner, BCBA","exec_director","ebarrett@palisadeautismnj.com","https://www.linkedin.com/in/elijah-barrett-palisadeaba","apollo","https://www.google.com/maps/search/Palisade%20Therapy%20%26%20Learning%20Center%20Bayonne%20NJ","pilot-2026-09-25-2k"
"Panorama Behavioral Interventions","https://www.panoramabehavioraltx.com","Odessa","TX","3","Elise Barron","Founder & President, BCBA, LBA","founder","elise@panoramabehavioraltx.com","https://www.linkedin.com/in/elise-barron-panoramaaba","linkedin_sales_nav","https://www.google.com/maps/search/Panorama%20Behavioral%20Interventions%20Odessa%20TX","pilot-2026-09-25-2k"
"Paragon Autism Clinic","https://www.paragoncarefl.org","Altamonte Springs","FL","4","Elizabeth Barry","Owner & Director of Applied Behavior Analysis","owner","elizabeth.barry@paragoncarefl.org","https://www.linkedin.com/in/elizabeth-barry-paragonaba","state_directory","https://www.google.com/maps/search/Paragon%20Autism%20Clinic%20Altamonte%20Springs%20FL","pilot-2026-09-25-2k"
"Pathway ABA Center","https://www.pathwayabaca.net","Clovis","CA","1","Ella Bartlett","Founder & Clinical Director, BCBA-D","founder","ebartlett@pathwayabaca.net","https://www.linkedin.com/in/ella-bartlett-pathwayaba","aba_index","https://www.google.com/maps/search/Pathway%20ABA%20Center%20Clovis%20CA","pilot-2026-09-25-2k"
"Pathways Behavioral Health Network","https://www.pathwaysautismnc.com","Rocky Mount","NC","2","Ellen Barton","Co-Founder & Executive Director, MS, BCBA","founder","ellen@pathwaysautismnc.com","https://www.linkedin.com/in/ellen-barton-pathwaysaba","google_maps","https://www.google.com/maps/search/Pathways%20Behavioral%20Health%20Network%20Rocky%20Mount%20NC","pilot-2026-09-25-2k"
"Patience Autism Group","https://www.patiencebehavioralga.com","Milton","GA","3","Ellie Bass","Owner & Clinical Supervisor, BCBA","owner","ellie.bass@patiencebehavioralga.com","https://www.linkedin.com/in/ellie-bass-patienceaba","apollo","https://www.google.com/maps/search/Patience%20Autism%20Group%20Milton%20GA","pilot-2026-09-25-2k"
"Peak Applied Behavior Specialists","https://www.peakcareco.com","Brighton","CO","4","Elliott Batchelor","CEO & Managing Partner, BCBA","ceo","ebatchelor@peakcareco.com","https://www.linkedin.com/in/elliott-batchelor-peakaba","linkedin_sales_nav","https://www.google.com/maps/search/Peak%20Applied%20Behavior%20Specialists%20Brighton%20CO","pilot-2026-09-25-2k"
"Pelican Therapy Partners","https://www.pelicanabava.org","Richmond","VA","1","Aaron Bateman","Executive Clinical Director & Partner, BCBA","exec_director","aaron@pelicanabava.org","https://www.linkedin.com/in/aaron-bateman-pelicanaba","state_directory","https://www.google.com/maps/search/Pelican%20Therapy%20Partners%20Richmond%20VA","pilot-2026-09-25-2k"
"Petal Pediatric Autism Services","https://www.petalautismmd.com","Rockville","MD","2","Abigail Bates","Founder & President, BCBA, LBA","founder","abigail.bates@petalautismmd.com","https://www.linkedin.com/in/abigail-bates-petalaba","aba_index","https://www.google.com/maps/search/Petal%20Pediatric%20Autism%20Services%20Rockville%20MD","pilot-2026-09-25-2k"
"Pharos Behavioral Care Center","https://www.pharosbehavioralil.com","Aurora","IL","3","Adam Batista","Owner & Director of Applied Behavior Analysis","owner","abatista@pharosbehavioralil.com","https://www.linkedin.com/in/adam-batista-pharosaba","google_maps","https://www.google.com/maps/search/Pharos%20Behavioral%20Care%20Center%20Aurora%20IL","pilot-2026-09-25-2k"
"Pheonix Autism & Learning Institute","https://www.pheonixcareut.net","Orem","UT","4","Adrian Bauer","Founder & Clinical Director, BCBA-D","founder","adrian@pheonixcareut.net","https://www.linkedin.com/in/adrian-bauer-pheonixaba","apollo","https://www.google.com/maps/search/Pheonix%20Autism%20%26%20Learning%20Institute%20Orem%20UT","pilot-2026-09-25-2k"
"Pier Developmental Solutions","https://www.pierabanj.com","Edison","NJ","1","Aiden Baughman","Co-Founder & Executive Director, MS, BCBA","founder","aiden.baughman@pierabanj.com","https://www.linkedin.com/in/aiden-baughman-pieraba","linkedin_sales_nav","https://www.google.com/maps/search/Pier%20Developmental%20Solutions%20Edison%20NJ","pilot-2026-09-25-2k"
"Pilgrim Behavioral Therapy Center","https://www.pilgrimautismtx.org","Plano","TX","2","Alex Bauman","Owner & Clinical Supervisor, BCBA","owner","abauman@pilgrimautismtx.org","https://www.linkedin.com/in/alex-bauman-pilgrimaba","state_directory","https://www.google.com/maps/search/Pilgrim%20Behavioral%20Therapy%20Center%20Plano%20TX","pilot-2026-09-25-2k"
"Pilot Autism Discovery Center","https://www.pilotbehavioralfl.com","Boca Raton","FL","3","Alexander Baxter","CEO & Managing Partner, BCBA","ceo","alexander@pilotbehavioralfl.com","https://www.linkedin.com/in/alexander-baxter-pilotaba","aba_index","https://www.google.com/maps/search/Pilot%20Autism%20Discovery%20Center%20Boca%20Raton%20FL","pilot-2026-09-25-2k"
"Pinnacle Behavioral Foundations","https://www.pinnaclecareca.com","Bakersfield","CA","4","Alexandra Beach","Executive Clinical Director & Partner, BCBA","exec_director","alexandra.beach@pinnaclecareca.com","https://www.linkedin.com/in/alexandra-beach-pinnacleaba","google_maps","https://www.google.com/maps/search/Pinnacle%20Behavioral%20Foundations%20Bakersfield%20CA","pilot-2026-09-25-2k"
"Pioneer Therapeutic Solutions","https://www.pioneerabanc.com","Holly Springs","NC","1","Alexis Beal","Founder & President, BCBA, LBA","founder","abeal@pioneerabanc.com","https://www.linkedin.com/in/alexis-beal-pioneeraba","apollo","https://www.google.com/maps/search/Pioneer%20Therapeutic%20Solutions%20Holly%20Springs%20NC","pilot-2026-09-25-2k"
"Plaza ABA Collective","https://www.plazaautismga.com","Canton","GA","2","Alice Beam","Owner & Director of Applied Behavior Analysis","owner","alice@plazaautismga.com","https://www.linkedin.com/in/alice-beam-plazaaba","linkedin_sales_nav","https://www.google.com/maps/search/Plaza%20ABA%20Collective%20Canton%20GA","pilot-2026-09-25-2k"
"Pledge Autism Center","https://www.pledgebehavioralco.org","Greeley","CO","3","Allison Bean","Founder & Clinical Director, BCBA-D","founder","allison.bean@pledgebehavioralco.org","https://www.linkedin.com/in/allison-bean-pledgeaba","state_directory","https://www.google.com/maps/search/Pledge%20Autism%20Center%20Greeley%20CO","pilot-2026-09-25-2k"
"Point ABA Therapy Group","https://www.pointcareva.com","Newport News","VA","4","Alyssa Beard","Co-Founder & Executive Director, MS, BCBA","founder","abeard@pointcareva.com","https://www.linkedin.com/in/alyssa-beard-pointaba","aba_index","https://www.google.com/maps/search/Point%20ABA%20Therapy%20Group%20Newport%20News%20VA","pilot-2026-09-25-2k"
"Polestar Behavioral Solutions","https://www.polestarabamd.com","Ellicott City","MD","1","Amber Beasley","Owner & Clinical Supervisor, BCBA","owner","amber@polestarabamd.com","https://www.linkedin.com/in/amber-beasley-polestaraba","google_maps","https://www.google.com/maps/search/Polestar%20Behavioral%20Solutions%20Ellicott%20City%20MD","pilot-2026-09-25-2k"
"Prairie Autism Services","https://www.prairieautismil.com","Bloomington","IL","2","Amy Beatty","CEO & Managing Partner, BCBA","ceo","amy.beatty@prairieautismil.com","https://www.linkedin.com/in/amy-beatty-prairieaba","apollo","https://www.google.com/maps/search/Prairie%20Autism%20Services%20Bloomington%20IL","pilot-2026-09-25-2k"
"Precision Behavioral Health","https://www.precisionbehavioralut.com","Draper","UT","3","Andrea Beauchamp","Executive Clinical Director & Partner, BCBA","exec_director","abeauchamp@precisionbehavioralut.com","https://www.linkedin.com/in/andrea-beauchamp-precisionaba","linkedin_sales_nav","https://www.google.com/maps/search/Precision%20Behavioral%20Health%20Draper%20UT","pilot-2026-09-25-2k"
"Premier Therapy Associates","https://www.premiercarenj.org","Vineland","NJ","4","Andrew Beaver","Founder & President, BCBA, LBA","founder","andrew@premiercarenj.org","https://www.linkedin.com/in/andrew-beaver-premieraba","state_directory","https://www.google.com/maps/search/Premier%20Therapy%20Associates%20Vineland%20NJ","pilot-2026-09-25-2k"
"Primrose Developmental Clinic","https://www.primroseabatx.com","Tyler","TX","1","Angela Beck","Owner & Director of Applied Behavior Analysis","owner","angela.beck@primroseabatx.com","https://www.linkedin.com/in/angela-beck-primroseaba","aba_index","https://www.google.com/maps/search/Primrose%20Developmental%20Clinic%20Tyler%20TX","pilot-2026-09-25-2k"
"Prism ABA Services","https://www.prismautismfl.net","Kissimmee","FL","2","Ann Becker","Founder & Clinical Director, BCBA-D","founder","abecker@prismautismfl.net","https://www.linkedin.com/in/ann-becker-prismaba","google_maps","https://www.google.com/maps/search/Prism%20ABA%20Services%20Kissimmee%20FL","pilot-2026-09-25-2k"
"Progress Autism & Behavioral Clinic","https://www.progressbehavioralca.com","Huntington Beach","CA","3","Anna Beckett","Co-Founder & Executive Director, MS, BCBA","founder","anna@progressbehavioralca.com","https://www.linkedin.com/in/anna-beckett-progressaba","apollo","https://www.google.com/maps/search/Progress%20Autism%20%26%20Behavioral%20Clinic%20Huntington%20Beach%20CA","pilot-2026-09-25-2k"
"Promise Child Development Center","https://www.promisecarenc.com","Concord","NC","4","Anthony Beckman","Owner & Clinical Supervisor, BCBA","owner","anthony.beckman@promisecarenc.com","https://www.linkedin.com/in/anthony-beckman-promiseaba","linkedin_sales_nav","https://www.google.com/maps/search/Promise%20Child%20Development%20Center%20Concord%20NC","pilot-2026-09-25-2k"
"Prosper Behavior Analysis Partners","https://www.prosperabaga.org","Tyrone","GA","1","Antonio Bedford","CEO & Managing Partner, BCBA","ceo","abedford@prosperabaga.org","https://www.linkedin.com/in/antonio-bedford-prosperaba","state_directory","https://www.google.com/maps/search/Prosper%20Behavior%20Analysis%20Partners%20Tyrone%20GA","pilot-2026-09-25-2k"
"Proximity Behavioral Care","https://www.proximityautismco.com","Colorado Springs","CO","2","Arthur Beebe","Executive Clinical Director & Partner, BCBA","exec_director","arthur@proximityautismco.com","https://www.linkedin.com/in/arthur-beebe-proximityaba","aba_index","https://www.google.com/maps/search/Proximity%20Behavioral%20Care%20Colorado%20Springs%20CO","pilot-2026-09-25-2k"
"Purpose Autism Horizons","https://www.purposebehavioralva.com","Norfolk","VA","3","Ashley Beeler","Founder & President, BCBA, LBA","founder","ashley.beeler@purposebehavioralva.com","https://www.linkedin.com/in/ashley-beeler-purposeaba","google_maps","https://www.google.com/maps/search/Purpose%20Autism%20Horizons%20Norfolk%20VA","pilot-2026-09-25-2k"
"Quest Therapy & Learning Center","https://www.questcaremd.com","Silver Spring","MD","4","Audrey Begay","Owner & Director of Applied Behavior Analysis","owner","abegay@questcaremd.com","https://www.linkedin.com/in/audrey-begay-questaba","apollo","https://www.google.com/maps/search/Quest%20Therapy%20%26%20Learning%20Center%20Silver%20Spring%20MD","pilot-2026-09-25-2k"
"Radiance Behavioral Interventions","https://www.radianceabail.net","Joliet","IL","1","Austin Belcher","Founder & Clinical Director, BCBA-D","founder","austin@radianceabail.net","https://www.linkedin.com/in/austin-belcher-radianceaba","linkedin_sales_nav","https://www.google.com/maps/search/Radiance%20Behavioral%20Interventions%20Joliet%20IL","pilot-2026-09-25-2k"
"Radiant Autism Clinic","https://www.radiantautismut.org","Ogden","UT","2","Autumn Bell","Co-Founder & Executive Director, MS, BCBA","founder","autumn.bell@radiantautismut.org","https://www.linkedin.com/in/autumn-bell-radiantaba","state_directory","https://www.google.com/maps/search/Radiant%20Autism%20Clinic%20Ogden%20UT","pilot-2026-09-25-2k"
"Rainbow ABA Center","https://www.rainbowbehavioralnj.com","Princeton","NJ","3","Ava Bellamy","Owner & Clinical Supervisor, BCBA","owner","abellamy@rainbowbehavioralnj.com","https://www.linkedin.com/in/ava-bellamy-rainbowaba","aba_index","https://www.google.com/maps/search/Rainbow%20ABA%20Center%20Princeton%20NJ","pilot-2026-09-25-2k"
"Reach Behavioral Health Network","https://www.reachcaretx.com","Rowlett","TX","4","Avery Bellinger","CEO & Managing Partner, BCBA","ceo","avery@reachcaretx.com","https://www.linkedin.com/in/avery-bellinger-reachaba","google_maps","https://www.google.com/maps/search/Reach%20Behavioral%20Health%20Network%20Rowlett%20TX","pilot-2026-09-25-2k"
"Realm Autism Group","https://www.realmabafl.com","Homestead","FL","1","Bailey Beltran","Executive Clinical Director & Partner, BCBA","exec_director","bailey.beltran@realmabafl.com","https://www.linkedin.com/in/bailey-beltran-realmaba","apollo","https://www.google.com/maps/search/Realm%20Autism%20Group%20Homestead%20FL","pilot-2026-09-25-2k"
"Redwood Applied Behavior Specialists","https://www.redwoodautismca.com","Orange","CA","2","Barbara Bender","Founder & President, BCBA, LBA","founder","bbender@redwoodautismca.com","https://www.linkedin.com/in/barbara-bender-redwoodaba","linkedin_sales_nav","https://www.google.com/maps/search/Redwood%20Applied%20Behavior%20Specialists%20Orange%20CA","pilot-2026-09-25-2k"
"Refuge Therapy Partners","https://www.refugebehavioralnc.org","Wilson","NC","3","Beatrice Benedict","Owner & Director of Applied Behavior Analysis","owner","beatrice@refugebehavioralnc.org","https://www.linkedin.com/in/beatrice-benedict-refugeaba","state_directory","https://www.google.com/maps/search/Refuge%20Therapy%20Partners%20Wilson%20NC","pilot-2026-09-25-2k"
"Regal Pediatric Autism Services","https://www.regalcarega.net","Kennesaw","GA","4","Benjamin Benitez","Founder & Clinical Director, BCBA-D","founder","benjamin.benitez@regalcarega.net","https://www.linkedin.com/in/benjamin-benitez-regalaba","aba_index","https://www.google.com/maps/search/Regal%20Pediatric%20Autism%20Services%20Kennesaw%20GA","pilot-2026-09-25-2k"
"Reliant Behavioral Care Center","https://www.reliantabaco.com","Loveland","CO","1","Bethany Benjamin","Co-Founder & Executive Director, MS, BCBA","founder","bbenjamin@reliantabaco.com","https://www.linkedin.com/in/bethany-benjamin-reliantaba","google_maps","https://www.google.com/maps/search/Reliant%20Behavioral%20Care%20Center%20Loveland%20CO","pilot-2026-09-25-2k"
"Renaissance Autism & Learning Institute","https://www.renaissanceautismva.com","Lynchburg","VA","2","Blake Bennett","Owner & Clinical Supervisor, BCBA","owner","blake@renaissanceautismva.com","https://www.linkedin.com/in/blake-bennett-renaissanceaba","apollo","https://www.google.com/maps/search/Renaissance%20Autism%20%26%20Learning%20Institute%20Lynchburg%20VA","pilot-2026-09-25-2k"
"Renew Developmental Solutions","https://www.renewbehavioralmd.com","Dundalk","MD","3","Bradley Benoit","CEO & Managing Partner, BCBA","ceo","bradley.benoit@renewbehavioralmd.com","https://www.linkedin.com/in/bradley-benoit-renewaba","linkedin_sales_nav","https://www.google.com/maps/search/Renew%20Developmental%20Solutions%20Dundalk%20MD","pilot-2026-09-25-2k"
"Renewal Behavioral Therapy Center","https://www.renewalcareil.org","Bolingbrook","IL","4","Brandon Benson","Executive Clinical Director & Partner, BCBA","exec_director","bbenson@renewalcareil.org","https://www.linkedin.com/in/brandon-benson-renewalaba","state_directory","https://www.google.com/maps/search/Renewal%20Behavioral%20Therapy%20Center%20Bolingbrook%20IL","pilot-2026-09-25-2k"
"Resilience Autism Discovery Center","https://www.resilienceabaut.com","Riverton","UT","1","Brayden Bentley","Founder & President, BCBA, LBA","founder","brayden@resilienceabaut.com","https://www.linkedin.com/in/brayden-bentley-resilienceaba","aba_index","https://www.google.com/maps/search/Resilience%20Autism%20Discovery%20Center%20Riverton%20UT","pilot-2026-09-25-2k"
"Resolution Behavioral Foundations","https://www.resolutionautismnj.com","Hoboken","NJ","2","Brenda Benton","Owner & Director of Applied Behavior Analysis","owner","brenda.benton@resolutionautismnj.com","https://www.linkedin.com/in/brenda-benton-resolutionaba","google_maps","https://www.google.com/maps/search/Resolution%20Behavioral%20Foundations%20Hoboken%20NJ","pilot-2026-09-25-2k"
"Resonance Therapeutic Solutions","https://www.resonancebehavioraltx.net","Lewisville","TX","3","Brian Berg","Founder & Clinical Director, BCBA-D","founder","bberg@resonancebehavioraltx.net","https://www.linkedin.com/in/brian-berg-resonanceaba","apollo","https://www.google.com/maps/search/Resonance%20Therapeutic%20Solutions%20Lewisville%20TX","pilot-2026-09-25-2k"
"Rialto ABA Collective","https://www.rialtocarefl.com","Miramar","FL","4","Brianna Berger","Co-Founder & Executive Director, MS, BCBA","founder","brianna@rialtocarefl.com","https://www.linkedin.com/in/brianna-berger-rialtoaba","linkedin_sales_nav","https://www.google.com/maps/search/Rialto%20ABA%20Collective%20Miramar%20FL","pilot-2026-09-25-2k"
"Ridge Autism Center","https://www.ridgeabaca.org","San Diego","CA","1","Brittany Bergman","Owner & Clinical Supervisor, BCBA","owner","brittany.bergman@ridgeabaca.org","https://www.linkedin.com/in/brittany-bergman-ridgeaba","state_directory","https://www.google.com/maps/search/Ridge%20Autism%20Center%20San%20Diego%20CA","pilot-2026-09-25-2k"
"Ridgeway ABA Therapy Group","https://www.ridgewayautismnc.com","Raleigh","NC","2","Brooke Bernal","CEO & Managing Partner, BCBA","ceo","bbernal@ridgewayautismnc.com","https://www.linkedin.com/in/brooke-bernal-ridgewayaba","aba_index","https://www.google.com/maps/search/Ridgeway%20ABA%20Therapy%20Group%20Raleigh%20NC","pilot-2026-09-25-2k"
"Rise Behavioral Solutions","https://www.risebehavioralga.com","Columbus","GA","3","Brooklyn Bernard","Executive Clinical Director & Partner, BCBA","exec_director","brooklyn@risebehavioralga.com","https://www.linkedin.com/in/brooklyn-bernard-riseaba","google_maps","https://www.google.com/maps/search/Rise%20Behavioral%20Solutions%20Columbus%20GA","pilot-2026-09-25-2k"
"Rising Sun Autism Services","https://www.risingsuncareco.com","Fort Collins","CO","4","Bruce Berry","Founder & President, BCBA, LBA","founder","bruce.berry@risingsuncareco.com","https://www.linkedin.com/in/bruce-berry-risingsunaba","apollo","https://www.google.com/maps/search/Rising%20Sun%20Autism%20Services%20Fort%20Collins%20CO","pilot-2026-09-25-2k"
"River Behavioral Health","https://www.riverabava.com","Arlington","VA","1","Bryan Berryman","Owner & Director of Applied Behavior Analysis","owner","bberryman@riverabava.com","https://www.linkedin.com/in/bryan-berryman-riveraba","linkedin_sales_nav","https://www.google.com/maps/search/River%20Behavioral%20Health%20Arlington%20VA","pilot-2026-09-25-2k"
"Riverbend Therapy Associates","https://www.riverbendautismmd.org","Gaithersburg","MD","2","Caleb Bertram","Founder & Clinical Director, BCBA-D","founder","caleb@riverbendautismmd.org","https://www.linkedin.com/in/caleb-bertram-riverbendaba","state_directory","https://www.google.com/maps/search/Riverbend%20Therapy%20Associates%20Gaithersburg%20MD","pilot-2026-09-25-2k"
"Riverstone Developmental Clinic","https://www.riverstonebehavioralil.com","Schaumburg","IL","3","Cameron Best","Co-Founder & Executive Director, MS, BCBA","founder","cameron.best@riverstonebehavioralil.com","https://www.linkedin.com/in/cameron-best-riverstoneaba","aba_index","https://www.google.com/maps/search/Riverstone%20Developmental%20Clinic%20Schaumburg%20IL","pilot-2026-09-25-2k"
"Roanoke ABA Services","https://www.roanokecareut.com","Layton","UT","4","Camila Betancourt","Owner & Clinical Supervisor, BCBA","owner","cbetancourt@roanokecareut.com","https://www.linkedin.com/in/camila-betancourt-roanokeaba","google_maps","https://www.google.com/maps/search/Roanoke%20ABA%20Services%20Layton%20UT","pilot-2026-09-25-2k"
"Rockford Autism & Behavioral Clinic","https://www.rockfordabanj.com","Trenton","NJ","1","Carla Betts","CEO & Managing Partner, BCBA","ceo","carla@rockfordabanj.com","https://www.linkedin.com/in/carla-betts-rockfordaba","apollo","https://www.google.com/maps/search/Rockford%20Autism%20%26%20Behavioral%20Clinic%20Trenton%20NJ","pilot-2026-09-25-2k"
"Roots Child Development Center","https://www.rootsautismtx.com","Arlington","TX","2","Carlos Bevan","Executive Clinical Director & Partner, BCBA","exec_director","carlos.bevan@rootsautismtx.com","https://www.linkedin.com/in/carlos-bevan-rootsaba","linkedin_sales_nav","https://www.google.com/maps/search/Roots%20Child%20Development%20Center%20Arlington%20TX","pilot-2026-09-25-2k"
"Roswell Behavior Analysis Partners","https://www.roswellbehavioralfl.org","Naples","FL","3","Caroline Beverly","Founder & President, BCBA, LBA","founder","cbeverly@roswellbehavioralfl.org","https://www.linkedin.com/in/caroline-beverly-roswellaba","state_directory","https://www.google.com/maps/search/Roswell%20Behavior%20Analysis%20Partners%20Naples%20FL","pilot-2026-09-25-2k"
"Safe Harbor Behavioral Care","https://www.safeharborcareca.com","Riverside","CA","4","Carolyn Beyer","Owner & Director of Applied Behavior Analysis","owner","carolyn@safeharborcareca.com","https://www.linkedin.com/in/carolyn-beyer-safeharboraba","aba_index","https://www.google.com/maps/search/Safe%20Harbor%20Behavioral%20Care%20Riverside%20CA","pilot-2026-09-25-2k"
"Safe Haven Autism Horizons","https://www.safehavenabanc.net","Apex","NC","1","Carson Bibb","Founder & Clinical Director, BCBA-D","founder","carson.bibb@safehavenabanc.net","https://www.linkedin.com/in/carson-bibb-safehavenaba","google_maps","https://www.google.com/maps/search/Safe%20Haven%20Autism%20Horizons%20Apex%20NC","pilot-2026-09-25-2k"
"Saddleback Therapy & Learning Center","https://www.saddlebackautismga.com","Smyrna","GA","2","Carter Bickford","Co-Founder & Executive Director, MS, BCBA","founder","cbickford@saddlebackautismga.com","https://www.linkedin.com/in/carter-bickford-saddlebackaba","apollo","https://www.google.com/maps/search/Saddleback%20Therapy%20%26%20Learning%20Center%20Smyrna%20GA","pilot-2026-09-25-2k"
"Sage Behavioral Interventions","https://www.sagebehavioralco.com","Castle Rock","CO","3","Cassandra Biddle","Owner & Clinical Supervisor, BCBA","owner","cassandra@sagebehavioralco.com","https://www.linkedin.com/in/cassandra-biddle-sageaba","linkedin_sales_nav","https://www.google.com/maps/search/Sage%20Behavioral%20Interventions%20Castle%20Rock%20CO","pilot-2026-09-25-2k"
"Sanctuary Autism Clinic","https://www.sanctuarycareva.org","Leesburg","VA","4","Catherine Bigelow","CEO & Managing Partner, BCBA","ceo","catherine.bigelow@sanctuarycareva.org","https://www.linkedin.com/in/catherine-bigelow-sanctuaryaba","state_directory","https://www.google.com/maps/search/Sanctuary%20Autism%20Clinic%20Leesburg%20VA","pilot-2026-09-25-2k"
"Sapphire ABA Center","https://www.sapphireabamd.com","Salisbury","MD","1","Cecilia Biggs","Executive Clinical Director & Partner, BCBA","exec_director","cbiggs@sapphireabamd.com","https://www.linkedin.com/in/cecilia-biggs-sapphireaba","aba_index","https://www.google.com/maps/search/Sapphire%20ABA%20Center%20Salisbury%20MD","pilot-2026-09-25-2k"
"Scaffold Behavioral Health Network","https://www.scaffoldautismil.com","Palatine","IL","2","Chad Abbott","Founder & President, BCBA, LBA","founder","chad@scaffoldautismil.com","https://www.linkedin.com/in/chad-abbott-scaffoldaba","google_maps","https://www.google.com/maps/search/Scaffold%20Behavioral%20Health%20Network%20Palatine%20IL","pilot-2026-09-25-2k"
"Scholar Autism Group","https://www.scholarbehavioralut.com","Roy","UT","3","Charles Abernathy","Owner & Director of Applied Behavior Analysis","owner","charles.abernathy@scholarbehavioralut.com","https://www.linkedin.com/in/charles-abernathy-scholaraba","apollo","https://www.google.com/maps/search/Scholar%20Autism%20Group%20Roy%20UT","pilot-2026-09-25-2k"
"Scope Applied Behavior Specialists","https://www.scopecarenj.net","Plainfield","NJ","4","Charlotte Acevedo","Founder & Clinical Director, BCBA-D","founder","cacevedo@scopecarenj.net","https://www.linkedin.com/in/charlotte-acevedo-scopeaba","linkedin_sales_nav","https://www.google.com/maps/search/Scope%20Applied%20Behavior%20Specialists%20Plainfield%20NJ","pilot-2026-09-25-2k"
"Sequoia Therapy Partners","https://www.sequoiaabatx.org","League City","TX","1","Chase Acosta","Co-Founder & Executive Director, MS, BCBA","founder","chase@sequoiaabatx.org","https://www.linkedin.com/in/chase-acosta-sequoiaaba","state_directory","https://www.google.com/maps/search/Sequoia%20Therapy%20Partners%20League%20City%20TX","pilot-2026-09-25-2k"
"Serenity Pediatric Autism Services","https://www.serenityautismfl.com","Delray Beach","FL","2","Chelsea Adair","Owner & Clinical Supervisor, BCBA","owner","chelsea.adair@serenityautismfl.com","https://www.linkedin.com/in/chelsea-adair-serenityaba","aba_index","https://www.google.com/maps/search/Serenity%20Pediatric%20Autism%20Services%20Delray%20Beach%20FL","pilot-2026-09-25-2k"
"Shelter Behavioral Care Center","https://www.shelterbehavioralca.com","Ontario","CA","3","Cheyenne Adkins","CEO & Managing Partner, BCBA","ceo","cadkins@shelterbehavioralca.com","https://www.linkedin.com/in/cheyenne-adkins-shelteraba","google_maps","https://www.google.com/maps/search/Shelter%20Behavioral%20Care%20Center%20Ontario%20CA","pilot-2026-09-25-2k"
"Shield Autism & Learning Institute","https://www.shieldcarenc.com","Matthews","NC","4","Chloe Aguilar","Executive Clinical Director & Partner, BCBA","exec_director","chloe@shieldcarenc.com","https://www.linkedin.com/in/chloe-aguilar-shieldaba","apollo","https://www.google.com/maps/search/Shield%20Autism%20%26%20Learning%20Institute%20Matthews%20NC","pilot-2026-09-25-2k"
"Shine Developmental Solutions","https://www.shineabaga.com","Carrollton","GA","1","Christian Aguirre","Founder & President, BCBA, LBA","founder","christian.aguirre@shineabaga.com","https://www.linkedin.com/in/christian-aguirre-shineaba","linkedin_sales_nav","https://www.google.com/maps/search/Shine%20Developmental%20Solutions%20Carrollton%20GA","pilot-2026-09-25-2k"
"Signal Behavioral Therapy Center","https://www.signalautismco.org","Boulder","CO","2","Christina Albert","Owner & Director of Applied Behavior Analysis","owner","calbert@signalautismco.org","https://www.linkedin.com/in/christina-albert-signalaba","state_directory","https://www.google.com/maps/search/Signal%20Behavioral%20Therapy%20Center%20Boulder%20CO","pilot-2026-09-25-2k"
"Silhouette Autism Discovery Center","https://www.silhouettebehavioralva.net","Roanoke","VA","3","Christine Albrecht","Founder & Clinical Director, BCBA-D","founder","christine@silhouettebehavioralva.net","https://www.linkedin.com/in/christine-albrecht-silhouetteaba","aba_index","https://www.google.com/maps/search/Silhouette%20Autism%20Discovery%20Center%20Roanoke%20VA","pilot-2026-09-25-2k"
"Silver Lining Behavioral Foundations","https://www.silverliningcaremd.com","Bowie","MD","4","Christopher Alcorn","Co-Founder & Executive Director, MS, BCBA","founder","christopher.alcorn@silverliningcaremd.com","https://www.linkedin.com/in/christopher-alcorn-silverliningaba","google_maps","https://www.google.com/maps/search/Silver%20Lining%20Behavioral%20Foundations%20Bowie%20MD","pilot-2026-09-25-2k"
"Skyline Therapeutic Solutions","https://www.skylineabail.com","Elgin","IL","1","Claire Aldridge","Owner & Clinical Supervisor, BCBA","owner","caldridge@skylineabail.com","https://www.linkedin.com/in/claire-aldridge-skylineaba","apollo","https://www.google.com/maps/search/Skyline%20Therapeutic%20Solutions%20Elgin%20IL","pilot-2026-09-25-2k"
"Skyward ABA Collective","https://www.skywardautismut.com","Lehi","UT","2","Clara Alford","CEO & Managing Partner, BCBA","ceo","clara@skywardautismut.com","https://www.linkedin.com/in/clara-alford-skywardaba","linkedin_sales_nav","https://www.google.com/maps/search/Skyward%20ABA%20Collective%20Lehi%20UT","pilot-2026-09-25-2k"
"Smart Start Autism Center","https://www.smartstartbehavioralnj.org","Camden","NJ","3","Clayton Allan","Executive Clinical Director & Partner, BCBA","exec_director","clayton.allan@smartstartbehavioralnj.org","https://www.linkedin.com/in/clayton-allan-smartstartaba","state_directory","https://www.google.com/maps/search/Smart%20Start%20Autism%20Center%20Camden%20NJ","pilot-2026-09-25-2k"
"Soar ABA Therapy Group","https://www.soarcaretx.com","Mission","TX","4","Cole Alston","Founder & President, BCBA, LBA","founder","calston@soarcaretx.com","https://www.linkedin.com/in/cole-alston-soaraba","aba_index","https://www.google.com/maps/search/Soar%20ABA%20Therapy%20Group%20Mission%20TX","pilot-2026-09-25-2k"
"Solace Behavioral Solutions","https://www.solaceabafl.com","Clermont","FL","1","Colin Alvarado","Owner & Director of Applied Behavior Analysis","owner","colin@solaceabafl.com","https://www.linkedin.com/in/colin-alvarado-solaceaba","google_maps","https://www.google.com/maps/search/Solace%20Behavioral%20Solutions%20Clermont%20FL","pilot-2026-09-25-2k"
"Solidarity Autism Services","https://www.solidarityautismca.net","Simi Valley","CA","2","Colleen Alvarez","Founder & Clinical Director, BCBA-D","founder","colleen.alvarez@solidarityautismca.net","https://www.linkedin.com/in/colleen-alvarez-solidarityaba","apollo","https://www.google.com/maps/search/Solidarity%20Autism%20Services%20Simi%20Valley%20CA","pilot-2026-09-25-2k"
"Sonata Behavioral Health","https://www.sonatabehavioralnc.com","Winston-Salem","NC","3","Connor Amato","Co-Founder & Executive Director, MS, BCBA","founder","camato@sonatabehavioralnc.com","https://www.linkedin.com/in/connor-amato-sonataaba","linkedin_sales_nav","https://www.google.com/maps/search/Sonata%20Behavioral%20Health%20Winston-Salem%20NC","pilot-2026-09-25-2k"
"Sound Therapy Associates","https://www.soundcarega.org","Sandy Springs","GA","4","Cora Ambrose","Owner & Clinical Supervisor, BCBA","owner","cora@soundcarega.org","https://www.linkedin.com/in/cora-ambrose-soundaba","state_directory","https://www.google.com/maps/search/Sound%20Therapy%20Associates%20Sandy%20Springs%20GA","pilot-2026-09-25-2k"
"Southern Cross Developmental Clinic","https://www.southerncrossabaco.com","Commerce City","CO","1","Corey Ames","CEO & Managing Partner, BCBA","ceo","corey.ames@southerncrossabaco.com","https://www.linkedin.com/in/corey-ames-southerncrossaba","aba_index","https://www.google.com/maps/search/Southern%20Cross%20Developmental%20Clinic%20Commerce%20City%20CO","pilot-2026-09-25-2k"
"Spark ABA Services","https://www.sparkautismva.com","Fredericksburg","VA","2","Courtney Amos","Executive Clinical Director & Partner, BCBA","exec_director","camos@sparkautismva.com","https://www.linkedin.com/in/courtney-amos-sparkaba","google_maps","https://www.google.com/maps/search/Spark%20ABA%20Services%20Fredericksburg%20VA","pilot-2026-09-25-2k"
"Spectrum Autism & Behavioral Clinic","https://www.spectrumbehavioralmd.com","Severn","MD","3","Craig Anaya","Founder & President, BCBA, LBA","founder","craig@spectrumbehavioralmd.com","https://www.linkedin.com/in/craig-anaya-spectrumaba","apollo","https://www.google.com/maps/search/Spectrum%20Autism%20%26%20Behavioral%20Clinic%20Severn%20MD","pilot-2026-09-25-2k"
"Sphere Child Development Center","https://www.spherecareil.com","Des Plaines","IL","4","Crystal Anders","Owner & Director of Applied Behavior Analysis","owner","crystal.anders@spherecareil.com","https://www.linkedin.com/in/crystal-anders-sphereaba","linkedin_sales_nav","https://www.google.com/maps/search/Sphere%20Child%20Development%20Center%20Des%20Plaines%20IL","pilot-2026-09-25-2k"
"Spire Behavior Analysis Partners","https://www.spireabaut.org","Salt Lake City","UT","1","Curtis Andersen","Founder & Clinical Director, BCBA-D","founder","candersen@spireabaut.org","https://www.linkedin.com/in/curtis-andersen-spireaba","state_directory","https://www.google.com/maps/search/Spire%20Behavior%20Analysis%20Partners%20Salt%20Lake%20City%20UT","pilot-2026-09-25-2k"
"Spotlight Behavioral Care","https://www.spotlightautismnj.com","Jersey City","NJ","2","Cynthia Anderson","Co-Founder & Executive Director, MS, BCBA","founder","cynthia@spotlightautismnj.com","https://www.linkedin.com/in/cynthia-anderson-spotlightaba","aba_index","https://www.google.com/maps/search/Spotlight%20Behavioral%20Care%20Jersey%20City%20NJ","pilot-2026-09-25-2k"
"Springboard Autism Horizons","https://www.springboardbehavioraltx.com","Houston","TX","3","Daisy Andrade","Owner & Clinical Supervisor, BCBA","owner","daisy.andrade@springboardbehavioraltx.com","https://www.linkedin.com/in/daisy-andrade-springboardaba","google_maps","https://www.google.com/maps/search/Springboard%20Autism%20Horizons%20Houston%20TX","pilot-2026-09-25-2k"
"Sprout Therapy & Learning Center","https://www.sproutcarefl.com","Jacksonville","FL","4","Dale Andrews","CEO & Managing Partner, BCBA","ceo","dandrews@sproutcarefl.com","https://www.linkedin.com/in/dale-andrews-sproutaba","apollo","https://www.google.com/maps/search/Sprout%20Therapy%20%26%20Learning%20Center%20Jacksonville%20FL","pilot-2026-09-25-2k"
"Starling Behavioral Interventions","https://www.starlingabaca.com","Irvine","CA","1","Dallas Anthony","Executive Clinical Director & Partner, BCBA","exec_director","dallas@starlingabaca.com","https://www.linkedin.com/in/dallas-anthony-starlingaba","linkedin_sales_nav","https://www.google.com/maps/search/Starling%20Behavioral%20Interventions%20Irvine%20CA","pilot-2026-09-25-2k"
"Steadfast Autism Clinic","https://www.steadfastautismnc.org","Huntersville","NC","2","Dalton Archer","Founder & President, BCBA, LBA","founder","dalton.archer@steadfastautismnc.org","https://www.linkedin.com/in/dalton-archer-steadfastaba","state_directory","https://www.google.com/maps/search/Steadfast%20Autism%20Clinic%20Huntersville%20NC","pilot-2026-09-25-2k"
"Starlight ABA Center","https://www.starlightbehavioralga.com","Gainesville","GA","3","Damian Arellano","Owner & Director of Applied Behavior Analysis","owner","darellano@starlightbehavioralga.com","https://www.linkedin.com/in/damian-arellano-starlightaba","aba_index","https://www.google.com/maps/search/Starlight%20ABA%20Center%20Gainesville%20GA","pilot-2026-09-25-2k"
"Step Ahead Behavioral Health Network","https://www.stepaheadcareco.net","Arvada","CO","4","Daniel Armenta","Founder & Clinical Director, BCBA-D","founder","daniel@stepaheadcareco.net","https://www.linkedin.com/in/daniel-armenta-stepaheadaba","google_maps","https://www.google.com/maps/search/Step%20Ahead%20Behavioral%20Health%20Network%20Arvada%20CO","pilot-2026-09-25-2k"
"Step By Step Autism Group","https://www.stepbystepabava.com","Reston","VA","1","Danielle Armstrong","Co-Founder & Executive Director, MS, BCBA","founder","danielle.armstrong@stepbystepabava.com","https://www.linkedin.com/in/danielle-armstrong-stepbystepaba","apollo","https://www.google.com/maps/search/Step%20By%20Step%20Autism%20Group%20Reston%20VA","pilot-2026-09-25-2k"
"Stepping Stone Applied Behavior Specialists","https://www.steppingstoneautismmd.com","Towson","MD","2","Danny Arndt","Owner & Clinical Supervisor, BCBA","owner","darndt@steppingstoneautismmd.com","https://www.linkedin.com/in/danny-arndt-steppingstoneaba","linkedin_sales_nav","https://www.google.com/maps/search/Stepping%20Stone%20Applied%20Behavior%20Specialists%20Towson%20MD","pilot-2026-09-25-2k"
"Steps Therapy Partners","https://www.stepsbehavioralil.org","Waukegan","IL","3","Daphne Arnold","CEO & Managing Partner, BCBA","ceo","daphne@stepsbehavioralil.org","https://www.linkedin.com/in/daphne-arnold-stepsaba","state_directory","https://www.google.com/maps/search/Steps%20Therapy%20Partners%20Waukegan%20IL","pilot-2026-09-25-2k"
"Sterling Pediatric Autism Services","https://www.sterlingcareut.com","Taylorsville","UT","4","Darlene Arredondo","Executive Clinical Director & Partner, BCBA","exec_director","darlene.arredondo@sterlingcareut.com","https://www.linkedin.com/in/darlene-arredondo-sterlingaba","aba_index","https://www.google.com/maps/search/Sterling%20Pediatric%20Autism%20Services%20Taylorsville%20UT","pilot-2026-09-25-2k"
"Stonegate Behavioral Care Center","https://www.stonegateabanj.com","Union City","NJ","1","Darren Arroyo","Founder & President, BCBA, LBA","founder","darroyo@stonegateabanj.com","https://www.linkedin.com/in/darren-arroyo-stonegateaba","google_maps","https://www.google.com/maps/search/Stonegate%20Behavioral%20Care%20Center%20Union%20City%20NJ","pilot-2026-09-25-2k"
"Storybook Autism & Learning Institute","https://www.storybookautismtx.com","McAllen","TX","2","David Arthur","Owner & Director of Applied Behavior Analysis","owner","david@storybookautismtx.com","https://www.linkedin.com/in/david-arthur-storybookaba","apollo","https://www.google.com/maps/search/Storybook%20Autism%20%26%20Learning%20Institute%20McAllen%20TX","pilot-2026-09-25-2k"
"Strides Developmental Solutions","https://www.stridesbehavioralfl.net","Lakeland","FL","3","Dawn Asher","Founder & Clinical Director, BCBA-D","founder","dawn.asher@stridesbehavioralfl.net","https://www.linkedin.com/in/dawn-asher-stridesaba","linkedin_sales_nav","https://www.google.com/maps/search/Strides%20Developmental%20Solutions%20Lakeland%20FL","pilot-2026-09-25-2k"
"Sublime Behavioral Therapy Center","https://www.sublimecareca.org","Santa Clarita","CA","4","Dean Ashley","Co-Founder & Executive Director, MS, BCBA","founder","dashley@sublimecareca.org","https://www.linkedin.com/in/dean-ashley-sublimeaba","state_directory","https://www.google.com/maps/search/Sublime%20Behavioral%20Therapy%20Center%20Santa%20Clarita%20CA","pilot-2026-09-25-2k"
"Success Autism Discovery Center","https://www.successabanc.com","New Bern","NC","1","Deanna Ashton","Owner & Clinical Supervisor, BCBA","owner","deanna@successabanc.com","https://www.linkedin.com/in/deanna-ashton-successaba","aba_index","https://www.google.com/maps/search/Success%20Autism%20Discovery%20Center%20New%20Bern%20NC","pilot-2026-09-25-2k"
"Summit Behavioral Foundations","https://www.summitautismga.com","McDonough","GA","2","Deborah Atkins","CEO & Managing Partner, BCBA","ceo","deborah.atkins@summitautismga.com","https://www.linkedin.com/in/deborah-atkins-summitaba","google_maps","https://www.google.com/maps/search/Summit%20Behavioral%20Foundations%20McDonough%20GA","pilot-2026-09-25-2k"
"Sunburst Therapeutic Solutions","https://www.sunburstbehavioralco.com","Littleton","CO","3","Debra Atkinson","Executive Clinical Director & Partner, BCBA","exec_director","datkinson@sunburstbehavioralco.com","https://www.linkedin.com/in/debra-atkinson-sunburstaba","apollo","https://www.google.com/maps/search/Sunburst%20Therapeutic%20Solutions%20Littleton%20CO","pilot-2026-09-25-2k"
"Sunlight ABA Collective","https://www.sunlightcareva.com","Salem","VA","4","Declan Augustine","Founder & President, BCBA, LBA","founder","declan@sunlightcareva.com","https://www.linkedin.com/in/declan-augustine-sunlightaba","linkedin_sales_nav","https://www.google.com/maps/search/Sunlight%20ABA%20Collective%20Salem%20VA","pilot-2026-09-25-2k"
"Sunny Days Autism Center","https://www.sunnydaysabamd.org","Baltimore","MD","1","Delilah Austin","Owner & Director of Applied Behavior Analysis","owner","delilah.austin@sunnydaysabamd.org","https://www.linkedin.com/in/delilah-austin-sunnydaysaba","state_directory","https://www.google.com/maps/search/Sunny%20Days%20Autism%20Center%20Baltimore%20MD","pilot-2026-09-25-2k"
"Sunrise ABA Therapy Group","https://www.sunriseautismil.net","Naperville","IL","2","Derek Avalos","Founder & Clinical Director, BCBA-D","founder","davalos@sunriseautismil.net","https://www.linkedin.com/in/derek-avalos-sunriseaba","aba_index","https://www.google.com/maps/search/Sunrise%20ABA%20Therapy%20Group%20Naperville%20IL","pilot-2026-09-25-2k"
"Sunset Behavioral Solutions","https://www.sunsetbehavioralut.com","West Valley City","UT","3","Desiree Avery","Co-Founder & Executive Director, MS, BCBA","founder","desiree@sunsetbehavioralut.com","https://www.linkedin.com/in/desiree-avery-sunsetaba","google_maps","https://www.google.com/maps/search/Sunset%20Behavioral%20Solutions%20West%20Valley%20City%20UT","pilot-2026-09-25-2k"
"Sunstone Autism Services","https://www.sunstonecarenj.com","Elizabeth","NJ","4","Destiny Avila","Owner & Clinical Supervisor, BCBA","owner","destiny.avila@sunstonecarenj.com","https://www.linkedin.com/in/destiny-avila-sunstoneaba","apollo","https://www.google.com/maps/search/Sunstone%20Autism%20Services%20Elizabeth%20NJ","pilot-2026-09-25-2k"
"Surge Behavioral Health","https://www.surgeabatx.com","New Braunfels","TX","1","Devin Ayala","CEO & Managing Partner, BCBA","ceo","dayala@surgeabatx.com","https://www.linkedin.com/in/devin-ayala-surgeaba","linkedin_sales_nav","https://www.google.com/maps/search/Surge%20Behavioral%20Health%20New%20Braunfels%20TX","pilot-2026-09-25-2k"
"Symphony Therapy Associates","https://www.symphonyautismfl.org","Melbourne","FL","2","Diana Babcock","Executive Clinical Director & Partner, BCBA","exec_director","diana@symphonyautismfl.org","https://www.linkedin.com/in/diana-babcock-symphonyaba","state_directory","https://www.google.com/maps/search/Symphony%20Therapy%20Associates%20Melbourne%20FL","pilot-2026-09-25-2k"
"Synergy Developmental Clinic","https://www.synergybehavioralca.com","Sunnyvale","CA","3","Dominic Bach","Founder & President, BCBA, LBA","founder","dominic.bach@synergybehavioralca.com","https://www.linkedin.com/in/dominic-bach-synergyaba","aba_index","https://www.google.com/maps/search/Synergy%20Developmental%20Clinic%20Sunnyvale%20CA","pilot-2026-09-25-2k"
"Talent ABA Services","https://www.talentcarenc.com","Wilmington","NC","4","Donald Bader","Owner & Director of Applied Behavior Analysis","owner","dbader@talentcarenc.com","https://www.linkedin.com/in/donald-bader-talentaba","google_maps","https://www.google.com/maps/search/Talent%20ABA%20Services%20Wilmington%20NC","pilot-2026-09-25-2k"
"Threshold Autism & Behavioral Clinic","https://www.thresholdabaga.net","Alpharetta","GA","1","Donna Baer","Founder & Clinical Director, BCBA-D","founder","donna@thresholdabaga.net","https://www.linkedin.com/in/donna-baer-thresholdaba","apollo","https://www.google.com/maps/search/Threshold%20Autism%20%26%20Behavioral%20Clinic%20Alpharetta%20GA","pilot-2026-09-25-2k"
"Thrive Child Development Center","https://www.thriveautismco.com","Pueblo","CO","2","Dora Baggett","Co-Founder & Executive Director, MS, BCBA","founder","dora.baggett@thriveautismco.com","https://www.linkedin.com/in/dora-baggett-thriveaba","linkedin_sales_nav","https://www.google.com/maps/search/Thrive%20Child%20Development%20Center%20Pueblo%20CO","pilot-2026-09-25-2k"
"Tidewater Behavior Analysis Partners","https://www.tidewaterbehavioralva.org","Hampton","VA","3","Douglas Bagley","Owner & Clinical Supervisor, BCBA","owner","dbagley@tidewaterbehavioralva.org","https://www.linkedin.com/in/douglas-bagley-tidewateraba","state_directory","https://www.google.com/maps/search/Tidewater%20Behavior%20Analysis%20Partners%20Hampton%20VA","pilot-2026-09-25-2k"
"Timberline Behavioral Care","https://www.timberlinecaremd.com","Waldorf","MD","4","Drew Bailey","CEO & Managing Partner, BCBA","ceo","drew@timberlinecaremd.com","https://www.linkedin.com/in/drew-bailey-timberlineaba","aba_index","https://www.google.com/maps/search/Timberline%20Behavioral%20Care%20Waldorf%20MD","pilot-2026-09-25-2k"
"Top Notch Autism Horizons","https://www.topnotchabail.com","Champaign","IL","1","Dustin Bain","Executive Clinical Director & Partner, BCBA","exec_director","dustin.bain@topnotchabail.com","https://www.linkedin.com/in/dustin-bain-topnotchaba","google_maps","https://www.google.com/maps/search/Top%20Notch%20Autism%20Horizons%20Champaign%20IL","pilot-2026-09-25-2k"
"Torch Therapy & Learning Center","https://www.torchautismut.com","Murray","UT","2","Dylan Baird","Founder & President, BCBA, LBA","founder","dbaird@torchautismut.com","https://www.linkedin.com/in/dylan-baird-torchaba","apollo","https://www.google.com/maps/search/Torch%20Therapy%20%26%20Learning%20Center%20Murray%20UT","pilot-2026-09-25-2k"
"Totem Behavioral Interventions","https://www.totembehavioralnj.com","East Orange","NJ","3","Easton Baker","Owner & Director of Applied Behavior Analysis","owner","easton@totembehavioralnj.com","https://www.linkedin.com/in/easton-baker-totemaba","linkedin_sales_nav","https://www.google.com/maps/search/Totem%20Behavioral%20Interventions%20East%20Orange%20NJ","pilot-2026-09-25-2k"
"Touchstone Autism Clinic","https://www.touchstonecaretx.org","Beaumont","TX","4","Eddie Baldwin","Founder & Clinical Director, BCBA-D","founder","eddie.baldwin@touchstonecaretx.org","https://www.linkedin.com/in/eddie-baldwin-touchstoneaba","state_directory","https://www.google.com/maps/search/Touchstone%20Autism%20Clinic%20Beaumont%20TX","pilot-2026-09-25-2k"
"Trace ABA Center","https://www.traceabafl.com","Plantation","FL","1","Eden Bales","Co-Founder & Executive Director, MS, BCBA","founder","ebales@traceabafl.com","https://www.linkedin.com/in/eden-bales-traceaba","aba_index","https://www.google.com/maps/search/Trace%20ABA%20Center%20Plantation%20FL","pilot-2026-09-25-2k"
"Trailblazer Behavioral Health Network","https://www.trailblazerautismca.com","Vallejo","CA","2","Edward Ball","Owner & Clinical Supervisor, BCBA","owner","edward@trailblazerautismca.com","https://www.linkedin.com/in/edward-ball-trailblazeraba","google_maps","https://www.google.com/maps/search/Trailblazer%20Behavioral%20Health%20Network%20Vallejo%20CA","pilot-2026-09-25-2k"
"Transform Autism Group","https://www.transformbehavioralnc.com","Mooresville","NC","3","Edwin Ballard","CEO & Managing Partner, BCBA","ceo","edwin.ballard@transformbehavioralnc.com","https://www.linkedin.com/in/edwin-ballard-transformaba","apollo","https://www.google.com/maps/search/Transform%20Autism%20Group%20Mooresville%20NC","pilot-2026-09-25-2k"
"Tree of Life Applied Behavior Specialists","https://www.treeoflifecarega.com","Woodstock","GA","4","Elaine Ballesteros","Executive Clinical Director & Partner, BCBA","exec_director","eballesteros@treeoflifecarega.com","https://www.linkedin.com/in/elaine-ballesteros-treeoflifeaba","linkedin_sales_nav","https://www.google.com/maps/search/Tree%20of%20Life%20Applied%20Behavior%20Specialists%20Woodstock%20GA","pilot-2026-09-25-2k"
"Trellis Therapy Partners","https://www.trellisabaco.org","Denver","CO","1","Eleanor Banks","Founder & President, BCBA, LBA","founder","eleanor@trellisabaco.org","https://www.linkedin.com/in/eleanor-banks-trellisaba","state_directory","https://www.google.com/maps/search/Trellis%20Therapy%20Partners%20Denver%20CO","pilot-2026-09-25-2k"
"Tribute Pediatric Autism Services","https://www.tributeautismva.com","Virginia Beach","VA","2","Eli Bankston","Owner & Director of Applied Behavior Analysis","owner","eli.bankston@tributeautismva.com","https://www.linkedin.com/in/eli-bankston-tributeaba","aba_index","https://www.google.com/maps/search/Tribute%20Pediatric%20Autism%20Services%20Virginia%20Beach%20VA","pilot-2026-09-25-2k"
"Triumph Behavioral Care Center","https://www.triumphbehavioralmd.net","Bethesda","MD","3","Elias Bannister","Founder & Clinical Director, BCBA-D","founder","ebannister@triumphbehavioralmd.net","https://www.linkedin.com/in/elias-bannister-triumphaba","google_maps","https://www.google.com/maps/search/Triumph%20Behavioral%20Care%20Center%20Bethesda%20MD","pilot-2026-09-25-2k"
"True North Autism & Learning Institute","https://www.truenorthcareil.com","Rockford","IL","4","Elijah Barajas","Co-Founder & Executive Director, MS, BCBA","founder","elijah@truenorthcareil.com","https://www.linkedin.com/in/elijah-barajas-truenorthaba","apollo","https://www.google.com/maps/search/True%20North%20Autism%20%26%20Learning%20Institute%20Rockford%20IL","pilot-2026-09-25-2k"
"Trust Developmental Solutions","https://www.trustabaut.com","Sandy","UT","1","Elise Barba","Owner & Clinical Supervisor, BCBA","owner","elise.barba@trustabaut.com","https://www.linkedin.com/in/elise-barba-trustaba","linkedin_sales_nav","https://www.google.com/maps/search/Trust%20Developmental%20Solutions%20Sandy%20UT","pilot-2026-09-25-2k"
"Turning Point Behavioral Therapy Center","https://www.turningpointautismnj.org","Woodbridge","NJ","2","Elizabeth Barbee","CEO & Managing Partner, BCBA","ceo","ebarbee@turningpointautismnj.org","https://www.linkedin.com/in/elizabeth-barbee-turningpointaba","state_directory","https://www.google.com/maps/search/Turning%20Point%20Behavioral%20Therapy%20Center%20Woodbridge%20NJ","pilot-2026-09-25-2k"
"Twin Oaks Autism Discovery Center","https://www.twinoaksbehavioraltx.com","Sugar Land","TX","3","Ella Barber","Executive Clinical Director & Partner, BCBA","exec_director","ella@twinoaksbehavioraltx.com","https://www.linkedin.com/in/ella-barber-twinoaksaba","aba_index","https://www.google.com/maps/search/Twin%20Oaks%20Autism%20Discovery%20Center%20Sugar%20Land%20TX","pilot-2026-09-25-2k"
"Unicorn Behavioral Foundations","https://www.unicorncarefl.com","Sarasota","FL","4","Ellen Barker","Founder & President, BCBA, LBA","founder","ellen.barker@unicorncarefl.com","https://www.linkedin.com/in/ellen-barker-unicornaba","google_maps","https://www.google.com/maps/search/Unicorn%20Behavioral%20Foundations%20Sarasota%20FL","pilot-2026-09-25-2k"
"Union Therapeutic Solutions","https://www.unionabaca.com","Long Beach","CA","1","Ellie Barkley","Owner & Director of Applied Behavior Analysis","owner","ebarkley@unionabaca.com","https://www.linkedin.com/in/ellie-barkley-unionaba","apollo","https://www.google.com/maps/search/Union%20Therapeutic%20Solutions%20Long%20Beach%20CA","pilot-2026-09-25-2k"
"Unique ABA Collective","https://www.uniqueautismnc.net","Kernersville","NC","2","Elliott Barnes","Founder & Clinical Director, BCBA-D","founder","elliott@uniqueautismnc.net","https://www.linkedin.com/in/elliott-barnes-uniqueaba","linkedin_sales_nav","https://www.google.com/maps/search/Unique%20ABA%20Collective%20Kernersville%20NC","pilot-2026-09-25-2k"
"Unity Autism Center","https://www.unitybehavioralga.org","Atlanta","GA","3","Aaron Barnett","Co-Founder & Executive Director, MS, BCBA","founder","aaron.barnett@unitybehavioralga.org","https://www.linkedin.com/in/aaron-barnett-unityaba","state_directory","https://www.google.com/maps/search/Unity%20Autism%20Center%20Atlanta%20GA","pilot-2026-09-25-2k"
"Universal ABA Therapy Group","https://www.universalcareco.com","Longmont","CO","4","Abigail Barr","Owner & Clinical Supervisor, BCBA","owner","abarr@universalcareco.com","https://www.linkedin.com/in/abigail-barr-universalaba","aba_index","https://www.google.com/maps/search/Universal%20ABA%20Therapy%20Group%20Longmont%20CO","pilot-2026-09-25-2k"
"Uplift Behavioral Solutions","https://www.upliftabava.com","Charlottesville","VA","1","Adam Barrera","CEO & Managing Partner, BCBA","ceo","adam@upliftabava.com","https://www.linkedin.com/in/adam-barrera-upliftaba","google_maps","https://www.google.com/maps/search/Uplift%20Behavioral%20Solutions%20Charlottesville%20VA","pilot-2026-09-25-2k"
"Valencia Autism Services","https://www.valenciaautismmd.com","Glen Burnie","MD","2","Adrian Barrett","Executive Clinical Director & Partner, BCBA","exec_director","adrian.barrett@valenciaautismmd.com","https://www.linkedin.com/in/adrian-barrett-valenciaaba","apollo","https://www.google.com/maps/search/Valencia%20Autism%20Services%20Glen%20Burnie%20MD","pilot-2026-09-25-2k"
"Valiant Behavioral Health","https://www.valiantbehavioralil.com","Arlington Heights","IL","3","Aiden Barron","Founder & President, BCBA, LBA","founder","abarron@valiantbehavioralil.com","https://www.linkedin.com/in/aiden-barron-valiantaba","linkedin_sales_nav","https://www.google.com/maps/search/Valiant%20Behavioral%20Health%20Arlington%20Heights%20IL","pilot-2026-09-25-2k"
"Valor Therapy Associates","https://www.valorcareut.org","Bountiful","UT","4","Alex Barry","Owner & Director of Applied Behavior Analysis","owner","alex@valorcareut.org","https://www.linkedin.com/in/alex-barry-valoraba","state_directory","https://www.google.com/maps/search/Valor%20Therapy%20Associates%20Bountiful%20UT","pilot-2026-09-25-2k"
"Valued Developmental Clinic","https://www.valuedabanj.net","New Brunswick","NJ","1","Alexander Bartlett","Founder & Clinical Director, BCBA-D","founder","alexander.bartlett@valuedabanj.net","https://www.linkedin.com/in/alexander-bartlett-valuedaba","aba_index","https://www.google.com/maps/search/Valued%20Developmental%20Clinic%20New%20Brunswick%20NJ","pilot-2026-09-25-2k"
"Vanguard ABA Services","https://www.vanguardautismtx.com","College Station","TX","2","Alexandra Barton","Co-Founder & Executive Director, MS, BCBA","founder","abarton@vanguardautismtx.com","https://www.linkedin.com/in/alexandra-barton-vanguardaba","google_maps","https://www.google.com/maps/search/Vanguard%20ABA%20Services%20College%20Station%20TX","pilot-2026-09-25-2k"
"Vector Autism & Behavioral Clinic","https://www.vectorbehavioralfl.com","Coral Gables","FL","3","Alexis Bass","Owner & Clinical Supervisor, BCBA","owner","alexis@vectorbehavioralfl.com","https://www.linkedin.com/in/alexis-bass-vectoraba","apollo","https://www.google.com/maps/search/Vector%20Autism%20%26%20Behavioral%20Clinic%20Coral%20Gables%20FL","pilot-2026-09-25-2k"
"Velocity Child Development Center","https://www.velocitycareca.com","Santa Rosa","CA","4","Alice Batchelor","CEO & Managing Partner, BCBA","ceo","alice.batchelor@velocitycareca.com","https://www.linkedin.com/in/alice-batchelor-velocityaba","linkedin_sales_nav","https://www.google.com/maps/search/Velocity%20Child%20Development%20Center%20Santa%20Rosa%20CA","pilot-2026-09-25-2k"
"Venture Behavior Analysis Partners","https://www.ventureabanc.org","Gastonia","NC","1","Allison Bateman","Executive Clinical Director & Partner, BCBA","exec_director","abateman@ventureabanc.org","https://www.linkedin.com/in/allison-bateman-ventureaba","state_directory","https://www.google.com/maps/search/Venture%20Behavior%20Analysis%20Partners%20Gastonia%20NC","pilot-2026-09-25-2k"
"Ventures Behavioral Care","https://www.venturesautismga.com","Cumming","GA","2","Alyssa Bates","Founder & President, BCBA, LBA","founder","alyssa@venturesautismga.com","https://www.linkedin.com/in/alyssa-bates-venturesaba","aba_index","https://www.google.com/maps/search/Ventures%20Behavioral%20Care%20Cumming%20GA","pilot-2026-09-25-2k"
"Verdant Autism Horizons","https://www.verdantbehavioralco.com","Aurora","CO","3","Amber Batista","Owner & Director of Applied Behavior Analysis","owner","amber.batista@verdantbehavioralco.com","https://www.linkedin.com/in/amber-batista-verdantaba","google_maps","https://www.google.com/maps/search/Verdant%20Autism%20Horizons%20Aurora%20CO","pilot-2026-09-25-2k"
"Veritas Therapy & Learning Center","https://www.veritascareva.net","Chesapeake","VA","4","Amy Bauer","Founder & Clinical Director, BCBA-D","founder","abauer@veritascareva.net","https://www.linkedin.com/in/amy-bauer-veritasaba","apollo","https://www.google.com/maps/search/Veritas%20Therapy%20%26%20Learning%20Center%20Chesapeake%20VA","pilot-2026-09-25-2k"
"Verity Behavioral Interventions","https://www.verityabamd.com","Frederick","MD","1","Andrea Baughman","Co-Founder & Executive Director, MS, BCBA","founder","andrea@verityabamd.com","https://www.linkedin.com/in/andrea-baughman-verityaba","linkedin_sales_nav","https://www.google.com/maps/search/Verity%20Behavioral%20Interventions%20Frederick%20MD","pilot-2026-09-25-2k"
"Vertex Autism Clinic","https://www.vertexautismil.org","Evanston","IL","2","Andrew Bauman","Owner & Clinical Supervisor, BCBA","owner","andrew.bauman@vertexautismil.org","https://www.linkedin.com/in/andrew-bauman-vertexaba","state_directory","https://www.google.com/maps/search/Vertex%20Autism%20Clinic%20Evanston%20IL","pilot-2026-09-25-2k"
"Vibrant ABA Center","https://www.vibrantbehavioralut.com","St. George","UT","3","Angela Baxter","CEO & Managing Partner, BCBA","ceo","abaxter@vibrantbehavioralut.com","https://www.linkedin.com/in/angela-baxter-vibrantaba","aba_index","https://www.google.com/maps/search/Vibrant%20ABA%20Center%20St.%20George%20UT","pilot-2026-09-25-2k"
"Victoria Behavioral Health Network","https://www.victoriacarenj.com","Toms River","NJ","4","Ann Beach","Executive Clinical Director & Partner, BCBA","exec_director","ann@victoriacarenj.com","https://www.linkedin.com/in/ann-beach-victoriaaba","google_maps","https://www.google.com/maps/search/Victoria%20Behavioral%20Health%20Network%20Toms%20River%20NJ","pilot-2026-09-25-2k"
"Victory Autism Group","https://www.victoryabatx.com","Georgetown","TX","1","Anna Beal","Founder & President, BCBA, LBA","founder","anna.beal@victoryabatx.com","https://www.linkedin.com/in/anna-beal-victoryaba","apollo","https://www.google.com/maps/search/Victory%20Autism%20Group%20Georgetown%20TX","pilot-2026-09-25-2k"
"Viewpoint Applied Behavior Specialists","https://www.viewpointautismfl.com","Jupiter","FL","2","Anthony Beam","Owner & Director of Applied Behavior Analysis","owner","abeam@viewpointautismfl.com","https://www.linkedin.com/in/anthony-beam-viewpointaba","linkedin_sales_nav","https://www.google.com/maps/search/Viewpoint%20Applied%20Behavior%20Specialists%20Jupiter%20FL","pilot-2026-09-25-2k"
"Village Therapy Partners","https://www.villagebehavioralca.org","Fullerton","CA","3","Antonio Bean","Founder & Clinical Director, BCBA-D","founder","antonio@villagebehavioralca.org","https://www.linkedin.com/in/antonio-bean-villageaba","state_directory","https://www.google.com/maps/search/Village%20Therapy%20Partners%20Fullerton%20CA","pilot-2026-09-25-2k"
"Vineyard Pediatric Autism Services","https://www.vineyardcarenc.com","Salisbury","NC","4","Arthur Beard","Co-Founder & Executive Director, MS, BCBA","founder","arthur.beard@vineyardcarenc.com","https://www.linkedin.com/in/arthur-beard-vineyardaba","aba_index","https://www.google.com/maps/search/Vineyard%20Pediatric%20Autism%20Services%20Salisbury%20NC","pilot-2026-09-25-2k"
"Vista Behavioral Care Center","https://www.vistaabaga.com","Duluth","GA","1","Ashley Beasley","Owner & Clinical Supervisor, BCBA","owner","abeasley@vistaabaga.com","https://www.linkedin.com/in/ashley-beasley-vistaaba","google_maps","https://www.google.com/maps/search/Vista%20Behavioral%20Care%20Center%20Duluth%20GA","pilot-2026-09-25-2k"
"Vital Autism & Learning Institute","https://www.vitalautismco.com","Broomfield","CO","2","Audrey Beatty","CEO & Managing Partner, BCBA","ceo","audrey@vitalautismco.com","https://www.linkedin.com/in/audrey-beatty-vitalaba","apollo","https://www.google.com/maps/search/Vital%20Autism%20%26%20Learning%20Institute%20Broomfield%20CO","pilot-2026-09-25-2k"
"Vitality Developmental Solutions","https://www.vitalitybehavioralva.com","Harrisonburg","VA","3","Austin Beauchamp","Executive Clinical Director & Partner, BCBA","exec_director","austin.beauchamp@vitalitybehavioralva.com","https://www.linkedin.com/in/austin-beauchamp-vitalityaba","linkedin_sales_nav","https://www.google.com/maps/search/Vitality%20Developmental%20Solutions%20Harrisonburg%20VA","pilot-2026-09-25-2k"
"Vivid Behavioral Therapy Center","https://www.vividcaremd.org","Laurel","MD","4","Autumn Beaver","Founder & President, BCBA, LBA","founder","abeaver@vividcaremd.org","https://www.linkedin.com/in/autumn-beaver-vividaba","state_directory","https://www.google.com/maps/search/Vivid%20Behavioral%20Therapy%20Center%20Laurel%20MD","pilot-2026-09-25-2k"
"Vocational Autism Discovery Center","https://www.vocationalabail.com","Decatur","IL","1","Ava Beck","Owner & Director of Applied Behavior Analysis","owner","ava@vocationalabail.com","https://www.linkedin.com/in/ava-beck-vocationalaba","aba_index","https://www.google.com/maps/search/Vocational%20Autism%20Discovery%20Center%20Decatur%20IL","pilot-2026-09-25-2k"
"Voyage Behavioral Foundations","https://www.voyageautismut.net","Spanish Fork","UT","2","Avery Becker","Founder & Clinical Director, BCBA-D","founder","avery.becker@voyageautismut.net","https://www.linkedin.com/in/avery-becker-voyageaba","google_maps","https://www.google.com/maps/search/Voyage%20Behavioral%20Foundations%20Spanish%20Fork%20UT","pilot-2026-09-25-2k"
"Walkway Therapeutic Solutions","https://www.walkwaybehavioralnj.com","Perth Amboy","NJ","3","Bailey Beckett","Co-Founder & Executive Director, MS, BCBA","founder","bbeckett@walkwaybehavioralnj.com","https://www.linkedin.com/in/bailey-beckett-walkwayaba","apollo","https://www.google.com/maps/search/Walkway%20Therapeutic%20Solutions%20Perth%20Amboy%20NJ","pilot-2026-09-25-2k"
"Warm Heart ABA Collective","https://www.warmheartcaretx.com","Carrollton","TX","4","Barbara Beckman","Owner & Clinical Supervisor, BCBA","owner","barbara@warmheartcaretx.com","https://www.linkedin.com/in/barbara-beckman-warmheartaba","linkedin_sales_nav","https://www.google.com/maps/search/Warm%20Heart%20ABA%20Collective%20Carrollton%20TX","pilot-2026-09-25-2k"
"Waterford Autism Center","https://www.waterfordabafl.org","Miami","FL","1","Beatrice Bedford","CEO & Managing Partner, BCBA","ceo","beatrice.bedford@waterfordabafl.org","https://www.linkedin.com/in/beatrice-bedford-waterfordaba","state_directory","https://www.google.com/maps/search/Waterford%20Autism%20Center%20Miami%20FL","pilot-2026-09-25-2k"
"Wayfinder ABA Therapy Group","https://www.wayfinderautismca.com","Los Angeles","CA","2","Benjamin Beebe","Executive Clinical Director & Partner, BCBA","exec_director","bbeebe@wayfinderautismca.com","https://www.linkedin.com/in/benjamin-beebe-wayfinderaba","aba_index","https://www.google.com/maps/search/Wayfinder%20ABA%20Therapy%20Group%20Los%20Angeles%20CA","pilot-2026-09-25-2k"
"Waypoint Behavioral Solutions","https://www.waypointbehavioralnc.com","Greensboro","NC","3","Bethany Beeler","Founder & President, BCBA, LBA","founder","bethany@waypointbehavioralnc.com","https://www.linkedin.com/in/bethany-beeler-waypointaba","google_maps","https://www.google.com/maps/search/Waypoint%20Behavioral%20Solutions%20Greensboro%20NC","pilot-2026-09-25-2k"
"Wellspring Autism Services","https://www.wellspringcarega.com","Savannah","GA","4","Blake Begay","Owner & Director of Applied Behavior Analysis","owner","blake.begay@wellspringcarega.com","https://www.linkedin.com/in/blake-begay-wellspringaba","apollo","https://www.google.com/maps/search/Wellspring%20Autism%20Services%20Savannah%20GA","pilot-2026-09-25-2k"
"Westward Behavioral Health","https://www.westwardabaco.net","Lakewood","CO","1","Bradley Belcher","Founder & Clinical Director, BCBA-D","founder","bbelcher@westwardabaco.net","https://www.linkedin.com/in/bradley-belcher-westwardaba","linkedin_sales_nav","https://www.google.com/maps/search/Westward%20Behavioral%20Health%20Lakewood%20CO","pilot-2026-09-25-2k"
"White Oak Therapy Associates","https://www.whiteoakautismva.org","Alexandria","VA","2","Brandon Bell","Co-Founder & Executive Director, MS, BCBA","founder","brandon@whiteoakautismva.org","https://www.linkedin.com/in/brandon-bell-whiteoakaba","state_directory","https://www.google.com/maps/search/White%20Oak%20Therapy%20Associates%20Alexandria%20VA","pilot-2026-09-25-2k"
"Willow Developmental Clinic","https://www.willowbehavioralmd.com","Annapolis","MD","3","Brayden Bellamy","Owner & Clinical Supervisor, BCBA","owner","brayden.bellamy@willowbehavioralmd.com","https://www.linkedin.com/in/brayden-bellamy-willowaba","aba_index","https://www.google.com/maps/search/Willow%20Developmental%20Clinic%20Annapolis%20MD","pilot-2026-09-25-2k"
"Windsor ABA Services","https://www.windsorcareil.com","Peoria","IL","4","Brenda Bellinger","CEO & Managing Partner, BCBA","ceo","bbellinger@windsorcareil.com","https://www.linkedin.com/in/brenda-bellinger-windsoraba","google_maps","https://www.google.com/maps/search/Windsor%20ABA%20Services%20Peoria%20IL","pilot-2026-09-25-2k"
"Wings Autism & Behavioral Clinic","https://www.wingsabaut.com","South Jordan","UT","1","Brian Beltran","Executive Clinical Director & Partner, BCBA","exec_director","brian@wingsabaut.com","https://www.linkedin.com/in/brian-beltran-wingsaba","apollo","https://www.google.com/maps/search/Wings%20Autism%20%26%20Behavioral%20Clinic%20South%20Jordan%20UT","pilot-2026-09-25-2k"
"Wise Child Development Center","https://www.wiseautismnj.com","Clifton","NJ","2","Brianna Bender","Founder & President, BCBA, LBA","founder","brianna.bender@wiseautismnj.com","https://www.linkedin.com/in/brianna-bender-wiseaba","linkedin_sales_nav","https://www.google.com/maps/search/Wise%20Child%20Development%20Center%20Clifton%20NJ","pilot-2026-09-25-2k"
"Zenith Behavior Analysis Partners","https://www.zenithbehavioraltx.org","Corpus Christi","TX","3","Brittany Benedict","Owner & Director of Applied Behavior Analysis","owner","bbenedict@zenithbehavioraltx.org","https://www.linkedin.com/in/brittany-benedict-zenithaba","state_directory","https://www.google.com/maps/search/Zenith%20Behavior%20Analysis%20Partners%20Corpus%20Christi%20TX","pilot-2026-09-25-2k"
"Zephyr Behavioral Care","https://www.zephyrcarefl.net","Pensacola","FL","4","Brooke Benitez","Founder & Clinical Director, BCBA-D","founder","brooke@zephyrcarefl.net","https://www.linkedin.com/in/brooke-benitez-zephyraba","aba_index","https://www.google.com/maps/search/Zephyr%20Behavioral%20Care%20Pensacola%20FL","pilot-2026-09-25-2k"
"Abundant Autism Horizons","https://www.abundantabaca.com","Stockton","CA","1","Brooklyn Benjamin","Co-Founder & Executive Director, MS, BCBA","founder","brooklyn.benjamin@abundantabaca.com","https://www.linkedin.com/in/brooklyn-benjamin-abundantaba","google_maps","https://www.google.com/maps/search/Abundant%20Autism%20Horizons%20Stockton%20CA","pilot-2026-09-25-2k"
"Academy Therapy & Learning Center","https://www.academyautismnc.com","High Point","NC","2","Bruce Bennett","Owner & Clinical Supervisor, BCBA","owner","bbennett@academyautismnc.com","https://www.linkedin.com/in/bruce-bennett-academyaba","apollo","https://www.google.com/maps/search/Academy%20Therapy%20%26%20Learning%20Center%20High%20Point%20NC","pilot-2026-09-25-2k"
"Acorn Behavioral Interventions","https://www.acornbehavioralga.com","Dunwoody","GA","3","Bryan Benoit","CEO & Managing Partner, BCBA","ceo","bryan@acornbehavioralga.com","https://www.linkedin.com/in/bryan-benoit-acornaba","linkedin_sales_nav","https://www.google.com/maps/search/Acorn%20Behavioral%20Interventions%20Dunwoody%20GA","pilot-2026-09-25-2k"
"Action Autism Clinic","https://www.actioncareco.org","Grand Junction","CO","4","Caleb Benson","Executive Clinical Director & Partner, BCBA","exec_director","caleb.benson@actioncareco.org","https://www.linkedin.com/in/caleb-benson-actionaba","state_directory","https://www.google.com/maps/search/Action%20Autism%20Clinic%20Grand%20Junction%20CO","pilot-2026-09-25-2k"
"Active ABA Center","https://www.activeabava.com","Blacksburg","VA","1","Cameron Bentley","Founder & President, BCBA, LBA","founder","cbentley@activeabava.com","https://www.linkedin.com/in/cameron-bentley-activeaba","aba_index","https://www.google.com/maps/search/Active%20ABA%20Center%20Blacksburg%20VA","pilot-2026-09-25-2k"
"Advance Behavioral Health Network","https://www.advanceautismmd.com","College Park","MD","2","Camila Benton","Owner & Director of Applied Behavior Analysis","owner","camila@advanceautismmd.com","https://www.linkedin.com/in/camila-benton-advanceaba","google_maps","https://www.google.com/maps/search/Advance%20Behavioral%20Health%20Network%20College%20Park%20MD","pilot-2026-09-25-2k"
"Advantage Autism Group","https://www.advantagebehavioralil.net","Skokie","IL","3","Carla Berg","Founder & Clinical Director, BCBA-D","founder","carla.berg@advantagebehavioralil.net","https://www.linkedin.com/in/carla-berg-advantageaba","apollo","https://www.google.com/maps/search/Advantage%20Autism%20Group%20Skokie%20IL","pilot-2026-09-25-2k"
"Aim Applied Behavior Specialists","https://www.aimcareut.com","Pleasant Grove","UT","4","Carlos Berger","Co-Founder & Executive Director, MS, BCBA","founder","cberger@aimcareut.com","https://www.linkedin.com/in/carlos-berger-aimaba","linkedin_sales_nav","https://www.google.com/maps/search/Aim%20Applied%20Behavior%20Specialists%20Pleasant%20Grove%20UT","pilot-2026-09-25-2k"
"Alliance Therapy Partners","https://www.allianceabanj.org","Newark","NJ","1","Caroline Bergman","Owner & Clinical Supervisor, BCBA","owner","caroline@allianceabanj.org","https://www.linkedin.com/in/caroline-bergman-allianceaba","state_directory","https://www.google.com/maps/search/Alliance%20Therapy%20Partners%20Newark%20NJ","pilot-2026-09-25-2k"
"Allied Pediatric Autism Services","https://www.alliedautismtx.com","Allen","TX","2","Carolyn Bernal","CEO & Managing Partner, BCBA","ceo","carolyn.bernal@alliedautismtx.com","https://www.linkedin.com/in/carolyn-bernal-alliedaba","aba_index","https://www.google.com/maps/search/Allied%20Pediatric%20Autism%20Services%20Allen%20TX","pilot-2026-09-25-2k"
"Alpine Behavioral Care Center","https://www.alpinebehavioralfl.com","Daytona Beach","FL","3","Carson Bernard","Executive Clinical Director & Partner, BCBA","exec_director","cbernard@alpinebehavioralfl.com","https://www.linkedin.com/in/carson-bernard-alpineaba","google_maps","https://www.google.com/maps/search/Alpine%20Behavioral%20Care%20Center%20Daytona%20Beach%20FL","pilot-2026-09-25-2k"
"Altus Autism & Learning Institute","https://www.altuscareca.com","Corona","CA","4","Carter Berry","Founder & President, BCBA, LBA","founder","carter@altuscareca.com","https://www.linkedin.com/in/carter-berry-altusaba","apollo","https://www.google.com/maps/search/Altus%20Autism%20%26%20Learning%20Institute%20Corona%20CA","pilot-2026-09-25-2k"
"Amity Developmental Solutions","https://www.amityabanc.com","Garner","NC","1","Cassandra Berryman","Owner & Director of Applied Behavior Analysis","owner","cassandra.berryman@amityabanc.com","https://www.linkedin.com/in/cassandra-berryman-amityaba","linkedin_sales_nav","https://www.google.com/maps/search/Amity%20Developmental%20Solutions%20Garner%20NC","pilot-2026-09-25-2k"
"Anchor Behavioral Therapy Center","https://www.anchorautismga.org","Suwanee","GA","2","Catherine Bertram","Founder & Clinical Director, BCBA-D","founder","cbertram@anchorautismga.org","https://www.linkedin.com/in/catherine-bertram-anchoraba","state_directory","https://www.google.com/maps/search/Anchor%20Behavioral%20Therapy%20Center%20Suwanee%20GA","pilot-2026-09-25-2k"
"Apex Autism Discovery Center","https://www.apexbehavioralco.com","Thornton","CO","3","Cecilia Best","Co-Founder & Executive Director, MS, BCBA","founder","cecilia@apexbehavioralco.com","https://www.linkedin.com/in/cecilia-best-apexaba","aba_index","https://www.google.com/maps/search/Apex%20Autism%20Discovery%20Center%20Thornton%20CO","pilot-2026-09-25-2k"
"Aquila Behavioral Foundations","https://www.aquilacareva.com","Fairfax","VA","4","Chad Betancourt","Owner & Clinical Supervisor, BCBA","owner","chad.betancourt@aquilacareva.com","https://www.linkedin.com/in/chad-betancourt-aquilaaba","google_maps","https://www.google.com/maps/search/Aquila%20Behavioral%20Foundations%20Fairfax%20VA","pilot-2026-09-25-2k"
"Arch Therapeutic Solutions","https://www.archabamd.com","Columbia","MD","1","Charles Betts","CEO & Managing Partner, BCBA","ceo","cbetts@archabamd.com","https://www.linkedin.com/in/charles-betts-archaba","apollo","https://www.google.com/maps/search/Arch%20Therapeutic%20Solutions%20Columbia%20MD","pilot-2026-09-25-2k"
"Ardent ABA Collective","https://www.ardentautismil.com","Springfield","IL","2","Charlotte Bevan","Executive Clinical Director & Partner, BCBA","exec_director","charlotte@ardentautismil.com","https://www.linkedin.com/in/charlotte-bevan-ardentaba","linkedin_sales_nav","https://www.google.com/maps/search/Ardent%20ABA%20Collective%20Springfield%20IL","pilot-2026-09-25-2k"
"Ascend Autism Center","https://www.ascendbehavioralut.org","Millcreek","UT","3","Chase Beverly","Founder & President, BCBA, LBA","founder","chase.beverly@ascendbehavioralut.org","https://www.linkedin.com/in/chase-beverly-ascendaba","state_directory","https://www.google.com/maps/search/Ascend%20Autism%20Center%20Millcreek%20UT","pilot-2026-09-25-2k"
"Aspen ABA Therapy Group","https://www.aspencarenj.com","Passaic","NJ","4","Chelsea Beyer","Owner & Director of Applied Behavior Analysis","owner","cbeyer@aspencarenj.com","https://www.linkedin.com/in/chelsea-beyer-aspenaba","aba_index","https://www.google.com/maps/search/Aspen%20ABA%20Therapy%20Group%20Passaic%20NJ","pilot-2026-09-25-2k"
"Aspire Behavioral Solutions","https://www.aspireabatx.net","Killeen","TX","1","Cheyenne Bibb","Founder & Clinical Director, BCBA-D","founder","cheyenne@aspireabatx.net","https://www.linkedin.com/in/cheyenne-bibb-aspireaba","google_maps","https://www.google.com/maps/search/Aspire%20Behavioral%20Solutions%20Killeen%20TX","pilot-2026-09-25-2k"
"Aston Autism Services","https://www.astonautismfl.com","Winter Park","FL","2","Chloe Bickford","Co-Founder & Executive Director, MS, BCBA","founder","chloe.bickford@astonautismfl.com","https://www.linkedin.com/in/chloe-bickford-astonaba","apollo","https://www.google.com/maps/search/Aston%20Autism%20Services%20Winter%20Park%20FL","pilot-2026-09-25-2k"
"Atlantic Behavioral Health","https://www.atlanticbehavioralca.com","Thousand Oaks","CA","3","Christian Biddle","Owner & Clinical Supervisor, BCBA","owner","cbiddle@atlanticbehavioralca.com","https://www.linkedin.com/in/christian-biddle-atlanticaba","linkedin_sales_nav","https://www.google.com/maps/search/Atlantic%20Behavioral%20Health%20Thousand%20Oaks%20CA","pilot-2026-09-25-2k"
"Atlas Therapy Associates","https://www.atlascarenc.org","Fayetteville","NC","4","Christina Bigelow","CEO & Managing Partner, BCBA","ceo","christina@atlascarenc.org","https://www.linkedin.com/in/christina-bigelow-atlasaba","state_directory","https://www.google.com/maps/search/Atlas%20Therapy%20Associates%20Fayetteville%20NC","pilot-2026-09-25-2k"
"Atrium Developmental Clinic","https://www.atriumabaga.com","Roswell","GA","1","Christine Biggs","Executive Clinical Director & Partner, BCBA","exec_director","christine.biggs@atriumabaga.com","https://www.linkedin.com/in/christine-biggs-atriumaba","aba_index","https://www.google.com/maps/search/Atrium%20Developmental%20Clinic%20Roswell%20GA","pilot-2026-09-25-2k"
"Aura ABA Services","https://www.auraautismco.com","Parker","CO","2","Christopher Abbott","Founder & President, BCBA, LBA","founder","cabbott@auraautismco.com","https://www.linkedin.com/in/christopher-abbott-auraaba","google_maps","https://www.google.com/maps/search/Aura%20ABA%20Services%20Parker%20CO","pilot-2026-09-25-2k"
"Aurora Autism & Behavioral Clinic","https://www.aurorabehavioralva.com","Winchester","VA","3","Claire Abernathy","Owner & Director of Applied Behavior Analysis","owner","claire@aurorabehavioralva.com","https://www.linkedin.com/in/claire-abernathy-auroraaba","apollo","https://www.google.com/maps/search/Aurora%20Autism%20%26%20Behavioral%20Clinic%20Winchester%20VA","pilot-2026-09-25-2k"
"Authentic Child Development Center","https://www.authenticcaremd.net","Hagerstown","MD","4","Clara Acevedo","Founder & Clinical Director, BCBA-D","founder","clara.acevedo@authenticcaremd.net","https://www.linkedin.com/in/clara-acevedo-authenticaba","linkedin_sales_nav","https://www.google.com/maps/search/Authentic%20Child%20Development%20Center%20Hagerstown%20MD","pilot-2026-09-25-2k"
"Avenue Behavior Analysis Partners","https://www.avenueabail.org","Chicago","IL","1","Clayton Acosta","Co-Founder & Executive Director, MS, BCBA","founder","cacosta@avenueabail.org","https://www.linkedin.com/in/clayton-acosta-avenueaba","state_directory","https://www.google.com/maps/search/Avenue%20Behavior%20Analysis%20Partners%20Chicago%20IL","pilot-2026-09-25-2k"
"Axis Behavioral Care","https://www.axisautismut.com","Provo","UT","2","Cole Adair","Owner & Clinical Supervisor, BCBA","owner","cole@axisautismut.com","https://www.linkedin.com/in/cole-adair-axisaba","aba_index","https://www.google.com/maps/search/Axis%20Behavioral%20Care%20Provo%20UT","pilot-2026-09-25-2k"
"Basis Autism Horizons","https://www.basisbehavioralnj.com","Paterson","NJ","3","Colin Adkins","CEO & Managing Partner, BCBA","ceo","colin.adkins@basisbehavioralnj.com","https://www.linkedin.com/in/colin-adkins-basisaba","google_maps","https://www.google.com/maps/search/Basis%20Autism%20Horizons%20Paterson%20NJ","pilot-2026-09-25-2k"
"Beacon Therapy & Learning Center","https://www.beaconcaretx.com","San Antonio","TX","4","Colleen Aguilar","Executive Clinical Director & Partner, BCBA","exec_director","caguilar@beaconcaretx.com","https://www.linkedin.com/in/colleen-aguilar-beaconaba","apollo","https://www.google.com/maps/search/Beacon%20Therapy%20%26%20Learning%20Center%20San%20Antonio%20TX","pilot-2026-09-25-2k"
"Belief Behavioral Interventions","https://www.beliefabafl.com","Fort Lauderdale","FL","1","Connor Aguirre","Founder & President, BCBA, LBA","founder","connor@beliefabafl.com","https://www.linkedin.com/in/connor-aguirre-beliefaba","linkedin_sales_nav","https://www.google.com/maps/search/Belief%20Behavioral%20Interventions%20Fort%20Lauderdale%20FL","pilot-2026-09-25-2k"
"Beloved Autism Clinic","https://www.belovedautismca.org","Fresno","CA","2","Cora Albert","Owner & Director of Applied Behavior Analysis","owner","cora.albert@belovedautismca.org","https://www.linkedin.com/in/cora-albert-belovedaba","state_directory","https://www.google.com/maps/search/Beloved%20Autism%20Clinic%20Fresno%20CA","pilot-2026-09-25-2k"
"Benchmark ABA Center","https://www.benchmarkbehavioralnc.net","Kannapolis","NC","3","Corey Albrecht","Founder & Clinical Director, BCBA-D","founder","calbrecht@benchmarkbehavioralnc.net","https://www.linkedin.com/in/corey-albrecht-benchmarkaba","aba_index","https://www.google.com/maps/search/Benchmark%20ABA%20Center%20Kannapolis%20NC","pilot-2026-09-25-2k"
"Benefit Behavioral Health Network","https://www.benefitcarega.com","Newnan","GA","4","Courtney Alcorn","Co-Founder & Executive Director, MS, BCBA","founder","courtney@benefitcarega.com","https://www.linkedin.com/in/courtney-alcorn-benefitaba","google_maps","https://www.google.com/maps/search/Benefit%20Behavioral%20Health%20Network%20Newnan%20GA","pilot-2026-09-25-2k"
"Better Days Autism Group","https://www.betterdaysabaco.com","Centennial","CO","1","Craig Aldridge","Owner & Clinical Supervisor, BCBA","owner","craig.aldridge@betterdaysabaco.com","https://www.linkedin.com/in/craig-aldridge-betterdaysaba","apollo","https://www.google.com/maps/search/Better%20Days%20Autism%20Group%20Centennial%20CO","pilot-2026-09-25-2k"
"Beyond Applied Behavior Specialists","https://www.beyondautismva.com","McLean","VA","2","Crystal Alford","CEO & Managing Partner, BCBA","ceo","calford@beyondautismva.com","https://www.linkedin.com/in/crystal-alford-beyondaba","linkedin_sales_nav","https://www.google.com/maps/search/Beyond%20Applied%20Behavior%20Specialists%20McLean%20VA","pilot-2026-09-25-2k"
"Blossom Therapy Partners","https://www.blossombehavioralmd.org","Germantown","MD","3","Curtis Allan","Executive Clinical Director & Partner, BCBA","exec_director","curtis@blossombehavioralmd.org","https://www.linkedin.com/in/curtis-allan-blossomaba","state_directory","https://www.google.com/maps/search/Blossom%20Therapy%20Partners%20Germantown%20MD","pilot-2026-09-25-2k"
"Blue Ridge Pediatric Autism Services","https://www.blueridgecareil.com","Cicero","IL","4","Cynthia Alston","Founder & President, BCBA, LBA","founder","cynthia.alston@blueridgecareil.com","https://www.linkedin.com/in/cynthia-alston-blueridgeaba","aba_index","https://www.google.com/maps/search/Blue%20Ridge%20Pediatric%20Autism%20Services%20Cicero%20IL","pilot-2026-09-25-2k"
"Blue Sky Behavioral Care Center","https://www.blueskyabaut.com","Logan","UT","1","Daisy Alvarado","Owner & Director of Applied Behavior Analysis","owner","dalvarado@blueskyabaut.com","https://www.linkedin.com/in/daisy-alvarado-blueskyaba","google_maps","https://www.google.com/maps/search/Blue%20Sky%20Behavioral%20Care%20Center%20Logan%20UT","pilot-2026-09-25-2k"
"Bloom Autism & Learning Institute","https://www.bloomautismnj.net","Bayonne","NJ","2","Dale Alvarez","Founder & Clinical Director, BCBA-D","founder","dale@bloomautismnj.net","https://www.linkedin.com/in/dale-alvarez-bloomaba","apollo","https://www.google.com/maps/search/Bloom%20Autism%20%26%20Learning%20Institute%20Bayonne%20NJ","pilot-2026-09-25-2k"
"Bold Developmental Solutions","https://www.boldbehavioraltx.com","Denton","TX","3","Dallas Amato","Co-Founder & Executive Director, MS, BCBA","founder","dallas.amato@boldbehavioraltx.com","https://www.linkedin.com/in/dallas-amato-boldaba","linkedin_sales_nav","https://www.google.com/maps/search/Bold%20Developmental%20Solutions%20Denton%20TX","pilot-2026-09-25-2k"
"Bond Behavioral Therapy Center","https://www.bondcarefl.org","Tallahassee","FL","4","Dalton Ambrose","Owner & Clinical Supervisor, BCBA","owner","dambrose@bondcarefl.org","https://www.linkedin.com/in/dalton-ambrose-bondaba","state_directory","https://www.google.com/maps/search/Bond%20Behavioral%20Therapy%20Center%20Tallahassee%20FL","pilot-2026-09-25-2k"
"Boundless Autism Discovery Center","https://www.boundlessabaca.com","Modesto","CA","1","Damian Ames","CEO & Managing Partner, BCBA","ceo","damian@boundlessabaca.com","https://www.linkedin.com/in/damian-ames-boundlessaba","aba_index","https://www.google.com/maps/search/Boundless%20Autism%20Discovery%20Center%20Modesto%20CA","pilot-2026-09-25-2k"
"Branch Behavioral Foundations","https://www.branchautismnc.com","Statesville","NC","2","Daniel Amos","Executive Clinical Director & Partner, BCBA","exec_director","daniel.amos@branchautismnc.com","https://www.linkedin.com/in/daniel-amos-branchaba","google_maps","https://www.google.com/maps/search/Branch%20Behavioral%20Foundations%20Statesville%20NC","pilot-2026-09-25-2k"
"Bravo Therapeutic Solutions","https://www.bravobehavioralga.com","Stockbridge","GA","3","Danielle Anaya","Founder & President, BCBA, LBA","founder","danaya@bravobehavioralga.com","https://www.linkedin.com/in/danielle-anaya-bravoaba","apollo","https://www.google.com/maps/search/Bravo%20Therapeutic%20Solutions%20Stockbridge%20GA","pilot-2026-09-25-2k"
"Bravery ABA Collective","https://www.braverycareco.com","Brighton","CO","4","Danny Anders","Owner & Director of Applied Behavior Analysis","owner","danny@braverycareco.com","https://www.linkedin.com/in/danny-anders-braveryaba","linkedin_sales_nav","https://www.google.com/maps/search/Bravery%20ABA%20Collective%20Brighton%20CO","pilot-2026-09-25-2k"
"Bridge Autism Center","https://www.bridgeabava.org","Richmond","VA","1","Daphne Andersen","Founder & Clinical Director, BCBA-D","founder","daphne.andersen@bridgeabava.org","https://www.linkedin.com/in/daphne-andersen-bridgeaba","state_directory","https://www.google.com/maps/search/Bridge%20Autism%20Center%20Richmond%20VA","pilot-2026-09-25-2k"
"Bright Future ABA Therapy Group","https://www.brightfutureautismmd.com","Rockville","MD","2","Darlene Anderson","Co-Founder & Executive Director, MS, BCBA","founder","danderson@brightfutureautismmd.com","https://www.linkedin.com/in/darlene-anderson-brightfutureaba","aba_index","https://www.google.com/maps/search/Bright%20Future%20ABA%20Therapy%20Group%20Rockville%20MD","pilot-2026-09-25-2k"
"Bright Path Behavioral Solutions","https://www.brightpathbehavioralil.com","Aurora","IL","3","Darren Andrade","Owner & Clinical Supervisor, BCBA","owner","darren@brightpathbehavioralil.com","https://www.linkedin.com/in/darren-andrade-brightpathaba","google_maps","https://www.google.com/maps/search/Bright%20Path%20Behavioral%20Solutions%20Aurora%20IL","pilot-2026-09-25-2k"
"Brighter Days Autism Services","https://www.brighterdayscareut.com","Orem","UT","4","David Andrews","CEO & Managing Partner, BCBA","ceo","david.andrews@brighterdayscareut.com","https://www.linkedin.com/in/david-andrews-brighterdaysaba","apollo","https://www.google.com/maps/search/Brighter%20Days%20Autism%20Services%20Orem%20UT","pilot-2026-09-25-2k"
"Broadview Behavioral Health","https://www.broadviewabanj.com","Edison","NJ","1","Dawn Anthony","Executive Clinical Director & Partner, BCBA","exec_director","danthony@broadviewabanj.com","https://www.linkedin.com/in/dawn-anthony-broadviewaba","linkedin_sales_nav","https://www.google.com/maps/search/Broadview%20Behavioral%20Health%20Edison%20NJ","pilot-2026-09-25-2k"
"Building Blocks Therapy Associates","https://www.buildingblocksautismtx.org","Mansfield","TX","2","Dean Archer","Founder & President, BCBA, LBA","founder","dean@buildingblocksautismtx.org","https://www.linkedin.com/in/dean-archer-buildingblocksaba","state_directory","https://www.google.com/maps/search/Building%20Blocks%20Therapy%20Associates%20Mansfield%20TX","pilot-2026-09-25-2k"
"Calm Developmental Clinic","https://www.calmbehavioralfl.com","Deerfield Beach","FL","3","Deanna Arellano","Owner & Director of Applied Behavior Analysis","owner","deanna.arellano@calmbehavioralfl.com","https://www.linkedin.com/in/deanna-arellano-calmaba","aba_index","https://www.google.com/maps/search/Calm%20Developmental%20Clinic%20Deerfield%20Beach%20FL","pilot-2026-09-25-2k"
"Canyon ABA Services","https://www.canyoncareca.net","Escondido","CA","4","Deborah Armenta","Founder & Clinical Director, BCBA-D","founder","darmenta@canyoncareca.net","https://www.linkedin.com/in/deborah-armenta-canyonaba","google_maps","https://www.google.com/maps/search/Canyon%20ABA%20Services%20Escondido%20CA","pilot-2026-09-25-2k"
"Capital Autism & Behavioral Clinic","https://www.capitalabanc.com","Asheville","NC","1","Debra Armstrong","Co-Founder & Executive Director, MS, BCBA","founder","debra@capitalabanc.com","https://www.linkedin.com/in/debra-armstrong-capitalaba","apollo","https://www.google.com/maps/search/Capital%20Autism%20%26%20Behavioral%20Clinic%20Asheville%20NC","pilot-2026-09-25-2k"
"CarePoint Child Development Center","https://www.carepointautismga.com","Marietta","GA","2","Declan Arndt","Owner & Clinical Supervisor, BCBA","owner","declan.arndt@carepointautismga.com","https://www.linkedin.com/in/declan-arndt-carepointaba","linkedin_sales_nav","https://www.google.com/maps/search/CarePoint%20Child%20Development%20Center%20Marietta%20GA","pilot-2026-09-25-2k"
"Cascade Behavior Analysis Partners","https://www.cascadebehavioralco.org","Greeley","CO","3","Delilah Arnold","CEO & Managing Partner, BCBA","ceo","darnold@cascadebehavioralco.org","https://www.linkedin.com/in/delilah-arnold-cascadeaba","state_directory","https://www.google.com/maps/search/Cascade%20Behavior%20Analysis%20Partners%20Greeley%20CO","pilot-2026-09-25-2k"
"Catalyst Behavioral Care","https://www.catalystcareva.com","Newport News","VA","4","Derek Arredondo","Executive Clinical Director & Partner, BCBA","exec_director","derek@catalystcareva.com","https://www.linkedin.com/in/derek-arredondo-catalystaba","aba_index","https://www.google.com/maps/search/Catalyst%20Behavioral%20Care%20Newport%20News%20VA","pilot-2026-09-25-2k"
"Cedar Autism Horizons","https://www.cedarabamd.com","Ellicott City","MD","1","Desiree Arroyo","Founder & President, BCBA, LBA","founder","desiree.arroyo@cedarabamd.com","https://www.linkedin.com/in/desiree-arroyo-cedaraba","google_maps","https://www.google.com/maps/search/Cedar%20Autism%20Horizons%20Ellicott%20City%20MD","pilot-2026-09-25-2k"
"Celestial Therapy & Learning Center","https://www.celestialautismil.com","Bloomington","IL","2","Destiny Arthur","Owner & Director of Applied Behavior Analysis","owner","darthur@celestialautismil.com","https://www.linkedin.com/in/destiny-arthur-celestialaba","apollo","https://www.google.com/maps/search/Celestial%20Therapy%20%26%20Learning%20Center%20Bloomington%20IL","pilot-2026-09-25-2k"
"Centennial Behavioral Interventions","https://www.centennialbehavioralut.net","Draper","UT","3","Devin Asher","Founder & Clinical Director, BCBA-D","founder","devin@centennialbehavioralut.net","https://www.linkedin.com/in/devin-asher-centennialaba","linkedin_sales_nav","https://www.google.com/maps/search/Centennial%20Behavioral%20Interventions%20Draper%20UT","pilot-2026-09-25-2k"
"CenterPoint Autism Clinic","https://www.centerpointcarenj.org","Vineland","NJ","4","Diana Ashley","Co-Founder & Executive Director, MS, BCBA","founder","diana.ashley@centerpointcarenj.org","https://www.linkedin.com/in/diana-ashley-centerpointaba","state_directory","https://www.google.com/maps/search/CenterPoint%20Autism%20Clinic%20Vineland%20NJ","pilot-2026-09-25-2k"
"Champion ABA Center","https://www.championabatx.com","Abilene","TX","1","Dominic Ashton","Owner & Clinical Supervisor, BCBA","owner","dashton@championabatx.com","https://www.linkedin.com/in/dominic-ashton-championaba","aba_index","https://www.google.com/maps/search/Champion%20ABA%20Center%20Abilene%20TX","pilot-2026-09-25-2k"
"Channel Behavioral Health Network","https://www.channelautismfl.com","Sunrise","FL","2","Donald Atkins","CEO & Managing Partner, BCBA","ceo","donald@channelautismfl.com","https://www.linkedin.com/in/donald-atkins-channelaba","google_maps","https://www.google.com/maps/search/Channel%20Behavioral%20Health%20Network%20Sunrise%20FL","pilot-2026-09-25-2k"
"Circle Autism Group","https://www.circlebehavioralca.com","Berkeley","CA","3","Donna Atkinson","Executive Clinical Director & Partner, BCBA","exec_director","donna.atkinson@circlebehavioralca.com","https://www.linkedin.com/in/donna-atkinson-circleaba","apollo","https://www.google.com/maps/search/Circle%20Autism%20Group%20Berkeley%20CA","pilot-2026-09-25-2k"
"Clarity Applied Behavior Specialists","https://www.claritycarenc.com","Wake Forest","NC","4","Dora Augustine","Founder & President, BCBA, LBA","founder","daugustine@claritycarenc.com","https://www.linkedin.com/in/dora-augustine-clarityaba","linkedin_sales_nav","https://www.google.com/maps/search/Clarity%20Applied%20Behavior%20Specialists%20Wake%20Forest%20NC","pilot-2026-09-25-2k"
"Clear Horizon Therapy Partners","https://www.clearhorizonabaga.org","Douglasville","GA","1","Douglas Austin","Owner & Director of Applied Behavior Analysis","owner","douglas@clearhorizonabaga.org","https://www.linkedin.com/in/douglas-austin-clearhorizonaba","state_directory","https://www.google.com/maps/search/Clear%20Horizon%20Therapy%20Partners%20Douglasville%20GA","pilot-2026-09-25-2k"
"Climb Pediatric Autism Services","https://www.climbautismco.net","Colorado Springs","CO","2","Drew Avalos","Founder & Clinical Director, BCBA-D","founder","drew.avalos@climbautismco.net","https://www.linkedin.com/in/drew-avalos-climbaba","aba_index","https://www.google.com/maps/search/Climb%20Pediatric%20Autism%20Services%20Colorado%20Springs%20CO","pilot-2026-09-25-2k"
"Clover Behavioral Care Center","https://www.cloverbehavioralva.com","Norfolk","VA","3","Dustin Avery","Co-Founder & Executive Director, MS, BCBA","founder","davery@cloverbehavioralva.com","https://www.linkedin.com/in/dustin-avery-cloveraba","google_maps","https://www.google.com/maps/search/Clover%20Behavioral%20Care%20Center%20Norfolk%20VA","pilot-2026-09-25-2k"
"Coastal Autism & Learning Institute","https://www.coastalcaremd.com","Silver Spring","MD","4","Dylan Avila","Owner & Clinical Supervisor, BCBA","owner","dylan@coastalcaremd.com","https://www.linkedin.com/in/dylan-avila-coastalaba","apollo","https://www.google.com/maps/search/Coastal%20Autism%20%26%20Learning%20Institute%20Silver%20Spring%20MD","pilot-2026-09-25-2k"
"Cognitive Developmental Solutions","https://www.cognitiveabail.com","Joliet","IL","1","Easton Ayala","CEO & Managing Partner, BCBA","ceo","easton.ayala@cognitiveabail.com","https://www.linkedin.com/in/easton-ayala-cognitiveaba","linkedin_sales_nav","https://www.google.com/maps/search/Cognitive%20Developmental%20Solutions%20Joliet%20IL","pilot-2026-09-25-2k"
"Collab Behavioral Therapy Center","https://www.collabautismut.org","Ogden","UT","2","Eddie Babcock","Executive Clinical Director & Partner, BCBA","exec_director","ebabcock@collabautismut.org","https://www.linkedin.com/in/eddie-babcock-collababa","state_directory","https://www.google.com/maps/search/Collab%20Behavioral%20Therapy%20Center%20Ogden%20UT","pilot-2026-09-25-2k"
"Comfort Autism Discovery Center","https://www.comfortbehavioralnj.com","Princeton","NJ","3","Eden Bach","Founder & President, BCBA, LBA","founder","eden@comfortbehavioralnj.com","https://www.linkedin.com/in/eden-bach-comfortaba","aba_index","https://www.google.com/maps/search/Comfort%20Autism%20Discovery%20Center%20Princeton%20NJ","pilot-2026-09-25-2k"
"Common Ground Behavioral Foundations","https://www.commongroundcaretx.com","Frisco","TX","4","Edward Bader","Owner & Director of Applied Behavior Analysis","owner","edward.bader@commongroundcaretx.com","https://www.linkedin.com/in/edward-bader-commongroundaba","google_maps","https://www.google.com/maps/search/Common%20Ground%20Behavioral%20Foundations%20Frisco%20TX","pilot-2026-09-25-2k"
"Community Therapeutic Solutions","https://www.communityabafl.net","Cape Coral","FL","1","Edwin Baer","Founder & Clinical Director, BCBA-D","founder","ebaer@communityabafl.net","https://www.linkedin.com/in/edwin-baer-communityaba","apollo","https://www.google.com/maps/search/Community%20Therapeutic%20Solutions%20Cape%20Coral%20FL","pilot-2026-09-25-2k"
"Companion ABA Collective","https://www.companionautismca.com","Oakland","CA","2","Elaine Baggett","Co-Founder & Executive Director, MS, BCBA","founder","elaine@companionautismca.com","https://www.linkedin.com/in/elaine-baggett-companionaba","linkedin_sales_nav","https://www.google.com/maps/search/Companion%20ABA%20Collective%20Oakland%20CA","pilot-2026-09-25-2k"
"Compass Autism Center","https://www.compassbehavioralnc.org","Charlotte","NC","3","Eleanor Bagley","Owner & Clinical Supervisor, BCBA","owner","eleanor.bagley@compassbehavioralnc.org","https://www.linkedin.com/in/eleanor-bagley-compassaba","state_directory","https://www.google.com/maps/search/Compass%20Autism%20Center%20Charlotte%20NC","pilot-2026-09-25-2k"
"Concord ABA Therapy Group","https://www.concordcarega.com","Augusta","GA","4","Eli Bailey","CEO & Managing Partner, BCBA","ceo","ebailey@concordcarega.com","https://www.linkedin.com/in/eli-bailey-concordaba","aba_index","https://www.google.com/maps/search/Concord%20ABA%20Therapy%20Group%20Augusta%20GA","pilot-2026-09-25-2k"
"Confidence Behavioral Solutions","https://www.confidenceabaco.com","Loveland","CO","1","Elias Bain","Executive Clinical Director & Partner, BCBA","exec_director","elias@confidenceabaco.com","https://www.linkedin.com/in/elias-bain-confidenceaba","google_maps","https://www.google.com/maps/search/Confidence%20Behavioral%20Solutions%20Loveland%20CO","pilot-2026-09-25-2k"
"Connect Autism Services","https://www.connectautismva.com","Lynchburg","VA","2","Elijah Baird","Founder & President, BCBA, LBA","founder","elijah.baird@connectautismva.com","https://www.linkedin.com/in/elijah-baird-connectaba","apollo","https://www.google.com/maps/search/Connect%20Autism%20Services%20Lynchburg%20VA","pilot-2026-09-25-2k"
"Continuum Behavioral Health","https://www.continuumbehavioralmd.com","Dundalk","MD","3","Elise Baker","Owner & Director of Applied Behavior Analysis","owner","ebaker@continuumbehavioralmd.com","https://www.linkedin.com/in/elise-baker-continuumaba","linkedin_sales_nav","https://www.google.com/maps/search/Continuum%20Behavioral%20Health%20Dundalk%20MD","pilot-2026-09-25-2k"
"Core Therapy Associates","https://www.corecareil.org","Bolingbrook","IL","4","Elizabeth Baldwin","Founder & Clinical Director, BCBA-D","founder","elizabeth@corecareil.org","https://www.linkedin.com/in/elizabeth-baldwin-coreaba","state_directory","https://www.google.com/maps/search/Core%20Therapy%20Associates%20Bolingbrook%20IL","pilot-2026-09-25-2k"
"Cornerstone Developmental Clinic","https://www.cornerstoneabaut.com","Riverton","UT","1","Ella Bales","Co-Founder & Executive Director, MS, BCBA","founder","ella.bales@cornerstoneabaut.com","https://www.linkedin.com/in/ella-bales-cornerstoneaba","aba_index","https://www.google.com/maps/search/Cornerstone%20Developmental%20Clinic%20Riverton%20UT","pilot-2026-09-25-2k"
"Cosmos ABA Services","https://www.cosmosautismnj.com","Hoboken","NJ","2","Ellen Ball","Owner & Clinical Supervisor, BCBA","owner","eball@cosmosautismnj.com","https://www.linkedin.com/in/ellen-ball-cosmosaba","google_maps","https://www.google.com/maps/search/Cosmos%20ABA%20Services%20Hoboken%20NJ","pilot-2026-09-25-2k"
"Courage Autism & Behavioral Clinic","https://www.couragebehavioraltx.com","Pearland","TX","3","Ellie Ballard","CEO & Managing Partner, BCBA","ceo","ellie@couragebehavioraltx.com","https://www.linkedin.com/in/ellie-ballard-courageaba","apollo","https://www.google.com/maps/search/Courage%20Autism%20%26%20Behavioral%20Clinic%20Pearland%20TX","pilot-2026-09-25-2k"
"Covenant Child Development Center","https://www.covenantcarefl.com","Palm Bay","FL","4","Elliott Ballesteros","Executive Clinical Director & Partner, BCBA","exec_director","elliott.ballesteros@covenantcarefl.com","https://www.linkedin.com/in/elliott-ballesteros-covenantaba","linkedin_sales_nav","https://www.google.com/maps/search/Covenant%20Child%20Development%20Center%20Palm%20Bay%20FL","pilot-2026-09-25-2k"
"Cove Behavior Analysis Partners","https://www.coveabaca.org","Oceanside","CA","1","Aaron Banks","Founder & President, BCBA, LBA","founder","abanks@coveabaca.org","https://www.linkedin.com/in/aaron-banks-coveaba","state_directory","https://www.google.com/maps/search/Cove%20Behavior%20Analysis%20Partners%20Oceanside%20CA","pilot-2026-09-25-2k"
"Cradle Behavioral Care","https://www.cradleautismnc.com","Chapel Hill","NC","2","Abigail Bankston","Owner & Director of Applied Behavior Analysis","owner","abigail@cradleautismnc.com","https://www.linkedin.com/in/abigail-bankston-cradleaba","aba_index","https://www.google.com/maps/search/Cradle%20Behavioral%20Care%20Chapel%20Hill%20NC","pilot-2026-09-25-2k"
"Craft Autism Horizons","https://www.craftbehavioralga.net","Decatur","GA","3","Adam Bannister","Founder & Clinical Director, BCBA-D","founder","adam.bannister@craftbehavioralga.net","https://www.linkedin.com/in/adam-bannister-craftaba","google_maps","https://www.google.com/maps/search/Craft%20Autism%20Horizons%20Decatur%20GA","pilot-2026-09-25-2k"
"Crest Therapy & Learning Center","https://www.crestcareco.com","Fort Collins","CO","4","Adrian Barajas","Co-Founder & Executive Director, MS, BCBA","founder","abarajas@crestcareco.com","https://www.linkedin.com/in/adrian-barajas-crestaba","apollo","https://www.google.com/maps/search/Crest%20Therapy%20%26%20Learning%20Center%20Fort%20Collins%20CO","pilot-2026-09-25-2k"
"Crestview Behavioral Interventions","https://www.crestviewabava.com","Arlington","VA","1","Aiden Barba","Owner & Clinical Supervisor, BCBA","owner","aiden@crestviewabava.com","https://www.linkedin.com/in/aiden-barba-crestviewaba","linkedin_sales_nav","https://www.google.com/maps/search/Crestview%20Behavioral%20Interventions%20Arlington%20VA","pilot-2026-09-25-2k"
"Crossroads Autism Clinic","https://www.crossroadsautismmd.org","Gaithersburg","MD","2","Alex Barbee","CEO & Managing Partner, BCBA","ceo","alex.barbee@crossroadsautismmd.org","https://www.linkedin.com/in/alex-barbee-crossroadsaba","state_directory","https://www.google.com/maps/search/Crossroads%20Autism%20Clinic%20Gaithersburg%20MD","pilot-2026-09-25-2k"
"Crown ABA Center","https://www.crownbehavioralil.com","Schaumburg","IL","3","Alexander Barber","Executive Clinical Director & Partner, BCBA","exec_director","abarber@crownbehavioralil.com","https://www.linkedin.com/in/alexander-barber-crownaba","aba_index","https://www.google.com/maps/search/Crown%20ABA%20Center%20Schaumburg%20IL","pilot-2026-09-25-2k"
"Crystal Behavioral Health Network","https://www.crystalcareut.com","Layton","UT","4","Alexandra Barker","Founder & President, BCBA, LBA","founder","alexandra@crystalcareut.com","https://www.linkedin.com/in/alexandra-barker-crystalaba","google_maps","https://www.google.com/maps/search/Crystal%20Behavioral%20Health%20Network%20Layton%20UT","pilot-2026-09-25-2k"
"Cultivate Autism Group","https://www.cultivateabanj.com","Trenton","NJ","1","Alexis Barkley","Owner & Director of Applied Behavior Analysis","owner","alexis.barkley@cultivateabanj.com","https://www.linkedin.com/in/alexis-barkley-cultivateaba","apollo","https://www.google.com/maps/search/Cultivate%20Autism%20Group%20Trenton%20NJ","pilot-2026-09-25-2k"
"Daybreak Applied Behavior Specialists","https://www.daybreakautismtx.net","Pflugerville","TX","2","Alice Barnes","Founder & Clinical Director, BCBA-D","founder","abarnes@daybreakautismtx.net","https://www.linkedin.com/in/alice-barnes-daybreakaba","linkedin_sales_nav","https://www.google.com/maps/search/Daybreak%20Applied%20Behavior%20Specialists%20Pflugerville%20TX","pilot-2026-09-25-2k"
"Delta Therapy Partners","https://www.deltabehavioralfl.org","Ocala","FL","3","Allison Barnett","Co-Founder & Executive Director, MS, BCBA","founder","allison@deltabehavioralfl.org","https://www.linkedin.com/in/allison-barnett-deltaaba","state_directory","https://www.google.com/maps/search/Delta%20Therapy%20Partners%20Ocala%20FL","pilot-2026-09-25-2k"
"Destiny Pediatric Autism Services","https://www.destinycareca.com","Roseville","CA","4","Alyssa Barr","Owner & Clinical Supervisor, BCBA","owner","alyssa.barr@destinycareca.com","https://www.linkedin.com/in/alyssa-barr-destinyaba","aba_index","https://www.google.com/maps/search/Destiny%20Pediatric%20Autism%20Services%20Roseville%20CA","pilot-2026-09-25-2k"
"Diligence Behavioral Care Center","https://www.diligenceabanc.com","Monroe","NC","1","Amber Barrera","CEO & Managing Partner, BCBA","ceo","abarrera@diligenceabanc.com","https://www.linkedin.com/in/amber-barrera-diligenceaba","google_maps","https://www.google.com/maps/search/Diligence%20Behavioral%20Care%20Center%20Monroe%20NC","pilot-2026-09-25-2k"
"Direction Autism & Learning Institute","https://www.directionautismga.com","Lawrenceville","GA","2","Amy Barrett","Executive Clinical Director & Partner, BCBA","exec_director","amy@directionautismga.com","https://www.linkedin.com/in/amy-barrett-directionaba","apollo","https://www.google.com/maps/search/Direction%20Autism%20%26%20Learning%20Institute%20Lawrenceville%20GA","pilot-2026-09-25-2k"
"Discovery Developmental Solutions","https://www.discoverybehavioralco.com","Castle Rock","CO","3","Andrea Barron","Founder & President, BCBA, LBA","founder","andrea.barron@discoverybehavioralco.com","https://www.linkedin.com/in/andrea-barron-discoveryaba","linkedin_sales_nav","https://www.google.com/maps/search/Discovery%20Developmental%20Solutions%20Castle%20Rock%20CO","pilot-2026-09-25-2k"
"Dynamic Behavioral Therapy Center","https://www.dynamiccareva.org","Leesburg","VA","4","Andrew Barry","Owner & Director of Applied Behavior Analysis","owner","abarry@dynamiccareva.org","https://www.linkedin.com/in/andrew-barry-dynamicaba","state_directory","https://www.google.com/maps/search/Dynamic%20Behavioral%20Therapy%20Center%20Leesburg%20VA","pilot-2026-09-25-2k"
"Early Start Autism Discovery Center","https://www.earlystartabamd.net","Salisbury","MD","1","Angela Bartlett","Founder & Clinical Director, BCBA-D","founder","angela@earlystartabamd.net","https://www.linkedin.com/in/angela-bartlett-earlystartaba","aba_index","https://www.google.com/maps/search/Early%20Start%20Autism%20Discovery%20Center%20Salisbury%20MD","pilot-2026-09-25-2k"
"Echo Behavioral Foundations","https://www.echoautismil.com","Palatine","IL","2","Ann Barton","Co-Founder & Executive Director, MS, BCBA","founder","ann.barton@echoautismil.com","https://www.linkedin.com/in/ann-barton-echoaba","google_maps","https://www.google.com/maps/search/Echo%20Behavioral%20Foundations%20Palatine%20IL","pilot-2026-09-25-2k"
"Eclipse Therapeutic Solutions","https://www.eclipsebehavioralut.com","Roy","UT","3","Anna Bass","Owner & Clinical Supervisor, BCBA","owner","abass@eclipsebehavioralut.com","https://www.linkedin.com/in/anna-bass-eclipseaba","apollo","https://www.google.com/maps/search/Eclipse%20Therapeutic%20Solutions%20Roy%20UT","pilot-2026-09-25-2k"
"Eden ABA Collective","https://www.edencarenj.com","Plainfield","NJ","4","Anthony Batchelor","CEO & Managing Partner, BCBA","ceo","anthony@edencarenj.com","https://www.linkedin.com/in/anthony-batchelor-edenaba","linkedin_sales_nav","https://www.google.com/maps/search/Eden%20ABA%20Collective%20Plainfield%20NJ","pilot-2026-09-25-2k"
"Elation Autism Center","https://www.elationabatx.org","Austin","TX","1","Antonio Bateman","Executive Clinical Director & Partner, BCBA","exec_director","antonio.bateman@elationabatx.org","https://www.linkedin.com/in/antonio-bateman-elationaba","state_directory","https://www.google.com/maps/search/Elation%20Autism%20Center%20Austin%20TX","pilot-2026-09-25-2k"
"Elevate ABA Therapy Group","https://www.elevateautismfl.com","Orlando","FL","2","Arthur Bates","Founder & President, BCBA, LBA","founder","abates@elevateautismfl.com","https://www.linkedin.com/in/arthur-bates-elevateaba","aba_index","https://www.google.com/maps/search/Elevate%20ABA%20Therapy%20Group%20Orlando%20FL","pilot-2026-09-25-2k"
"Elite Behavioral Solutions","https://www.elitebehavioralca.com","San Jose","CA","3","Ashley Batista","Owner & Director of Applied Behavior Analysis","owner","ashley@elitebehavioralca.com","https://www.linkedin.com/in/ashley-batista-eliteaba","google_maps","https://www.google.com/maps/search/Elite%20Behavioral%20Solutions%20San%20Jose%20CA","pilot-2026-09-25-2k"
"Embrace Autism Services","https://www.embracecarenc.net","Durham","NC","4","Audrey Bauer","Founder & Clinical Director, BCBA-D","founder","audrey.bauer@embracecarenc.net","https://www.linkedin.com/in/audrey-bauer-embraceaba","apollo","https://www.google.com/maps/search/Embrace%20Autism%20Services%20Durham%20NC","pilot-2026-09-25-2k"
"Emergence Behavioral Health","https://www.emergenceabaga.com","Athens","GA","1","Austin Baughman","Co-Founder & Executive Director, MS, BCBA","founder","abaughman@emergenceabaga.com","https://www.linkedin.com/in/austin-baughman-emergenceaba","linkedin_sales_nav","https://www.google.com/maps/search/Emergence%20Behavioral%20Health%20Athens%20GA","pilot-2026-09-25-2k"
"Empathy Therapy Associates","https://www.empathyautismco.org","Boulder","CO","2","Autumn Bauman","Owner & Clinical Supervisor, BCBA","owner","autumn@empathyautismco.org","https://www.linkedin.com/in/autumn-bauman-empathyaba","state_directory","https://www.google.com/maps/search/Empathy%20Therapy%20Associates%20Boulder%20CO","pilot-2026-09-25-2k"
"Empire Developmental Clinic","https://www.empirebehavioralva.com","Roanoke","VA","3","Ava Baxter","CEO & Managing Partner, BCBA","ceo","ava.baxter@empirebehavioralva.com","https://www.linkedin.com/in/ava-baxter-empireaba","aba_index","https://www.google.com/maps/search/Empire%20Developmental%20Clinic%20Roanoke%20VA","pilot-2026-09-25-2k"
"Empower ABA Services","https://www.empowercaremd.com","Bowie","MD","4","Avery Beach","Executive Clinical Director & Partner, BCBA","exec_director","abeach@empowercaremd.com","https://www.linkedin.com/in/avery-beach-empoweraba","google_maps","https://www.google.com/maps/search/Empower%20ABA%20Services%20Bowie%20MD","pilot-2026-09-25-2k"
"Endeavor Autism & Behavioral Clinic","https://www.endeavorabail.com","Elgin","IL","1","Bailey Beal","Founder & President, BCBA, LBA","founder","bailey@endeavorabail.com","https://www.linkedin.com/in/bailey-beal-endeavoraba","apollo","https://www.google.com/maps/search/Endeavor%20Autism%20%26%20Behavioral%20Clinic%20Elgin%20IL","pilot-2026-09-25-2k"
"Engage Child Development Center","https://www.engageautismut.com","Lehi","UT","2","Barbara Beam","Owner & Director of Applied Behavior Analysis","owner","barbara.beam@engageautismut.com","https://www.linkedin.com/in/barbara-beam-engageaba","linkedin_sales_nav","https://www.google.com/maps/search/Engage%20Child%20Development%20Center%20Lehi%20UT","pilot-2026-09-25-2k"
"Enrich Behavior Analysis Partners","https://www.enrichbehavioralnj.org","Camden","NJ","3","Beatrice Bean","Founder & Clinical Director, BCBA-D","founder","bbean@enrichbehavioralnj.org","https://www.linkedin.com/in/beatrice-bean-enrichaba","state_directory","https://www.google.com/maps/search/Enrich%20Behavior%20Analysis%20Partners%20Camden%20NJ","pilot-2026-09-25-2k"
"Equinox Behavioral Care","https://www.equinoxcaretx.com","El Paso","TX","4","Benjamin Beard","Co-Founder & Executive Director, MS, BCBA","founder","benjamin@equinoxcaretx.com","https://www.linkedin.com/in/benjamin-beard-equinoxaba","aba_index","https://www.google.com/maps/search/Equinox%20Behavioral%20Care%20El%20Paso%20TX","pilot-2026-09-25-2k"
"Essence Autism Horizons","https://www.essenceabafl.com","Clearwater","FL","1","Bethany Beasley","Owner & Clinical Supervisor, BCBA","owner","bethany.beasley@essenceabafl.com","https://www.linkedin.com/in/bethany-beasley-essenceaba","google_maps","https://www.google.com/maps/search/Essence%20Autism%20Horizons%20Clearwater%20FL","pilot-2026-09-25-2k"
"Essential Therapy & Learning Center","https://www.essentialautismca.com","Chula Vista","CA","2","Blake Beatty","CEO & Managing Partner, BCBA","ceo","bbeatty@essentialautismca.com","https://www.linkedin.com/in/blake-beatty-essentialaba","apollo","https://www.google.com/maps/search/Essential%20Therapy%20%26%20Learning%20Center%20Chula%20Vista%20CA","pilot-2026-09-25-2k"
"Estuary Behavioral Interventions","https://www.estuarybehavioralnc.com","Burlington","NC","3","Bradley Beauchamp","Executive Clinical Director & Partner, BCBA","exec_director","bradley@estuarybehavioralnc.com","https://www.linkedin.com/in/bradley-beauchamp-estuaryaba","linkedin_sales_nav","https://www.google.com/maps/search/Estuary%20Behavioral%20Interventions%20Burlington%20NC","pilot-2026-09-25-2k"
"Evergreen Autism Clinic","https://www.evergreencarega.org","Peachtree City","GA","4","Brandon Beaver","Founder & President, BCBA, LBA","founder","brandon.beaver@evergreencarega.org","https://www.linkedin.com/in/brandon-beaver-evergreenaba","state_directory","https://www.google.com/maps/search/Evergreen%20Autism%20Clinic%20Peachtree%20City%20GA","pilot-2026-09-25-2k"
"Excel ABA Center","https://www.excelabaco.com","Commerce City","CO","1","Brayden Beck","Owner & Director of Applied Behavior Analysis","owner","bbeck@excelabaco.com","https://www.linkedin.com/in/brayden-beck-excelaba","aba_index","https://www.google.com/maps/search/Excel%20ABA%20Center%20Commerce%20City%20CO","pilot-2026-09-25-2k"
"Excellence Behavioral Health Network","https://www.excellenceautismva.net","Fredericksburg","VA","2","Brenda Becker","Founder & Clinical Director, BCBA-D","founder","brenda@excellenceautismva.net","https://www.linkedin.com/in/brenda-becker-excellenceaba","google_maps","https://www.google.com/maps/search/Excellence%20Behavioral%20Health%20Network%20Fredericksburg%20VA","pilot-2026-09-25-2k"
"Expansion Autism Group","https://www.expansionbehavioralmd.com","Severn","MD","3","Brian Beckett","Co-Founder & Executive Director, MS, BCBA","founder","brian.beckett@expansionbehavioralmd.com","https://www.linkedin.com/in/brian-beckett-expansionaba","apollo","https://www.google.com/maps/search/Expansion%20Autism%20Group%20Severn%20MD","pilot-2026-09-25-2k"
"Express Applied Behavior Specialists","https://www.expresscareil.com","Des Plaines","IL","4","Brianna Beckman","Owner & Clinical Supervisor, BCBA","owner","bbeckman@expresscareil.com","https://www.linkedin.com/in/brianna-beckman-expressaba","linkedin_sales_nav","https://www.google.com/maps/search/Express%20Applied%20Behavior%20Specialists%20Des%20Plaines%20IL","pilot-2026-09-25-2k"
"Faith Therapy Partners","https://www.faithabaut.org","Salt Lake City","UT","1","Brittany Bedford","CEO & Managing Partner, BCBA","ceo","brittany@faithabaut.org","https://www.linkedin.com/in/brittany-bedford-faithaba","state_directory","https://www.google.com/maps/search/Faith%20Therapy%20Partners%20Salt%20Lake%20City%20UT","pilot-2026-09-25-2k"
"Family First Pediatric Autism Services","https://www.familyfirstautismnj.com","Jersey City","NJ","2","Brooke Beebe","Executive Clinical Director & Partner, BCBA","exec_director","brooke.beebe@familyfirstautismnj.com","https://www.linkedin.com/in/brooke-beebe-familyfirstaba","aba_index","https://www.google.com/maps/search/Family%20First%20Pediatric%20Autism%20Services%20Jersey%20City%20NJ","pilot-2026-09-25-2k"
"Feather Behavioral Care Center","https://www.featherbehavioraltx.com","Sugar Land","TX","3","Brooklyn Beeler","Founder & President, BCBA, LBA","founder","bbeeler@featherbehavioraltx.com","https://www.linkedin.com/in/brooklyn-beeler-featheraba","google_maps","https://www.google.com/maps/search/Feather%20Behavioral%20Care%20Center%20Sugar%20Land%20TX","pilot-2026-09-25-2k"
"First Step Autism & Learning Institute","https://www.firststepcarefl.com","Port St. Lucie","FL","4","Bruce Begay","Owner & Director of Applied Behavior Analysis","owner","bruce@firststepcarefl.com","https://www.linkedin.com/in/bruce-begay-firststepaba","apollo","https://www.google.com/maps/search/First%20Step%20Autism%20%26%20Learning%20Institute%20Port%20St.%20Lucie%20FL","pilot-2026-09-25-2k"
"Focus Developmental Solutions","https://www.focusabaca.net","Torrance","CA","1","Bryan Belcher","Founder & Clinical Director, BCBA-D","founder","bryan.belcher@focusabaca.net","https://www.linkedin.com/in/bryan-belcher-focusaba","linkedin_sales_nav","https://www.google.com/maps/search/Focus%20Developmental%20Solutions%20Torrance%20CA","pilot-2026-09-25-2k"
"Footprints Behavioral Therapy Center","https://www.footprintsautismnc.org","Cornelius","NC","2","Caleb Bell","Co-Founder & Executive Director, MS, BCBA","founder","cbell@footprintsautismnc.org","https://www.linkedin.com/in/caleb-bell-footprintsaba","state_directory","https://www.google.com/maps/search/Footprints%20Behavioral%20Therapy%20Center%20Cornelius%20NC","pilot-2026-09-25-2k"
"Forge Autism Discovery Center","https://www.forgebehavioralga.com","Snellville","GA","3","Cameron Bellamy","Owner & Clinical Supervisor, BCBA","owner","cameron@forgebehavioralga.com","https://www.linkedin.com/in/cameron-bellamy-forgeaba","aba_index","https://www.google.com/maps/search/Forge%20Autism%20Discovery%20Center%20Snellville%20GA","pilot-2026-09-25-2k"
"Forward Behavioral Foundations","https://www.forwardcareco.com","Arvada","CO","4","Camila Bellinger","CEO & Managing Partner, BCBA","ceo","camila.bellinger@forwardcareco.com","https://www.linkedin.com/in/camila-bellinger-forwardaba","google_maps","https://www.google.com/maps/search/Forward%20Behavioral%20Foundations%20Arvada%20CO","pilot-2026-09-25-2k"
"Foundation Therapeutic Solutions","https://www.foundationabava.com","Reston","VA","1","Carla Beltran","Executive Clinical Director & Partner, BCBA","exec_director","cbeltran@foundationabava.com","https://www.linkedin.com/in/carla-beltran-foundationaba","apollo","https://www.google.com/maps/search/Foundation%20Therapeutic%20Solutions%20Reston%20VA","pilot-2026-09-25-2k"
"Frontier ABA Collective","https://www.frontierautismmd.com","Towson","MD","2","Carlos Bender","Founder & President, BCBA, LBA","founder","carlos@frontierautismmd.com","https://www.linkedin.com/in/carlos-bender-frontieraba","linkedin_sales_nav","https://www.google.com/maps/search/Frontier%20ABA%20Collective%20Towson%20MD","pilot-2026-09-25-2k"
"Galliant Autism Center","https://www.galliantbehavioralil.org","Waukegan","IL","3","Caroline Benedict","Owner & Director of Applied Behavior Analysis","owner","caroline.benedict@galliantbehavioralil.org","https://www.linkedin.com/in/caroline-benedict-galliantaba","state_directory","https://www.google.com/maps/search/Galliant%20Autism%20Center%20Waukegan%20IL","pilot-2026-09-25-2k"
"Genesis ABA Therapy Group","https://www.genesiscareut.net","Taylorsville","UT","4","Carolyn Benitez","Founder & Clinical Director, BCBA-D","founder","cbenitez@genesiscareut.net","https://www.linkedin.com/in/carolyn-benitez-genesisaba","aba_index","https://www.google.com/maps/search/Genesis%20ABA%20Therapy%20Group%20Taylorsville%20UT","pilot-2026-09-25-2k"
"Gentle Behavioral Solutions","https://www.gentleabanj.com","Union City","NJ","1","Carson Benjamin","Co-Founder & Executive Director, MS, BCBA","founder","carson@gentleabanj.com","https://www.linkedin.com/in/carson-benjamin-gentleaba","google_maps","https://www.google.com/maps/search/Gentle%20Behavioral%20Solutions%20Union%20City%20NJ","pilot-2026-09-25-2k"
"Golden Gate Autism Services","https://www.goldengateautismtx.com","Midland","TX","2","Carter Bennett","Owner & Clinical Supervisor, BCBA","owner","carter.bennett@goldengateautismtx.com","https://www.linkedin.com/in/carter-bennett-goldengateaba","apollo","https://www.google.com/maps/search/Golden%20Gate%20Autism%20Services%20Midland%20TX","pilot-2026-09-25-2k"
"Grace Behavioral Health","https://www.gracebehavioralfl.com","Sanford","FL","3","Cassandra Benoit","CEO & Managing Partner, BCBA","ceo","cbenoit@gracebehavioralfl.com","https://www.linkedin.com/in/cassandra-benoit-graceaba","linkedin_sales_nav","https://www.google.com/maps/search/Grace%20Behavioral%20Health%20Sanford%20FL","pilot-2026-09-25-2k"
"Great Steps Therapy Associates","https://www.greatstepscareca.org","Temecula","CA","4","Catherine Benson","Executive Clinical Director & Partner, BCBA","exec_director","catherine@greatstepscareca.org","https://www.linkedin.com/in/catherine-benson-greatstepsaba","state_directory","https://www.google.com/maps/search/Great%20Steps%20Therapy%20Associates%20Temecula%20CA","pilot-2026-09-25-2k"
"Groove Developmental Clinic","https://www.grooveabanc.com","Cary","NC","1","Cecilia Bentley","Founder & President, BCBA, LBA","founder","cecilia.bentley@grooveabanc.com","https://www.linkedin.com/in/cecilia-bentley-grooveaba","aba_index","https://www.google.com/maps/search/Groove%20Developmental%20Clinic%20Cary%20NC","pilot-2026-09-25-2k"
"Growth Point ABA Services","https://www.growthpointautismga.com","Johns Creek","GA","2","Chad Benton","Owner & Director of Applied Behavior Analysis","owner","cbenton@growthpointautismga.com","https://www.linkedin.com/in/chad-benton-growthpointaba","google_maps","https://www.google.com/maps/search/Growth%20Point%20ABA%20Services%20Johns%20Creek%20GA","pilot-2026-09-25-2k"
"Guidepost Autism & Behavioral Clinic","https://www.guidepostbehavioralco.net","Littleton","CO","3","Charles Berg","Founder & Clinical Director, BCBA-D","founder","charles@guidepostbehavioralco.net","https://www.linkedin.com/in/charles-berg-guidepostaba","apollo","https://www.google.com/maps/search/Guidepost%20Autism%20%26%20Behavioral%20Clinic%20Littleton%20CO","pilot-2026-09-25-2k"
"Hand in Hand Child Development Center","https://www.handinhandcareva.com","Salem","VA","4","Charlotte Berger","Co-Founder & Executive Director, MS, BCBA","founder","charlotte.berger@handinhandcareva.com","https://www.linkedin.com/in/charlotte-berger-handinhandaba","linkedin_sales_nav","https://www.google.com/maps/search/Hand%20in%20Hand%20Child%20Development%20Center%20Salem%20VA","pilot-2026-09-25-2k"
"Harbor Behavior Analysis Partners","https://www.harborabamd.org","Baltimore","MD","1","Chase Bergman","Owner & Clinical Supervisor, BCBA","owner","cbergman@harborabamd.org","https://www.linkedin.com/in/chase-bergman-harboraba","state_directory","https://www.google.com/maps/search/Harbor%20Behavior%20Analysis%20Partners%20Baltimore%20MD","pilot-2026-09-25-2k"
"Harmony Behavioral Care","https://www.harmonyautismil.com","Naperville","IL","2","Chelsea Bernal","CEO & Managing Partner, BCBA","ceo","chelsea@harmonyautismil.com","https://www.linkedin.com/in/chelsea-bernal-harmonyaba","aba_index","https://www.google.com/maps/search/Harmony%20Behavioral%20Care%20Naperville%20IL","pilot-2026-09-25-2k"
"Haven Autism Horizons","https://www.havenbehavioralut.com","West Valley City","UT","3","Cheyenne Bernard","Executive Clinical Director & Partner, BCBA","exec_director","cheyenne.bernard@havenbehavioralut.com","https://www.linkedin.com/in/cheyenne-bernard-havenaba","google_maps","https://www.google.com/maps/search/Haven%20Autism%20Horizons%20West%20Valley%20City%20UT","pilot-2026-09-25-2k"
"Headway Therapy & Learning Center","https://www.headwaycarenj.com","Elizabeth","NJ","4","Chloe Berry","Founder & President, BCBA, LBA","founder","cberry@headwaycarenj.com","https://www.linkedin.com/in/chloe-berry-headwayaba","apollo","https://www.google.com/maps/search/Headway%20Therapy%20%26%20Learning%20Center%20Elizabeth%20NJ","pilot-2026-09-25-2k"
"Heartland Behavioral Interventions","https://www.heartlandabatx.com","Fort Worth","TX","1","Christian Berryman","Owner & Director of Applied Behavior Analysis","owner","christian@heartlandabatx.com","https://www.linkedin.com/in/christian-berryman-heartlandaba","linkedin_sales_nav","https://www.google.com/maps/search/Heartland%20Behavioral%20Interventions%20Fort%20Worth%20TX","pilot-2026-09-25-2k"
"Heritage Autism Clinic","https://www.heritageautismfl.org","St. Petersburg","FL","2","Christina Bertram","Founder & Clinical Director, BCBA-D","founder","christina.bertram@heritageautismfl.org","https://www.linkedin.com/in/christina-bertram-heritageaba","state_directory","https://www.google.com/maps/search/Heritage%20Autism%20Clinic%20St.%20Petersburg%20FL","pilot-2026-09-25-2k"
"Highland ABA Center","https://www.highlandbehavioralca.com","Pasadena","CA","3","Christine Best","Co-Founder & Executive Director, MS, BCBA","founder","cbest@highlandbehavioralca.com","https://www.linkedin.com/in/christine-best-highlandaba","aba_index","https://www.google.com/maps/search/Highland%20ABA%20Center%20Pasadena%20CA","pilot-2026-09-25-2k"
"Highline Behavioral Health Network","https://www.highlinecarenc.com","Rocky Mount","NC","4","Christopher Betancourt","Owner & Clinical Supervisor, BCBA","owner","christopher@highlinecarenc.com","https://www.linkedin.com/in/christopher-betancourt-highlineaba","google_maps","https://www.google.com/maps/search/Highline%20Behavioral%20Health%20Network%20Rocky%20Mount%20NC","pilot-2026-09-25-2k"
"Holistic Autism Group","https://www.holisticabaga.com","Milton","GA","1","Claire Betts","CEO & Managing Partner, BCBA","ceo","claire.betts@holisticabaga.com","https://www.linkedin.com/in/claire-betts-holisticaba","apollo","https://www.google.com/maps/search/Holistic%20Autism%20Group%20Milton%20GA","pilot-2026-09-25-2k"
"Homestead Applied Behavior Specialists","https://www.homesteadautismco.com","Pueblo","CO","2","Clara Bevan","Executive Clinical Director & Partner, BCBA","exec_director","cbevan@homesteadautismco.com","https://www.linkedin.com/in/clara-bevan-homesteadaba","linkedin_sales_nav","https://www.google.com/maps/search/Homestead%20Applied%20Behavior%20Specialists%20Pueblo%20CO","pilot-2026-09-25-2k"
"Hope Therapy Partners","https://www.hopebehavioralva.org","Hampton","VA","3","Clayton Beverly","Founder & President, BCBA, LBA","founder","clayton@hopebehavioralva.org","https://www.linkedin.com/in/clayton-beverly-hopeaba","state_directory","https://www.google.com/maps/search/Hope%20Therapy%20Partners%20Hampton%20VA","pilot-2026-09-25-2k"
"Horizon Pediatric Autism Services","https://www.horizoncaremd.com","Waldorf","MD","4","Cole Beyer","Owner & Director of Applied Behavior Analysis","owner","cole.beyer@horizoncaremd.com","https://www.linkedin.com/in/cole-beyer-horizonaba","aba_index","https://www.google.com/maps/search/Horizon%20Pediatric%20Autism%20Services%20Waldorf%20MD","pilot-2026-09-25-2k"
"Hub Behavioral Care Center","https://www.hubabail.net","Champaign","IL","1","Colin Bibb","Founder & Clinical Director, BCBA-D","founder","cbibb@hubabail.net","https://www.linkedin.com/in/colin-bibb-hubaba","google_maps","https://www.google.com/maps/search/Hub%20Behavioral%20Care%20Center%20Champaign%20IL","pilot-2026-09-25-2k"
"Hull Autism & Learning Institute","https://www.hullautismut.com","Murray","UT","2","Colleen Bickford","Co-Founder & Executive Director, MS, BCBA","founder","colleen@hullautismut.com","https://www.linkedin.com/in/colleen-bickford-hullaba","apollo","https://www.google.com/maps/search/Hull%20Autism%20%26%20Learning%20Institute%20Murray%20UT","pilot-2026-09-25-2k"
"Illuminate Developmental Solutions","https://www.illuminatebehavioralnj.com","East Orange","NJ","3","Connor Biddle","Owner & Clinical Supervisor, BCBA","owner","connor.biddle@illuminatebehavioralnj.com","https://www.linkedin.com/in/connor-biddle-illuminateaba","linkedin_sales_nav","https://www.google.com/maps/search/Illuminate%20Developmental%20Solutions%20East%20Orange%20NJ","pilot-2026-09-25-2k"
"Impact Behavioral Therapy Center","https://www.impactcaretx.org","Waco","TX","4","Cora Bigelow","CEO & Managing Partner, BCBA","ceo","cbigelow@impactcaretx.org","https://www.linkedin.com/in/cora-bigelow-impactaba","state_directory","https://www.google.com/maps/search/Impact%20Behavioral%20Therapy%20Center%20Waco%20TX","pilot-2026-09-25-2k"
"Infinia Autism Discovery Center","https://www.infiniaabafl.com","Bradenton","FL","1","Corey Biggs","Executive Clinical Director & Partner, BCBA","exec_director","corey@infiniaabafl.com","https://www.linkedin.com/in/corey-biggs-infiniaaba","aba_index","https://www.google.com/maps/search/Infinia%20Autism%20Discovery%20Center%20Bradenton%20FL","pilot-2026-09-25-2k"
"Infinity Behavioral Foundations","https://www.infinityautismca.com","Glendale","CA","2","Courtney Abbott","Founder & President, BCBA, LBA","founder","courtney.abbott@infinityautismca.com","https://www.linkedin.com/in/courtney-abbott-infinityaba","google_maps","https://www.google.com/maps/search/Infinity%20Behavioral%20Foundations%20Glendale%20CA","pilot-2026-09-25-2k"
"Inherit Therapeutic Solutions","https://www.inheritbehavioralnc.com","Holly Springs","NC","3","Craig Abernathy","Owner & Director of Applied Behavior Analysis","owner","cabernathy@inheritbehavioralnc.com","https://www.linkedin.com/in/craig-abernathy-inheritaba","apollo","https://www.google.com/maps/search/Inherit%20Therapeutic%20Solutions%20Holly%20Springs%20NC","pilot-2026-09-25-2k"
"Initiative ABA Collective","https://www.initiativecarega.net","Canton","GA","4","Crystal Acevedo","Founder & Clinical Director, BCBA-D","founder","crystal@initiativecarega.net","https://www.linkedin.com/in/crystal-acevedo-initiativeaba","linkedin_sales_nav","https://www.google.com/maps/search/Initiative%20ABA%20Collective%20Canton%20GA","pilot-2026-09-25-2k"
"Insight Autism Center","https://www.insightabaco.org","Denver","CO","1","Curtis Acosta","Co-Founder & Executive Director, MS, BCBA","founder","curtis.acosta@insightabaco.org","https://www.linkedin.com/in/curtis-acosta-insightaba","state_directory","https://www.google.com/maps/search/Insight%20Autism%20Center%20Denver%20CO","pilot-2026-09-25-2k"
"Inspire ABA Therapy Group","https://www.inspireautismva.com","Virginia Beach","VA","2","Cynthia Adair","Owner & Clinical Supervisor, BCBA","owner","cadair@inspireautismva.com","https://www.linkedin.com/in/cynthia-adair-inspireaba","aba_index","https://www.google.com/maps/search/Inspire%20ABA%20Therapy%20Group%20Virginia%20Beach%20VA","pilot-2026-09-25-2k"
"Integrity Behavioral Solutions","https://www.integritybehavioralmd.com","Bethesda","MD","3","Daisy Adkins","CEO & Managing Partner, BCBA","ceo","daisy@integritybehavioralmd.com","https://www.linkedin.com/in/daisy-adkins-integrityaba","google_maps","https://www.google.com/maps/search/Integrity%20Behavioral%20Solutions%20Bethesda%20MD","pilot-2026-09-25-2k"
"Journey Autism Services","https://www.journeycareil.com","Rockford","IL","4","Dale Aguilar","Executive Clinical Director & Partner, BCBA","exec_director","dale.aguilar@journeycareil.com","https://www.linkedin.com/in/dale-aguilar-journeyaba","apollo","https://www.google.com/maps/search/Journey%20Autism%20Services%20Rockford%20IL","pilot-2026-09-25-2k"
"Jubilee Behavioral Health","https://www.jubileeabaut.com","Sandy","UT","1","Dallas Aguirre","Founder & President, BCBA, LBA","founder","daguirre@jubileeabaut.com","https://www.linkedin.com/in/dallas-aguirre-jubileeaba","linkedin_sales_nav","https://www.google.com/maps/search/Jubilee%20Behavioral%20Health%20Sandy%20UT","pilot-2026-09-25-2k"
"Kaleidoscope Therapy Associates","https://www.kaleidoscopeautismnj.org","Woodbridge","NJ","2","Dalton Albert","Owner & Director of Applied Behavior Analysis","owner","dalton@kaleidoscopeautismnj.org","https://www.linkedin.com/in/dalton-albert-kaleidoscopeaba","state_directory","https://www.google.com/maps/search/Kaleidoscope%20Therapy%20Associates%20Woodbridge%20NJ","pilot-2026-09-25-2k"
"Keystone Developmental Clinic","https://www.keystonebehavioraltx.net","Cedar Park","TX","3","Damian Albrecht","Founder & Clinical Director, BCBA-D","founder","damian.albrecht@keystonebehavioraltx.net","https://www.linkedin.com/in/damian-albrecht-keystoneaba","aba_index","https://www.google.com/maps/search/Keystone%20Developmental%20Clinic%20Cedar%20Park%20TX","pilot-2026-09-25-2k"
"Kindred ABA Services","https://www.kindredcarefl.com","Boynton Beach","FL","4","Daniel Alcorn","Co-Founder & Executive Director, MS, BCBA","founder","dalcorn@kindredcarefl.com","https://www.linkedin.com/in/daniel-alcorn-kindredaba","google_maps","https://www.google.com/maps/search/Kindred%20ABA%20Services%20Boynton%20Beach%20FL","pilot-2026-09-25-2k"
"Kite Autism & Behavioral Clinic","https://www.kiteabaca.com","Carlsbad","CA","1","Danielle Aldridge","Owner & Clinical Supervisor, BCBA","owner","danielle@kiteabaca.com","https://www.linkedin.com/in/danielle-aldridge-kiteaba","apollo","https://www.google.com/maps/search/Kite%20Autism%20%26%20Behavioral%20Clinic%20Carlsbad%20CA","pilot-2026-09-25-2k"
"Lantern Child Development Center","https://www.lanternautismnc.com","Concord","NC","2","Danny Alford","CEO & Managing Partner, BCBA","ceo","danny.alford@lanternautismnc.com","https://www.linkedin.com/in/danny-alford-lanternaba","linkedin_sales_nav","https://www.google.com/maps/search/Lantern%20Child%20Development%20Center%20Concord%20NC","pilot-2026-09-25-2k"
"Launch Behavior Analysis Partners","https://www.launchbehavioralga.org","Tyrone","GA","3","Daphne Allan","Executive Clinical Director & Partner, BCBA","exec_director","dallan@launchbehavioralga.org","https://www.linkedin.com/in/daphne-allan-launchaba","state_directory","https://www.google.com/maps/search/Launch%20Behavior%20Analysis%20Partners%20Tyrone%20GA","pilot-2026-09-25-2k"
"Leap Behavioral Care","https://www.leapcareco.com","Longmont","CO","4","Darlene Alston","Founder & President, BCBA, LBA","founder","darlene@leapcareco.com","https://www.linkedin.com/in/darlene-alston-leapaba","aba_index","https://www.google.com/maps/search/Leap%20Behavioral%20Care%20Longmont%20CO","pilot-2026-09-25-2k"
"Legend Autism Horizons","https://www.legendabava.com","Charlottesville","VA","1","Darren Alvarado","Owner & Director of Applied Behavior Analysis","owner","darren.alvarado@legendabava.com","https://www.linkedin.com/in/darren-alvarado-legendaba","google_maps","https://www.google.com/maps/search/Legend%20Autism%20Horizons%20Charlottesville%20VA","pilot-2026-09-25-2k"
"Level Up Therapy & Learning Center","https://www.levelupautismmd.net","Glen Burnie","MD","2","David Alvarez","Founder & Clinical Director, BCBA-D","founder","dalvarez@levelupautismmd.net","https://www.linkedin.com/in/david-alvarez-levelupaba","apollo","https://www.google.com/maps/search/Level%20Up%20Therapy%20%26%20Learning%20Center%20Glen%20Burnie%20MD","pilot-2026-09-25-2k"
"Liberty Behavioral Interventions","https://www.libertybehavioralil.com","Arlington Heights","IL","3","Dawn Amato","Co-Founder & Executive Director, MS, BCBA","founder","dawn@libertybehavioralil.com","https://www.linkedin.com/in/dawn-amato-libertyaba","linkedin_sales_nav","https://www.google.com/maps/search/Liberty%20Behavioral%20Interventions%20Arlington%20Heights%20IL","pilot-2026-09-25-2k"
"Lighthouse Autism Clinic","https://www.lighthousecareut.org","Bountiful","UT","4","Dean Ambrose","Owner & Clinical Supervisor, BCBA","owner","dean.ambrose@lighthousecareut.org","https://www.linkedin.com/in/dean-ambrose-lighthouseaba","state_directory","https://www.google.com/maps/search/Lighthouse%20Autism%20Clinic%20Bountiful%20UT","pilot-2026-09-25-2k"
"Lifeway ABA Center","https://www.lifewayabanj.com","New Brunswick","NJ","1","Deanna Ames","CEO & Managing Partner, BCBA","ceo","dames@lifewayabanj.com","https://www.linkedin.com/in/deanna-ames-lifewayaba","aba_index","https://www.google.com/maps/search/Lifeway%20ABA%20Center%20New%20Brunswick%20NJ","pilot-2026-09-25-2k"
"Little Steps Behavioral Health Network","https://www.littlestepsautismtx.com","Richardson","TX","2","Deborah Amos","Executive Clinical Director & Partner, BCBA","exec_director","deborah@littlestepsautismtx.com","https://www.linkedin.com/in/deborah-amos-littlestepsaba","google_maps","https://www.google.com/maps/search/Little%20Steps%20Behavioral%20Health%20Network%20Richardson%20TX","pilot-2026-09-25-2k"
"Living Stone Autism Group","https://www.livingstonebehavioralfl.com","Davie","FL","3","Debra Anaya","Founder & President, BCBA, LBA","founder","debra.anaya@livingstonebehavioralfl.com","https://www.linkedin.com/in/debra-anaya-livingstoneaba","apollo","https://www.google.com/maps/search/Living%20Stone%20Autism%20Group%20Davie%20FL","pilot-2026-09-25-2k"
"Logic Applied Behavior Specialists","https://www.logiccareca.com","El Cajon","CA","4","Declan Anders","Owner & Director of Applied Behavior Analysis","owner","danders@logiccareca.com","https://www.linkedin.com/in/declan-anders-logicaba","linkedin_sales_nav","https://www.google.com/maps/search/Logic%20Applied%20Behavior%20Specialists%20El%20Cajon%20CA","pilot-2026-09-25-2k"
"Loom Therapy Partners","https://www.loomabanc.org","Wilson","NC","1","Delilah Andersen","Founder & Clinical Director, BCBA-D","founder","delilah@loomabanc.org","https://www.linkedin.com/in/delilah-andersen-loomaba","state_directory","https://www.google.com/maps/search/Loom%20Therapy%20Partners%20Wilson%20NC","pilot-2026-09-25-2k"
"Lumina Pediatric Autism Services","https://www.luminaautismga.com","Kennesaw","GA","2","Derek Anderson","Co-Founder & Executive Director, MS, BCBA","founder","derek.anderson@luminaautismga.com","https://www.linkedin.com/in/derek-anderson-luminaaba","aba_index","https://www.google.com/maps/search/Lumina%20Pediatric%20Autism%20Services%20Kennesaw%20GA","pilot-2026-09-25-2k"
"Magnolia Behavioral Care Center","https://www.magnoliabehavioralco.com","Aurora","CO","3","Desiree Andrade","Owner & Clinical Supervisor, BCBA","owner","dandrade@magnoliabehavioralco.com","https://www.linkedin.com/in/desiree-andrade-magnoliaaba","google_maps","https://www.google.com/maps/search/Magnolia%20Behavioral%20Care%20Center%20Aurora%20CO","pilot-2026-09-25-2k"
"Mainstay Autism & Learning Institute","https://www.mainstaycareva.com","Chesapeake","VA","4","Destiny Andrews","CEO & Managing Partner, BCBA","ceo","destiny@mainstaycareva.com","https://www.linkedin.com/in/destiny-andrews-mainstayaba","apollo","https://www.google.com/maps/search/Mainstay%20Autism%20%26%20Learning%20Institute%20Chesapeake%20VA","pilot-2026-09-25-2k"
"Matrix Developmental Solutions","https://www.matrixabamd.com","Frederick","MD","1","Devin Anthony","Executive Clinical Director & Partner, BCBA","exec_director","devin.anthony@matrixabamd.com","https://www.linkedin.com/in/devin-anthony-matrixaba","linkedin_sales_nav","https://www.google.com/maps/search/Matrix%20Developmental%20Solutions%20Frederick%20MD","pilot-2026-09-25-2k"
"Meadow Behavioral Therapy Center","https://www.meadowautismil.org","Evanston","IL","2","Diana Archer","Founder & President, BCBA, LBA","founder","darcher@meadowautismil.org","https://www.linkedin.com/in/diana-archer-meadowaba","state_directory","https://www.google.com/maps/search/Meadow%20Behavioral%20Therapy%20Center%20Evanston%20IL","pilot-2026-09-25-2k"
"Medallion Autism Discovery Center","https://www.medallionbehavioralut.com","St. George","UT","3","Dominic Arellano","Owner & Director of Applied Behavior Analysis","owner","dominic@medallionbehavioralut.com","https://www.linkedin.com/in/dominic-arellano-medallionaba","aba_index","https://www.google.com/maps/search/Medallion%20Autism%20Discovery%20Center%20St.%20George%20UT","pilot-2026-09-25-2k"
"Mercy Behavioral Foundations","https://www.mercycarenj.net","Toms River","NJ","4","Donald Armenta","Founder & Clinical Director, BCBA-D","founder","donald.armenta@mercycarenj.net","https://www.linkedin.com/in/donald-armenta-mercyaba","google_maps","https://www.google.com/maps/search/Mercy%20Behavioral%20Foundations%20Toms%20River%20NJ","pilot-2026-09-25-2k"
"Meridian Therapeutic Solutions","https://www.meridianabatx.com","The Woodlands","TX","1","Donna Armstrong","Co-Founder & Executive Director, MS, BCBA","founder","darmstrong@meridianabatx.com","https://www.linkedin.com/in/donna-armstrong-meridianaba","apollo","https://www.google.com/maps/search/Meridian%20Therapeutic%20Solutions%20The%20Woodlands%20TX","pilot-2026-09-25-2k"
"Milestone ABA Collective","https://www.milestoneautismfl.com","Gainesville","FL","2","Dora Arndt","Owner & Clinical Supervisor, BCBA","owner","dora@milestoneautismfl.com","https://www.linkedin.com/in/dora-arndt-milestoneaba","linkedin_sales_nav","https://www.google.com/maps/search/Milestone%20ABA%20Collective%20Gainesville%20FL","pilot-2026-09-25-2k"
"Momentum Autism Center","https://www.momentumbehavioralca.org","Anaheim","CA","3","Douglas Arnold","CEO & Managing Partner, BCBA","ceo","douglas.arnold@momentumbehavioralca.org","https://www.linkedin.com/in/douglas-arnold-momentumaba","state_directory","https://www.google.com/maps/search/Momentum%20Autism%20Center%20Anaheim%20CA","pilot-2026-09-25-2k"
"Monarch ABA Therapy Group","https://www.monarchcarenc.com","Raleigh","NC","4","Drew Arredondo","Executive Clinical Director & Partner, BCBA","exec_director","darredondo@monarchcarenc.com","https://www.linkedin.com/in/drew-arredondo-monarchaba","aba_index","https://www.google.com/maps/search/Monarch%20ABA%20Therapy%20Group%20Raleigh%20NC","pilot-2026-09-25-2k"
"Mosaic Behavioral Solutions","https://www.mosaicabaga.com","Columbus","GA","1","Dustin Arroyo","Founder & President, BCBA, LBA","founder","dustin@mosaicabaga.com","https://www.linkedin.com/in/dustin-arroyo-mosaicaba","google_maps","https://www.google.com/maps/search/Mosaic%20Behavioral%20Solutions%20Columbus%20GA","pilot-2026-09-25-2k"
"Navigate Autism Services","https://www.navigateautismco.com","Broomfield","CO","2","Dylan Arthur","Owner & Director of Applied Behavior Analysis","owner","dylan.arthur@navigateautismco.com","https://www.linkedin.com/in/dylan-arthur-navigateaba","apollo","https://www.google.com/maps/search/Navigate%20Autism%20Services%20Broomfield%20CO","pilot-2026-09-25-2k"
"Navigator Behavioral Health","https://www.navigatorbehavioralva.net","Harrisonburg","VA","3","Easton Asher","Founder & Clinical Director, BCBA-D","founder","easher@navigatorbehavioralva.net","https://www.linkedin.com/in/easton-asher-navigatoraba","linkedin_sales_nav","https://www.google.com/maps/search/Navigator%20Behavioral%20Health%20Harrisonburg%20VA","pilot-2026-09-25-2k"
"Nest Therapy Associates","https://www.nestcaremd.org","Laurel","MD","4","Eddie Ashley","Co-Founder & Executive Director, MS, BCBA","founder","eddie@nestcaremd.org","https://www.linkedin.com/in/eddie-ashley-nestaba","state_directory","https://www.google.com/maps/search/Nest%20Therapy%20Associates%20Laurel%20MD","pilot-2026-09-25-2k"
"New Chapter Developmental Clinic","https://www.newchapterabail.com","Decatur","IL","1","Eden Ashton","Owner & Clinical Supervisor, BCBA","owner","eden.ashton@newchapterabail.com","https://www.linkedin.com/in/eden-ashton-newchapteraba","aba_index","https://www.google.com/maps/search/New%20Chapter%20Developmental%20Clinic%20Decatur%20IL","pilot-2026-09-25-2k"
"New Day ABA Services","https://www.newdayautismut.com","Spanish Fork","UT","2","Edward Atkins","CEO & Managing Partner, BCBA","ceo","eatkins@newdayautismut.com","https://www.linkedin.com/in/edward-atkins-newdayaba","google_maps","https://www.google.com/maps/search/New%20Day%20ABA%20Services%20Spanish%20Fork%20UT","pilot-2026-09-25-2k"
"New Era Autism & Behavioral Clinic","https://www.newerabehavioralnj.com","Perth Amboy","NJ","3","Edwin Atkinson","Executive Clinical Director & Partner, BCBA","exec_director","edwin@newerabehavioralnj.com","https://www.linkedin.com/in/edwin-atkinson-neweraaba","apollo","https://www.google.com/maps/search/New%20Era%20Autism%20%26%20Behavioral%20Clinic%20Perth%20Amboy%20NJ","pilot-2026-09-25-2k"
"New Horizons Child Development Center","https://www.newhorizonscaretx.com","Round Rock","TX","4","Elaine Augustine","Founder & President, BCBA, LBA","founder","elaine.augustine@newhorizonscaretx.com","https://www.linkedin.com/in/elaine-augustine-newhorizonsaba","linkedin_sales_nav","https://www.google.com/maps/search/New%20Horizons%20Child%20Development%20Center%20Round%20Rock%20TX","pilot-2026-09-25-2k"
"New Path Behavior Analysis Partners","https://www.newpathabafl.org","Pompano Beach","FL","1","Eleanor Austin","Owner & Director of Applied Behavior Analysis","owner","eaustin@newpathabafl.org","https://www.linkedin.com/in/eleanor-austin-newpathaba","state_directory","https://www.google.com/maps/search/New%20Path%20Behavior%20Analysis%20Partners%20Pompano%20Beach%20FL","pilot-2026-09-25-2k"
"Next Chapter Behavioral Care","https://www.nextchapterautismca.net","Rancho Cucamonga","CA","2","Eli Avalos","Founder & Clinical Director, BCBA-D","founder","eli@nextchapterautismca.net","https://www.linkedin.com/in/eli-avalos-nextchapteraba","aba_index","https://www.google.com/maps/search/Next%20Chapter%20Behavioral%20Care%20Rancho%20Cucamonga%20CA","pilot-2026-09-25-2k"
"Next Step Autism Horizons","https://www.nextstepbehavioralnc.com","Apex","NC","3","Elias Avery","Co-Founder & Executive Director, MS, BCBA","founder","elias.avery@nextstepbehavioralnc.com","https://www.linkedin.com/in/elias-avery-nextstepaba","google_maps","https://www.google.com/maps/search/Next%20Step%20Autism%20Horizons%20Apex%20NC","pilot-2026-09-25-2k"
"Noble Therapy & Learning Center","https://www.noblecarega.com","Smyrna","GA","4","Elijah Avila","Owner & Clinical Supervisor, BCBA","owner","eavila@noblecarega.com","https://www.linkedin.com/in/elijah-avila-nobleaba","apollo","https://www.google.com/maps/search/Noble%20Therapy%20%26%20Learning%20Center%20Smyrna%20GA","pilot-2026-09-25-2k"
"North Star Behavioral Interventions","https://www.northstarabaco.com","Lakewood","CO","1","Elise Ayala","CEO & Managing Partner, BCBA","ceo","elise@northstarabaco.com","https://www.linkedin.com/in/elise-ayala-northstaraba","linkedin_sales_nav","https://www.google.com/maps/search/North%20Star%20Behavioral%20Interventions%20Lakewood%20CO","pilot-2026-09-25-2k"
"Nova Autism Clinic","https://www.novaautismva.org","Alexandria","VA","2","Elizabeth Babcock","Executive Clinical Director & Partner, BCBA","exec_director","elizabeth.babcock@novaautismva.org","https://www.linkedin.com/in/elizabeth-babcock-novaaba","state_directory","https://www.google.com/maps/search/Nova%20Autism%20Clinic%20Alexandria%20VA","pilot-2026-09-25-2k"
"Oasis ABA Center","https://www.oasisbehavioralmd.com","Annapolis","MD","3","Ella Bach","Founder & President, BCBA, LBA","founder","ebach@oasisbehavioralmd.com","https://www.linkedin.com/in/ella-bach-oasisaba","aba_index","https://www.google.com/maps/search/Oasis%20ABA%20Center%20Annapolis%20MD","pilot-2026-09-25-2k"
"Octave Behavioral Health Network","https://www.octavecareil.com","Peoria","IL","4","Ellen Bader","Owner & Director of Applied Behavior Analysis","owner","ellen@octavecareil.com","https://www.linkedin.com/in/ellen-bader-octaveaba","google_maps","https://www.google.com/maps/search/Octave%20Behavioral%20Health%20Network%20Peoria%20IL","pilot-2026-09-25-2k"
"Odyssey Autism Group","https://www.odysseyabaut.net","South Jordan","UT","1","Ellie Baer","Founder & Clinical Director, BCBA-D","founder","ellie.baer@odysseyabaut.net","https://www.linkedin.com/in/ellie-baer-odysseyaba","apollo","https://www.google.com/maps/search/Odyssey%20Autism%20Group%20South%20Jordan%20UT","pilot-2026-09-25-2k"
"Omega Applied Behavior Specialists","https://www.omegaautismnj.com","Clifton","NJ","2","Elliott Baggett","Co-Founder & Executive Director, MS, BCBA","founder","ebaggett@omegaautismnj.com","https://www.linkedin.com/in/elliott-baggett-omegaaba","linkedin_sales_nav","https://www.google.com/maps/search/Omega%20Applied%20Behavior%20Specialists%20Clifton%20NJ","pilot-2026-09-25-2k"
"One Step Therapy Partners","https://www.onestepbehavioraltx.org","San Marcos","TX","3","Aaron Bagley","Owner & Clinical Supervisor, BCBA","owner","aaron@onestepbehavioraltx.org","https://www.linkedin.com/in/aaron-bagley-onestepaba","state_directory","https://www.google.com/maps/search/One%20Step%20Therapy%20Partners%20San%20Marcos%20TX","pilot-2026-09-25-2k"
"Open Door Pediatric Autism Services","https://www.opendoorcarefl.com","Apopka","FL","4","Abigail Bailey","CEO & Managing Partner, BCBA","ceo","abigail.bailey@opendoorcarefl.com","https://www.linkedin.com/in/abigail-bailey-opendooraba","aba_index","https://www.google.com/maps/search/Open%20Door%20Pediatric%20Autism%20Services%20Apopka%20FL","pilot-2026-09-25-2k"
"Optima Behavioral Care Center","https://www.optimaabaca.com","Concord","CA","1","Adam Bain","Executive Clinical Director & Partner, BCBA","exec_director","abain@optimaabaca.com","https://www.linkedin.com/in/adam-bain-optimaaba","google_maps","https://www.google.com/maps/search/Optima%20Behavioral%20Care%20Center%20Concord%20CA","pilot-2026-09-25-2k"
"Orchard Autism & Learning Institute","https://www.orchardautismnc.com","Matthews","NC","2","Adrian Baird","Founder & President, BCBA, LBA","founder","adrian@orchardautismnc.com","https://www.linkedin.com/in/adrian-baird-orchardaba","apollo","https://www.google.com/maps/search/Orchard%20Autism%20%26%20Learning%20Institute%20Matthews%20NC","pilot-2026-09-25-2k"
"Origin Developmental Solutions","https://www.originbehavioralga.com","Carrollton","GA","3","Aiden Baker","Owner & Director of Applied Behavior Analysis","owner","aiden.baker@originbehavioralga.com","https://www.linkedin.com/in/aiden-baker-originaba","linkedin_sales_nav","https://www.google.com/maps/search/Origin%20Developmental%20Solutions%20Carrollton%20GA","pilot-2026-09-25-2k"
"Overbrook Behavioral Therapy Center","https://www.overbrookcareco.org","Grand Junction","CO","4","Alex Baldwin","Founder & Clinical Director, BCBA-D","founder","abaldwin@overbrookcareco.org","https://www.linkedin.com/in/alex-baldwin-overbrookaba","state_directory","https://www.google.com/maps/search/Overbrook%20Behavioral%20Therapy%20Center%20Grand%20Junction%20CO","pilot-2026-09-25-2k"
"Pacific Autism Discovery Center","https://www.pacificabava.com","Blacksburg","VA","1","Alexander Bales","Co-Founder & Executive Director, MS, BCBA","founder","alexander@pacificabava.com","https://www.linkedin.com/in/alexander-bales-pacificaba","aba_index","https://www.google.com/maps/search/Pacific%20Autism%20Discovery%20Center%20Blacksburg%20VA","pilot-2026-09-25-2k"
"Palisade Behavioral Foundations","https://www.palisadeautismmd.com","College Park","MD","2","Alexandra Ball","Owner & Clinical Supervisor, BCBA","owner","alexandra.ball@palisadeautismmd.com","https://www.linkedin.com/in/alexandra-ball-palisadeaba","google_maps","https://www.google.com/maps/search/Palisade%20Behavioral%20Foundations%20College%20Park%20MD","pilot-2026-09-25-2k"
"Panorama Therapeutic Solutions","https://www.panoramabehavioralil.com","Skokie","IL","3","Alexis Ballard","CEO & Managing Partner, BCBA","ceo","aballard@panoramabehavioralil.com","https://www.linkedin.com/in/alexis-ballard-panoramaaba","apollo","https://www.google.com/maps/search/Panorama%20Therapeutic%20Solutions%20Skokie%20IL","pilot-2026-09-25-2k"
"Paragon ABA Collective","https://www.paragoncareut.com","Pleasant Grove","UT","4","Alice Ballesteros","Executive Clinical Director & Partner, BCBA","exec_director","alice@paragoncareut.com","https://www.linkedin.com/in/alice-ballesteros-paragonaba","linkedin_sales_nav","https://www.google.com/maps/search/Paragon%20ABA%20Collective%20Pleasant%20Grove%20UT","pilot-2026-09-25-2k"
"Pathway Autism Center","https://www.pathwayabanj.org","Newark","NJ","1","Allison Banks","Founder & President, BCBA, LBA","founder","allison.banks@pathwayabanj.org","https://www.linkedin.com/in/allison-banks-pathwayaba","state_directory","https://www.google.com/maps/search/Pathway%20Autism%20Center%20Newark%20NJ","pilot-2026-09-25-2k"
"Pathways ABA Therapy Group","https://www.pathwaysautismtx.com","Dallas","TX","2","Alyssa Bankston","Owner & Director of Applied Behavior Analysis","owner","abankston@pathwaysautismtx.com","https://www.linkedin.com/in/alyssa-bankston-pathwaysaba","aba_index","https://www.google.com/maps/search/Pathways%20ABA%20Therapy%20Group%20Dallas%20TX","pilot-2026-09-25-2k"
"Patience Behavioral Solutions","https://www.patiencebehavioralfl.net","Tampa","FL","3","Amber Bannister","Founder & Clinical Director, BCBA-D","founder","amber@patiencebehavioralfl.net","https://www.linkedin.com/in/amber-bannister-patienceaba","google_maps","https://www.google.com/maps/search/Patience%20Behavioral%20Solutions%20Tampa%20FL","pilot-2026-09-25-2k"
"Peak Autism Services","https://www.peakcareca.com","Sacramento","CA","4","Amy Barajas","Co-Founder & Executive Director, MS, BCBA","founder","amy.barajas@peakcareca.com","https://www.linkedin.com/in/amy-barajas-peakaba","apollo","https://www.google.com/maps/search/Peak%20Autism%20Services%20Sacramento%20CA","pilot-2026-09-25-2k"
"Pelican Behavioral Health","https://www.pelicanabanc.com","Winston-Salem","NC","1","Andrea Barba","Owner & Clinical Supervisor, BCBA","owner","abarba@pelicanabanc.com","https://www.linkedin.com/in/andrea-barba-pelicanaba","linkedin_sales_nav","https://www.google.com/maps/search/Pelican%20Behavioral%20Health%20Winston-Salem%20NC","pilot-2026-09-25-2k"
"Petal Therapy Associates","https://www.petalautismga.org","Sandy Springs","GA","2","Andrew Barbee","CEO & Managing Partner, BCBA","ceo","andrew@petalautismga.org","https://www.linkedin.com/in/andrew-barbee-petalaba","state_directory","https://www.google.com/maps/search/Petal%20Therapy%20Associates%20Sandy%20Springs%20GA","pilot-2026-09-25-2k"
"Pharos Developmental Clinic","https://www.pharosbehavioralco.com","Thornton","CO","3","Angela Barber","Executive Clinical Director & Partner, BCBA","exec_director","angela.barber@pharosbehavioralco.com","https://www.linkedin.com/in/angela-barber-pharosaba","aba_index","https://www.google.com/maps/search/Pharos%20Developmental%20Clinic%20Thornton%20CO","pilot-2026-09-25-2k"
"Pheonix ABA Services","https://www.pheonixcareva.com","Fairfax","VA","4","Ann Barker","Founder & President, BCBA, LBA","founder","abarker@pheonixcareva.com","https://www.linkedin.com/in/ann-barker-pheonixaba","google_maps","https://www.google.com/maps/search/Pheonix%20ABA%20Services%20Fairfax%20VA","pilot-2026-09-25-2k"
"Pier Autism & Behavioral Clinic","https://www.pierabamd.com","Columbia","MD","1","Anna Barkley","Owner & Director of Applied Behavior Analysis","owner","anna@pierabamd.com","https://www.linkedin.com/in/anna-barkley-pieraba","apollo","https://www.google.com/maps/search/Pier%20Autism%20%26%20Behavioral%20Clinic%20Columbia%20MD","pilot-2026-09-25-2k"
"Pilgrim Child Development Center","https://www.pilgrimautismil.net","Springfield","IL","2","Anthony Barnes","Founder & Clinical Director, BCBA-D","founder","anthony.barnes@pilgrimautismil.net","https://www.linkedin.com/in/anthony-barnes-pilgrimaba","linkedin_sales_nav","https://www.google.com/maps/search/Pilgrim%20Child%20Development%20Center%20Springfield%20IL","pilot-2026-09-25-2k"
"Pilot Behavior Analysis Partners","https://www.pilotbehavioralut.org","Millcreek","UT","3","Antonio Barnett","Co-Founder & Executive Director, MS, BCBA","founder","abarnett@pilotbehavioralut.org","https://www.linkedin.com/in/antonio-barnett-pilotaba","state_directory","https://www.google.com/maps/search/Pilot%20Behavior%20Analysis%20Partners%20Millcreek%20UT","pilot-2026-09-25-2k"
"Pinnacle Behavioral Care","https://www.pinnaclecarenj.com","Passaic","NJ","4","Arthur Barr","Owner & Clinical Supervisor, BCBA","owner","arthur@pinnaclecarenj.com","https://www.linkedin.com/in/arthur-barr-pinnacleaba","aba_index","https://www.google.com/maps/search/Pinnacle%20Behavioral%20Care%20Passaic%20NJ","pilot-2026-09-25-2k"
"Pioneer Autism Horizons","https://www.pioneerabatx.com","Lubbock","TX","1","Ashley Barrera","CEO & Managing Partner, BCBA","ceo","ashley.barrera@pioneerabatx.com","https://www.linkedin.com/in/ashley-barrera-pioneeraba","google_maps","https://www.google.com/maps/search/Pioneer%20Autism%20Horizons%20Lubbock%20TX","pilot-2026-09-25-2k"
"Plaza Therapy & Learning Center","https://www.plazaautismfl.com","West Palm Beach","FL","2","Audrey Barrett","Executive Clinical Director & Partner, BCBA","exec_director","abarrett@plazaautismfl.com","https://www.linkedin.com/in/audrey-barrett-plazaaba","apollo","https://www.google.com/maps/search/Plaza%20Therapy%20%26%20Learning%20Center%20West%20Palm%20Beach%20FL","pilot-2026-09-25-2k"
"Pledge Behavioral Interventions","https://www.pledgebehavioralca.com","Fremont","CA","3","Austin Barron","Founder & President, BCBA, LBA","founder","austin@pledgebehavioralca.com","https://www.linkedin.com/in/austin-barron-pledgeaba","linkedin_sales_nav","https://www.google.com/maps/search/Pledge%20Behavioral%20Interventions%20Fremont%20CA","pilot-2026-09-25-2k"
"Point Autism Clinic","https://www.pointcarenc.org","Huntersville","NC","4","Autumn Barry","Owner & Director of Applied Behavior Analysis","owner","autumn.barry@pointcarenc.org","https://www.linkedin.com/in/autumn-barry-pointaba","state_directory","https://www.google.com/maps/search/Point%20Autism%20Clinic%20Huntersville%20NC","pilot-2026-09-25-2k"
"Polestar ABA Center","https://www.polestarabaga.net","Gainesville","GA","1","Ava Bartlett","Founder & Clinical Director, BCBA-D","founder","abartlett@polestarabaga.net","https://www.linkedin.com/in/ava-bartlett-polestaraba","aba_index","https://www.google.com/maps/search/Polestar%20ABA%20Center%20Gainesville%20GA","pilot-2026-09-25-2k"
"Prairie Behavioral Health Network","https://www.prairieautismco.com","Parker","CO","2","Avery Barton","Co-Founder & Executive Director, MS, BCBA","founder","avery@prairieautismco.com","https://www.linkedin.com/in/avery-barton-prairieaba","google_maps","https://www.google.com/maps/search/Prairie%20Behavioral%20Health%20Network%20Parker%20CO","pilot-2026-09-25-2k"
"Precision Autism Group","https://www.precisionbehavioralva.com","Winchester","VA","3","Bailey Bass","Owner & Clinical Supervisor, BCBA","owner","bailey.bass@precisionbehavioralva.com","https://www.linkedin.com/in/bailey-bass-precisionaba","apollo","https://www.google.com/maps/search/Precision%20Autism%20Group%20Winchester%20VA","pilot-2026-09-25-2k"
"Premier Applied Behavior Specialists","https://www.premiercaremd.com","Hagerstown","MD","4","Barbara Batchelor","CEO & Managing Partner, BCBA","ceo","bbatchelor@premiercaremd.com","https://www.linkedin.com/in/barbara-batchelor-premieraba","linkedin_sales_nav","https://www.google.com/maps/search/Premier%20Applied%20Behavior%20Specialists%20Hagerstown%20MD","pilot-2026-09-25-2k"
"Primrose Therapy Partners","https://www.primroseabail.org","Chicago","IL","1","Beatrice Bateman","Executive Clinical Director & Partner, BCBA","exec_director","beatrice@primroseabail.org","https://www.linkedin.com/in/beatrice-bateman-primroseaba","state_directory","https://www.google.com/maps/search/Primrose%20Therapy%20Partners%20Chicago%20IL","pilot-2026-09-25-2k"
"Prism Pediatric Autism Services","https://www.prismautismut.com","Provo","UT","2","Benjamin Bates","Founder & President, BCBA, LBA","founder","benjamin.bates@prismautismut.com","https://www.linkedin.com/in/benjamin-bates-prismaba","aba_index","https://www.google.com/maps/search/Prism%20Pediatric%20Autism%20Services%20Provo%20UT","pilot-2026-09-25-2k"
"Progress Behavioral Care Center","https://www.progressbehavioralnj.com","Paterson","NJ","3","Bethany Batista","Owner & Director of Applied Behavior Analysis","owner","bbatista@progressbehavioralnj.com","https://www.linkedin.com/in/bethany-batista-progressaba","google_maps","https://www.google.com/maps/search/Progress%20Behavioral%20Care%20Center%20Paterson%20NJ","pilot-2026-09-25-2k"
"Promise Autism & Learning Institute","https://www.promisecaretx.net","Conroe","TX","4","Blake Bauer","Founder & Clinical Director, BCBA-D","founder","blake@promisecaretx.net","https://www.linkedin.com/in/blake-bauer-promiseaba","apollo","https://www.google.com/maps/search/Promise%20Autism%20%26%20Learning%20Institute%20Conroe%20TX","pilot-2026-09-25-2k"
"Prosper Developmental Solutions","https://www.prosperabafl.com","Fort Myers","FL","1","Bradley Baughman","Co-Founder & Executive Director, MS, BCBA","founder","bradley.baughman@prosperabafl.com","https://www.linkedin.com/in/bradley-baughman-prosperaba","linkedin_sales_nav","https://www.google.com/maps/search/Prosper%20Developmental%20Solutions%20Fort%20Myers%20FL","pilot-2026-09-25-2k"
"Proximity Behavioral Therapy Center","https://www.proximityautismca.org","Hayward","CA","2","Brandon Bauman","Owner & Clinical Supervisor, BCBA","owner","bbauman@proximityautismca.org","https://www.linkedin.com/in/brandon-bauman-proximityaba","state_directory","https://www.google.com/maps/search/Proximity%20Behavioral%20Therapy%20Center%20Hayward%20CA","pilot-2026-09-25-2k"
"Purpose Autism Discovery Center","https://www.purposebehavioralnc.com","New Bern","NC","3","Brayden Baxter","CEO & Managing Partner, BCBA","ceo","brayden@purposebehavioralnc.com","https://www.linkedin.com/in/brayden-baxter-purposeaba","aba_index","https://www.google.com/maps/search/Purpose%20Autism%20Discovery%20Center%20New%20Bern%20NC","pilot-2026-09-25-2k"
"Quest Behavioral Foundations","https://www.questcarega.com","McDonough","GA","4","Brenda Beach","Executive Clinical Director & Partner, BCBA","exec_director","brenda.beach@questcarega.com","https://www.linkedin.com/in/brenda-beach-questaba","google_maps","https://www.google.com/maps/search/Quest%20Behavioral%20Foundations%20McDonough%20GA","pilot-2026-09-25-2k"
"Radiance Therapeutic Solutions","https://www.radianceabaco.com","Centennial","CO","1","Brian Beal","Founder & President, BCBA, LBA","founder","bbeal@radianceabaco.com","https://www.linkedin.com/in/brian-beal-radianceaba","apollo","https://www.google.com/maps/search/Radiance%20Therapeutic%20Solutions%20Centennial%20CO","pilot-2026-09-25-2k"
"Radiant ABA Collective","https://www.radiantautismva.com","McLean","VA","2","Brianna Beam","Owner & Director of Applied Behavior Analysis","owner","brianna@radiantautismva.com","https://www.linkedin.com/in/brianna-beam-radiantaba","linkedin_sales_nav","https://www.google.com/maps/search/Radiant%20ABA%20Collective%20McLean%20VA","pilot-2026-09-25-2k"
"Rainbow Autism Center","https://www.rainbowbehavioralmd.org","Germantown","MD","3","Brittany Bean","Founder & Clinical Director, BCBA-D","founder","brittany.bean@rainbowbehavioralmd.org","https://www.linkedin.com/in/brittany-bean-rainbowaba","state_directory","https://www.google.com/maps/search/Rainbow%20Autism%20Center%20Germantown%20MD","pilot-2026-09-25-2k"
"Reach ABA Therapy Group","https://www.reachcareil.com","Cicero","IL","4","Brooke Beard","Co-Founder & Executive Director, MS, BCBA","founder","bbeard@reachcareil.com","https://www.linkedin.com/in/brooke-beard-reachaba","aba_index","https://www.google.com/maps/search/Reach%20ABA%20Therapy%20Group%20Cicero%20IL","pilot-2026-09-25-2k"
"Realm Behavioral Solutions","https://www.realmabaut.com","Logan","UT","1","Brooklyn Beasley","Owner & Clinical Supervisor, BCBA","owner","brooklyn@realmabaut.com","https://www.linkedin.com/in/brooklyn-beasley-realmaba","google_maps","https://www.google.com/maps/search/Realm%20Behavioral%20Solutions%20Logan%20UT","pilot-2026-09-25-2k"
"Redwood Autism Services","https://www.redwoodautismnj.com","Bayonne","NJ","2","Bruce Beatty","CEO & Managing Partner, BCBA","ceo","bruce.beatty@redwoodautismnj.com","https://www.linkedin.com/in/bruce-beatty-redwoodaba","apollo","https://www.google.com/maps/search/Redwood%20Autism%20Services%20Bayonne%20NJ","pilot-2026-09-25-2k"
"Refuge Behavioral Health","https://www.refugebehavioraltx.com","Odessa","TX","3","Bryan Beauchamp","Executive Clinical Director & Partner, BCBA","exec_director","bbeauchamp@refugebehavioraltx.com","https://www.linkedin.com/in/bryan-beauchamp-refugeaba","linkedin_sales_nav","https://www.google.com/maps/search/Refuge%20Behavioral%20Health%20Odessa%20TX","pilot-2026-09-25-2k"
"Regal Therapy Associates","https://www.regalcarefl.org","Altamonte Springs","FL","4","Caleb Beaver","Founder & President, BCBA, LBA","founder","caleb@regalcarefl.org","https://www.linkedin.com/in/caleb-beaver-regalaba","state_directory","https://www.google.com/maps/search/Regal%20Therapy%20Associates%20Altamonte%20Springs%20FL","pilot-2026-09-25-2k"
"Reliant Developmental Clinic","https://www.reliantabaca.com","Clovis","CA","1","Cameron Beck","Owner & Director of Applied Behavior Analysis","owner","cameron.beck@reliantabaca.com","https://www.linkedin.com/in/cameron-beck-reliantaba","aba_index","https://www.google.com/maps/search/Reliant%20Developmental%20Clinic%20Clovis%20CA","pilot-2026-09-25-2k"
"Renaissance ABA Services","https://www.renaissanceautismnc.net","Wilmington","NC","2","Camila Becker","Founder & Clinical Director, BCBA-D","founder","cbecker@renaissanceautismnc.net","https://www.linkedin.com/in/camila-becker-renaissanceaba","google_maps","https://www.google.com/maps/search/Renaissance%20ABA%20Services%20Wilmington%20NC","pilot-2026-09-25-2k"
"Renew Autism & Behavioral Clinic","https://www.renewbehavioralga.com","Alpharetta","GA","3","Carla Beckett","Co-Founder & Executive Director, MS, BCBA","founder","carla@renewbehavioralga.com","https://www.linkedin.com/in/carla-beckett-renewaba","apollo","https://www.google.com/maps/search/Renew%20Autism%20%26%20Behavioral%20Clinic%20Alpharetta%20GA","pilot-2026-09-25-2k"
"Renewal Child Development Center","https://www.renewalcareco.com","Brighton","CO","4","Carlos Beckman","Owner & Clinical Supervisor, BCBA","owner","carlos.beckman@renewalcareco.com","https://www.linkedin.com/in/carlos-beckman-renewalaba","linkedin_sales_nav","https://www.google.com/maps/search/Renewal%20Child%20Development%20Center%20Brighton%20CO","pilot-2026-09-25-2k"
"Resilience Behavior Analysis Partners","https://www.resilienceabava.org","Richmond","VA","1","Caroline Bedford","CEO & Managing Partner, BCBA","ceo","cbedford@resilienceabava.org","https://www.linkedin.com/in/caroline-bedford-resilienceaba","state_directory","https://www.google.com/maps/search/Resilience%20Behavior%20Analysis%20Partners%20Richmond%20VA","pilot-2026-09-25-2k"
"Resolution Behavioral Care","https://www.resolutionautismmd.com","Rockville","MD","2","Carolyn Beebe","Executive Clinical Director & Partner, BCBA","exec_director","carolyn@resolutionautismmd.com","https://www.linkedin.com/in/carolyn-beebe-resolutionaba","aba_index","https://www.google.com/maps/search/Resolution%20Behavioral%20Care%20Rockville%20MD","pilot-2026-09-25-2k"
"Resonance Autism Horizons","https://www.resonancebehavioralil.com","Aurora","IL","3","Carson Beeler","Founder & President, BCBA, LBA","founder","carson.beeler@resonancebehavioralil.com","https://www.linkedin.com/in/carson-beeler-resonanceaba","google_maps","https://www.google.com/maps/search/Resonance%20Autism%20Horizons%20Aurora%20IL","pilot-2026-09-25-2k"
"Rialto Therapy & Learning Center","https://www.rialtocareut.com","Orem","UT","4","Carter Begay","Owner & Director of Applied Behavior Analysis","owner","cbegay@rialtocareut.com","https://www.linkedin.com/in/carter-begay-rialtoaba","apollo","https://www.google.com/maps/search/Rialto%20Therapy%20%26%20Learning%20Center%20Orem%20UT","pilot-2026-09-25-2k"
"Ridge Behavioral Interventions","https://www.ridgeabanj.net","Edison","NJ","1","Cassandra Belcher","Founder & Clinical Director, BCBA-D","founder","cassandra@ridgeabanj.net","https://www.linkedin.com/in/cassandra-belcher-ridgeaba","linkedin_sales_nav","https://www.google.com/maps/search/Ridge%20Behavioral%20Interventions%20Edison%20NJ","pilot-2026-09-25-2k"
"Ridgeway Autism Clinic","https://www.ridgewayautismtx.org","Plano","TX","2","Catherine Bell","Co-Founder & Executive Director, MS, BCBA","founder","catherine.bell@ridgewayautismtx.org","https://www.linkedin.com/in/catherine-bell-ridgewayaba","state_directory","https://www.google.com/maps/search/Ridgeway%20Autism%20Clinic%20Plano%20TX","pilot-2026-09-25-2k"
"Rise ABA Center","https://www.risebehavioralfl.com","Boca Raton","FL","3","Cecilia Bellamy","Owner & Clinical Supervisor, BCBA","owner","cbellamy@risebehavioralfl.com","https://www.linkedin.com/in/cecilia-bellamy-riseaba","aba_index","https://www.google.com/maps/search/Rise%20ABA%20Center%20Boca%20Raton%20FL","pilot-2026-09-25-2k"
"Rising Sun Behavioral Health Network","https://www.risingsuncareca.com","Bakersfield","CA","4","Chad Bellinger","CEO & Managing Partner, BCBA","ceo","chad@risingsuncareca.com","https://www.linkedin.com/in/chad-bellinger-risingsunaba","google_maps","https://www.google.com/maps/search/Rising%20Sun%20Behavioral%20Health%20Network%20Bakersfield%20CA","pilot-2026-09-25-2k"
"River Autism Group","https://www.riverabanc.com","Mooresville","NC","1","Charles Beltran","Executive Clinical Director & Partner, BCBA","exec_director","charles.beltran@riverabanc.com","https://www.linkedin.com/in/charles-beltran-riveraba","apollo","https://www.google.com/maps/search/River%20Autism%20Group%20Mooresville%20NC","pilot-2026-09-25-2k"
"Riverbend Applied Behavior Specialists","https://www.riverbendautismga.com","Woodstock","GA","2","Charlotte Bender","Founder & President, BCBA, LBA","founder","cbender@riverbendautismga.com","https://www.linkedin.com/in/charlotte-bender-riverbendaba","linkedin_sales_nav","https://www.google.com/maps/search/Riverbend%20Applied%20Behavior%20Specialists%20Woodstock%20GA","pilot-2026-09-25-2k"
"Riverstone Therapy Partners","https://www.riverstonebehavioralco.org","Greeley","CO","3","Chase Benedict","Owner & Director of Applied Behavior Analysis","owner","chase@riverstonebehavioralco.org","https://www.linkedin.com/in/chase-benedict-riverstoneaba","state_directory","https://www.google.com/maps/search/Riverstone%20Therapy%20Partners%20Greeley%20CO","pilot-2026-09-25-2k"
"Roanoke Pediatric Autism Services","https://www.roanokecareva.net","Newport News","VA","4","Chelsea Benitez","Founder & Clinical Director, BCBA-D","founder","chelsea.benitez@roanokecareva.net","https://www.linkedin.com/in/chelsea-benitez-roanokeaba","aba_index","https://www.google.com/maps/search/Roanoke%20Pediatric%20Autism%20Services%20Newport%20News%20VA","pilot-2026-09-25-2k"
"Rockford Behavioral Care Center","https://www.rockfordabamd.com","Ellicott City","MD","1","Cheyenne Benjamin","Co-Founder & Executive Director, MS, BCBA","founder","cbenjamin@rockfordabamd.com","https://www.linkedin.com/in/cheyenne-benjamin-rockfordaba","google_maps","https://www.google.com/maps/search/Rockford%20Behavioral%20Care%20Center%20Ellicott%20City%20MD","pilot-2026-09-25-2k"
"Roots Autism & Learning Institute","https://www.rootsautismil.com","Bloomington","IL","2","Chloe Bennett","Owner & Clinical Supervisor, BCBA","owner","chloe@rootsautismil.com","https://www.linkedin.com/in/chloe-bennett-rootsaba","apollo","https://www.google.com/maps/search/Roots%20Autism%20%26%20Learning%20Institute%20Bloomington%20IL","pilot-2026-09-25-2k"
"Roswell Developmental Solutions","https://www.roswellbehavioralut.com","Draper","UT","3","Christian Benoit","CEO & Managing Partner, BCBA","ceo","christian.benoit@roswellbehavioralut.com","https://www.linkedin.com/in/christian-benoit-roswellaba","linkedin_sales_nav","https://www.google.com/maps/search/Roswell%20Developmental%20Solutions%20Draper%20UT","pilot-2026-09-25-2k"
"Safe Harbor Behavioral Therapy Center","https://www.safeharborcarenj.org","Vineland","NJ","4","Christina Benson","Executive Clinical Director & Partner, BCBA","exec_director","cbenson@safeharborcarenj.org","https://www.linkedin.com/in/christina-benson-safeharboraba","state_directory","https://www.google.com/maps/search/Safe%20Harbor%20Behavioral%20Therapy%20Center%20Vineland%20NJ","pilot-2026-09-25-2k"
"Safe Haven Autism Discovery Center","https://www.safehavenabatx.com","Tyler","TX","1","Christine Bentley","Founder & President, BCBA, LBA","founder","christine@safehavenabatx.com","https://www.linkedin.com/in/christine-bentley-safehavenaba","aba_index","https://www.google.com/maps/search/Safe%20Haven%20Autism%20Discovery%20Center%20Tyler%20TX","pilot-2026-09-25-2k"
"Saddleback Behavioral Foundations","https://www.saddlebackautismfl.com","Kissimmee","FL","2","Christopher Benton","Owner & Director of Applied Behavior Analysis","owner","christopher.benton@saddlebackautismfl.com","https://www.linkedin.com/in/christopher-benton-saddlebackaba","google_maps","https://www.google.com/maps/search/Saddleback%20Behavioral%20Foundations%20Kissimmee%20FL","pilot-2026-09-25-2k"
"Sage Therapeutic Solutions","https://www.sagebehavioralca.net","Huntington Beach","CA","3","Claire Berg","Founder & Clinical Director, BCBA-D","founder","cberg@sagebehavioralca.net","https://www.linkedin.com/in/claire-berg-sageaba","apollo","https://www.google.com/maps/search/Sage%20Therapeutic%20Solutions%20Huntington%20Beach%20CA","pilot-2026-09-25-2k"
"Sanctuary ABA Collective","https://www.sanctuarycarenc.com","Kernersville","NC","4","Clara Berger","Co-Founder & Executive Director, MS, BCBA","founder","clara@sanctuarycarenc.com","https://www.linkedin.com/in/clara-berger-sanctuaryaba","linkedin_sales_nav","https://www.google.com/maps/search/Sanctuary%20ABA%20Collective%20Kernersville%20NC","pilot-2026-09-25-2k"
"Sapphire Autism Center","https://www.sapphireabaga.org","Atlanta","GA","1","Clayton Bergman","Owner & Clinical Supervisor, BCBA","owner","clayton.bergman@sapphireabaga.org","https://www.linkedin.com/in/clayton-bergman-sapphireaba","state_directory","https://www.google.com/maps/search/Sapphire%20Autism%20Center%20Atlanta%20GA","pilot-2026-09-25-2k"
"Scaffold ABA Therapy Group","https://www.scaffoldautismco.com","Colorado Springs","CO","2","Cole Bernal","CEO & Managing Partner, BCBA","ceo","cbernal@scaffoldautismco.com","https://www.linkedin.com/in/cole-bernal-scaffoldaba","aba_index","https://www.google.com/maps/search/Scaffold%20ABA%20Therapy%20Group%20Colorado%20Springs%20CO","pilot-2026-09-25-2k"
"Scholar Behavioral Solutions","https://www.scholarbehavioralva.com","Norfolk","VA","3","Colin Bernard","Executive Clinical Director & Partner, BCBA","exec_director","colin@scholarbehavioralva.com","https://www.linkedin.com/in/colin-bernard-scholaraba","google_maps","https://www.google.com/maps/search/Scholar%20Behavioral%20Solutions%20Norfolk%20VA","pilot-2026-09-25-2k"
"Scope Autism Services","https://www.scopecaremd.com","Silver Spring","MD","4","Colleen Berry","Founder & President, BCBA, LBA","founder","colleen.berry@scopecaremd.com","https://www.linkedin.com/in/colleen-berry-scopeaba","apollo","https://www.google.com/maps/search/Scope%20Autism%20Services%20Silver%20Spring%20MD","pilot-2026-09-25-2k"
"Sequoia Behavioral Health","https://www.sequoiaabail.com","Joliet","IL","1","Connor Berryman","Owner & Director of Applied Behavior Analysis","owner","cberryman@sequoiaabail.com","https://www.linkedin.com/in/connor-berryman-sequoiaaba","linkedin_sales_nav","https://www.google.com/maps/search/Sequoia%20Behavioral%20Health%20Joliet%20IL","pilot-2026-09-25-2k"
"Serenity Therapy Associates","https://www.serenityautismut.org","Ogden","UT","2","Cora Bertram","Founder & Clinical Director, BCBA-D","founder","cora@serenityautismut.org","https://www.linkedin.com/in/cora-bertram-serenityaba","state_directory","https://www.google.com/maps/search/Serenity%20Therapy%20Associates%20Ogden%20UT","pilot-2026-09-25-2k"
"Shelter Developmental Clinic","https://www.shelterbehavioralnj.com","Princeton","NJ","3","Corey Best","Co-Founder & Executive Director, MS, BCBA","founder","corey.best@shelterbehavioralnj.com","https://www.linkedin.com/in/corey-best-shelteraba","aba_index","https://www.google.com/maps/search/Shelter%20Developmental%20Clinic%20Princeton%20NJ","pilot-2026-09-25-2k"
"Shield ABA Services","https://www.shieldcaretx.com","Rowlett","TX","4","Courtney Betancourt","Owner & Clinical Supervisor, BCBA","owner","cbetancourt@shieldcaretx.com","https://www.linkedin.com/in/courtney-betancourt-shieldaba","google_maps","https://www.google.com/maps/search/Shield%20ABA%20Services%20Rowlett%20TX","pilot-2026-09-25-2k"
"Shine Autism & Behavioral Clinic","https://www.shineabafl.com","Homestead","FL","1","Craig Betts","CEO & Managing Partner, BCBA","ceo","craig@shineabafl.com","https://www.linkedin.com/in/craig-betts-shineaba","apollo","https://www.google.com/maps/search/Shine%20Autism%20%26%20Behavioral%20Clinic%20Homestead%20FL","pilot-2026-09-25-2k"
"Signal Child Development Center","https://www.signalautismca.com","Orange","CA","2","Crystal Bevan","Executive Clinical Director & Partner, BCBA","exec_director","crystal.bevan@signalautismca.com","https://www.linkedin.com/in/crystal-bevan-signalaba","linkedin_sales_nav","https://www.google.com/maps/search/Signal%20Child%20Development%20Center%20Orange%20CA","pilot-2026-09-25-2k"
"Silhouette Behavior Analysis Partners","https://www.silhouettebehavioralnc.org","Gastonia","NC","3","Curtis Beverly","Founder & President, BCBA, LBA","founder","cbeverly@silhouettebehavioralnc.org","https://www.linkedin.com/in/curtis-beverly-silhouetteaba","state_directory","https://www.google.com/maps/search/Silhouette%20Behavior%20Analysis%20Partners%20Gastonia%20NC","pilot-2026-09-25-2k"
"Silver Lining Behavioral Care","https://www.silverliningcarega.com","Cumming","GA","4","Cynthia Beyer","Owner & Director of Applied Behavior Analysis","owner","cynthia@silverliningcarega.com","https://www.linkedin.com/in/cynthia-beyer-silverliningaba","aba_index","https://www.google.com/maps/search/Silver%20Lining%20Behavioral%20Care%20Cumming%20GA","pilot-2026-09-25-2k"
"Skyline Autism Horizons","https://www.skylineabaco.net","Loveland","CO","1","Daisy Bibb","Founder & Clinical Director, BCBA-D","founder","daisy.bibb@skylineabaco.net","https://www.linkedin.com/in/daisy-bibb-skylineaba","google_maps","https://www.google.com/maps/search/Skyline%20Autism%20Horizons%20Loveland%20CO","pilot-2026-09-25-2k"
"Skyward Therapy & Learning Center","https://www.skywardautismva.com","Lynchburg","VA","2","Dale Bickford","Co-Founder & Executive Director, MS, BCBA","founder","dbickford@skywardautismva.com","https://www.linkedin.com/in/dale-bickford-skywardaba","apollo","https://www.google.com/maps/search/Skyward%20Therapy%20%26%20Learning%20Center%20Lynchburg%20VA","pilot-2026-09-25-2k"
"Smart Start Behavioral Interventions","https://www.smartstartbehavioralmd.com","Dundalk","MD","3","Dallas Biddle","Owner & Clinical Supervisor, BCBA","owner","dallas@smartstartbehavioralmd.com","https://www.linkedin.com/in/dallas-biddle-smartstartaba","linkedin_sales_nav","https://www.google.com/maps/search/Smart%20Start%20Behavioral%20Interventions%20Dundalk%20MD","pilot-2026-09-25-2k"
"Soar Autism Clinic","https://www.soarcareil.org","Bolingbrook","IL","4","Dalton Bigelow","CEO & Managing Partner, BCBA","ceo","dalton.bigelow@soarcareil.org","https://www.linkedin.com/in/dalton-bigelow-soaraba","state_directory","https://www.google.com/maps/search/Soar%20Autism%20Clinic%20Bolingbrook%20IL","pilot-2026-09-25-2k"
"Solace ABA Center","https://www.solaceabaut.com","Riverton","UT","1","Damian Biggs","Executive Clinical Director & Partner, BCBA","exec_director","dbiggs@solaceabaut.com","https://www.linkedin.com/in/damian-biggs-solaceaba","aba_index","https://www.google.com/maps/search/Solace%20ABA%20Center%20Riverton%20UT","pilot-2026-09-25-2k"
"Solidarity Behavioral Health Network","https://www.solidarityautismnj.com","Hoboken","NJ","2","Daniel Abbott","Founder & President, BCBA, LBA","founder","daniel@solidarityautismnj.com","https://www.linkedin.com/in/daniel-abbott-solidarityaba","google_maps","https://www.google.com/maps/search/Solidarity%20Behavioral%20Health%20Network%20Hoboken%20NJ","pilot-2026-09-25-2k"
"Sonata Autism Group","https://www.sonatabehavioraltx.com","Lewisville","TX","3","Danielle Abernathy","Owner & Director of Applied Behavior Analysis","owner","danielle.abernathy@sonatabehavioraltx.com","https://www.linkedin.com/in/danielle-abernathy-sonataaba","apollo","https://www.google.com/maps/search/Sonata%20Autism%20Group%20Lewisville%20TX","pilot-2026-09-25-2k"
"Sound Applied Behavior Specialists","https://www.soundcarefl.net","Miramar","FL","4","Danny Acevedo","Founder & Clinical Director, BCBA-D","founder","dacevedo@soundcarefl.net","https://www.linkedin.com/in/danny-acevedo-soundaba","linkedin_sales_nav","https://www.google.com/maps/search/Sound%20Applied%20Behavior%20Specialists%20Miramar%20FL","pilot-2026-09-25-2k"
"Southern Cross Therapy Partners","https://www.southerncrossabaca.org","San Diego","CA","1","Daphne Acosta","Co-Founder & Executive Director, MS, BCBA","founder","daphne@southerncrossabaca.org","https://www.linkedin.com/in/daphne-acosta-southerncrossaba","state_directory","https://www.google.com/maps/search/Southern%20Cross%20Therapy%20Partners%20San%20Diego%20CA","pilot-2026-09-25-2k"
"Spark Pediatric Autism Services","https://www.sparkautismnc.com","Salisbury","NC","2","Darlene Adair","Owner & Clinical Supervisor, BCBA","owner","darlene.adair@sparkautismnc.com","https://www.linkedin.com/in/darlene-adair-sparkaba","aba_index","https://www.google.com/maps/search/Spark%20Pediatric%20Autism%20Services%20Salisbury%20NC","pilot-2026-09-25-2k"
"Spectrum Behavioral Care Center","https://www.spectrumbehavioralga.com","Duluth","GA","3","Darren Adkins","CEO & Managing Partner, BCBA","ceo","dadkins@spectrumbehavioralga.com","https://www.linkedin.com/in/darren-adkins-spectrumaba","google_maps","https://www.google.com/maps/search/Spectrum%20Behavioral%20Care%20Center%20Duluth%20GA","pilot-2026-09-25-2k"
"Sphere Autism & Learning Institute","https://www.spherecareco.com","Fort Collins","CO","4","David Aguilar","Executive Clinical Director & Partner, BCBA","exec_director","david@spherecareco.com","https://www.linkedin.com/in/david-aguilar-sphereaba","apollo","https://www.google.com/maps/search/Sphere%20Autism%20%26%20Learning%20Institute%20Fort%20Collins%20CO","pilot-2026-09-25-2k"
"Spire Developmental Solutions","https://www.spireabava.com","Arlington","VA","1","Dawn Aguirre","Founder & President, BCBA, LBA","founder","dawn.aguirre@spireabava.com","https://www.linkedin.com/in/dawn-aguirre-spireaba","linkedin_sales_nav","https://www.google.com/maps/search/Spire%20Developmental%20Solutions%20Arlington%20VA","pilot-2026-09-25-2k"
"Spotlight Behavioral Therapy Center","https://www.spotlightautismmd.org","Gaithersburg","MD","2","Dean Albert","Owner & Director of Applied Behavior Analysis","owner","dalbert@spotlightautismmd.org","https://www.linkedin.com/in/dean-albert-spotlightaba","state_directory","https://www.google.com/maps/search/Spotlight%20Behavioral%20Therapy%20Center%20Gaithersburg%20MD","pilot-2026-09-25-2k"
"Springboard Autism Discovery Center","https://www.springboardbehavioralil.net","Schaumburg","IL","3","Deanna Albrecht","Founder & Clinical Director, BCBA-D","founder","deanna@springboardbehavioralil.net","https://www.linkedin.com/in/deanna-albrecht-springboardaba","aba_index","https://www.google.com/maps/search/Springboard%20Autism%20Discovery%20Center%20Schaumburg%20IL","pilot-2026-09-25-2k"
"Sprout Behavioral Foundations","https://www.sproutcareut.com","Layton","UT","4","Deborah Alcorn","Co-Founder & Executive Director, MS, BCBA","founder","deborah.alcorn@sproutcareut.com","https://www.linkedin.com/in/deborah-alcorn-sproutaba","google_maps","https://www.google.com/maps/search/Sprout%20Behavioral%20Foundations%20Layton%20UT","pilot-2026-09-25-2k"
"Starling Therapeutic Solutions","https://www.starlingabanj.com","Trenton","NJ","1","Debra Aldridge","Owner & Clinical Supervisor, BCBA","owner","daldridge@starlingabanj.com","https://www.linkedin.com/in/debra-aldridge-starlingaba","apollo","https://www.google.com/maps/search/Starling%20Therapeutic%20Solutions%20Trenton%20NJ","pilot-2026-09-25-2k"
"Steadfast ABA Collective","https://www.steadfastautismtx.com","Arlington","TX","2","Declan Alford","CEO & Managing Partner, BCBA","ceo","declan@steadfastautismtx.com","https://www.linkedin.com/in/declan-alford-steadfastaba","linkedin_sales_nav","https://www.google.com/maps/search/Steadfast%20ABA%20Collective%20Arlington%20TX","pilot-2026-09-25-2k"
"Starlight Autism Center","https://www.starlightbehavioralfl.org","Naples","FL","3","Delilah Allan","Executive Clinical Director & Partner, BCBA","exec_director","delilah.allan@starlightbehavioralfl.org","https://www.linkedin.com/in/delilah-allan-starlightaba","state_directory","https://www.google.com/maps/search/Starlight%20Autism%20Center%20Naples%20FL","pilot-2026-09-25-2k"
"Step Ahead ABA Therapy Group","https://www.stepaheadcareca.com","Riverside","CA","4","Derek Alston","Founder & President, BCBA, LBA","founder","dalston@stepaheadcareca.com","https://www.linkedin.com/in/derek-alston-stepaheadaba","aba_index","https://www.google.com/maps/search/Step%20Ahead%20ABA%20Therapy%20Group%20Riverside%20CA","pilot-2026-09-25-2k"
"Step By Step Behavioral Solutions","https://www.stepbystepabanc.com","Greensboro","NC","1","Desiree Alvarado","Owner & Director of Applied Behavior Analysis","owner","desiree@stepbystepabanc.com","https://www.linkedin.com/in/desiree-alvarado-stepbystepaba","google_maps","https://www.google.com/maps/search/Step%20By%20Step%20Behavioral%20Solutions%20Greensboro%20NC","pilot-2026-09-25-2k"
"Stepping Stone Autism Services","https://www.steppingstoneautismga.net","Savannah","GA","2","Destiny Alvarez","Founder & Clinical Director, BCBA-D","founder","destiny.alvarez@steppingstoneautismga.net","https://www.linkedin.com/in/destiny-alvarez-steppingstoneaba","apollo","https://www.google.com/maps/search/Stepping%20Stone%20Autism%20Services%20Savannah%20GA","pilot-2026-09-25-2k"
"Steps Behavioral Health","https://www.stepsbehavioralco.com","Castle Rock","CO","3","Devin Amato","Co-Founder & Executive Director, MS, BCBA","founder","damato@stepsbehavioralco.com","https://www.linkedin.com/in/devin-amato-stepsaba","linkedin_sales_nav","https://www.google.com/maps/search/Steps%20Behavioral%20Health%20Castle%20Rock%20CO","pilot-2026-09-25-2k"
"Sterling Therapy Associates","https://www.sterlingcareva.org","Leesburg","VA","4","Diana Ambrose","Owner & Clinical Supervisor, BCBA","owner","diana@sterlingcareva.org","https://www.linkedin.com/in/diana-ambrose-sterlingaba","state_directory","https://www.google.com/maps/search/Sterling%20Therapy%20Associates%20Leesburg%20VA","pilot-2026-09-25-2k"
"Stonegate Developmental Clinic","https://www.stonegateabamd.com","Salisbury","MD","1","Dominic Ames","CEO & Managing Partner, BCBA","ceo","dominic.ames@stonegateabamd.com","https://www.linkedin.com/in/dominic-ames-stonegateaba","aba_index","https://www.google.com/maps/search/Stonegate%20Developmental%20Clinic%20Salisbury%20MD","pilot-2026-09-25-2k"
"Storybook ABA Services","https://www.storybookautismil.com","Palatine","IL","2","Donald Amos","Executive Clinical Director & Partner, BCBA","exec_director","damos@storybookautismil.com","https://www.linkedin.com/in/donald-amos-storybookaba","google_maps","https://www.google.com/maps/search/Storybook%20ABA%20Services%20Palatine%20IL","pilot-2026-09-25-2k"
"Strides Autism & Behavioral Clinic","https://www.stridesbehavioralut.com","Roy","UT","3","Donna Anaya","Founder & President, BCBA, LBA","founder","donna@stridesbehavioralut.com","https://www.linkedin.com/in/donna-anaya-stridesaba","apollo","https://www.google.com/maps/search/Strides%20Autism%20%26%20Behavioral%20Clinic%20Roy%20UT","pilot-2026-09-25-2k"
"Sublime Child Development Center","https://www.sublimecarenj.com","Plainfield","NJ","4","Dora Anders","Owner & Director of Applied Behavior Analysis","owner","dora.anders@sublimecarenj.com","https://www.linkedin.com/in/dora-anders-sublimeaba","linkedin_sales_nav","https://www.google.com/maps/search/Sublime%20Child%20Development%20Center%20Plainfield%20NJ","pilot-2026-09-25-2k"
"Success Behavior Analysis Partners","https://www.successabatx.org","League City","TX","1","Douglas Andersen","Founder & Clinical Director, BCBA-D","founder","dandersen@successabatx.org","https://www.linkedin.com/in/douglas-andersen-successaba","state_directory","https://www.google.com/maps/search/Success%20Behavior%20Analysis%20Partners%20League%20City%20TX","pilot-2026-09-25-2k"
"Summit Behavioral Care","https://www.summitautismfl.com","Delray Beach","FL","2","Drew Anderson","Co-Founder & Executive Director, MS, BCBA","founder","drew@summitautismfl.com","https://www.linkedin.com/in/drew-anderson-summitaba","aba_index","https://www.google.com/maps/search/Summit%20Behavioral%20Care%20Delray%20Beach%20FL","pilot-2026-09-25-2k"
"Sunburst Autism Horizons","https://www.sunburstbehavioralca.com","Ontario","CA","3","Dustin Andrade","Owner & Clinical Supervisor, BCBA","owner","dustin.andrade@sunburstbehavioralca.com","https://www.linkedin.com/in/dustin-andrade-sunburstaba","google_maps","https://www.google.com/maps/search/Sunburst%20Autism%20Horizons%20Ontario%20CA","pilot-2026-09-25-2k"
"Sunlight Therapy & Learning Center","https://www.sunlightcarenc.com","High Point","NC","4","Dylan Andrews","CEO & Managing Partner, BCBA","ceo","dandrews@sunlightcarenc.com","https://www.linkedin.com/in/dylan-andrews-sunlightaba","apollo","https://www.google.com/maps/search/Sunlight%20Therapy%20%26%20Learning%20Center%20High%20Point%20NC","pilot-2026-09-25-2k"
"Sunny Days Behavioral Interventions","https://www.sunnydaysabaga.com","Dunwoody","GA","1","Easton Anthony","Executive Clinical Director & Partner, BCBA","exec_director","easton@sunnydaysabaga.com","https://www.linkedin.com/in/easton-anthony-sunnydaysaba","linkedin_sales_nav","https://www.google.com/maps/search/Sunny%20Days%20Behavioral%20Interventions%20Dunwoody%20GA","pilot-2026-09-25-2k"
"Sunrise Autism Clinic","https://www.sunriseautismco.org","Boulder","CO","2","Eddie Archer","Founder & President, BCBA, LBA","founder","eddie.archer@sunriseautismco.org","https://www.linkedin.com/in/eddie-archer-sunriseaba","state_directory","https://www.google.com/maps/search/Sunrise%20Autism%20Clinic%20Boulder%20CO","pilot-2026-09-25-2k"
"Sunset ABA Center","https://www.sunsetbehavioralva.com","Roanoke","VA","3","Eden Arellano","Owner & Director of Applied Behavior Analysis","owner","earellano@sunsetbehavioralva.com","https://www.linkedin.com/in/eden-arellano-sunsetaba","aba_index","https://www.google.com/maps/search/Sunset%20ABA%20Center%20Roanoke%20VA","pilot-2026-09-25-2k"
"Sunstone Behavioral Health Network","https://www.sunstonecaremd.net","Bowie","MD","4","Edward Armenta","Founder & Clinical Director, BCBA-D","founder","edward@sunstonecaremd.net","https://www.linkedin.com/in/edward-armenta-sunstoneaba","google_maps","https://www.google.com/maps/search/Sunstone%20Behavioral%20Health%20Network%20Bowie%20MD","pilot-2026-09-25-2k"
"Surge Autism Group","https://www.surgeabail.com","Elgin","IL","1","Edwin Armstrong","Co-Founder & Executive Director, MS, BCBA","founder","edwin.armstrong@surgeabail.com","https://www.linkedin.com/in/edwin-armstrong-surgeaba","apollo","https://www.google.com/maps/search/Surge%20Autism%20Group%20Elgin%20IL","pilot-2026-09-25-2k"
"Symphony Applied Behavior Specialists","https://www.symphonyautismut.com","Lehi","UT","2","Elaine Arndt","Owner & Clinical Supervisor, BCBA","owner","earndt@symphonyautismut.com","https://www.linkedin.com/in/elaine-arndt-symphonyaba","linkedin_sales_nav","https://www.google.com/maps/search/Symphony%20Applied%20Behavior%20Specialists%20Lehi%20UT","pilot-2026-09-25-2k"
"Synergy Therapy Partners","https://www.synergybehavioralnj.org","Camden","NJ","3","Eleanor Arnold","CEO & Managing Partner, BCBA","ceo","eleanor@synergybehavioralnj.org","https://www.linkedin.com/in/eleanor-arnold-synergyaba","state_directory","https://www.google.com/maps/search/Synergy%20Therapy%20Partners%20Camden%20NJ","pilot-2026-09-25-2k"
"Talent Pediatric Autism Services","https://www.talentcaretx.com","Mission","TX","4","Eli Arredondo","Executive Clinical Director & Partner, BCBA","exec_director","eli.arredondo@talentcaretx.com","https://www.linkedin.com/in/eli-arredondo-talentaba","aba_index","https://www.google.com/maps/search/Talent%20Pediatric%20Autism%20Services%20Mission%20TX","pilot-2026-09-25-2k"
"Threshold Behavioral Care Center","https://www.thresholdabafl.com","Clermont","FL","1","Elias Arroyo","Founder & President, BCBA, LBA","founder","earroyo@thresholdabafl.com","https://www.linkedin.com/in/elias-arroyo-thresholdaba","google_maps","https://www.google.com/maps/search/Threshold%20Behavioral%20Care%20Center%20Clermont%20FL","pilot-2026-09-25-2k"
"Thrive Autism & Learning Institute","https://www.thriveautismca.com","Simi Valley","CA","2","Elijah Arthur","Owner & Director of Applied Behavior Analysis","owner","elijah@thriveautismca.com","https://www.linkedin.com/in/elijah-arthur-thriveaba","apollo","https://www.google.com/maps/search/Thrive%20Autism%20%26%20Learning%20Institute%20Simi%20Valley%20CA","pilot-2026-09-25-2k"
"Tidewater Developmental Solutions","https://www.tidewaterbehavioralnc.net","Garner","NC","3","Elise Asher","Founder & Clinical Director, BCBA-D","founder","elise.asher@tidewaterbehavioralnc.net","https://www.linkedin.com/in/elise-asher-tidewateraba","linkedin_sales_nav","https://www.google.com/maps/search/Tidewater%20Developmental%20Solutions%20Garner%20NC","pilot-2026-09-25-2k"
"Timberline Behavioral Therapy Center","https://www.timberlinecarega.org","Suwanee","GA","4","Elizabeth Ashley","Co-Founder & Executive Director, MS, BCBA","founder","eashley@timberlinecarega.org","https://www.linkedin.com/in/elizabeth-ashley-timberlineaba","state_directory","https://www.google.com/maps/search/Timberline%20Behavioral%20Therapy%20Center%20Suwanee%20GA","pilot-2026-09-25-2k"
"Top Notch Autism Discovery Center","https://www.topnotchabaco.com","Commerce City","CO","1","Ella Ashton","Owner & Clinical Supervisor, BCBA","owner","ella@topnotchabaco.com","https://www.linkedin.com/in/ella-ashton-topnotchaba","aba_index","https://www.google.com/maps/search/Top%20Notch%20Autism%20Discovery%20Center%20Commerce%20City%20CO","pilot-2026-09-25-2k"
"Torch Behavioral Foundations","https://www.torchautismva.com","Fredericksburg","VA","2","Ellen Atkins","CEO & Managing Partner, BCBA","ceo","ellen.atkins@torchautismva.com","https://www.linkedin.com/in/ellen-atkins-torchaba","google_maps","https://www.google.com/maps/search/Torch%20Behavioral%20Foundations%20Fredericksburg%20VA","pilot-2026-09-25-2k"
"Totem Therapeutic Solutions","https://www.totembehavioralmd.com","Severn","MD","3","Ellie Atkinson","Executive Clinical Director & Partner, BCBA","exec_director","eatkinson@totembehavioralmd.com","https://www.linkedin.com/in/ellie-atkinson-totemaba","apollo","https://www.google.com/maps/search/Totem%20Therapeutic%20Solutions%20Severn%20MD","pilot-2026-09-25-2k"
"Touchstone ABA Collective","https://www.touchstonecareil.com","Des Plaines","IL","4","Elliott Augustine","Founder & President, BCBA, LBA","founder","elliott@touchstonecareil.com","https://www.linkedin.com/in/elliott-augustine-touchstoneaba","linkedin_sales_nav","https://www.google.com/maps/search/Touchstone%20ABA%20Collective%20Des%20Plaines%20IL","pilot-2026-09-25-2k"
"Trace Autism Center","https://www.traceabaut.org","Salt Lake City","UT","1","Aaron Austin","Owner & Director of Applied Behavior Analysis","owner","aaron.austin@traceabaut.org","https://www.linkedin.com/in/aaron-austin-traceaba","state_directory","https://www.google.com/maps/search/Trace%20Autism%20Center%20Salt%20Lake%20City%20UT","pilot-2026-09-25-2k"
"Trailblazer ABA Therapy Group","https://www.trailblazerautismnj.net","Jersey City","NJ","2","Abigail Avalos","Founder & Clinical Director, BCBA-D","founder","aavalos@trailblazerautismnj.net","https://www.linkedin.com/in/abigail-avalos-trailblazeraba","aba_index","https://www.google.com/maps/search/Trailblazer%20ABA%20Therapy%20Group%20Jersey%20City%20NJ","pilot-2026-09-25-2k"
"Transform Behavioral Solutions","https://www.transformbehavioraltx.com","Houston","TX","3","Adam Avery","Co-Founder & Executive Director, MS, BCBA","founder","adam@transformbehavioraltx.com","https://www.linkedin.com/in/adam-avery-transformaba","google_maps","https://www.google.com/maps/search/Transform%20Behavioral%20Solutions%20Houston%20TX","pilot-2026-09-25-2k"
"Tree of Life Autism Services","https://www.treeoflifecarefl.com","Jacksonville","FL","4","Adrian Avila","Owner & Clinical Supervisor, BCBA","owner","adrian.avila@treeoflifecarefl.com","https://www.linkedin.com/in/adrian-avila-treeoflifeaba","apollo","https://www.google.com/maps/search/Tree%20of%20Life%20Autism%20Services%20Jacksonville%20FL","pilot-2026-09-25-2k"
"Trellis Behavioral Health","https://www.trellisabaca.com","Irvine","CA","1","Aiden Ayala","CEO & Managing Partner, BCBA","ceo","aayala@trellisabaca.com","https://www.linkedin.com/in/aiden-ayala-trellisaba","linkedin_sales_nav","https://www.google.com/maps/search/Trellis%20Behavioral%20Health%20Irvine%20CA","pilot-2026-09-25-2k"
"Tribute Therapy Associates","https://www.tributeautismnc.org","Fayetteville","NC","2","Alex Babcock","Executive Clinical Director & Partner, BCBA","exec_director","alex@tributeautismnc.org","https://www.linkedin.com/in/alex-babcock-tributeaba","state_directory","https://www.google.com/maps/search/Tribute%20Therapy%20Associates%20Fayetteville%20NC","pilot-2026-09-25-2k"
"Triumph Developmental Clinic","https://www.triumphbehavioralga.com","Roswell","GA","3","Alexander Bach","Founder & President, BCBA, LBA","founder","alexander.bach@triumphbehavioralga.com","https://www.linkedin.com/in/alexander-bach-triumphaba","aba_index","https://www.google.com/maps/search/Triumph%20Developmental%20Clinic%20Roswell%20GA","pilot-2026-09-25-2k"
"True North ABA Services","https://www.truenorthcareco.com","Arvada","CO","4","Alexandra Bader","Owner & Director of Applied Behavior Analysis","owner","abader@truenorthcareco.com","https://www.linkedin.com/in/alexandra-bader-truenorthaba","google_maps","https://www.google.com/maps/search/True%20North%20ABA%20Services%20Arvada%20CO","pilot-2026-09-25-2k"
"Trust Autism & Behavioral Clinic","https://www.trustabava.net","Reston","VA","1","Alexis Baer","Founder & Clinical Director, BCBA-D","founder","alexis@trustabava.net","https://www.linkedin.com/in/alexis-baer-trustaba","apollo","https://www.google.com/maps/search/Trust%20Autism%20%26%20Behavioral%20Clinic%20Reston%20VA","pilot-2026-09-25-2k"
"Turning Point Child Development Center","https://www.turningpointautismmd.com","Towson","MD","2","Alice Baggett","Co-Founder & Executive Director, MS, BCBA","founder","alice.baggett@turningpointautismmd.com","https://www.linkedin.com/in/alice-baggett-turningpointaba","linkedin_sales_nav","https://www.google.com/maps/search/Turning%20Point%20Child%20Development%20Center%20Towson%20MD","pilot-2026-09-25-2k"
"Twin Oaks Behavior Analysis Partners","https://www.twinoaksbehavioralil.org","Waukegan","IL","3","Allison Bagley","Owner & Clinical Supervisor, BCBA","owner","abagley@twinoaksbehavioralil.org","https://www.linkedin.com/in/allison-bagley-twinoaksaba","state_directory","https://www.google.com/maps/search/Twin%20Oaks%20Behavior%20Analysis%20Partners%20Waukegan%20IL","pilot-2026-09-25-2k"
"Unicorn Behavioral Care","https://www.unicorncareut.com","Taylorsville","UT","4","Alyssa Bailey","CEO & Managing Partner, BCBA","ceo","alyssa@unicorncareut.com","https://www.linkedin.com/in/alyssa-bailey-unicornaba","aba_index","https://www.google.com/maps/search/Unicorn%20Behavioral%20Care%20Taylorsville%20UT","pilot-2026-09-25-2k"
"Union Autism Horizons","https://www.unionabanj.com","Union City","NJ","1","Amber Bain","Executive Clinical Director & Partner, BCBA","exec_director","amber.bain@unionabanj.com","https://www.linkedin.com/in/amber-bain-unionaba","google_maps","https://www.google.com/maps/search/Union%20Autism%20Horizons%20Union%20City%20NJ","pilot-2026-09-25-2k"
"Unique Therapy & Learning Center","https://www.uniqueautismtx.com","McAllen","TX","2","Amy Baird","Founder & President, BCBA, LBA","founder","abaird@uniqueautismtx.com","https://www.linkedin.com/in/amy-baird-uniqueaba","apollo","https://www.google.com/maps/search/Unique%20Therapy%20%26%20Learning%20Center%20McAllen%20TX","pilot-2026-09-25-2k"
"Unity Behavioral Interventions","https://www.unitybehavioralfl.com","Lakeland","FL","3","Andrea Baker","Owner & Director of Applied Behavior Analysis","owner","andrea@unitybehavioralfl.com","https://www.linkedin.com/in/andrea-baker-unityaba","linkedin_sales_nav","https://www.google.com/maps/search/Unity%20Behavioral%20Interventions%20Lakeland%20FL","pilot-2026-09-25-2k"
"Universal Autism Clinic","https://www.universalcareca.org","Santa Clarita","CA","4","Andrew Baldwin","Founder & Clinical Director, BCBA-D","founder","andrew.baldwin@universalcareca.org","https://www.linkedin.com/in/andrew-baldwin-universalaba","state_directory","https://www.google.com/maps/search/Universal%20Autism%20Clinic%20Santa%20Clarita%20CA","pilot-2026-09-25-2k"
"Uplift ABA Center","https://www.upliftabanc.com","Kannapolis","NC","1","Angela Bales","Co-Founder & Executive Director, MS, BCBA","founder","abales@upliftabanc.com","https://www.linkedin.com/in/angela-bales-upliftaba","aba_index","https://www.google.com/maps/search/Uplift%20ABA%20Center%20Kannapolis%20NC","pilot-2026-09-25-2k"
"Valencia Behavioral Health Network","https://www.valenciaautismga.com","Newnan","GA","2","Ann Ball","Owner & Clinical Supervisor, BCBA","owner","ann@valenciaautismga.com","https://www.linkedin.com/in/ann-ball-valenciaaba","google_maps","https://www.google.com/maps/search/Valencia%20Behavioral%20Health%20Network%20Newnan%20GA","pilot-2026-09-25-2k"
"Valiant Autism Group","https://www.valiantbehavioralco.com","Littleton","CO","3","Anna Ballard","CEO & Managing Partner, BCBA","ceo","anna.ballard@valiantbehavioralco.com","https://www.linkedin.com/in/anna-ballard-valiantaba","apollo","https://www.google.com/maps/search/Valiant%20Autism%20Group%20Littleton%20CO","pilot-2026-09-25-2k"
"Valor Applied Behavior Specialists","https://www.valorcareva.com","Salem","VA","4","Anthony Ballesteros","Executive Clinical Director & Partner, BCBA","exec_director","aballesteros@valorcareva.com","https://www.linkedin.com/in/anthony-ballesteros-valoraba","linkedin_sales_nav","https://www.google.com/maps/search/Valor%20Applied%20Behavior%20Specialists%20Salem%20VA","pilot-2026-09-25-2k"
"Valued Therapy Partners","https://www.valuedabamd.org","Baltimore","MD","1","Antonio Banks","Founder & President, BCBA, LBA","founder","antonio@valuedabamd.org","https://www.linkedin.com/in/antonio-banks-valuedaba","state_directory","https://www.google.com/maps/search/Valued%20Therapy%20Partners%20Baltimore%20MD","pilot-2026-09-25-2k"
"Vanguard Pediatric Autism Services","https://www.vanguardautismil.com","Naperville","IL","2","Arthur Bankston","Owner & Director of Applied Behavior Analysis","owner","arthur.bankston@vanguardautismil.com","https://www.linkedin.com/in/arthur-bankston-vanguardaba","aba_index","https://www.google.com/maps/search/Vanguard%20Pediatric%20Autism%20Services%20Naperville%20IL","pilot-2026-09-25-2k"
"Vector Behavioral Care Center","https://www.vectorbehavioralut.net","West Valley City","UT","3","Ashley Bannister","Founder & Clinical Director, BCBA-D","founder","abannister@vectorbehavioralut.net","https://www.linkedin.com/in/ashley-bannister-vectoraba","google_maps","https://www.google.com/maps/search/Vector%20Behavioral%20Care%20Center%20West%20Valley%20City%20UT","pilot-2026-09-25-2k"
"Velocity Autism & Learning Institute","https://www.velocitycarenj.com","Elizabeth","NJ","4","Audrey Barajas","Co-Founder & Executive Director, MS, BCBA","founder","audrey@velocitycarenj.com","https://www.linkedin.com/in/audrey-barajas-velocityaba","apollo","https://www.google.com/maps/search/Velocity%20Autism%20%26%20Learning%20Institute%20Elizabeth%20NJ","pilot-2026-09-25-2k"
"Venture Developmental Solutions","https://www.ventureabatx.com","New Braunfels","TX","1","Austin Barba","Owner & Clinical Supervisor, BCBA","owner","austin.barba@ventureabatx.com","https://www.linkedin.com/in/austin-barba-ventureaba","linkedin_sales_nav","https://www.google.com/maps/search/Venture%20Developmental%20Solutions%20New%20Braunfels%20TX","pilot-2026-09-25-2k"
"Ventures Behavioral Therapy Center","https://www.venturesautismfl.org","Melbourne","FL","2","Autumn Barbee","CEO & Managing Partner, BCBA","ceo","abarbee@venturesautismfl.org","https://www.linkedin.com/in/autumn-barbee-venturesaba","state_directory","https://www.google.com/maps/search/Ventures%20Behavioral%20Therapy%20Center%20Melbourne%20FL","pilot-2026-09-25-2k"
"Verdant Autism Discovery Center","https://www.verdantbehavioralca.com","Sunnyvale","CA","3","Ava Barber","Executive Clinical Director & Partner, BCBA","exec_director","ava@verdantbehavioralca.com","https://www.linkedin.com/in/ava-barber-verdantaba","aba_index","https://www.google.com/maps/search/Verdant%20Autism%20Discovery%20Center%20Sunnyvale%20CA","pilot-2026-09-25-2k"
"Veritas Behavioral Foundations","https://www.veritascarenc.com","Statesville","NC","4","Avery Barker","Founder & President, BCBA, LBA","founder","avery.barker@veritascarenc.com","https://www.linkedin.com/in/avery-barker-veritasaba","google_maps","https://www.google.com/maps/search/Veritas%20Behavioral%20Foundations%20Statesville%20NC","pilot-2026-09-25-2k"
"Verity Therapeutic Solutions","https://www.verityabaga.com","Stockbridge","GA","1","Bailey Barkley","Owner & Director of Applied Behavior Analysis","owner","bbarkley@verityabaga.com","https://www.linkedin.com/in/bailey-barkley-verityaba","apollo","https://www.google.com/maps/search/Verity%20Therapeutic%20Solutions%20Stockbridge%20GA","pilot-2026-09-25-2k"
"Vertex ABA Collective","https://www.vertexautismco.net","Pueblo","CO","2","Barbara Barnes","Founder & Clinical Director, BCBA-D","founder","barbara@vertexautismco.net","https://www.linkedin.com/in/barbara-barnes-vertexaba","linkedin_sales_nav","https://www.google.com/maps/search/Vertex%20ABA%20Collective%20Pueblo%20CO","pilot-2026-09-25-2k"
"Vibrant Autism Center","https://www.vibrantbehavioralva.org","Hampton","VA","3","Beatrice Barnett","Co-Founder & Executive Director, MS, BCBA","founder","beatrice.barnett@vibrantbehavioralva.org","https://www.linkedin.com/in/beatrice-barnett-vibrantaba","state_directory","https://www.google.com/maps/search/Vibrant%20Autism%20Center%20Hampton%20VA","pilot-2026-09-25-2k"
"Victoria ABA Therapy Group","https://www.victoriacaremd.com","Waldorf","MD","4","Benjamin Barr","Owner & Clinical Supervisor, BCBA","owner","bbarr@victoriacaremd.com","https://www.linkedin.com/in/benjamin-barr-victoriaaba","aba_index","https://www.google.com/maps/search/Victoria%20ABA%20Therapy%20Group%20Waldorf%20MD","pilot-2026-09-25-2k"
"Victory Behavioral Solutions","https://www.victoryabail.com","Champaign","IL","1","Bethany Barrera","CEO & Managing Partner, BCBA","ceo","bethany@victoryabail.com","https://www.linkedin.com/in/bethany-barrera-victoryaba","google_maps","https://www.google.com/maps/search/Victory%20Behavioral%20Solutions%20Champaign%20IL","pilot-2026-09-25-2k"
"Viewpoint Autism Services","https://www.viewpointautismut.com","Murray","UT","2","Blake Barrett","Executive Clinical Director & Partner, BCBA","exec_director","blake.barrett@viewpointautismut.com","https://www.linkedin.com/in/blake-barrett-viewpointaba","apollo","https://www.google.com/maps/search/Viewpoint%20Autism%20Services%20Murray%20UT","pilot-2026-09-25-2k"
"Village Behavioral Health","https://www.villagebehavioralnj.com","East Orange","NJ","3","Bradley Barron","Founder & President, BCBA, LBA","founder","bbarron@villagebehavioralnj.com","https://www.linkedin.com/in/bradley-barron-villageaba","linkedin_sales_nav","https://www.google.com/maps/search/Village%20Behavioral%20Health%20East%20Orange%20NJ","pilot-2026-09-25-2k"
"Vineyard Therapy Associates","https://www.vineyardcaretx.org","Beaumont","TX","4","Brandon Barry","Owner & Director of Applied Behavior Analysis","owner","brandon@vineyardcaretx.org","https://www.linkedin.com/in/brandon-barry-vineyardaba","state_directory","https://www.google.com/maps/search/Vineyard%20Therapy%20Associates%20Beaumont%20TX","pilot-2026-09-25-2k"
"Vista Developmental Clinic","https://www.vistaabafl.net","Plantation","FL","1","Brayden Bartlett","Founder & Clinical Director, BCBA-D","founder","brayden.bartlett@vistaabafl.net","https://www.linkedin.com/in/brayden-bartlett-vistaaba","aba_index","https://www.google.com/maps/search/Vista%20Developmental%20Clinic%20Plantation%20FL","pilot-2026-09-25-2k"
"Vital ABA Services","https://www.vitalautismca.com","Vallejo","CA","2","Brenda Barton","Co-Founder & Executive Director, MS, BCBA","founder","bbarton@vitalautismca.com","https://www.linkedin.com/in/brenda-barton-vitalaba","google_maps","https://www.google.com/maps/search/Vital%20ABA%20Services%20Vallejo%20CA","pilot-2026-09-25-2k"
"Vitality Autism & Behavioral Clinic","https://www.vitalitybehavioralnc.com","Asheville","NC","3","Brian Bass","Owner & Clinical Supervisor, BCBA","owner","brian@vitalitybehavioralnc.com","https://www.linkedin.com/in/brian-bass-vitalityaba","apollo","https://www.google.com/maps/search/Vitality%20Autism%20%26%20Behavioral%20Clinic%20Asheville%20NC","pilot-2026-09-25-2k"
"Vivid Child Development Center","https://www.vividcarega.com","Marietta","GA","4","Brianna Batchelor","CEO & Managing Partner, BCBA","ceo","brianna.batchelor@vividcarega.com","https://www.linkedin.com/in/brianna-batchelor-vividaba","linkedin_sales_nav","https://www.google.com/maps/search/Vivid%20Child%20Development%20Center%20Marietta%20GA","pilot-2026-09-25-2k"
"Vocational Behavior Analysis Partners","https://www.vocationalabaco.org","Denver","CO","1","Brittany Bateman","Executive Clinical Director & Partner, BCBA","exec_director","bbateman@vocationalabaco.org","https://www.linkedin.com/in/brittany-bateman-vocationalaba","state_directory","https://www.google.com/maps/search/Vocational%20Behavior%20Analysis%20Partners%20Denver%20CO","pilot-2026-09-25-2k"
"Voyage Behavioral Care","https://www.voyageautismva.com","Virginia Beach","VA","2","Brooke Bates","Founder & President, BCBA, LBA","founder","brooke@voyageautismva.com","https://www.linkedin.com/in/brooke-bates-voyageaba","aba_index","https://www.google.com/maps/search/Voyage%20Behavioral%20Care%20Virginia%20Beach%20VA","pilot-2026-09-25-2k"
"Walkway Autism Horizons","https://www.walkwaybehavioralmd.com","Bethesda","MD","3","Brooklyn Batista","Owner & Director of Applied Behavior Analysis","owner","brooklyn.batista@walkwaybehavioralmd.com","https://www.linkedin.com/in/brooklyn-batista-walkwayaba","google_maps","https://www.google.com/maps/search/Walkway%20Autism%20Horizons%20Bethesda%20MD","pilot-2026-09-25-2k"
"Warm Heart Therapy & Learning Center","https://www.warmheartcareil.net","Rockford","IL","4","Bruce Bauer","Founder & Clinical Director, BCBA-D","founder","bbauer@warmheartcareil.net","https://www.linkedin.com/in/bruce-bauer-warmheartaba","apollo","https://www.google.com/maps/search/Warm%20Heart%20Therapy%20%26%20Learning%20Center%20Rockford%20IL","pilot-2026-09-25-2k"
"Waterford Behavioral Interventions","https://www.waterfordabaut.com","Sandy","UT","1","Bryan Baughman","Co-Founder & Executive Director, MS, BCBA","founder","bryan@waterfordabaut.com","https://www.linkedin.com/in/bryan-baughman-waterfordaba","linkedin_sales_nav","https://www.google.com/maps/search/Waterford%20Behavioral%20Interventions%20Sandy%20UT","pilot-2026-09-25-2k"
"Wayfinder Autism Clinic","https://www.wayfinderautismnj.org","Woodbridge","NJ","2","Caleb Bauman","Owner & Clinical Supervisor, BCBA","owner","caleb.bauman@wayfinderautismnj.org","https://www.linkedin.com/in/caleb-bauman-wayfinderaba","state_directory","https://www.google.com/maps/search/Wayfinder%20Autism%20Clinic%20Woodbridge%20NJ","pilot-2026-09-25-2k"
"Waypoint ABA Center","https://www.waypointbehavioraltx.com","Sugar Land","TX","3","Cameron Baxter","CEO & Managing Partner, BCBA","ceo","cbaxter@waypointbehavioraltx.com","https://www.linkedin.com/in/cameron-baxter-waypointaba","aba_index","https://www.google.com/maps/search/Waypoint%20ABA%20Center%20Sugar%20Land%20TX","pilot-2026-09-25-2k"
"Wellspring Behavioral Health Network","https://www.wellspringcarefl.com","Sarasota","FL","4","Camila Beach","Executive Clinical Director & Partner, BCBA","exec_director","camila@wellspringcarefl.com","https://www.linkedin.com/in/camila-beach-wellspringaba","google_maps","https://www.google.com/maps/search/Wellspring%20Behavioral%20Health%20Network%20Sarasota%20FL","pilot-2026-09-25-2k"
"Westward Autism Group","https://www.westwardabaca.com","Long Beach","CA","1","Carla Beal","Founder & President, BCBA, LBA","founder","carla.beal@westwardabaca.com","https://www.linkedin.com/in/carla-beal-westwardaba","apollo","https://www.google.com/maps/search/Westward%20Autism%20Group%20Long%20Beach%20CA","pilot-2026-09-25-2k"
"White Oak Applied Behavior Specialists","https://www.whiteoakautismnc.com","Wake Forest","NC","2","Carlos Beam","Owner & Director of Applied Behavior Analysis","owner","cbeam@whiteoakautismnc.com","https://www.linkedin.com/in/carlos-beam-whiteoakaba","linkedin_sales_nav","https://www.google.com/maps/search/White%20Oak%20Applied%20Behavior%20Specialists%20Wake%20Forest%20NC","pilot-2026-09-25-2k"
"Willow Therapy Partners","https://www.willowbehavioralga.org","Douglasville","GA","3","Caroline Bean","Founder & Clinical Director, BCBA-D","founder","caroline@willowbehavioralga.org","https://www.linkedin.com/in/caroline-bean-willowaba","state_directory","https://www.google.com/maps/search/Willow%20Therapy%20Partners%20Douglasville%20GA","pilot-2026-09-25-2k"
"Windsor Pediatric Autism Services","https://www.windsorcareco.com","Longmont","CO","4","Carolyn Beard","Co-Founder & Executive Director, MS, BCBA","founder","carolyn.beard@windsorcareco.com","https://www.linkedin.com/in/carolyn-beard-windsoraba","aba_index","https://www.google.com/maps/search/Windsor%20Pediatric%20Autism%20Services%20Longmont%20CO","pilot-2026-09-25-2k"
"Wings Behavioral Care Center","https://www.wingsabava.com","Charlottesville","VA","1","Carson Beasley","Owner & Clinical Supervisor, BCBA","owner","cbeasley@wingsabava.com","https://www.linkedin.com/in/carson-beasley-wingsaba","google_maps","https://www.google.com/maps/search/Wings%20Behavioral%20Care%20Center%20Charlottesville%20VA","pilot-2026-09-25-2k"
"Wise Autism & Learning Institute","https://www.wiseautismmd.com","Glen Burnie","MD","2","Carter Beatty","CEO & Managing Partner, BCBA","ceo","carter@wiseautismmd.com","https://www.linkedin.com/in/carter-beatty-wiseaba","apollo","https://www.google.com/maps/search/Wise%20Autism%20%26%20Learning%20Institute%20Glen%20Burnie%20MD","pilot-2026-09-25-2k"
"Zenith Developmental Solutions","https://www.zenithbehavioralil.com","Arlington Heights","IL","3","Cassandra Beauchamp","Executive Clinical Director & Partner, BCBA","exec_director","cassandra.beauchamp@zenithbehavioralil.com","https://www.linkedin.com/in/cassandra-beauchamp-zenithaba","linkedin_sales_nav","https://www.google.com/maps/search/Zenith%20Developmental%20Solutions%20Arlington%20Heights%20IL","pilot-2026-09-25-2k"
"Zephyr Behavioral Therapy Center","https://www.zephyrcareut.org","Bountiful","UT","4","Catherine Beaver","Founder & President, BCBA, LBA","founder","cbeaver@zephyrcareut.org","https://www.linkedin.com/in/catherine-beaver-zephyraba","state_directory","https://www.google.com/maps/search/Zephyr%20Behavioral%20Therapy%20Center%20Bountiful%20UT","pilot-2026-09-25-2k"
"Abundant Autism Discovery Center","https://www.abundantabanj.com","New Brunswick","NJ","1","Cecilia Beck","Owner & Director of Applied Behavior Analysis","owner","cecilia@abundantabanj.com","https://www.linkedin.com/in/cecilia-beck-abundantaba","aba_index","https://www.google.com/maps/search/Abundant%20Autism%20Discovery%20Center%20New%20Brunswick%20NJ","pilot-2026-09-25-2k"
"Academy Behavioral Foundations","https://www.academyautismtx.net","College Station","TX","2","Chad Becker","Founder & Clinical Director, BCBA-D","founder","chad.becker@academyautismtx.net","https://www.linkedin.com/in/chad-becker-academyaba","google_maps","https://www.google.com/maps/search/Academy%20Behavioral%20Foundations%20College%20Station%20TX","pilot-2026-09-25-2k"
"Acorn Therapeutic Solutions","https://www.acornbehavioralfl.com","Coral Gables","FL","3","Charles Beckett","Co-Founder & Executive Director, MS, BCBA","founder","cbeckett@acornbehavioralfl.com","https://www.linkedin.com/in/charles-beckett-acornaba","apollo","https://www.google.com/maps/search/Acorn%20Therapeutic%20Solutions%20Coral%20Gables%20FL","pilot-2026-09-25-2k"
"Action ABA Collective","https://www.actioncareca.com","Santa Rosa","CA","4","Charlotte Beckman","Owner & Clinical Supervisor, BCBA","owner","charlotte@actioncareca.com","https://www.linkedin.com/in/charlotte-beckman-actionaba","linkedin_sales_nav","https://www.google.com/maps/search/Action%20ABA%20Collective%20Santa%20Rosa%20CA","pilot-2026-09-25-2k"
"Active Autism Center","https://www.activeabanc.org","Charlotte","NC","1","Chase Bedford","CEO & Managing Partner, BCBA","ceo","chase.bedford@activeabanc.org","https://www.linkedin.com/in/chase-bedford-activeaba","state_directory","https://www.google.com/maps/search/Active%20Autism%20Center%20Charlotte%20NC","pilot-2026-09-25-2k"
"Advance ABA Therapy Group","https://www.advanceautismga.com","Augusta","GA","2","Chelsea Beebe","Executive Clinical Director & Partner, BCBA","exec_director","cbeebe@advanceautismga.com","https://www.linkedin.com/in/chelsea-beebe-advanceaba","aba_index","https://www.google.com/maps/search/Advance%20ABA%20Therapy%20Group%20Augusta%20GA","pilot-2026-09-25-2k"
"Advantage Behavioral Solutions","https://www.advantagebehavioralco.com","Aurora","CO","3","Cheyenne Beeler","Founder & President, BCBA, LBA","founder","cheyenne@advantagebehavioralco.com","https://www.linkedin.com/in/cheyenne-beeler-advantageaba","google_maps","https://www.google.com/maps/search/Advantage%20Behavioral%20Solutions%20Aurora%20CO","pilot-2026-09-25-2k"
"Aim Autism Services","https://www.aimcareva.com","Chesapeake","VA","4","Chloe Begay","Owner & Director of Applied Behavior Analysis","owner","chloe.begay@aimcareva.com","https://www.linkedin.com/in/chloe-begay-aimaba","apollo","https://www.google.com/maps/search/Aim%20Autism%20Services%20Chesapeake%20VA","pilot-2026-09-25-2k"
"Alliance Behavioral Health","https://www.allianceabamd.net","Frederick","MD","1","Christian Belcher","Founder & Clinical Director, BCBA-D","founder","cbelcher@allianceabamd.net","https://www.linkedin.com/in/christian-belcher-allianceaba","linkedin_sales_nav","https://www.google.com/maps/search/Alliance%20Behavioral%20Health%20Frederick%20MD","pilot-2026-09-25-2k"
"Allied Therapy Associates","https://www.alliedautismil.org","Evanston","IL","2","Christina Bell","Co-Founder & Executive Director, MS, BCBA","founder","christina@alliedautismil.org","https://www.linkedin.com/in/christina-bell-alliedaba","state_directory","https://www.google.com/maps/search/Allied%20Therapy%20Associates%20Evanston%20IL","pilot-2026-09-25-2k"
"Alpine Developmental Clinic","https://www.alpinebehavioralut.com","St. George","UT","3","Christine Bellamy","Owner & Clinical Supervisor, BCBA","owner","christine.bellamy@alpinebehavioralut.com","https://www.linkedin.com/in/christine-bellamy-alpineaba","aba_index","https://www.google.com/maps/search/Alpine%20Developmental%20Clinic%20St.%20George%20UT","pilot-2026-09-25-2k"
"Altus ABA Services","https://www.altuscarenj.com","Toms River","NJ","4","Christopher Bellinger","CEO & Managing Partner, BCBA","ceo","cbellinger@altuscarenj.com","https://www.linkedin.com/in/christopher-bellinger-altusaba","google_maps","https://www.google.com/maps/search/Altus%20ABA%20Services%20Toms%20River%20NJ","pilot-2026-09-25-2k"
"Amity Autism & Behavioral Clinic","https://www.amityabatx.com","Georgetown","TX","1","Claire Beltran","Executive Clinical Director & Partner, BCBA","exec_director","claire@amityabatx.com","https://www.linkedin.com/in/claire-beltran-amityaba","apollo","https://www.google.com/maps/search/Amity%20Autism%20%26%20Behavioral%20Clinic%20Georgetown%20TX","pilot-2026-09-25-2k"
"Anchor Child Development Center","https://www.anchorautismfl.com","Jupiter","FL","2","Clara Bender","Founder & President, BCBA, LBA","founder","clara.bender@anchorautismfl.com","https://www.linkedin.com/in/clara-bender-anchoraba","linkedin_sales_nav","https://www.google.com/maps/search/Anchor%20Child%20Development%20Center%20Jupiter%20FL","pilot-2026-09-25-2k"
"Apex Behavior Analysis Partners","https://www.apexbehavioralca.org","Fullerton","CA","3","Clayton Benedict","Owner & Director of Applied Behavior Analysis","owner","cbenedict@apexbehavioralca.org","https://www.linkedin.com/in/clayton-benedict-apexaba","state_directory","https://www.google.com/maps/search/Apex%20Behavior%20Analysis%20Partners%20Fullerton%20CA","pilot-2026-09-25-2k"
"Aquila Behavioral Care","https://www.aquilacarenc.net","Chapel Hill","NC","4","Cole Benitez","Founder & Clinical Director, BCBA-D","founder","cole@aquilacarenc.net","https://www.linkedin.com/in/cole-benitez-aquilaaba","aba_index","https://www.google.com/maps/search/Aquila%20Behavioral%20Care%20Chapel%20Hill%20NC","pilot-2026-09-25-2k"
"Arch Autism Horizons","https://www.archabaga.com","Decatur","GA","1","Colin Benjamin","Co-Founder & Executive Director, MS, BCBA","founder","colin.benjamin@archabaga.com","https://www.linkedin.com/in/colin-benjamin-archaba","google_maps","https://www.google.com/maps/search/Arch%20Autism%20Horizons%20Decatur%20GA","pilot-2026-09-25-2k"
"Ardent Therapy & Learning Center","https://www.ardentautismco.com","Broomfield","CO","2","Colleen Bennett","Owner & Clinical Supervisor, BCBA","owner","cbennett@ardentautismco.com","https://www.linkedin.com/in/colleen-bennett-ardentaba","apollo","https://www.google.com/maps/search/Ardent%20Therapy%20%26%20Learning%20Center%20Broomfield%20CO","pilot-2026-09-25-2k"
"Ascend Behavioral Interventions","https://www.ascendbehavioralva.com","Harrisonburg","VA","3","Connor Benoit","CEO & Managing Partner, BCBA","ceo","connor@ascendbehavioralva.com","https://www.linkedin.com/in/connor-benoit-ascendaba","linkedin_sales_nav","https://www.google.com/maps/search/Ascend%20Behavioral%20Interventions%20Harrisonburg%20VA","pilot-2026-09-25-2k"
"Aspen Autism Clinic","https://www.aspencaremd.org","Laurel","MD","4","Cora Benson","Executive Clinical Director & Partner, BCBA","exec_director","cora.benson@aspencaremd.org","https://www.linkedin.com/in/cora-benson-aspenaba","state_directory","https://www.google.com/maps/search/Aspen%20Autism%20Clinic%20Laurel%20MD","pilot-2026-09-25-2k"
"Aspire ABA Center","https://www.aspireabail.com","Decatur","IL","1","Corey Bentley","Founder & President, BCBA, LBA","founder","cbentley@aspireabail.com","https://www.linkedin.com/in/corey-bentley-aspireaba","aba_index","https://www.google.com/maps/search/Aspire%20ABA%20Center%20Decatur%20IL","pilot-2026-09-25-2k"
"Aston Behavioral Health Network","https://www.astonautismut.com","Spanish Fork","UT","2","Courtney Benton","Owner & Director of Applied Behavior Analysis","owner","courtney@astonautismut.com","https://www.linkedin.com/in/courtney-benton-astonaba","google_maps","https://www.google.com/maps/search/Aston%20Behavioral%20Health%20Network%20Spanish%20Fork%20UT","pilot-2026-09-25-2k"
"Atlantic Autism Group","https://www.atlanticbehavioralnj.net","Perth Amboy","NJ","3","Craig Berg","Founder & Clinical Director, BCBA-D","founder","craig.berg@atlanticbehavioralnj.net","https://www.linkedin.com/in/craig-berg-atlanticaba","apollo","https://www.google.com/maps/search/Atlantic%20Autism%20Group%20Perth%20Amboy%20NJ","pilot-2026-09-25-2k"
"Atlas Applied Behavior Specialists","https://www.atlascaretx.com","Carrollton","TX","4","Crystal Berger","Co-Founder & Executive Director, MS, BCBA","founder","cberger@atlascaretx.com","https://www.linkedin.com/in/crystal-berger-atlasaba","linkedin_sales_nav","https://www.google.com/maps/search/Atlas%20Applied%20Behavior%20Specialists%20Carrollton%20TX","pilot-2026-09-25-2k"
"Atrium Therapy Partners","https://www.atriumabafl.org","Miami","FL","1","Curtis Bergman","Owner & Clinical Supervisor, BCBA","owner","curtis@atriumabafl.org","https://www.linkedin.com/in/curtis-bergman-atriumaba","state_directory","https://www.google.com/maps/search/Atrium%20Therapy%20Partners%20Miami%20FL","pilot-2026-09-25-2k"
"Aura Pediatric Autism Services","https://www.auraautismca.com","Los Angeles","CA","2","Cynthia Bernal","CEO & Managing Partner, BCBA","ceo","cynthia.bernal@auraautismca.com","https://www.linkedin.com/in/cynthia-bernal-auraaba","aba_index","https://www.google.com/maps/search/Aura%20Pediatric%20Autism%20Services%20Los%20Angeles%20CA","pilot-2026-09-25-2k"
"Aurora Behavioral Care Center","https://www.aurorabehavioralnc.com","Monroe","NC","3","Daisy Bernard","Executive Clinical Director & Partner, BCBA","exec_director","dbernard@aurorabehavioralnc.com","https://www.linkedin.com/in/daisy-bernard-auroraaba","google_maps","https://www.google.com/maps/search/Aurora%20Behavioral%20Care%20Center%20Monroe%20NC","pilot-2026-09-25-2k"
"Authentic Autism & Learning Institute","https://www.authenticcarega.com","Lawrenceville","GA","4","Dale Berry","Founder & President, BCBA, LBA","founder","dale@authenticcarega.com","https://www.linkedin.com/in/dale-berry-authenticaba","apollo","https://www.google.com/maps/search/Authentic%20Autism%20%26%20Learning%20Institute%20Lawrenceville%20GA","pilot-2026-09-25-2k"
"Avenue Developmental Solutions","https://www.avenueabaco.com","Lakewood","CO","1","Dallas Berryman","Owner & Director of Applied Behavior Analysis","owner","dallas.berryman@avenueabaco.com","https://www.linkedin.com/in/dallas-berryman-avenueaba","linkedin_sales_nav","https://www.google.com/maps/search/Avenue%20Developmental%20Solutions%20Lakewood%20CO","pilot-2026-09-25-2k"
"Axis Behavioral Therapy Center","https://www.axisautismva.org","Alexandria","VA","2","Dalton Bertram","Founder & Clinical Director, BCBA-D","founder","dbertram@axisautismva.org","https://www.linkedin.com/in/dalton-bertram-axisaba","state_directory","https://www.google.com/maps/search/Axis%20Behavioral%20Therapy%20Center%20Alexandria%20VA","pilot-2026-09-25-2k"
"Basis Autism Discovery Center","https://www.basisbehavioralmd.com","Annapolis","MD","3","Damian Best","Co-Founder & Executive Director, MS, BCBA","founder","damian@basisbehavioralmd.com","https://www.linkedin.com/in/damian-best-basisaba","aba_index","https://www.google.com/maps/search/Basis%20Autism%20Discovery%20Center%20Annapolis%20MD","pilot-2026-09-25-2k"
"Beacon Behavioral Foundations","https://www.beaconcareil.com","Peoria","IL","4","Daniel Betancourt","Owner & Clinical Supervisor, BCBA","owner","daniel.betancourt@beaconcareil.com","https://www.linkedin.com/in/daniel-betancourt-beaconaba","google_maps","https://www.google.com/maps/search/Beacon%20Behavioral%20Foundations%20Peoria%20IL","pilot-2026-09-25-2k"
"Belief Therapeutic Solutions","https://www.beliefabaut.com","South Jordan","UT","1","Danielle Betts","CEO & Managing Partner, BCBA","ceo","dbetts@beliefabaut.com","https://www.linkedin.com/in/danielle-betts-beliefaba","apollo","https://www.google.com/maps/search/Belief%20Therapeutic%20Solutions%20South%20Jordan%20UT","pilot-2026-09-25-2k"
"Beloved ABA Collective","https://www.belovedautismnj.com","Clifton","NJ","2","Danny Bevan","Executive Clinical Director & Partner, BCBA","exec_director","danny@belovedautismnj.com","https://www.linkedin.com/in/danny-bevan-belovedaba","linkedin_sales_nav","https://www.google.com/maps/search/Beloved%20ABA%20Collective%20Clifton%20NJ","pilot-2026-09-25-2k"
"Benchmark Autism Center","https://www.benchmarkbehavioraltx.org","Corpus Christi","TX","3","Daphne Beverly","Founder & President, BCBA, LBA","founder","daphne.beverly@benchmarkbehavioraltx.org","https://www.linkedin.com/in/daphne-beverly-benchmarkaba","state_directory","https://www.google.com/maps/search/Benchmark%20Autism%20Center%20Corpus%20Christi%20TX","pilot-2026-09-25-2k"
"Benefit ABA Therapy Group","https://www.benefitcarefl.com","Pensacola","FL","4","Darlene Beyer","Owner & Director of Applied Behavior Analysis","owner","dbeyer@benefitcarefl.com","https://www.linkedin.com/in/darlene-beyer-benefitaba","aba_index","https://www.google.com/maps/search/Benefit%20ABA%20Therapy%20Group%20Pensacola%20FL","pilot-2026-09-25-2k"
"Better Days Behavioral Solutions","https://www.betterdaysabaca.net","Stockton","CA","1","Darren Bibb","Founder & Clinical Director, BCBA-D","founder","darren@betterdaysabaca.net","https://www.linkedin.com/in/darren-bibb-betterdaysaba","google_maps","https://www.google.com/maps/search/Better%20Days%20Behavioral%20Solutions%20Stockton%20CA","pilot-2026-09-25-2k"
"Beyond Autism Services","https://www.beyondautismnc.com","Durham","NC","2","David Bickford","Co-Founder & Executive Director, MS, BCBA","founder","david.bickford@beyondautismnc.com","https://www.linkedin.com/in/david-bickford-beyondaba","apollo","https://www.google.com/maps/search/Beyond%20Autism%20Services%20Durham%20NC","pilot-2026-09-25-2k"
"Blossom Behavioral Health","https://www.blossombehavioralga.com","Athens","GA","3","Dawn Biddle","Owner & Clinical Supervisor, BCBA","owner","dbiddle@blossombehavioralga.com","https://www.linkedin.com/in/dawn-biddle-blossomaba","linkedin_sales_nav","https://www.google.com/maps/search/Blossom%20Behavioral%20Health%20Athens%20GA","pilot-2026-09-25-2k"
"Blue Ridge Therapy Associates","https://www.blueridgecareco.org","Grand Junction","CO","4","Dean Bigelow","CEO & Managing Partner, BCBA","ceo","dean@blueridgecareco.org","https://www.linkedin.com/in/dean-bigelow-blueridgeaba","state_directory","https://www.google.com/maps/search/Blue%20Ridge%20Therapy%20Associates%20Grand%20Junction%20CO","pilot-2026-09-25-2k"
"Blue Sky Developmental Clinic","https://www.blueskyabava.com","Blacksburg","VA","1","Deanna Biggs","Executive Clinical Director & Partner, BCBA","exec_director","deanna.biggs@blueskyabava.com","https://www.linkedin.com/in/deanna-biggs-blueskyaba","aba_index","https://www.google.com/maps/search/Blue%20Sky%20Developmental%20Clinic%20Blacksburg%20VA","pilot-2026-09-25-2k"
"Bloom ABA Services","https://www.bloomautismmd.com","College Park","MD","2","Deborah Abbott","Founder & President, BCBA, LBA","founder","dabbott@bloomautismmd.com","https://www.linkedin.com/in/deborah-abbott-bloomaba","google_maps","https://www.google.com/maps/search/Bloom%20ABA%20Services%20College%20Park%20MD","pilot-2026-09-25-2k"
"Bold Autism & Behavioral Clinic","https://www.boldbehavioralil.com","Skokie","IL","3","Debra Abernathy","Owner & Director of Applied Behavior Analysis","owner","debra@boldbehavioralil.com","https://www.linkedin.com/in/debra-abernathy-boldaba","apollo","https://www.google.com/maps/search/Bold%20Autism%20%26%20Behavioral%20Clinic%20Skokie%20IL","pilot-2026-09-25-2k"
"Bond Child Development Center","https://www.bondcareut.net","Pleasant Grove","UT","4","Declan Acevedo","Founder & Clinical Director, BCBA-D","founder","declan.acevedo@bondcareut.net","https://www.linkedin.com/in/declan-acevedo-bondaba","linkedin_sales_nav","https://www.google.com/maps/search/Bond%20Child%20Development%20Center%20Pleasant%20Grove%20UT","pilot-2026-09-25-2k"
"Boundless Behavior Analysis Partners","https://www.boundlessabanj.org","Newark","NJ","1","Delilah Acosta","Co-Founder & Executive Director, MS, BCBA","founder","dacosta@boundlessabanj.org","https://www.linkedin.com/in/delilah-acosta-boundlessaba","state_directory","https://www.google.com/maps/search/Boundless%20Behavior%20Analysis%20Partners%20Newark%20NJ","pilot-2026-09-25-2k"
"Branch Behavioral Care","https://www.branchautismtx.com","Allen","TX","2","Derek Adair","Owner & Clinical Supervisor, BCBA","owner","derek@branchautismtx.com","https://www.linkedin.com/in/derek-adair-branchaba","aba_index","https://www.google.com/maps/search/Branch%20Behavioral%20Care%20Allen%20TX","pilot-2026-09-25-2k"
"Bravo Autism Horizons","https://www.bravobehavioralfl.com","Daytona Beach","FL","3","Desiree Adkins","CEO & Managing Partner, BCBA","ceo","desiree.adkins@bravobehavioralfl.com","https://www.linkedin.com/in/desiree-adkins-bravoaba","google_maps","https://www.google.com/maps/search/Bravo%20Autism%20Horizons%20Daytona%20Beach%20FL","pilot-2026-09-25-2k"
"Bravery Therapy & Learning Center","https://www.braverycareca.com","Corona","CA","4","Destiny Aguilar","Executive Clinical Director & Partner, BCBA","exec_director","daguilar@braverycareca.com","https://www.linkedin.com/in/destiny-aguilar-braveryaba","apollo","https://www.google.com/maps/search/Bravery%20Therapy%20%26%20Learning%20Center%20Corona%20CA","pilot-2026-09-25-2k"
"Bridge Behavioral Interventions","https://www.bridgeabanc.com","Burlington","NC","1","Devin Aguirre","Founder & President, BCBA, LBA","founder","devin@bridgeabanc.com","https://www.linkedin.com/in/devin-aguirre-bridgeaba","linkedin_sales_nav","https://www.google.com/maps/search/Bridge%20Behavioral%20Interventions%20Burlington%20NC","pilot-2026-09-25-2k"
"Bright Future Autism Clinic","https://www.brightfutureautismga.org","Peachtree City","GA","2","Diana Albert","Owner & Director of Applied Behavior Analysis","owner","diana.albert@brightfutureautismga.org","https://www.linkedin.com/in/diana-albert-brightfutureaba","state_directory","https://www.google.com/maps/search/Bright%20Future%20Autism%20Clinic%20Peachtree%20City%20GA","pilot-2026-09-25-2k"
"Bright Path ABA Center","https://www.brightpathbehavioralco.net","Thornton","CO","3","Dominic Albrecht","Founder & Clinical Director, BCBA-D","founder","dalbrecht@brightpathbehavioralco.net","https://www.linkedin.com/in/dominic-albrecht-brightpathaba","aba_index","https://www.google.com/maps/search/Bright%20Path%20ABA%20Center%20Thornton%20CO","pilot-2026-09-25-2k"
"Brighter Days Behavioral Health Network","https://www.brighterdayscareva.com","Fairfax","VA","4","Donald Alcorn","Co-Founder & Executive Director, MS, BCBA","founder","donald@brighterdayscareva.com","https://www.linkedin.com/in/donald-alcorn-brighterdaysaba","google_maps","https://www.google.com/maps/search/Brighter%20Days%20Behavioral%20Health%20Network%20Fairfax%20VA","pilot-2026-09-25-2k"
"Broadview Autism Group","https://www.broadviewabamd.com","Columbia","MD","1","Donna Aldridge","Owner & Clinical Supervisor, BCBA","owner","donna.aldridge@broadviewabamd.com","https://www.linkedin.com/in/donna-aldridge-broadviewaba","apollo","https://www.google.com/maps/search/Broadview%20Autism%20Group%20Columbia%20MD","pilot-2026-09-25-2k"
"Building Blocks Applied Behavior Specialists","https://www.buildingblocksautismil.com","Springfield","IL","2","Dora Alford","CEO & Managing Partner, BCBA","ceo","dalford@buildingblocksautismil.com","https://www.linkedin.com/in/dora-alford-buildingblocksaba","linkedin_sales_nav","https://www.google.com/maps/search/Building%20Blocks%20Applied%20Behavior%20Specialists%20Springfield%20IL","pilot-2026-09-25-2k"
"Calm Therapy Partners","https://www.calmbehavioralut.org","Millcreek","UT","3","Douglas Allan","Executive Clinical Director & Partner, BCBA","exec_director","douglas@calmbehavioralut.org","https://www.linkedin.com/in/douglas-allan-calmaba","state_directory","https://www.google.com/maps/search/Calm%20Therapy%20Partners%20Millcreek%20UT","pilot-2026-09-25-2k"
"Canyon Pediatric Autism Services","https://www.canyoncarenj.com","Passaic","NJ","4","Drew Alston","Founder & President, BCBA, LBA","founder","drew.alston@canyoncarenj.com","https://www.linkedin.com/in/drew-alston-canyonaba","aba_index","https://www.google.com/maps/search/Canyon%20Pediatric%20Autism%20Services%20Passaic%20NJ","pilot-2026-09-25-2k"
"Capital Behavioral Care Center","https://www.capitalabatx.com","Killeen","TX","1","Dustin Alvarado","Owner & Director of Applied Behavior Analysis","owner","dalvarado@capitalabatx.com","https://www.linkedin.com/in/dustin-alvarado-capitalaba","google_maps","https://www.google.com/maps/search/Capital%20Behavioral%20Care%20Center%20Killeen%20TX","pilot-2026-09-25-2k"
"CarePoint Autism & Learning Institute","https://www.carepointautismfl.net","Winter Park","FL","2","Dylan Alvarez","Founder & Clinical Director, BCBA-D","founder","dylan@carepointautismfl.net","https://www.linkedin.com/in/dylan-alvarez-carepointaba","apollo","https://www.google.com/maps/search/CarePoint%20Autism%20%26%20Learning%20Institute%20Winter%20Park%20FL","pilot-2026-09-25-2k"
"Cascade Developmental Solutions","https://www.cascadebehavioralca.com","Thousand Oaks","CA","3","Easton Amato","Co-Founder & Executive Director, MS, BCBA","founder","easton.amato@cascadebehavioralca.com","https://www.linkedin.com/in/easton-amato-cascadeaba","linkedin_sales_nav","https://www.google.com/maps/search/Cascade%20Developmental%20Solutions%20Thousand%20Oaks%20CA","pilot-2026-09-25-2k"
"Catalyst Behavioral Therapy Center","https://www.catalystcarenc.org","Cornelius","NC","4","Eddie Ambrose","Owner & Clinical Supervisor, BCBA","owner","eambrose@catalystcarenc.org","https://www.linkedin.com/in/eddie-ambrose-catalystaba","state_directory","https://www.google.com/maps/search/Catalyst%20Behavioral%20Therapy%20Center%20Cornelius%20NC","pilot-2026-09-25-2k"
"Cedar Autism Discovery Center","https://www.cedarabaga.com","Snellville","GA","1","Eden Ames","CEO & Managing Partner, BCBA","ceo","eden@cedarabaga.com","https://www.linkedin.com/in/eden-ames-cedaraba","aba_index","https://www.google.com/maps/search/Cedar%20Autism%20Discovery%20Center%20Snellville%20GA","pilot-2026-09-25-2k"
"Celestial Behavioral Foundations","https://www.celestialautismco.com","Parker","CO","2","Edward Amos","Executive Clinical Director & Partner, BCBA","exec_director","edward.amos@celestialautismco.com","https://www.linkedin.com/in/edward-amos-celestialaba","google_maps","https://www.google.com/maps/search/Celestial%20Behavioral%20Foundations%20Parker%20CO","pilot-2026-09-25-2k"
"Centennial Therapeutic Solutions","https://www.centennialbehavioralva.com","Winchester","VA","3","Edwin Anaya","Founder & President, BCBA, LBA","founder","eanaya@centennialbehavioralva.com","https://www.linkedin.com/in/edwin-anaya-centennialaba","apollo","https://www.google.com/maps/search/Centennial%20Therapeutic%20Solutions%20Winchester%20VA","pilot-2026-09-25-2k"
"CenterPoint ABA Collective","https://www.centerpointcaremd.com","Hagerstown","MD","4","Elaine Anders","Owner & Director of Applied Behavior Analysis","owner","elaine@centerpointcaremd.com","https://www.linkedin.com/in/elaine-anders-centerpointaba","linkedin_sales_nav","https://www.google.com/maps/search/CenterPoint%20ABA%20Collective%20Hagerstown%20MD","pilot-2026-09-25-2k"
"Champion Autism Center","https://www.championabail.org","Chicago","IL","1","Eleanor Andersen","Founder & Clinical Director, BCBA-D","founder","eleanor.andersen@championabail.org","https://www.linkedin.com/in/eleanor-andersen-championaba","state_directory","https://www.google.com/maps/search/Champion%20Autism%20Center%20Chicago%20IL","pilot-2026-09-25-2k"
"Channel ABA Therapy Group","https://www.channelautismut.com","Provo","UT","2","Eli Anderson","Co-Founder & Executive Director, MS, BCBA","founder","eanderson@channelautismut.com","https://www.linkedin.com/in/eli-anderson-channelaba","aba_index","https://www.google.com/maps/search/Channel%20ABA%20Therapy%20Group%20Provo%20UT","pilot-2026-09-25-2k"
"Circle Behavioral Solutions","https://www.circlebehavioralnj.com","Paterson","NJ","3","Elias Andrade","Owner & Clinical Supervisor, BCBA","owner","elias@circlebehavioralnj.com","https://www.linkedin.com/in/elias-andrade-circleaba","google_maps","https://www.google.com/maps/search/Circle%20Behavioral%20Solutions%20Paterson%20NJ","pilot-2026-09-25-2k"
"Clarity Autism Services","https://www.claritycaretx.com","San Antonio","TX","4","Elijah Andrews","CEO & Managing Partner, BCBA","ceo","elijah.andrews@claritycaretx.com","https://www.linkedin.com/in/elijah-andrews-clarityaba","apollo","https://www.google.com/maps/search/Clarity%20Autism%20Services%20San%20Antonio%20TX","pilot-2026-09-25-2k"
"Clear Horizon Behavioral Health","https://www.clearhorizonabafl.com","Fort Lauderdale","FL","1","Elise Anthony","Executive Clinical Director & Partner, BCBA","exec_director","eanthony@clearhorizonabafl.com","https://www.linkedin.com/in/elise-anthony-clearhorizonaba","linkedin_sales_nav","https://www.google.com/maps/search/Clear%20Horizon%20Behavioral%20Health%20Fort%20Lauderdale%20FL","pilot-2026-09-25-2k"
"Climb Therapy Associates","https://www.climbautismca.org","Fresno","CA","2","Elizabeth Archer","Founder & President, BCBA, LBA","founder","elizabeth@climbautismca.org","https://www.linkedin.com/in/elizabeth-archer-climbaba","state_directory","https://www.google.com/maps/search/Climb%20Therapy%20Associates%20Fresno%20CA","pilot-2026-09-25-2k"
"Clover Developmental Clinic","https://www.cloverbehavioralnc.com","Cary","NC","3","Ella Arellano","Owner & Director of Applied Behavior Analysis","owner","ella.arellano@cloverbehavioralnc.com","https://www.linkedin.com/in/ella-arellano-cloveraba","aba_index","https://www.google.com/maps/search/Clover%20Developmental%20Clinic%20Cary%20NC","pilot-2026-09-25-2k"
"Coastal ABA Services","https://www.coastalcarega.net","Johns Creek","GA","4","Ellen Armenta","Founder & Clinical Director, BCBA-D","founder","earmenta@coastalcarega.net","https://www.linkedin.com/in/ellen-armenta-coastalaba","google_maps","https://www.google.com/maps/search/Coastal%20ABA%20Services%20Johns%20Creek%20GA","pilot-2026-09-25-2k"
"Cognitive Autism & Behavioral Clinic","https://www.cognitiveabaco.com","Centennial","CO","1","Ellie Armstrong","Co-Founder & Executive Director, MS, BCBA","founder","ellie@cognitiveabaco.com","https://www.linkedin.com/in/ellie-armstrong-cognitiveaba","apollo","https://www.google.com/maps/search/Cognitive%20Autism%20%26%20Behavioral%20Clinic%20Centennial%20CO","pilot-2026-09-25-2k"
"Collab Child Development Center","https://www.collabautismva.com","McLean","VA","2","Elliott Arndt","Owner & Clinical Supervisor, BCBA","owner","elliott.arndt@collabautismva.com","https://www.linkedin.com/in/elliott-arndt-collababa","linkedin_sales_nav","https://www.google.com/maps/search/Collab%20Child%20Development%20Center%20McLean%20VA","pilot-2026-09-25-2k"
"Comfort Behavior Analysis Partners","https://www.comfortbehavioralmd.org","Germantown","MD","3","Aaron Arnold","CEO & Managing Partner, BCBA","ceo","aarnold@comfortbehavioralmd.org","https://www.linkedin.com/in/aaron-arnold-comfortaba","state_directory","https://www.google.com/maps/search/Comfort%20Behavior%20Analysis%20Partners%20Germantown%20MD","pilot-2026-09-25-2k"
"Common Ground Behavioral Care","https://www.commongroundcareil.com","Cicero","IL","4","Abigail Arredondo","Executive Clinical Director & Partner, BCBA","exec_director","abigail@commongroundcareil.com","https://www.linkedin.com/in/abigail-arredondo-commongroundaba","aba_index","https://www.google.com/maps/search/Common%20Ground%20Behavioral%20Care%20Cicero%20IL","pilot-2026-09-25-2k"
"Community Autism Horizons","https://www.communityabaut.com","Logan","UT","1","Adam Arroyo","Founder & President, BCBA, LBA","founder","adam.arroyo@communityabaut.com","https://www.linkedin.com/in/adam-arroyo-communityaba","google_maps","https://www.google.com/maps/search/Community%20Autism%20Horizons%20Logan%20UT","pilot-2026-09-25-2k"
"Companion Therapy & Learning Center","https://www.companionautismnj.com","Bayonne","NJ","2","Adrian Arthur","Owner & Director of Applied Behavior Analysis","owner","aarthur@companionautismnj.com","https://www.linkedin.com/in/adrian-arthur-companionaba","apollo","https://www.google.com/maps/search/Companion%20Therapy%20%26%20Learning%20Center%20Bayonne%20NJ","pilot-2026-09-25-2k"
"Compass Behavioral Interventions","https://www.compassbehavioraltx.net","Denton","TX","3","Aiden Asher","Founder & Clinical Director, BCBA-D","founder","aiden@compassbehavioraltx.net","https://www.linkedin.com/in/aiden-asher-compassaba","linkedin_sales_nav","https://www.google.com/maps/search/Compass%20Behavioral%20Interventions%20Denton%20TX","pilot-2026-09-25-2k"
"Concord Autism Clinic","https://www.concordcarefl.org","Tallahassee","FL","4","Alex Ashley","Co-Founder & Executive Director, MS, BCBA","founder","alex.ashley@concordcarefl.org","https://www.linkedin.com/in/alex-ashley-concordaba","state_directory","https://www.google.com/maps/search/Concord%20Autism%20Clinic%20Tallahassee%20FL","pilot-2026-09-25-2k"
"Confidence ABA Center","https://www.confidenceabaca.com","Modesto","CA","1","Alexander Ashton","Owner & Clinical Supervisor, BCBA","owner","aashton@confidenceabaca.com","https://www.linkedin.com/in/alexander-ashton-confidenceaba","aba_index","https://www.google.com/maps/search/Confidence%20ABA%20Center%20Modesto%20CA","pilot-2026-09-25-2k"
"Connect Behavioral Health Network","https://www.connectautismnc.com","Rocky Mount","NC","2","Alexandra Atkins","CEO & Managing Partner, BCBA","ceo","alexandra@connectautismnc.com","https://www.linkedin.com/in/alexandra-atkins-connectaba","google_maps","https://www.google.com/maps/search/Connect%20Behavioral%20Health%20Network%20Rocky%20Mount%20NC","pilot-2026-09-25-2k"
"Continuum Autism Group","https://www.continuumbehavioralga.com","Milton","GA","3","Alexis Atkinson","Executive Clinical Director & Partner, BCBA","exec_director","alexis.atkinson@continuumbehavioralga.com","https://www.linkedin.com/in/alexis-atkinson-continuumaba","apollo","https://www.google.com/maps/search/Continuum%20Autism%20Group%20Milton%20GA","pilot-2026-09-25-2k"
"Core Applied Behavior Specialists","https://www.corecareco.com","Brighton","CO","4","Alice Augustine","Founder & President, BCBA, LBA","founder","aaugustine@corecareco.com","https://www.linkedin.com/in/alice-augustine-coreaba","linkedin_sales_nav","https://www.google.com/maps/search/Core%20Applied%20Behavior%20Specialists%20Brighton%20CO","pilot-2026-09-25-2k"
"Cornerstone Therapy Partners","https://www.cornerstoneabava.org","Richmond","VA","1","Allison Austin","Owner & Director of Applied Behavior Analysis","owner","allison@cornerstoneabava.org","https://www.linkedin.com/in/allison-austin-cornerstoneaba","state_directory","https://www.google.com/maps/search/Cornerstone%20Therapy%20Partners%20Richmond%20VA","pilot-2026-09-25-2k"
"Cosmos Pediatric Autism Services","https://www.cosmosautismmd.net","Rockville","MD","2","Alyssa Avalos","Founder & Clinical Director, BCBA-D","founder","alyssa.avalos@cosmosautismmd.net","https://www.linkedin.com/in/alyssa-avalos-cosmosaba","aba_index","https://www.google.com/maps/search/Cosmos%20Pediatric%20Autism%20Services%20Rockville%20MD","pilot-2026-09-25-2k"
"Courage Behavioral Care Center","https://www.couragebehavioralil.com","Aurora","IL","3","Amber Avery","Co-Founder & Executive Director, MS, BCBA","founder","aavery@couragebehavioralil.com","https://www.linkedin.com/in/amber-avery-courageaba","google_maps","https://www.google.com/maps/search/Courage%20Behavioral%20Care%20Center%20Aurora%20IL","pilot-2026-09-25-2k"
"Covenant Autism & Learning Institute","https://www.covenantcareut.com","Orem","UT","4","Amy Avila","Owner & Clinical Supervisor, BCBA","owner","amy@covenantcareut.com","https://www.linkedin.com/in/amy-avila-covenantaba","apollo","https://www.google.com/maps/search/Covenant%20Autism%20%26%20Learning%20Institute%20Orem%20UT","pilot-2026-09-25-2k"
"Cove Developmental Solutions","https://www.coveabanj.com","Edison","NJ","1","Andrea Ayala","CEO & Managing Partner, BCBA","ceo","andrea.ayala@coveabanj.com","https://www.linkedin.com/in/andrea-ayala-coveaba","linkedin_sales_nav","https://www.google.com/maps/search/Cove%20Developmental%20Solutions%20Edison%20NJ","pilot-2026-09-25-2k"
"Cradle Behavioral Therapy Center","https://www.cradleautismtx.org","Mansfield","TX","2","Andrew Babcock","Executive Clinical Director & Partner, BCBA","exec_director","ababcock@cradleautismtx.org","https://www.linkedin.com/in/andrew-babcock-cradleaba","state_directory","https://www.google.com/maps/search/Cradle%20Behavioral%20Therapy%20Center%20Mansfield%20TX","pilot-2026-09-25-2k"
"Craft Autism Discovery Center","https://www.craftbehavioralfl.com","Deerfield Beach","FL","3","Angela Bach","Founder & President, BCBA, LBA","founder","angela@craftbehavioralfl.com","https://www.linkedin.com/in/angela-bach-craftaba","aba_index","https://www.google.com/maps/search/Craft%20Autism%20Discovery%20Center%20Deerfield%20Beach%20FL","pilot-2026-09-25-2k"
"Crest Behavioral Foundations","https://www.crestcareca.com","Escondido","CA","4","Ann Bader","Owner & Director of Applied Behavior Analysis","owner","ann.bader@crestcareca.com","https://www.linkedin.com/in/ann-bader-crestaba","google_maps","https://www.google.com/maps/search/Crest%20Behavioral%20Foundations%20Escondido%20CA","pilot-2026-09-25-2k"
"Crestview Therapeutic Solutions","https://www.crestviewabanc.net","Holly Springs","NC","1","Anna Baer","Founder & Clinical Director, BCBA-D","founder","abaer@crestviewabanc.net","https://www.linkedin.com/in/anna-baer-crestviewaba","apollo","https://www.google.com/maps/search/Crestview%20Therapeutic%20Solutions%20Holly%20Springs%20NC","pilot-2026-09-25-2k"
"Crossroads ABA Collective","https://www.crossroadsautismga.com","Canton","GA","2","Anthony Baggett","Co-Founder & Executive Director, MS, BCBA","founder","anthony@crossroadsautismga.com","https://www.linkedin.com/in/anthony-baggett-crossroadsaba","linkedin_sales_nav","https://www.google.com/maps/search/Crossroads%20ABA%20Collective%20Canton%20GA","pilot-2026-09-25-2k"
"Crown Autism Center","https://www.crownbehavioralco.org","Greeley","CO","3","Antonio Bagley","Owner & Clinical Supervisor, BCBA","owner","antonio.bagley@crownbehavioralco.org","https://www.linkedin.com/in/antonio-bagley-crownaba","state_directory","https://www.google.com/maps/search/Crown%20Autism%20Center%20Greeley%20CO","pilot-2026-09-25-2k"
"Crystal ABA Therapy Group","https://www.crystalcareva.com","Newport News","VA","4","Arthur Bailey","CEO & Managing Partner, BCBA","ceo","abailey@crystalcareva.com","https://www.linkedin.com/in/arthur-bailey-crystalaba","aba_index","https://www.google.com/maps/search/Crystal%20ABA%20Therapy%20Group%20Newport%20News%20VA","pilot-2026-09-25-2k"
"Cultivate Behavioral Solutions","https://www.cultivateabamd.com","Ellicott City","MD","1","Ashley Bain","Executive Clinical Director & Partner, BCBA","exec_director","ashley@cultivateabamd.com","https://www.linkedin.com/in/ashley-bain-cultivateaba","google_maps","https://www.google.com/maps/search/Cultivate%20Behavioral%20Solutions%20Ellicott%20City%20MD","pilot-2026-09-25-2k"
"Daybreak Autism Services","https://www.daybreakautismil.com","Bloomington","IL","2","Audrey Baird","Founder & President, BCBA, LBA","founder","audrey.baird@daybreakautismil.com","https://www.linkedin.com/in/audrey-baird-daybreakaba","apollo","https://www.google.com/maps/search/Daybreak%20Autism%20Services%20Bloomington%20IL","pilot-2026-09-25-2k"
"Delta Behavioral Health","https://www.deltabehavioralut.com","Draper","UT","3","Austin Baker","Owner & Director of Applied Behavior Analysis","owner","abaker@deltabehavioralut.com","https://www.linkedin.com/in/austin-baker-deltaaba","linkedin_sales_nav","https://www.google.com/maps/search/Delta%20Behavioral%20Health%20Draper%20UT","pilot-2026-09-25-2k"
"Destiny Therapy Associates","https://www.destinycarenj.org","Vineland","NJ","4","Autumn Baldwin","Founder & Clinical Director, BCBA-D","founder","autumn@destinycarenj.org","https://www.linkedin.com/in/autumn-baldwin-destinyaba","state_directory","https://www.google.com/maps/search/Destiny%20Therapy%20Associates%20Vineland%20NJ","pilot-2026-09-25-2k"
"Diligence Developmental Clinic","https://www.diligenceabatx.com","Abilene","TX","1","Ava Bales","Co-Founder & Executive Director, MS, BCBA","founder","ava.bales@diligenceabatx.com","https://www.linkedin.com/in/ava-bales-diligenceaba","aba_index","https://www.google.com/maps/search/Diligence%20Developmental%20Clinic%20Abilene%20TX","pilot-2026-09-25-2k"
"Direction ABA Services","https://www.directionautismfl.com","Sunrise","FL","2","Avery Ball","Owner & Clinical Supervisor, BCBA","owner","aball@directionautismfl.com","https://www.linkedin.com/in/avery-ball-directionaba","google_maps","https://www.google.com/maps/search/Direction%20ABA%20Services%20Sunrise%20FL","pilot-2026-09-25-2k"
"Discovery Autism & Behavioral Clinic","https://www.discoverybehavioralca.com","Berkeley","CA","3","Bailey Ballard","CEO & Managing Partner, BCBA","ceo","bailey@discoverybehavioralca.com","https://www.linkedin.com/in/bailey-ballard-discoveryaba","apollo","https://www.google.com/maps/search/Discovery%20Autism%20%26%20Behavioral%20Clinic%20Berkeley%20CA","pilot-2026-09-25-2k"
"Dynamic Child Development Center","https://www.dynamiccarenc.com","Concord","NC","4","Barbara Ballesteros","Executive Clinical Director & Partner, BCBA","exec_director","barbara.ballesteros@dynamiccarenc.com","https://www.linkedin.com/in/barbara-ballesteros-dynamicaba","linkedin_sales_nav","https://www.google.com/maps/search/Dynamic%20Child%20Development%20Center%20Concord%20NC","pilot-2026-09-25-2k"
"Early Start Behavior Analysis Partners","https://www.earlystartabaga.org","Tyrone","GA","1","Beatrice Banks","Founder & President, BCBA, LBA","founder","bbanks@earlystartabaga.org","https://www.linkedin.com/in/beatrice-banks-earlystartaba","state_directory","https://www.google.com/maps/search/Early%20Start%20Behavior%20Analysis%20Partners%20Tyrone%20GA","pilot-2026-09-25-2k"
"Echo Behavioral Care","https://www.echoautismco.com","Colorado Springs","CO","2","Benjamin Bankston","Owner & Director of Applied Behavior Analysis","owner","benjamin@echoautismco.com","https://www.linkedin.com/in/benjamin-bankston-echoaba","aba_index","https://www.google.com/maps/search/Echo%20Behavioral%20Care%20Colorado%20Springs%20CO","pilot-2026-09-25-2k"
"Eclipse Autism Horizons","https://www.eclipsebehavioralva.net","Norfolk","VA","3","Bethany Bannister","Founder & Clinical Director, BCBA-D","founder","bethany.bannister@eclipsebehavioralva.net","https://www.linkedin.com/in/bethany-bannister-eclipseaba","google_maps","https://www.google.com/maps/search/Eclipse%20Autism%20Horizons%20Norfolk%20VA","pilot-2026-09-25-2k"
"Eden Therapy & Learning Center","https://www.edencaremd.com","Silver Spring","MD","4","Blake Barajas","Co-Founder & Executive Director, MS, BCBA","founder","bbarajas@edencaremd.com","https://www.linkedin.com/in/blake-barajas-edenaba","apollo","https://www.google.com/maps/search/Eden%20Therapy%20%26%20Learning%20Center%20Silver%20Spring%20MD","pilot-2026-09-25-2k"
"Elation Behavioral Interventions","https://www.elationabail.com","Joliet","IL","1","Bradley Barba","Owner & Clinical Supervisor, BCBA","owner","bradley@elationabail.com","https://www.linkedin.com/in/bradley-barba-elationaba","linkedin_sales_nav","https://www.google.com/maps/search/Elation%20Behavioral%20Interventions%20Joliet%20IL","pilot-2026-09-25-2k"
"Elevate Autism Clinic","https://www.elevateautismut.org","Ogden","UT","2","Brandon Barbee","CEO & Managing Partner, BCBA","ceo","brandon.barbee@elevateautismut.org","https://www.linkedin.com/in/brandon-barbee-elevateaba","state_directory","https://www.google.com/maps/search/Elevate%20Autism%20Clinic%20Ogden%20UT","pilot-2026-09-25-2k"
"Elite ABA Center","https://www.elitebehavioralnj.com","Princeton","NJ","3","Brayden Barber","Executive Clinical Director & Partner, BCBA","exec_director","bbarber@elitebehavioralnj.com","https://www.linkedin.com/in/brayden-barber-eliteaba","aba_index","https://www.google.com/maps/search/Elite%20ABA%20Center%20Princeton%20NJ","pilot-2026-09-25-2k"
"Embrace Behavioral Health Network","https://www.embracecaretx.com","Frisco","TX","4","Brenda Barker","Founder & President, BCBA, LBA","founder","brenda@embracecaretx.com","https://www.linkedin.com/in/brenda-barker-embraceaba","google_maps","https://www.google.com/maps/search/Embrace%20Behavioral%20Health%20Network%20Frisco%20TX","pilot-2026-09-25-2k"
"Emergence Autism Group","https://www.emergenceabafl.com","Cape Coral","FL","1","Brian Barkley","Owner & Director of Applied Behavior Analysis","owner","brian.barkley@emergenceabafl.com","https://www.linkedin.com/in/brian-barkley-emergenceaba","apollo","https://www.google.com/maps/search/Emergence%20Autism%20Group%20Cape%20Coral%20FL","pilot-2026-09-25-2k"
"Empathy Applied Behavior Specialists","https://www.empathyautismca.net","Oakland","CA","2","Brianna Barnes","Founder & Clinical Director, BCBA-D","founder","bbarnes@empathyautismca.net","https://www.linkedin.com/in/brianna-barnes-empathyaba","linkedin_sales_nav","https://www.google.com/maps/search/Empathy%20Applied%20Behavior%20Specialists%20Oakland%20CA","pilot-2026-09-25-2k"
"Empire Therapy Partners","https://www.empirebehavioralnc.org","Wilson","NC","3","Brittany Barnett","Co-Founder & Executive Director, MS, BCBA","founder","brittany@empirebehavioralnc.org","https://www.linkedin.com/in/brittany-barnett-empireaba","state_directory","https://www.google.com/maps/search/Empire%20Therapy%20Partners%20Wilson%20NC","pilot-2026-09-25-2k"
"Empower Pediatric Autism Services","https://www.empowercarega.com","Kennesaw","GA","4","Brooke Barr","Owner & Clinical Supervisor, BCBA","owner","brooke.barr@empowercarega.com","https://www.linkedin.com/in/brooke-barr-empoweraba","aba_index","https://www.google.com/maps/search/Empower%20Pediatric%20Autism%20Services%20Kennesaw%20GA","pilot-2026-09-25-2k"
"Endeavor Behavioral Care Center","https://www.endeavorabaco.com","Loveland","CO","1","Brooklyn Barrera","CEO & Managing Partner, BCBA","ceo","bbarrera@endeavorabaco.com","https://www.linkedin.com/in/brooklyn-barrera-endeavoraba","google_maps","https://www.google.com/maps/search/Endeavor%20Behavioral%20Care%20Center%20Loveland%20CO","pilot-2026-09-25-2k"
"Engage Autism & Learning Institute","https://www.engageautismva.com","Lynchburg","VA","2","Bruce Barrett","Executive Clinical Director & Partner, BCBA","exec_director","bruce@engageautismva.com","https://www.linkedin.com/in/bruce-barrett-engageaba","apollo","https://www.google.com/maps/search/Engage%20Autism%20%26%20Learning%20Institute%20Lynchburg%20VA","pilot-2026-09-25-2k"
"Enrich Developmental Solutions","https://www.enrichbehavioralmd.com","Dundalk","MD","3","Bryan Barron","Founder & President, BCBA, LBA","founder","bryan.barron@enrichbehavioralmd.com","https://www.linkedin.com/in/bryan-barron-enrichaba","linkedin_sales_nav","https://www.google.com/maps/search/Enrich%20Developmental%20Solutions%20Dundalk%20MD","pilot-2026-09-25-2k"
"Equinox Behavioral Therapy Center","https://www.equinoxcareil.org","Bolingbrook","IL","4","Caleb Barry","Owner & Director of Applied Behavior Analysis","owner","cbarry@equinoxcareil.org","https://www.linkedin.com/in/caleb-barry-equinoxaba","state_directory","https://www.google.com/maps/search/Equinox%20Behavioral%20Therapy%20Center%20Bolingbrook%20IL","pilot-2026-09-25-2k"
"Essence Autism Discovery Center","https://www.essenceabaut.net","Riverton","UT","1","Cameron Bartlett","Founder & Clinical Director, BCBA-D","founder","cameron@essenceabaut.net","https://www.linkedin.com/in/cameron-bartlett-essenceaba","aba_index","https://www.google.com/maps/search/Essence%20Autism%20Discovery%20Center%20Riverton%20UT","pilot-2026-09-25-2k"
"Essential Behavioral Foundations","https://www.essentialautismnj.com","Hoboken","NJ","2","Camila Barton","Co-Founder & Executive Director, MS, BCBA","founder","camila.barton@essentialautismnj.com","https://www.linkedin.com/in/camila-barton-essentialaba","google_maps","https://www.google.com/maps/search/Essential%20Behavioral%20Foundations%20Hoboken%20NJ","pilot-2026-09-25-2k"
"Estuary Therapeutic Solutions","https://www.estuarybehavioraltx.com","Pearland","TX","3","Carla Bass","Owner & Clinical Supervisor, BCBA","owner","cbass@estuarybehavioraltx.com","https://www.linkedin.com/in/carla-bass-estuaryaba","apollo","https://www.google.com/maps/search/Estuary%20Therapeutic%20Solutions%20Pearland%20TX","pilot-2026-09-25-2k"
"Evergreen ABA Collective","https://www.evergreencarefl.com","Palm Bay","FL","4","Carlos Batchelor","CEO & Managing Partner, BCBA","ceo","carlos@evergreencarefl.com","https://www.linkedin.com/in/carlos-batchelor-evergreenaba","linkedin_sales_nav","https://www.google.com/maps/search/Evergreen%20ABA%20Collective%20Palm%20Bay%20FL","pilot-2026-09-25-2k"
"Excel Autism Center","https://www.excelabaca.org","Oceanside","CA","1","Caroline Bateman","Executive Clinical Director & Partner, BCBA","exec_director","caroline.bateman@excelabaca.org","https://www.linkedin.com/in/caroline-bateman-excelaba","state_directory","https://www.google.com/maps/search/Excel%20Autism%20Center%20Oceanside%20CA","pilot-2026-09-25-2k"
"Excellence ABA Therapy Group","https://www.excellenceautismnc.com","Raleigh","NC","2","Carolyn Bates","Founder & President, BCBA, LBA","founder","cbates@excellenceautismnc.com","https://www.linkedin.com/in/carolyn-bates-excellenceaba","aba_index","https://www.google.com/maps/search/Excellence%20ABA%20Therapy%20Group%20Raleigh%20NC","pilot-2026-09-25-2k"
"Expansion Behavioral Solutions","https://www.expansionbehavioralga.com","Columbus","GA","3","Carson Batista","Owner & Director of Applied Behavior Analysis","owner","carson@expansionbehavioralga.com","https://www.linkedin.com/in/carson-batista-expansionaba","google_maps","https://www.google.com/maps/search/Expansion%20Behavioral%20Solutions%20Columbus%20GA","pilot-2026-09-25-2k"
"Express Autism Services","https://www.expresscareco.net","Fort Collins","CO","4","Carter Bauer","Founder & Clinical Director, BCBA-D","founder","carter.bauer@expresscareco.net","https://www.linkedin.com/in/carter-bauer-expressaba","apollo","https://www.google.com/maps/search/Express%20Autism%20Services%20Fort%20Collins%20CO","pilot-2026-09-25-2k"
"Faith Behavioral Health","https://www.faithabava.com","Arlington","VA","1","Cassandra Baughman","Co-Founder & Executive Director, MS, BCBA","founder","cbaughman@faithabava.com","https://www.linkedin.com/in/cassandra-baughman-faithaba","linkedin_sales_nav","https://www.google.com/maps/search/Faith%20Behavioral%20Health%20Arlington%20VA","pilot-2026-09-25-2k"
"Family First Therapy Associates","https://www.familyfirstautismmd.org","Gaithersburg","MD","2","Catherine Bauman","Owner & Clinical Supervisor, BCBA","owner","catherine@familyfirstautismmd.org","https://www.linkedin.com/in/catherine-bauman-familyfirstaba","state_directory","https://www.google.com/maps/search/Family%20First%20Therapy%20Associates%20Gaithersburg%20MD","pilot-2026-09-25-2k"
"Feather Developmental Clinic","https://www.featherbehavioralil.com","Schaumburg","IL","3","Cecilia Baxter","CEO & Managing Partner, BCBA","ceo","cecilia.baxter@featherbehavioralil.com","https://www.linkedin.com/in/cecilia-baxter-featheraba","aba_index","https://www.google.com/maps/search/Feather%20Developmental%20Clinic%20Schaumburg%20IL","pilot-2026-09-25-2k"
"First Step ABA Services","https://www.firststepcareut.com","Layton","UT","4","Chad Beach","Executive Clinical Director & Partner, BCBA","exec_director","cbeach@firststepcareut.com","https://www.linkedin.com/in/chad-beach-firststepaba","google_maps","https://www.google.com/maps/search/First%20Step%20ABA%20Services%20Layton%20UT","pilot-2026-09-25-2k"
"Focus Autism & Behavioral Clinic","https://www.focusabanj.com","Trenton","NJ","1","Charles Beal","Founder & President, BCBA, LBA","founder","charles@focusabanj.com","https://www.linkedin.com/in/charles-beal-focusaba","apollo","https://www.google.com/maps/search/Focus%20Autism%20%26%20Behavioral%20Clinic%20Trenton%20NJ","pilot-2026-09-25-2k"
"Footprints Child Development Center","https://www.footprintsautismtx.com","Pflugerville","TX","2","Charlotte Beam","Owner & Director of Applied Behavior Analysis","owner","charlotte.beam@footprintsautismtx.com","https://www.linkedin.com/in/charlotte-beam-footprintsaba","linkedin_sales_nav","https://www.google.com/maps/search/Footprints%20Child%20Development%20Center%20Pflugerville%20TX","pilot-2026-09-25-2k"
"Forge Behavior Analysis Partners","https://www.forgebehavioralfl.org","Ocala","FL","3","Chase Bean","Founder & Clinical Director, BCBA-D","founder","cbean@forgebehavioralfl.org","https://www.linkedin.com/in/chase-bean-forgeaba","state_directory","https://www.google.com/maps/search/Forge%20Behavior%20Analysis%20Partners%20Ocala%20FL","pilot-2026-09-25-2k"
"Forward Behavioral Care","https://www.forwardcareca.com","Roseville","CA","4","Chelsea Beard","Co-Founder & Executive Director, MS, BCBA","founder","chelsea@forwardcareca.com","https://www.linkedin.com/in/chelsea-beard-forwardaba","aba_index","https://www.google.com/maps/search/Forward%20Behavioral%20Care%20Roseville%20CA","pilot-2026-09-25-2k"
"Foundation Autism Horizons","https://www.foundationabanc.com","Apex","NC","1","Cheyenne Beasley","Owner & Clinical Supervisor, BCBA","owner","cheyenne.beasley@foundationabanc.com","https://www.linkedin.com/in/cheyenne-beasley-foundationaba","google_maps","https://www.google.com/maps/search/Foundation%20Autism%20Horizons%20Apex%20NC","pilot-2026-09-25-2k"
"Frontier Therapy & Learning Center","https://www.frontierautismga.com","Smyrna","GA","2","Chloe Beatty","CEO & Managing Partner, BCBA","ceo","cbeatty@frontierautismga.com","https://www.linkedin.com/in/chloe-beatty-frontieraba","apollo","https://www.google.com/maps/search/Frontier%20Therapy%20%26%20Learning%20Center%20Smyrna%20GA","pilot-2026-09-25-2k"
"Galliant Behavioral Interventions","https://www.galliantbehavioralco.com","Castle Rock","CO","3","Christian Beauchamp","Executive Clinical Director & Partner, BCBA","exec_director","christian@galliantbehavioralco.com","https://www.linkedin.com/in/christian-beauchamp-galliantaba","linkedin_sales_nav","https://www.google.com/maps/search/Galliant%20Behavioral%20Interventions%20Castle%20Rock%20CO","pilot-2026-09-25-2k"
"Genesis Autism Clinic","https://www.genesiscareva.org","Leesburg","VA","4","Christina Beaver","Founder & President, BCBA, LBA","founder","christina.beaver@genesiscareva.org","https://www.linkedin.com/in/christina-beaver-genesisaba","state_directory","https://www.google.com/maps/search/Genesis%20Autism%20Clinic%20Leesburg%20VA","pilot-2026-09-25-2k"
"Gentle ABA Center","https://www.gentleabamd.com","Salisbury","MD","1","Christine Beck","Owner & Director of Applied Behavior Analysis","owner","cbeck@gentleabamd.com","https://www.linkedin.com/in/christine-beck-gentleaba","aba_index","https://www.google.com/maps/search/Gentle%20ABA%20Center%20Salisbury%20MD","pilot-2026-09-25-2k"
"Golden Gate Behavioral Health Network","https://www.goldengateautismil.net","Palatine","IL","2","Christopher Becker","Founder & Clinical Director, BCBA-D","founder","christopher@goldengateautismil.net","https://www.linkedin.com/in/christopher-becker-goldengateaba","google_maps","https://www.google.com/maps/search/Golden%20Gate%20Behavioral%20Health%20Network%20Palatine%20IL","pilot-2026-09-25-2k"
"Grace Autism Group","https://www.gracebehavioralut.com","Roy","UT","3","Claire Beckett","Co-Founder & Executive Director, MS, BCBA","founder","claire.beckett@gracebehavioralut.com","https://www.linkedin.com/in/claire-beckett-graceaba","apollo","https://www.google.com/maps/search/Grace%20Autism%20Group%20Roy%20UT","pilot-2026-09-25-2k"
"Great Steps Applied Behavior Specialists","https://www.greatstepscarenj.com","Plainfield","NJ","4","Clara Beckman","Owner & Clinical Supervisor, BCBA","owner","cbeckman@greatstepscarenj.com","https://www.linkedin.com/in/clara-beckman-greatstepsaba","linkedin_sales_nav","https://www.google.com/maps/search/Great%20Steps%20Applied%20Behavior%20Specialists%20Plainfield%20NJ","pilot-2026-09-25-2k"
"Groove Therapy Partners","https://www.grooveabatx.org","Austin","TX","1","Clayton Bedford","CEO & Managing Partner, BCBA","ceo","clayton@grooveabatx.org","https://www.linkedin.com/in/clayton-bedford-grooveaba","state_directory","https://www.google.com/maps/search/Groove%20Therapy%20Partners%20Austin%20TX","pilot-2026-09-25-2k"
"Growth Point Pediatric Autism Services","https://www.growthpointautismfl.com","Orlando","FL","2","Cole Beebe","Executive Clinical Director & Partner, BCBA","exec_director","cole.beebe@growthpointautismfl.com","https://www.linkedin.com/in/cole-beebe-growthpointaba","aba_index","https://www.google.com/maps/search/Growth%20Point%20Pediatric%20Autism%20Services%20Orlando%20FL","pilot-2026-09-25-2k"
"Guidepost Behavioral Care Center","https://www.guidepostbehavioralca.com","San Jose","CA","3","Colin Beeler","Founder & President, BCBA, LBA","founder","cbeeler@guidepostbehavioralca.com","https://www.linkedin.com/in/colin-beeler-guidepostaba","google_maps","https://www.google.com/maps/search/Guidepost%20Behavioral%20Care%20Center%20San%20Jose%20CA","pilot-2026-09-25-2k"
"Hand in Hand Autism & Learning Institute","https://www.handinhandcarenc.com","Matthews","NC","4","Colleen Begay","Owner & Director of Applied Behavior Analysis","owner","colleen@handinhandcarenc.com","https://www.linkedin.com/in/colleen-begay-handinhandaba","apollo","https://www.google.com/maps/search/Hand%20in%20Hand%20Autism%20%26%20Learning%20Institute%20Matthews%20NC","pilot-2026-09-25-2k"
"Harbor Developmental Solutions","https://www.harborabaga.net","Carrollton","GA","1","Connor Belcher","Founder & Clinical Director, BCBA-D","founder","connor.belcher@harborabaga.net","https://www.linkedin.com/in/connor-belcher-harboraba","linkedin_sales_nav","https://www.google.com/maps/search/Harbor%20Developmental%20Solutions%20Carrollton%20GA","pilot-2026-09-25-2k"
"Harmony Behavioral Therapy Center","https://www.harmonyautismco.org","Boulder","CO","2","Cora Bell","Co-Founder & Executive Director, MS, BCBA","founder","cbell@harmonyautismco.org","https://www.linkedin.com/in/cora-bell-harmonyaba","state_directory","https://www.google.com/maps/search/Harmony%20Behavioral%20Therapy%20Center%20Boulder%20CO","pilot-2026-09-25-2k"
"Haven Autism Discovery Center","https://www.havenbehavioralva.com","Roanoke","VA","3","Corey Bellamy","Owner & Clinical Supervisor, BCBA","owner","corey@havenbehavioralva.com","https://www.linkedin.com/in/corey-bellamy-havenaba","aba_index","https://www.google.com/maps/search/Haven%20Autism%20Discovery%20Center%20Roanoke%20VA","pilot-2026-09-25-2k"
"Headway Behavioral Foundations","https://www.headwaycaremd.com","Bowie","MD","4","Courtney Bellinger","CEO & Managing Partner, BCBA","ceo","courtney.bellinger@headwaycaremd.com","https://www.linkedin.com/in/courtney-bellinger-headwayaba","google_maps","https://www.google.com/maps/search/Headway%20Behavioral%20Foundations%20Bowie%20MD","pilot-2026-09-25-2k"
"Heartland Therapeutic Solutions","https://www.heartlandabail.com","Elgin","IL","1","Craig Beltran","Executive Clinical Director & Partner, BCBA","exec_director","cbeltran@heartlandabail.com","https://www.linkedin.com/in/craig-beltran-heartlandaba","apollo","https://www.google.com/maps/search/Heartland%20Therapeutic%20Solutions%20Elgin%20IL","pilot-2026-09-25-2k"
"Heritage ABA Collective","https://www.heritageautismut.com","Lehi","UT","2","Crystal Bender","Founder & President, BCBA, LBA","founder","crystal@heritageautismut.com","https://www.linkedin.com/in/crystal-bender-heritageaba","linkedin_sales_nav","https://www.google.com/maps/search/Heritage%20ABA%20Collective%20Lehi%20UT","pilot-2026-09-25-2k"
"Highland Autism Center","https://www.highlandbehavioralnj.org","Camden","NJ","3","Curtis Benedict","Owner & Director of Applied Behavior Analysis","owner","curtis.benedict@highlandbehavioralnj.org","https://www.linkedin.com/in/curtis-benedict-highlandaba","state_directory","https://www.google.com/maps/search/Highland%20Autism%20Center%20Camden%20NJ","pilot-2026-09-25-2k"
"Highline ABA Therapy Group","https://www.highlinecaretx.net","El Paso","TX","4","Cynthia Benitez","Founder & Clinical Director, BCBA-D","founder","cbenitez@highlinecaretx.net","https://www.linkedin.com/in/cynthia-benitez-highlineaba","aba_index","https://www.google.com/maps/search/Highline%20ABA%20Therapy%20Group%20El%20Paso%20TX","pilot-2026-09-25-2k"
"Holistic Behavioral Solutions","https://www.holisticabafl.com","Clearwater","FL","1","Daisy Benjamin","Co-Founder & Executive Director, MS, BCBA","founder","daisy@holisticabafl.com","https://www.linkedin.com/in/daisy-benjamin-holisticaba","google_maps","https://www.google.com/maps/search/Holistic%20Behavioral%20Solutions%20Clearwater%20FL","pilot-2026-09-25-2k"
"Homestead Autism Services","https://www.homesteadautismca.com","Chula Vista","CA","2","Dale Bennett","Owner & Clinical Supervisor, BCBA","owner","dale.bennett@homesteadautismca.com","https://www.linkedin.com/in/dale-bennett-homesteadaba","apollo","https://www.google.com/maps/search/Homestead%20Autism%20Services%20Chula%20Vista%20CA","pilot-2026-09-25-2k"
"Hope Behavioral Health","https://www.hopebehavioralnc.com","Winston-Salem","NC","3","Dallas Benoit","CEO & Managing Partner, BCBA","ceo","dbenoit@hopebehavioralnc.com","https://www.linkedin.com/in/dallas-benoit-hopeaba","linkedin_sales_nav","https://www.google.com/maps/search/Hope%20Behavioral%20Health%20Winston-Salem%20NC","pilot-2026-09-25-2k"
"Horizon Therapy Associates","https://www.horizoncarega.org","Sandy Springs","GA","4","Dalton Benson","Executive Clinical Director & Partner, BCBA","exec_director","dalton@horizoncarega.org","https://www.linkedin.com/in/dalton-benson-horizonaba","state_directory","https://www.google.com/maps/search/Horizon%20Therapy%20Associates%20Sandy%20Springs%20GA","pilot-2026-09-25-2k"
"Hub Developmental Clinic","https://www.hubabaco.com","Commerce City","CO","1","Damian Bentley","Founder & President, BCBA, LBA","founder","damian.bentley@hubabaco.com","https://www.linkedin.com/in/damian-bentley-hubaba","aba_index","https://www.google.com/maps/search/Hub%20Developmental%20Clinic%20Commerce%20City%20CO","pilot-2026-09-25-2k"
"Hull ABA Services","https://www.hullautismva.com","Fredericksburg","VA","2","Daniel Benton","Owner & Director of Applied Behavior Analysis","owner","dbenton@hullautismva.com","https://www.linkedin.com/in/daniel-benton-hullaba","google_maps","https://www.google.com/maps/search/Hull%20ABA%20Services%20Fredericksburg%20VA","pilot-2026-09-25-2k"
"Illuminate Autism & Behavioral Clinic","https://www.illuminatebehavioralmd.net","Severn","MD","3","Danielle Berg","Founder & Clinical Director, BCBA-D","founder","danielle@illuminatebehavioralmd.net","https://www.linkedin.com/in/danielle-berg-illuminateaba","apollo","https://www.google.com/maps/search/Illuminate%20Autism%20%26%20Behavioral%20Clinic%20Severn%20MD","pilot-2026-09-25-2k"
"Impact Child Development Center","https://www.impactcareil.com","Des Plaines","IL","4","Danny Berger","Co-Founder & Executive Director, MS, BCBA","founder","danny.berger@impactcareil.com","https://www.linkedin.com/in/danny-berger-impactaba","linkedin_sales_nav","https://www.google.com/maps/search/Impact%20Child%20Development%20Center%20Des%20Plaines%20IL","pilot-2026-09-25-2k"
"Infinia Behavior Analysis Partners","https://www.infiniaabaut.org","Salt Lake City","UT","1","Daphne Bergman","Owner & Clinical Supervisor, BCBA","owner","dbergman@infiniaabaut.org","https://www.linkedin.com/in/daphne-bergman-infiniaaba","state_directory","https://www.google.com/maps/search/Infinia%20Behavior%20Analysis%20Partners%20Salt%20Lake%20City%20UT","pilot-2026-09-25-2k"
"Infinity Behavioral Care","https://www.infinityautismnj.com","Jersey City","NJ","2","Darlene Bernal","CEO & Managing Partner, BCBA","ceo","darlene@infinityautismnj.com","https://www.linkedin.com/in/darlene-bernal-infinityaba","aba_index","https://www.google.com/maps/search/Infinity%20Behavioral%20Care%20Jersey%20City%20NJ","pilot-2026-09-25-2k"
"Inherit Autism Horizons","https://www.inheritbehavioraltx.com","Sugar Land","TX","3","Darren Bernard","Executive Clinical Director & Partner, BCBA","exec_director","darren.bernard@inheritbehavioraltx.com","https://www.linkedin.com/in/darren-bernard-inheritaba","google_maps","https://www.google.com/maps/search/Inherit%20Autism%20Horizons%20Sugar%20Land%20TX","pilot-2026-09-25-2k"
"Initiative Therapy & Learning Center","https://www.initiativecarefl.com","Port St. Lucie","FL","4","David Berry","Founder & President, BCBA, LBA","founder","dberry@initiativecarefl.com","https://www.linkedin.com/in/david-berry-initiativeaba","apollo","https://www.google.com/maps/search/Initiative%20Therapy%20%26%20Learning%20Center%20Port%20St.%20Lucie%20FL","pilot-2026-09-25-2k"
"Insight Behavioral Interventions","https://www.insightabaca.com","Torrance","CA","1","Dawn Berryman","Owner & Director of Applied Behavior Analysis","owner","dawn@insightabaca.com","https://www.linkedin.com/in/dawn-berryman-insightaba","linkedin_sales_nav","https://www.google.com/maps/search/Insight%20Behavioral%20Interventions%20Torrance%20CA","pilot-2026-09-25-2k"
"Inspire Autism Clinic","https://www.inspireautismnc.org","Huntersville","NC","2","Dean Bertram","Founder & Clinical Director, BCBA-D","founder","dean.bertram@inspireautismnc.org","https://www.linkedin.com/in/dean-bertram-inspireaba","state_directory","https://www.google.com/maps/search/Inspire%20Autism%20Clinic%20Huntersville%20NC","pilot-2026-09-25-2k"
"Integrity ABA Center","https://www.integritybehavioralga.com","Gainesville","GA","3","Deanna Best","Co-Founder & Executive Director, MS, BCBA","founder","dbest@integritybehavioralga.com","https://www.linkedin.com/in/deanna-best-integrityaba","aba_index","https://www.google.com/maps/search/Integrity%20ABA%20Center%20Gainesville%20GA","pilot-2026-09-25-2k"
"Journey Behavioral Health Network","https://www.journeycareco.com","Arvada","CO","4","Deborah Betancourt","Owner & Clinical Supervisor, BCBA","owner","deborah@journeycareco.com","https://www.linkedin.com/in/deborah-betancourt-journeyaba","google_maps","https://www.google.com/maps/search/Journey%20Behavioral%20Health%20Network%20Arvada%20CO","pilot-2026-09-25-2k"
"Jubilee Autism Group","https://www.jubileeabava.com","Reston","VA","1","Debra Betts","CEO & Managing Partner, BCBA","ceo","debra.betts@jubileeabava.com","https://www.linkedin.com/in/debra-betts-jubileeaba","apollo","https://www.google.com/maps/search/Jubilee%20Autism%20Group%20Reston%20VA","pilot-2026-09-25-2k"
"Kaleidoscope Applied Behavior Specialists","https://www.kaleidoscopeautismmd.com","Towson","MD","2","Declan Bevan","Executive Clinical Director & Partner, BCBA","exec_director","dbevan@kaleidoscopeautismmd.com","https://www.linkedin.com/in/declan-bevan-kaleidoscopeaba","linkedin_sales_nav","https://www.google.com/maps/search/Kaleidoscope%20Applied%20Behavior%20Specialists%20Towson%20MD","pilot-2026-09-25-2k"
"Keystone Therapy Partners","https://www.keystonebehavioralil.org","Waukegan","IL","3","Delilah Beverly","Founder & President, BCBA, LBA","founder","delilah@keystonebehavioralil.org","https://www.linkedin.com/in/delilah-beverly-keystoneaba","state_directory","https://www.google.com/maps/search/Keystone%20Therapy%20Partners%20Waukegan%20IL","pilot-2026-09-25-2k"
"Kindred Pediatric Autism Services","https://www.kindredcareut.com","Taylorsville","UT","4","Derek Beyer","Owner & Director of Applied Behavior Analysis","owner","derek.beyer@kindredcareut.com","https://www.linkedin.com/in/derek-beyer-kindredaba","aba_index","https://www.google.com/maps/search/Kindred%20Pediatric%20Autism%20Services%20Taylorsville%20UT","pilot-2026-09-25-2k"
"Kite Behavioral Care Center","https://www.kiteabanj.net","Union City","NJ","1","Desiree Bibb","Founder & Clinical Director, BCBA-D","founder","dbibb@kiteabanj.net","https://www.linkedin.com/in/desiree-bibb-kiteaba","google_maps","https://www.google.com/maps/search/Kite%20Behavioral%20Care%20Center%20Union%20City%20NJ","pilot-2026-09-25-2k"
"Lantern Autism & Learning Institute","https://www.lanternautismtx.com","Midland","TX","2","Destiny Bickford","Co-Founder & Executive Director, MS, BCBA","founder","destiny@lanternautismtx.com","https://www.linkedin.com/in/destiny-bickford-lanternaba","apollo","https://www.google.com/maps/search/Lantern%20Autism%20%26%20Learning%20Institute%20Midland%20TX","pilot-2026-09-25-2k"
"Launch Developmental Solutions","https://www.launchbehavioralfl.com","Sanford","FL","3","Devin Biddle","Owner & Clinical Supervisor, BCBA","owner","devin.biddle@launchbehavioralfl.com","https://www.linkedin.com/in/devin-biddle-launchaba","linkedin_sales_nav","https://www.google.com/maps/search/Launch%20Developmental%20Solutions%20Sanford%20FL","pilot-2026-09-25-2k"
"Leap Behavioral Therapy Center","https://www.leapcareca.org","Temecula","CA","4","Diana Bigelow","CEO & Managing Partner, BCBA","ceo","dbigelow@leapcareca.org","https://www.linkedin.com/in/diana-bigelow-leapaba","state_directory","https://www.google.com/maps/search/Leap%20Behavioral%20Therapy%20Center%20Temecula%20CA","pilot-2026-09-25-2k"
"Legend Autism Discovery Center","https://www.legendabanc.com","New Bern","NC","1","Dominic Biggs","Executive Clinical Director & Partner, BCBA","exec_director","dominic@legendabanc.com","https://www.linkedin.com/in/dominic-biggs-legendaba","aba_index","https://www.google.com/maps/search/Legend%20Autism%20Discovery%20Center%20New%20Bern%20NC","pilot-2026-09-25-2k"
"Level Up Behavioral Foundations","https://www.levelupautismga.com","McDonough","GA","2","Donald Abbott","Founder & President, BCBA, LBA","founder","donald.abbott@levelupautismga.com","https://www.linkedin.com/in/donald-abbott-levelupaba","google_maps","https://www.google.com/maps/search/Level%20Up%20Behavioral%20Foundations%20McDonough%20GA","pilot-2026-09-25-2k"
"Liberty Therapeutic Solutions","https://www.libertybehavioralco.com","Littleton","CO","3","Donna Abernathy","Owner & Director of Applied Behavior Analysis","owner","dabernathy@libertybehavioralco.com","https://www.linkedin.com/in/donna-abernathy-libertyaba","apollo","https://www.google.com/maps/search/Liberty%20Therapeutic%20Solutions%20Littleton%20CO","pilot-2026-09-25-2k"
"Lighthouse ABA Collective","https://www.lighthousecareva.net","Salem","VA","4","Dora Acevedo","Founder & Clinical Director, BCBA-D","founder","dora@lighthousecareva.net","https://www.linkedin.com/in/dora-acevedo-lighthouseaba","linkedin_sales_nav","https://www.google.com/maps/search/Lighthouse%20ABA%20Collective%20Salem%20VA","pilot-2026-09-25-2k"
"Lifeway Autism Center","https://www.lifewayabamd.org","Baltimore","MD","1","Douglas Acosta","Co-Founder & Executive Director, MS, BCBA","founder","douglas.acosta@lifewayabamd.org","https://www.linkedin.com/in/douglas-acosta-lifewayaba","state_directory","https://www.google.com/maps/search/Lifeway%20Autism%20Center%20Baltimore%20MD","pilot-2026-09-25-2k"
"Little Steps ABA Therapy Group","https://www.littlestepsautismil.com","Naperville","IL","2","Drew Adair","Owner & Clinical Supervisor, BCBA","owner","dadair@littlestepsautismil.com","https://www.linkedin.com/in/drew-adair-littlestepsaba","aba_index","https://www.google.com/maps/search/Little%20Steps%20ABA%20Therapy%20Group%20Naperville%20IL","pilot-2026-09-25-2k"
"Living Stone Behavioral Solutions","https://www.livingstonebehavioralut.com","West Valley City","UT","3","Dustin Adkins","CEO & Managing Partner, BCBA","ceo","dustin@livingstonebehavioralut.com","https://www.linkedin.com/in/dustin-adkins-livingstoneaba","google_maps","https://www.google.com/maps/search/Living%20Stone%20Behavioral%20Solutions%20West%20Valley%20City%20UT","pilot-2026-09-25-2k"
"Logic Autism Services","https://www.logiccarenj.com","Elizabeth","NJ","4","Dylan Aguilar","Executive Clinical Director & Partner, BCBA","exec_director","dylan.aguilar@logiccarenj.com","https://www.linkedin.com/in/dylan-aguilar-logicaba","apollo","https://www.google.com/maps/search/Logic%20Autism%20Services%20Elizabeth%20NJ","pilot-2026-09-25-2k"
"Loom Behavioral Health","https://www.loomabatx.com","Fort Worth","TX","1","Easton Aguirre","Founder & President, BCBA, LBA","founder","eaguirre@loomabatx.com","https://www.linkedin.com/in/easton-aguirre-loomaba","linkedin_sales_nav","https://www.google.com/maps/search/Loom%20Behavioral%20Health%20Fort%20Worth%20TX","pilot-2026-09-25-2k"
"Lumina Therapy Associates","https://www.luminaautismfl.org","St. Petersburg","FL","2","Eddie Albert","Owner & Director of Applied Behavior Analysis","owner","eddie@luminaautismfl.org","https://www.linkedin.com/in/eddie-albert-luminaaba","state_directory","https://www.google.com/maps/search/Lumina%20Therapy%20Associates%20St.%20Petersburg%20FL","pilot-2026-09-25-2k"
"Magnolia Developmental Clinic","https://www.magnoliabehavioralca.net","Pasadena","CA","3","Eden Albrecht","Founder & Clinical Director, BCBA-D","founder","eden.albrecht@magnoliabehavioralca.net","https://www.linkedin.com/in/eden-albrecht-magnoliaaba","aba_index","https://www.google.com/maps/search/Magnolia%20Developmental%20Clinic%20Pasadena%20CA","pilot-2026-09-25-2k"
"Mainstay ABA Services","https://www.mainstaycarenc.com","Wilmington","NC","4","Edward Alcorn","Co-Founder & Executive Director, MS, BCBA","founder","ealcorn@mainstaycarenc.com","https://www.linkedin.com/in/edward-alcorn-mainstayaba","google_maps","https://www.google.com/maps/search/Mainstay%20ABA%20Services%20Wilmington%20NC","pilot-2026-09-25-2k"
"Matrix Autism & Behavioral Clinic","https://www.matrixabaga.com","Alpharetta","GA","1","Edwin Aldridge","Owner & Clinical Supervisor, BCBA","owner","edwin@matrixabaga.com","https://www.linkedin.com/in/edwin-aldridge-matrixaba","apollo","https://www.google.com/maps/search/Matrix%20Autism%20%26%20Behavioral%20Clinic%20Alpharetta%20GA","pilot-2026-09-25-2k"
"Meadow Child Development Center","https://www.meadowautismco.com","Pueblo","CO","2","Elaine Alford","CEO & Managing Partner, BCBA","ceo","elaine.alford@meadowautismco.com","https://www.linkedin.com/in/elaine-alford-meadowaba","linkedin_sales_nav","https://www.google.com/maps/search/Meadow%20Child%20Development%20Center%20Pueblo%20CO","pilot-2026-09-25-2k"
"Medallion Behavior Analysis Partners","https://www.medallionbehavioralva.org","Hampton","VA","3","Eleanor Allan","Executive Clinical Director & Partner, BCBA","exec_director","eallan@medallionbehavioralva.org","https://www.linkedin.com/in/eleanor-allan-medallionaba","state_directory","https://www.google.com/maps/search/Medallion%20Behavior%20Analysis%20Partners%20Hampton%20VA","pilot-2026-09-25-2k"
"Mercy Behavioral Care","https://www.mercycaremd.com","Waldorf","MD","4","Eli Alston","Founder & President, BCBA, LBA","founder","eli@mercycaremd.com","https://www.linkedin.com/in/eli-alston-mercyaba","aba_index","https://www.google.com/maps/search/Mercy%20Behavioral%20Care%20Waldorf%20MD","pilot-2026-09-25-2k"
"Meridian Autism Horizons","https://www.meridianabail.com","Champaign","IL","1","Elias Alvarado","Owner & Director of Applied Behavior Analysis","owner","elias.alvarado@meridianabail.com","https://www.linkedin.com/in/elias-alvarado-meridianaba","google_maps","https://www.google.com/maps/search/Meridian%20Autism%20Horizons%20Champaign%20IL","pilot-2026-09-25-2k"
"Milestone Therapy & Learning Center","https://www.milestoneautismut.net","Murray","UT","2","Elijah Alvarez","Founder & Clinical Director, BCBA-D","founder","ealvarez@milestoneautismut.net","https://www.linkedin.com/in/elijah-alvarez-milestoneaba","apollo","https://www.google.com/maps/search/Milestone%20Therapy%20%26%20Learning%20Center%20Murray%20UT","pilot-2026-09-25-2k"
"Momentum Behavioral Interventions","https://www.momentumbehavioralnj.com","East Orange","NJ","3","Elise Amato","Co-Founder & Executive Director, MS, BCBA","founder","elise@momentumbehavioralnj.com","https://www.linkedin.com/in/elise-amato-momentumaba","linkedin_sales_nav","https://www.google.com/maps/search/Momentum%20Behavioral%20Interventions%20East%20Orange%20NJ","pilot-2026-09-25-2k"
"Monarch Autism Clinic","https://www.monarchcaretx.org","Waco","TX","4","Elizabeth Ambrose","Owner & Clinical Supervisor, BCBA","owner","elizabeth.ambrose@monarchcaretx.org","https://www.linkedin.com/in/elizabeth-ambrose-monarchaba","state_directory","https://www.google.com/maps/search/Monarch%20Autism%20Clinic%20Waco%20TX","pilot-2026-09-25-2k"
"Mosaic ABA Center","https://www.mosaicabafl.com","Bradenton","FL","1","Ella Ames","CEO & Managing Partner, BCBA","ceo","eames@mosaicabafl.com","https://www.linkedin.com/in/ella-ames-mosaicaba","aba_index","https://www.google.com/maps/search/Mosaic%20ABA%20Center%20Bradenton%20FL","pilot-2026-09-25-2k"
"Navigate Behavioral Health Network","https://www.navigateautismca.com","Glendale","CA","2","Ellen Amos","Executive Clinical Director & Partner, BCBA","exec_director","ellen@navigateautismca.com","https://www.linkedin.com/in/ellen-amos-navigateaba","google_maps","https://www.google.com/maps/search/Navigate%20Behavioral%20Health%20Network%20Glendale%20CA","pilot-2026-09-25-2k"
"Navigator Autism Group","https://www.navigatorbehavioralnc.com","Mooresville","NC","3","Ellie Anaya","Founder & President, BCBA, LBA","founder","ellie.anaya@navigatorbehavioralnc.com","https://www.linkedin.com/in/ellie-anaya-navigatoraba","apollo","https://www.google.com/maps/search/Navigator%20Autism%20Group%20Mooresville%20NC","pilot-2026-09-25-2k"
"Nest Applied Behavior Specialists","https://www.nestcarega.com","Woodstock","GA","4","Elliott Anders","Owner & Director of Applied Behavior Analysis","owner","eanders@nestcarega.com","https://www.linkedin.com/in/elliott-anders-nestaba","linkedin_sales_nav","https://www.google.com/maps/search/Nest%20Applied%20Behavior%20Specialists%20Woodstock%20GA","pilot-2026-09-25-2k"
"New Chapter Therapy Partners","https://www.newchapterabaco.org","Denver","CO","1","Aaron Andersen","Founder & Clinical Director, BCBA-D","founder","aaron@newchapterabaco.org","https://www.linkedin.com/in/aaron-andersen-newchapteraba","state_directory","https://www.google.com/maps/search/New%20Chapter%20Therapy%20Partners%20Denver%20CO","pilot-2026-09-25-2k"
"New Day Pediatric Autism Services","https://www.newdayautismva.com","Virginia Beach","VA","2","Abigail Anderson","Co-Founder & Executive Director, MS, BCBA","founder","abigail.anderson@newdayautismva.com","https://www.linkedin.com/in/abigail-anderson-newdayaba","aba_index","https://www.google.com/maps/search/New%20Day%20Pediatric%20Autism%20Services%20Virginia%20Beach%20VA","pilot-2026-09-25-2k"
"New Era Behavioral Care Center","https://www.newerabehavioralmd.com","Bethesda","MD","3","Adam Andrade","Owner & Clinical Supervisor, BCBA","owner","aandrade@newerabehavioralmd.com","https://www.linkedin.com/in/adam-andrade-neweraaba","google_maps","https://www.google.com/maps/search/New%20Era%20Behavioral%20Care%20Center%20Bethesda%20MD","pilot-2026-09-25-2k"
"New Horizons Autism & Learning Institute","https://www.newhorizonscareil.com","Rockford","IL","4","Adrian Andrews","CEO & Managing Partner, BCBA","ceo","adrian@newhorizonscareil.com","https://www.linkedin.com/in/adrian-andrews-newhorizonsaba","apollo","https://www.google.com/maps/search/New%20Horizons%20Autism%20%26%20Learning%20Institute%20Rockford%20IL","pilot-2026-09-25-2k"
"New Path Developmental Solutions","https://www.newpathabaut.com","Sandy","UT","1","Aiden Anthony","Executive Clinical Director & Partner, BCBA","exec_director","aiden.anthony@newpathabaut.com","https://www.linkedin.com/in/aiden-anthony-newpathaba","linkedin_sales_nav","https://www.google.com/maps/search/New%20Path%20Developmental%20Solutions%20Sandy%20UT","pilot-2026-09-25-2k"
"Next Chapter Behavioral Therapy Center","https://www.nextchapterautismnj.org","Woodbridge","NJ","2","Alex Archer","Founder & President, BCBA, LBA","founder","aarcher@nextchapterautismnj.org","https://www.linkedin.com/in/alex-archer-nextchapteraba","state_directory","https://www.google.com/maps/search/Next%20Chapter%20Behavioral%20Therapy%20Center%20Woodbridge%20NJ","pilot-2026-09-25-2k"
"Next Step Autism Discovery Center","https://www.nextstepbehavioraltx.com","Cedar Park","TX","3","Alexander Arellano","Owner & Director of Applied Behavior Analysis","owner","alexander@nextstepbehavioraltx.com","https://www.linkedin.com/in/alexander-arellano-nextstepaba","aba_index","https://www.google.com/maps/search/Next%20Step%20Autism%20Discovery%20Center%20Cedar%20Park%20TX","pilot-2026-09-25-2k"
"Noble Behavioral Foundations","https://www.noblecarefl.net","Boynton Beach","FL","4","Alexandra Armenta","Founder & Clinical Director, BCBA-D","founder","alexandra.armenta@noblecarefl.net","https://www.linkedin.com/in/alexandra-armenta-nobleaba","google_maps","https://www.google.com/maps/search/Noble%20Behavioral%20Foundations%20Boynton%20Beach%20FL","pilot-2026-09-25-2k"
"North Star Therapeutic Solutions","https://www.northstarabaca.com","Carlsbad","CA","1","Alexis Armstrong","Co-Founder & Executive Director, MS, BCBA","founder","aarmstrong@northstarabaca.com","https://www.linkedin.com/in/alexis-armstrong-northstaraba","apollo","https://www.google.com/maps/search/North%20Star%20Therapeutic%20Solutions%20Carlsbad%20CA","pilot-2026-09-25-2k"
"Nova ABA Collective","https://www.novaautismnc.com","Kernersville","NC","2","Alice Arndt","Owner & Clinical Supervisor, BCBA","owner","alice@novaautismnc.com","https://www.linkedin.com/in/alice-arndt-novaaba","linkedin_sales_nav","https://www.google.com/maps/search/Nova%20ABA%20Collective%20Kernersville%20NC","pilot-2026-09-25-2k"
"Oasis Autism Center","https://www.oasisbehavioralga.org","Atlanta","GA","3","Allison Arnold","CEO & Managing Partner, BCBA","ceo","allison.arnold@oasisbehavioralga.org","https://www.linkedin.com/in/allison-arnold-oasisaba","state_directory","https://www.google.com/maps/search/Oasis%20Autism%20Center%20Atlanta%20GA","pilot-2026-09-25-2k"
"Octave ABA Therapy Group","https://www.octavecareco.com","Longmont","CO","4","Alyssa Arredondo","Executive Clinical Director & Partner, BCBA","exec_director","aarredondo@octavecareco.com","https://www.linkedin.com/in/alyssa-arredondo-octaveaba","aba_index","https://www.google.com/maps/search/Octave%20ABA%20Therapy%20Group%20Longmont%20CO","pilot-2026-09-25-2k"
"Odyssey Behavioral Solutions","https://www.odysseyabava.com","Charlottesville","VA","1","Amber Arroyo","Founder & President, BCBA, LBA","founder","amber@odysseyabava.com","https://www.linkedin.com/in/amber-arroyo-odysseyaba","google_maps","https://www.google.com/maps/search/Odyssey%20Behavioral%20Solutions%20Charlottesville%20VA","pilot-2026-09-25-2k"
"Omega Autism Services","https://www.omegaautismmd.com","Glen Burnie","MD","2","Amy Arthur","Owner & Director of Applied Behavior Analysis","owner","amy.arthur@omegaautismmd.com","https://www.linkedin.com/in/amy-arthur-omegaaba","apollo","https://www.google.com/maps/search/Omega%20Autism%20Services%20Glen%20Burnie%20MD","pilot-2026-09-25-2k"
"One Step Behavioral Health","https://www.onestepbehavioralil.net","Arlington Heights","IL","3","Andrea Asher","Founder & Clinical Director, BCBA-D","founder","aasher@onestepbehavioralil.net","https://www.linkedin.com/in/andrea-asher-onestepaba","linkedin_sales_nav","https://www.google.com/maps/search/One%20Step%20Behavioral%20Health%20Arlington%20Heights%20IL","pilot-2026-09-25-2k"
"Open Door Therapy Associates","https://www.opendoorcareut.org","Bountiful","UT","4","Andrew Ashley","Co-Founder & Executive Director, MS, BCBA","founder","andrew@opendoorcareut.org","https://www.linkedin.com/in/andrew-ashley-opendooraba","state_directory","https://www.google.com/maps/search/Open%20Door%20Therapy%20Associates%20Bountiful%20UT","pilot-2026-09-25-2k"
"Optima Developmental Clinic","https://www.optimaabanj.com","New Brunswick","NJ","1","Angela Ashton","Owner & Clinical Supervisor, BCBA","owner","angela.ashton@optimaabanj.com","https://www.linkedin.com/in/angela-ashton-optimaaba","aba_index","https://www.google.com/maps/search/Optima%20Developmental%20Clinic%20New%20Brunswick%20NJ","pilot-2026-09-25-2k"
"Orchard ABA Services","https://www.orchardautismtx.com","Richardson","TX","2","Ann Atkins","CEO & Managing Partner, BCBA","ceo","aatkins@orchardautismtx.com","https://www.linkedin.com/in/ann-atkins-orchardaba","google_maps","https://www.google.com/maps/search/Orchard%20ABA%20Services%20Richardson%20TX","pilot-2026-09-25-2k"
"Origin Autism & Behavioral Clinic","https://www.originbehavioralfl.com","Davie","FL","3","Anna Atkinson","Executive Clinical Director & Partner, BCBA","exec_director","anna@originbehavioralfl.com","https://www.linkedin.com/in/anna-atkinson-originaba","apollo","https://www.google.com/maps/search/Origin%20Autism%20%26%20Behavioral%20Clinic%20Davie%20FL","pilot-2026-09-25-2k"
"Overbrook Child Development Center","https://www.overbrookcareca.com","El Cajon","CA","4","Anthony Augustine","Founder & President, BCBA, LBA","founder","anthony.augustine@overbrookcareca.com","https://www.linkedin.com/in/anthony-augustine-overbrookaba","linkedin_sales_nav","https://www.google.com/maps/search/Overbrook%20Child%20Development%20Center%20El%20Cajon%20CA","pilot-2026-09-25-2k"
"Pacific Behavior Analysis Partners","https://www.pacificabanc.org","Gastonia","NC","1","Antonio Austin","Owner & Director of Applied Behavior Analysis","owner","aaustin@pacificabanc.org","https://www.linkedin.com/in/antonio-austin-pacificaba","state_directory","https://www.google.com/maps/search/Pacific%20Behavior%20Analysis%20Partners%20Gastonia%20NC","pilot-2026-09-25-2k"
"Palisade Behavioral Care","https://www.palisadeautismga.net","Cumming","GA","2","Arthur Avalos","Founder & Clinical Director, BCBA-D","founder","arthur@palisadeautismga.net","https://www.linkedin.com/in/arthur-avalos-palisadeaba","aba_index","https://www.google.com/maps/search/Palisade%20Behavioral%20Care%20Cumming%20GA","pilot-2026-09-25-2k"
"Panorama Autism Horizons","https://www.panoramabehavioralco.com","Aurora","CO","3","Ashley Avery","Co-Founder & Executive Director, MS, BCBA","founder","ashley.avery@panoramabehavioralco.com","https://www.linkedin.com/in/ashley-avery-panoramaaba","google_maps","https://www.google.com/maps/search/Panorama%20Autism%20Horizons%20Aurora%20CO","pilot-2026-09-25-2k"
"Paragon Therapy & Learning Center","https://www.paragoncareva.com","Chesapeake","VA","4","Audrey Avila","Owner & Clinical Supervisor, BCBA","owner","aavila@paragoncareva.com","https://www.linkedin.com/in/audrey-avila-paragonaba","apollo","https://www.google.com/maps/search/Paragon%20Therapy%20%26%20Learning%20Center%20Chesapeake%20VA","pilot-2026-09-25-2k"
"Pathway Behavioral Interventions","https://www.pathwayabamd.com","Frederick","MD","1","Austin Ayala","CEO & Managing Partner, BCBA","ceo","austin@pathwayabamd.com","https://www.linkedin.com/in/austin-ayala-pathwayaba","linkedin_sales_nav","https://www.google.com/maps/search/Pathway%20Behavioral%20Interventions%20Frederick%20MD","pilot-2026-09-25-2k"
"Pathways Autism Clinic","https://www.pathwaysautismil.org","Evanston","IL","2","Autumn Babcock","Executive Clinical Director & Partner, BCBA","exec_director","autumn.babcock@pathwaysautismil.org","https://www.linkedin.com/in/autumn-babcock-pathwaysaba","state_directory","https://www.google.com/maps/search/Pathways%20Autism%20Clinic%20Evanston%20IL","pilot-2026-09-25-2k"
"Patience ABA Center","https://www.patiencebehavioralut.com","St. George","UT","3","Ava Bach","Founder & President, BCBA, LBA","founder","abach@patiencebehavioralut.com","https://www.linkedin.com/in/ava-bach-patienceaba","aba_index","https://www.google.com/maps/search/Patience%20ABA%20Center%20St.%20George%20UT","pilot-2026-09-25-2k"
"Peak Behavioral Health Network","https://www.peakcarenj.com","Toms River","NJ","4","Avery Bader","Owner & Director of Applied Behavior Analysis","owner","avery@peakcarenj.com","https://www.linkedin.com/in/avery-bader-peakaba","google_maps","https://www.google.com/maps/search/Peak%20Behavioral%20Health%20Network%20Toms%20River%20NJ","pilot-2026-09-25-2k"
"Pelican Autism Group","https://www.pelicanabatx.net","The Woodlands","TX","1","Bailey Baer","Founder & Clinical Director, BCBA-D","founder","bailey.baer@pelicanabatx.net","https://www.linkedin.com/in/bailey-baer-pelicanaba","apollo","https://www.google.com/maps/search/Pelican%20Autism%20Group%20The%20Woodlands%20TX","pilot-2026-09-25-2k"
"Petal Applied Behavior Specialists","https://www.petalautismfl.com","Gainesville","FL","2","Barbara Baggett","Co-Founder & Executive Director, MS, BCBA","founder","bbaggett@petalautismfl.com","https://www.linkedin.com/in/barbara-baggett-petalaba","linkedin_sales_nav","https://www.google.com/maps/search/Petal%20Applied%20Behavior%20Specialists%20Gainesville%20FL","pilot-2026-09-25-2k"
"Pharos Therapy Partners","https://www.pharosbehavioralca.org","Anaheim","CA","3","Beatrice Bagley","Owner & Clinical Supervisor, BCBA","owner","beatrice@pharosbehavioralca.org","https://www.linkedin.com/in/beatrice-bagley-pharosaba","state_directory","https://www.google.com/maps/search/Pharos%20Therapy%20Partners%20Anaheim%20CA","pilot-2026-09-25-2k"
"Pheonix Pediatric Autism Services","https://www.pheonixcarenc.com","Salisbury","NC","4","Benjamin Bailey","CEO & Managing Partner, BCBA","ceo","benjamin.bailey@pheonixcarenc.com","https://www.linkedin.com/in/benjamin-bailey-pheonixaba","aba_index","https://www.google.com/maps/search/Pheonix%20Pediatric%20Autism%20Services%20Salisbury%20NC","pilot-2026-09-25-2k"
"Pier Behavioral Care Center","https://www.pierabaga.com","Duluth","GA","1","Bethany Bain","Executive Clinical Director & Partner, BCBA","exec_director","bbain@pierabaga.com","https://www.linkedin.com/in/bethany-bain-pieraba","google_maps","https://www.google.com/maps/search/Pier%20Behavioral%20Care%20Center%20Duluth%20GA","pilot-2026-09-25-2k"
"Pilgrim Autism & Learning Institute","https://www.pilgrimautismco.com","Broomfield","CO","2","Blake Baird","Founder & President, BCBA, LBA","founder","blake@pilgrimautismco.com","https://www.linkedin.com/in/blake-baird-pilgrimaba","apollo","https://www.google.com/maps/search/Pilgrim%20Autism%20%26%20Learning%20Institute%20Broomfield%20CO","pilot-2026-09-25-2k"
"Pilot Developmental Solutions","https://www.pilotbehavioralva.com","Harrisonburg","VA","3","Bradley Baker","Owner & Director of Applied Behavior Analysis","owner","bradley.baker@pilotbehavioralva.com","https://www.linkedin.com/in/bradley-baker-pilotaba","linkedin_sales_nav","https://www.google.com/maps/search/Pilot%20Developmental%20Solutions%20Harrisonburg%20VA","pilot-2026-09-25-2k"
"Pinnacle Behavioral Therapy Center","https://www.pinnaclecaremd.org","Laurel","MD","4","Brandon Baldwin","Founder & Clinical Director, BCBA-D","founder","bbaldwin@pinnaclecaremd.org","https://www.linkedin.com/in/brandon-baldwin-pinnacleaba","state_directory","https://www.google.com/maps/search/Pinnacle%20Behavioral%20Therapy%20Center%20Laurel%20MD","pilot-2026-09-25-2k"
"Pioneer Autism Discovery Center","https://www.pioneerabail.com","Decatur","IL","1","Brayden Bales","Co-Founder & Executive Director, MS, BCBA","founder","brayden@pioneerabail.com","https://www.linkedin.com/in/brayden-bales-pioneeraba","aba_index","https://www.google.com/maps/search/Pioneer%20Autism%20Discovery%20Center%20Decatur%20IL","pilot-2026-09-25-2k"
"Plaza Behavioral Foundations","https://www.plazaautismut.com","Spanish Fork","UT","2","Brenda Ball","Owner & Clinical Supervisor, BCBA","owner","brenda.ball@plazaautismut.com","https://www.linkedin.com/in/brenda-ball-plazaaba","google_maps","https://www.google.com/maps/search/Plaza%20Behavioral%20Foundations%20Spanish%20Fork%20UT","pilot-2026-09-25-2k"
"Pledge Therapeutic Solutions","https://www.pledgebehavioralnj.com","Perth Amboy","NJ","3","Brian Ballard","CEO & Managing Partner, BCBA","ceo","bballard@pledgebehavioralnj.com","https://www.linkedin.com/in/brian-ballard-pledgeaba","apollo","https://www.google.com/maps/search/Pledge%20Therapeutic%20Solutions%20Perth%20Amboy%20NJ","pilot-2026-09-25-2k"
"Point ABA Collective","https://www.pointcaretx.com","Round Rock","TX","4","Brianna Ballesteros","Executive Clinical Director & Partner, BCBA","exec_director","brianna@pointcaretx.com","https://www.linkedin.com/in/brianna-ballesteros-pointaba","linkedin_sales_nav","https://www.google.com/maps/search/Point%20ABA%20Collective%20Round%20Rock%20TX","pilot-2026-09-25-2k"
"Polestar Autism Center","https://www.polestarabafl.org","Pompano Beach","FL","1","Brittany Banks","Founder & President, BCBA, LBA","founder","brittany.banks@polestarabafl.org","https://www.linkedin.com/in/brittany-banks-polestaraba","state_directory","https://www.google.com/maps/search/Polestar%20Autism%20Center%20Pompano%20Beach%20FL","pilot-2026-09-25-2k"
"Prairie ABA Therapy Group","https://www.prairieautismca.com","Rancho Cucamonga","CA","2","Brooke Bankston","Owner & Director of Applied Behavior Analysis","owner","bbankston@prairieautismca.com","https://www.linkedin.com/in/brooke-bankston-prairieaba","aba_index","https://www.google.com/maps/search/Prairie%20ABA%20Therapy%20Group%20Rancho%20Cucamonga%20CA","pilot-2026-09-25-2k"
"Precision Behavioral Solutions","https://www.precisionbehavioralnc.net","Greensboro","NC","3","Brooklyn Bannister","Founder & Clinical Director, BCBA-D","founder","brooklyn@precisionbehavioralnc.net","https://www.linkedin.com/in/brooklyn-bannister-precisionaba","google_maps","https://www.google.com/maps/search/Precision%20Behavioral%20Solutions%20Greensboro%20NC","pilot-2026-09-25-2k"
"Premier Autism Services","https://www.premiercarega.com","Savannah","GA","4","Bruce Barajas","Co-Founder & Executive Director, MS, BCBA","founder","bruce.barajas@premiercarega.com","https://www.linkedin.com/in/bruce-barajas-premieraba","apollo","https://www.google.com/maps/search/Premier%20Autism%20Services%20Savannah%20GA","pilot-2026-09-25-2k"
"Primrose Behavioral Health","https://www.primroseabaco.com","Lakewood","CO","1","Bryan Barba","Owner & Clinical Supervisor, BCBA","owner","bbarba@primroseabaco.com","https://www.linkedin.com/in/bryan-barba-primroseaba","linkedin_sales_nav","https://www.google.com/maps/search/Primrose%20Behavioral%20Health%20Lakewood%20CO","pilot-2026-09-25-2k"
"Prism Therapy Associates","https://www.prismautismva.org","Alexandria","VA","2","Caleb Barbee","CEO & Managing Partner, BCBA","ceo","caleb@prismautismva.org","https://www.linkedin.com/in/caleb-barbee-prismaba","state_directory","https://www.google.com/maps/search/Prism%20Therapy%20Associates%20Alexandria%20VA","pilot-2026-09-25-2k"
"Progress Developmental Clinic","https://www.progressbehavioralmd.com","Annapolis","MD","3","Cameron Barber","Executive Clinical Director & Partner, BCBA","exec_director","cameron.barber@progressbehavioralmd.com","https://www.linkedin.com/in/cameron-barber-progressaba","aba_index","https://www.google.com/maps/search/Progress%20Developmental%20Clinic%20Annapolis%20MD","pilot-2026-09-25-2k"
"Promise ABA Services","https://www.promisecareil.com","Peoria","IL","4","Camila Barker","Founder & President, BCBA, LBA","founder","cbarker@promisecareil.com","https://www.linkedin.com/in/camila-barker-promiseaba","google_maps","https://www.google.com/maps/search/Promise%20ABA%20Services%20Peoria%20IL","pilot-2026-09-25-2k"
"Prosper Autism & Behavioral Clinic","https://www.prosperabaut.com","South Jordan","UT","1","Carla Barkley","Owner & Director of Applied Behavior Analysis","owner","carla@prosperabaut.com","https://www.linkedin.com/in/carla-barkley-prosperaba","apollo","https://www.google.com/maps/search/Prosper%20Autism%20%26%20Behavioral%20Clinic%20South%20Jordan%20UT","pilot-2026-09-25-2k"
"Proximity Child Development Center","https://www.proximityautismnj.net","Clifton","NJ","2","Carlos Barnes","Founder & Clinical Director, BCBA-D","founder","carlos.barnes@proximityautismnj.net","https://www.linkedin.com/in/carlos-barnes-proximityaba","linkedin_sales_nav","https://www.google.com/maps/search/Proximity%20Child%20Development%20Center%20Clifton%20NJ","pilot-2026-09-25-2k"
"Purpose Behavior Analysis Partners","https://www.purposebehavioraltx.org","San Marcos","TX","3","Caroline Barnett","Co-Founder & Executive Director, MS, BCBA","founder","cbarnett@purposebehavioraltx.org","https://www.linkedin.com/in/caroline-barnett-purposeaba","state_directory","https://www.google.com/maps/search/Purpose%20Behavior%20Analysis%20Partners%20San%20Marcos%20TX","pilot-2026-09-25-2k"
"Quest Behavioral Care","https://www.questcarefl.com","Apopka","FL","4","Carolyn Barr","Owner & Clinical Supervisor, BCBA","owner","carolyn@questcarefl.com","https://www.linkedin.com/in/carolyn-barr-questaba","aba_index","https://www.google.com/maps/search/Quest%20Behavioral%20Care%20Apopka%20FL","pilot-2026-09-25-2k"
"Radiance Autism Horizons","https://www.radianceabaca.com","Concord","CA","1","Carson Barrera","CEO & Managing Partner, BCBA","ceo","carson.barrera@radianceabaca.com","https://www.linkedin.com/in/carson-barrera-radianceaba","google_maps","https://www.google.com/maps/search/Radiance%20Autism%20Horizons%20Concord%20CA","pilot-2026-09-25-2k"
"Radiant Therapy & Learning Center","https://www.radiantautismnc.com","High Point","NC","2","Carter Barrett","Executive Clinical Director & Partner, BCBA","exec_director","cbarrett@radiantautismnc.com","https://www.linkedin.com/in/carter-barrett-radiantaba","apollo","https://www.google.com/maps/search/Radiant%20Therapy%20%26%20Learning%20Center%20High%20Point%20NC","pilot-2026-09-25-2k"
"Rainbow Behavioral Interventions","https://www.rainbowbehavioralga.com","Dunwoody","GA","3","Cassandra Barron","Founder & President, BCBA, LBA","founder","cassandra@rainbowbehavioralga.com","https://www.linkedin.com/in/cassandra-barron-rainbowaba","linkedin_sales_nav","https://www.google.com/maps/search/Rainbow%20Behavioral%20Interventions%20Dunwoody%20GA","pilot-2026-09-25-2k"
"Reach Autism Clinic","https://www.reachcareco.org","Grand Junction","CO","4","Catherine Barry","Owner & Director of Applied Behavior Analysis","owner","catherine.barry@reachcareco.org","https://www.linkedin.com/in/catherine-barry-reachaba","state_directory","https://www.google.com/maps/search/Reach%20Autism%20Clinic%20Grand%20Junction%20CO","pilot-2026-09-25-2k"
"Realm ABA Center","https://www.realmabava.net","Blacksburg","VA","1","Cecilia Bartlett","Founder & Clinical Director, BCBA-D","founder","cbartlett@realmabava.net","https://www.linkedin.com/in/cecilia-bartlett-realmaba","aba_index","https://www.google.com/maps/search/Realm%20ABA%20Center%20Blacksburg%20VA","pilot-2026-09-25-2k"
"Redwood Behavioral Health Network","https://www.redwoodautismmd.com","College Park","MD","2","Chad Barton","Co-Founder & Executive Director, MS, BCBA","founder","chad@redwoodautismmd.com","https://www.linkedin.com/in/chad-barton-redwoodaba","google_maps","https://www.google.com/maps/search/Redwood%20Behavioral%20Health%20Network%20College%20Park%20MD","pilot-2026-09-25-2k"
"Refuge Autism Group","https://www.refugebehavioralil.com","Skokie","IL","3","Charles Bass","Owner & Clinical Supervisor, BCBA","owner","charles.bass@refugebehavioralil.com","https://www.linkedin.com/in/charles-bass-refugeaba","apollo","https://www.google.com/maps/search/Refuge%20Autism%20Group%20Skokie%20IL","pilot-2026-09-25-2k"
"Regal Applied Behavior Specialists","https://www.regalcareut.com","Pleasant Grove","UT","4","Charlotte Batchelor","CEO & Managing Partner, BCBA","ceo","cbatchelor@regalcareut.com","https://www.linkedin.com/in/charlotte-batchelor-regalaba","linkedin_sales_nav","https://www.google.com/maps/search/Regal%20Applied%20Behavior%20Specialists%20Pleasant%20Grove%20UT","pilot-2026-09-25-2k"
"Reliant Therapy Partners","https://www.reliantabanj.org","Newark","NJ","1","Chase Bateman","Executive Clinical Director & Partner, BCBA","exec_director","chase@reliantabanj.org","https://www.linkedin.com/in/chase-bateman-reliantaba","state_directory","https://www.google.com/maps/search/Reliant%20Therapy%20Partners%20Newark%20NJ","pilot-2026-09-25-2k"
"Renaissance Pediatric Autism Services","https://www.renaissanceautismtx.com","Dallas","TX","2","Chelsea Bates","Founder & President, BCBA, LBA","founder","chelsea.bates@renaissanceautismtx.com","https://www.linkedin.com/in/chelsea-bates-renaissanceaba","aba_index","https://www.google.com/maps/search/Renaissance%20Pediatric%20Autism%20Services%20Dallas%20TX","pilot-2026-09-25-2k"
"Renew Behavioral Care Center","https://www.renewbehavioralfl.com","Tampa","FL","3","Cheyenne Batista","Owner & Director of Applied Behavior Analysis","owner","cbatista@renewbehavioralfl.com","https://www.linkedin.com/in/cheyenne-batista-renewaba","google_maps","https://www.google.com/maps/search/Renew%20Behavioral%20Care%20Center%20Tampa%20FL","pilot-2026-09-25-2k"
"Renewal Autism & Learning Institute","https://www.renewalcareca.net","Sacramento","CA","4","Chloe Bauer","Founder & Clinical Director, BCBA-D","founder","chloe@renewalcareca.net","https://www.linkedin.com/in/chloe-bauer-renewalaba","apollo","https://www.google.com/maps/search/Renewal%20Autism%20%26%20Learning%20Institute%20Sacramento%20CA","pilot-2026-09-25-2k"
"Resilience Developmental Solutions","https://www.resilienceabanc.com","Garner","NC","1","Christian Baughman","Co-Founder & Executive Director, MS, BCBA","founder","christian.baughman@resilienceabanc.com","https://www.linkedin.com/in/christian-baughman-resilienceaba","linkedin_sales_nav","https://www.google.com/maps/search/Resilience%20Developmental%20Solutions%20Garner%20NC","pilot-2026-09-25-2k"
"Resolution Behavioral Therapy Center","https://www.resolutionautismga.org","Suwanee","GA","2","Christina Bauman","Owner & Clinical Supervisor, BCBA","owner","cbauman@resolutionautismga.org","https://www.linkedin.com/in/christina-bauman-resolutionaba","state_directory","https://www.google.com/maps/search/Resolution%20Behavioral%20Therapy%20Center%20Suwanee%20GA","pilot-2026-09-25-2k"
"Resonance Autism Discovery Center","https://www.resonancebehavioralco.com","Thornton","CO","3","Christine Baxter","CEO & Managing Partner, BCBA","ceo","christine@resonancebehavioralco.com","https://www.linkedin.com/in/christine-baxter-resonanceaba","aba_index","https://www.google.com/maps/search/Resonance%20Autism%20Discovery%20Center%20Thornton%20CO","pilot-2026-09-25-2k"
"Rialto Behavioral Foundations","https://www.rialtocareva.com","Fairfax","VA","4","Christopher Beach","Executive Clinical Director & Partner, BCBA","exec_director","christopher.beach@rialtocareva.com","https://www.linkedin.com/in/christopher-beach-rialtoaba","google_maps","https://www.google.com/maps/search/Rialto%20Behavioral%20Foundations%20Fairfax%20VA","pilot-2026-09-25-2k"
"Ridge Therapeutic Solutions","https://www.ridgeabamd.com","Columbia","MD","1","Claire Beal","Founder & President, BCBA, LBA","founder","cbeal@ridgeabamd.com","https://www.linkedin.com/in/claire-beal-ridgeaba","apollo","https://www.google.com/maps/search/Ridge%20Therapeutic%20Solutions%20Columbia%20MD","pilot-2026-09-25-2k"
"Ridgeway ABA Collective","https://www.ridgewayautismil.com","Springfield","IL","2","Clara Beam","Owner & Director of Applied Behavior Analysis","owner","clara@ridgewayautismil.com","https://www.linkedin.com/in/clara-beam-ridgewayaba","linkedin_sales_nav","https://www.google.com/maps/search/Ridgeway%20ABA%20Collective%20Springfield%20IL","pilot-2026-09-25-2k"
"Rise Autism Center","https://www.risebehavioralut.org","Millcreek","UT","3","Clayton Bean","Founder & Clinical Director, BCBA-D","founder","clayton.bean@risebehavioralut.org","https://www.linkedin.com/in/clayton-bean-riseaba","state_directory","https://www.google.com/maps/search/Rise%20Autism%20Center%20Millcreek%20UT","pilot-2026-09-25-2k"
"Rising Sun ABA Therapy Group","https://www.risingsuncarenj.com","Passaic","NJ","4","Cole Beard","Co-Founder & Executive Director, MS, BCBA","founder","cbeard@risingsuncarenj.com","https://www.linkedin.com/in/cole-beard-risingsunaba","aba_index","https://www.google.com/maps/search/Rising%20Sun%20ABA%20Therapy%20Group%20Passaic%20NJ","pilot-2026-09-25-2k"
"River Behavioral Solutions","https://www.riverabatx.com","Lubbock","TX","1","Colin Beasley","Owner & Clinical Supervisor, BCBA","owner","colin@riverabatx.com","https://www.linkedin.com/in/colin-beasley-riveraba","google_maps","https://www.google.com/maps/search/River%20Behavioral%20Solutions%20Lubbock%20TX","pilot-2026-09-25-2k"
"Riverbend Autism Services","https://www.riverbendautismfl.com","West Palm Beach","FL","2","Colleen Beatty","CEO & Managing Partner, BCBA","ceo","colleen.beatty@riverbendautismfl.com","https://www.linkedin.com/in/colleen-beatty-riverbendaba","apollo","https://www.google.com/maps/search/Riverbend%20Autism%20Services%20West%20Palm%20Beach%20FL","pilot-2026-09-25-2k"
"Riverstone Behavioral Health","https://www.riverstonebehavioralca.com","Fremont","CA","3","Connor Beauchamp","Executive Clinical Director & Partner, BCBA","exec_director","cbeauchamp@riverstonebehavioralca.com","https://www.linkedin.com/in/connor-beauchamp-riverstoneaba","linkedin_sales_nav","https://www.google.com/maps/search/Riverstone%20Behavioral%20Health%20Fremont%20CA","pilot-2026-09-25-2k"
"Roanoke Therapy Associates","https://www.roanokecarenc.org","Fayetteville","NC","4","Cora Beaver","Founder & President, BCBA, LBA","founder","cora@roanokecarenc.org","https://www.linkedin.com/in/cora-beaver-roanokeaba","state_directory","https://www.google.com/maps/search/Roanoke%20Therapy%20Associates%20Fayetteville%20NC","pilot-2026-09-25-2k"
"Rockford Developmental Clinic","https://www.rockfordabaga.com","Roswell","GA","1","Corey Beck","Owner & Director of Applied Behavior Analysis","owner","corey.beck@rockfordabaga.com","https://www.linkedin.com/in/corey-beck-rockfordaba","aba_index","https://www.google.com/maps/search/Rockford%20Developmental%20Clinic%20Roswell%20GA","pilot-2026-09-25-2k"
"Roots ABA Services","https://www.rootsautismco.net","Parker","CO","2","Courtney Becker","Founder & Clinical Director, BCBA-D","founder","cbecker@rootsautismco.net","https://www.linkedin.com/in/courtney-becker-rootsaba","google_maps","https://www.google.com/maps/search/Roots%20ABA%20Services%20Parker%20CO","pilot-2026-09-25-2k"
"Roswell Autism & Behavioral Clinic","https://www.roswellbehavioralva.com","Winchester","VA","3","Craig Beckett","Co-Founder & Executive Director, MS, BCBA","founder","craig@roswellbehavioralva.com","https://www.linkedin.com/in/craig-beckett-roswellaba","apollo","https://www.google.com/maps/search/Roswell%20Autism%20%26%20Behavioral%20Clinic%20Winchester%20VA","pilot-2026-09-25-2k"
"Safe Harbor Child Development Center","https://www.safeharborcaremd.com","Hagerstown","MD","4","Crystal Beckman","Owner & Clinical Supervisor, BCBA","owner","crystal.beckman@safeharborcaremd.com","https://www.linkedin.com/in/crystal-beckman-safeharboraba","linkedin_sales_nav","https://www.google.com/maps/search/Safe%20Harbor%20Child%20Development%20Center%20Hagerstown%20MD","pilot-2026-09-25-2k"
"Safe Haven Behavior Analysis Partners","https://www.safehavenabail.org","Chicago","IL","1","Curtis Bedford","CEO & Managing Partner, BCBA","ceo","cbedford@safehavenabail.org","https://www.linkedin.com/in/curtis-bedford-safehavenaba","state_directory","https://www.google.com/maps/search/Safe%20Haven%20Behavior%20Analysis%20Partners%20Chicago%20IL","pilot-2026-09-25-2k"
"Saddleback Behavioral Care","https://www.saddlebackautismut.com","Provo","UT","2","Cynthia Beebe","Executive Clinical Director & Partner, BCBA","exec_director","cynthia@saddlebackautismut.com","https://www.linkedin.com/in/cynthia-beebe-saddlebackaba","aba_index","https://www.google.com/maps/search/Saddleback%20Behavioral%20Care%20Provo%20UT","pilot-2026-09-25-2k"
"Sage Autism Horizons","https://www.sagebehavioralnj.com","Paterson","NJ","3","Daisy Beeler","Founder & President, BCBA, LBA","founder","daisy.beeler@sagebehavioralnj.com","https://www.linkedin.com/in/daisy-beeler-sageaba","google_maps","https://www.google.com/maps/search/Sage%20Autism%20Horizons%20Paterson%20NJ","pilot-2026-09-25-2k"
"Sanctuary Therapy & Learning Center","https://www.sanctuarycaretx.com","Conroe","TX","4","Dale Begay","Owner & Director of Applied Behavior Analysis","owner","dbegay@sanctuarycaretx.com","https://www.linkedin.com/in/dale-begay-sanctuaryaba","apollo","https://www.google.com/maps/search/Sanctuary%20Therapy%20%26%20Learning%20Center%20Conroe%20TX","pilot-2026-09-25-2k"
"Sapphire Behavioral Interventions","https://www.sapphireabafl.net","Fort Myers","FL","1","Dallas Belcher","Founder & Clinical Director, BCBA-D","founder","dallas@sapphireabafl.net","https://www.linkedin.com/in/dallas-belcher-sapphireaba","linkedin_sales_nav","https://www.google.com/maps/search/Sapphire%20Behavioral%20Interventions%20Fort%20Myers%20FL","pilot-2026-09-25-2k"
"Scaffold Autism Clinic","https://www.scaffoldautismca.org","Hayward","CA","2","Dalton Bell","Co-Founder & Executive Director, MS, BCBA","founder","dalton.bell@scaffoldautismca.org","https://www.linkedin.com/in/dalton-bell-scaffoldaba","state_directory","https://www.google.com/maps/search/Scaffold%20Autism%20Clinic%20Hayward%20CA","pilot-2026-09-25-2k"
"Scholar ABA Center","https://www.scholarbehavioralnc.com","Kannapolis","NC","3","Damian Bellamy","Owner & Clinical Supervisor, BCBA","owner","dbellamy@scholarbehavioralnc.com","https://www.linkedin.com/in/damian-bellamy-scholaraba","aba_index","https://www.google.com/maps/search/Scholar%20ABA%20Center%20Kannapolis%20NC","pilot-2026-09-25-2k"
"Scope Behavioral Health Network","https://www.scopecarega.com","Newnan","GA","4","Daniel Bellinger","CEO & Managing Partner, BCBA","ceo","daniel@scopecarega.com","https://www.linkedin.com/in/daniel-bellinger-scopeaba","google_maps","https://www.google.com/maps/search/Scope%20Behavioral%20Health%20Network%20Newnan%20GA","pilot-2026-09-25-2k"
"Sequoia Autism Group","https://www.sequoiaabaco.com","Centennial","CO","1","Danielle Beltran","Executive Clinical Director & Partner, BCBA","exec_director","danielle.beltran@sequoiaabaco.com","https://www.linkedin.com/in/danielle-beltran-sequoiaaba","apollo","https://www.google.com/maps/search/Sequoia%20Autism%20Group%20Centennial%20CO","pilot-2026-09-25-2k"
"Serenity Applied Behavior Specialists","https://www.serenityautismva.com","McLean","VA","2","Danny Bender","Founder & President, BCBA, LBA","founder","dbender@serenityautismva.com","https://www.linkedin.com/in/danny-bender-serenityaba","linkedin_sales_nav","https://www.google.com/maps/search/Serenity%20Applied%20Behavior%20Specialists%20McLean%20VA","pilot-2026-09-25-2k"
"Shelter Therapy Partners","https://www.shelterbehavioralmd.org","Germantown","MD","3","Daphne Benedict","Owner & Director of Applied Behavior Analysis","owner","daphne@shelterbehavioralmd.org","https://www.linkedin.com/in/daphne-benedict-shelteraba","state_directory","https://www.google.com/maps/search/Shelter%20Therapy%20Partners%20Germantown%20MD","pilot-2026-09-25-2k"
"Shield Pediatric Autism Services","https://www.shieldcareil.net","Cicero","IL","4","Darlene Benitez","Founder & Clinical Director, BCBA-D","founder","darlene.benitez@shieldcareil.net","https://www.linkedin.com/in/darlene-benitez-shieldaba","aba_index","https://www.google.com/maps/search/Shield%20Pediatric%20Autism%20Services%20Cicero%20IL","pilot-2026-09-25-2k"
"Shine Behavioral Care Center","https://www.shineabaut.com","Logan","UT","1","Darren Benjamin","Co-Founder & Executive Director, MS, BCBA","founder","dbenjamin@shineabaut.com","https://www.linkedin.com/in/darren-benjamin-shineaba","google_maps","https://www.google.com/maps/search/Shine%20Behavioral%20Care%20Center%20Logan%20UT","pilot-2026-09-25-2k"
"Signal Autism & Learning Institute","https://www.signalautismnj.com","Bayonne","NJ","2","David Bennett","Owner & Clinical Supervisor, BCBA","owner","david@signalautismnj.com","https://www.linkedin.com/in/david-bennett-signalaba","apollo","https://www.google.com/maps/search/Signal%20Autism%20%26%20Learning%20Institute%20Bayonne%20NJ","pilot-2026-09-25-2k"
"Silhouette Developmental Solutions","https://www.silhouettebehavioraltx.com","Odessa","TX","3","Dawn Benoit","CEO & Managing Partner, BCBA","ceo","dawn.benoit@silhouettebehavioraltx.com","https://www.linkedin.com/in/dawn-benoit-silhouetteaba","linkedin_sales_nav","https://www.google.com/maps/search/Silhouette%20Developmental%20Solutions%20Odessa%20TX","pilot-2026-09-25-2k"
"Silver Lining Behavioral Therapy Center","https://www.silverliningcarefl.org","Altamonte Springs","FL","4","Dean Benson","Executive Clinical Director & Partner, BCBA","exec_director","dbenson@silverliningcarefl.org","https://www.linkedin.com/in/dean-benson-silverliningaba","state_directory","https://www.google.com/maps/search/Silver%20Lining%20Behavioral%20Therapy%20Center%20Altamonte%20Springs%20FL","pilot-2026-09-25-2k"
"Skyline Autism Discovery Center","https://www.skylineabaca.com","Clovis","CA","1","Deanna Bentley","Founder & President, BCBA, LBA","founder","deanna@skylineabaca.com","https://www.linkedin.com/in/deanna-bentley-skylineaba","aba_index","https://www.google.com/maps/search/Skyline%20Autism%20Discovery%20Center%20Clovis%20CA","pilot-2026-09-25-2k"
"Skyward Behavioral Foundations","https://www.skywardautismnc.com","Statesville","NC","2","Deborah Benton","Owner & Director of Applied Behavior Analysis","owner","deborah.benton@skywardautismnc.com","https://www.linkedin.com/in/deborah-benton-skywardaba","google_maps","https://www.google.com/maps/search/Skyward%20Behavioral%20Foundations%20Statesville%20NC","pilot-2026-09-25-2k"
"Smart Start Therapeutic Solutions","https://www.smartstartbehavioralga.net","Stockbridge","GA","3","Debra Berg","Founder & Clinical Director, BCBA-D","founder","dberg@smartstartbehavioralga.net","https://www.linkedin.com/in/debra-berg-smartstartaba","apollo","https://www.google.com/maps/search/Smart%20Start%20Therapeutic%20Solutions%20Stockbridge%20GA","pilot-2026-09-25-2k"
"Soar ABA Collective","https://www.soarcareco.com","Brighton","CO","4","Declan Berger","Co-Founder & Executive Director, MS, BCBA","founder","declan@soarcareco.com","https://www.linkedin.com/in/declan-berger-soaraba","linkedin_sales_nav","https://www.google.com/maps/search/Soar%20ABA%20Collective%20Brighton%20CO","pilot-2026-09-25-2k"
"Solace Autism Center","https://www.solaceabava.org","Richmond","VA","1","Delilah Bergman","Owner & Clinical Supervisor, BCBA","owner","delilah.bergman@solaceabava.org","https://www.linkedin.com/in/delilah-bergman-solaceaba","state_directory","https://www.google.com/maps/search/Solace%20Autism%20Center%20Richmond%20VA","pilot-2026-09-25-2k"
"Solidarity ABA Therapy Group","https://www.solidarityautismmd.com","Rockville","MD","2","Derek Bernal","CEO & Managing Partner, BCBA","ceo","dbernal@solidarityautismmd.com","https://www.linkedin.com/in/derek-bernal-solidarityaba","aba_index","https://www.google.com/maps/search/Solidarity%20ABA%20Therapy%20Group%20Rockville%20MD","pilot-2026-09-25-2k"
"Sonata Behavioral Solutions","https://www.sonatabehavioralil.com","Aurora","IL","3","Desiree Bernard","Executive Clinical Director & Partner, BCBA","exec_director","desiree@sonatabehavioralil.com","https://www.linkedin.com/in/desiree-bernard-sonataaba","google_maps","https://www.google.com/maps/search/Sonata%20Behavioral%20Solutions%20Aurora%20IL","pilot-2026-09-25-2k"
"Sound Autism Services","https://www.soundcareut.com","Orem","UT","4","Destiny Berry","Founder & President, BCBA, LBA","founder","destiny.berry@soundcareut.com","https://www.linkedin.com/in/destiny-berry-soundaba","apollo","https://www.google.com/maps/search/Sound%20Autism%20Services%20Orem%20UT","pilot-2026-09-25-2k"
"Southern Cross Behavioral Health","https://www.southerncrossabanj.com","Edison","NJ","1","Devin Berryman","Owner & Director of Applied Behavior Analysis","owner","dberryman@southerncrossabanj.com","https://www.linkedin.com/in/devin-berryman-southerncrossaba","linkedin_sales_nav","https://www.google.com/maps/search/Southern%20Cross%20Behavioral%20Health%20Edison%20NJ","pilot-2026-09-25-2k"
"Spark Therapy Associates","https://www.sparkautismtx.org","Plano","TX","2","Diana Bertram","Founder & Clinical Director, BCBA-D","founder","diana@sparkautismtx.org","https://www.linkedin.com/in/diana-bertram-sparkaba","state_directory","https://www.google.com/maps/search/Spark%20Therapy%20Associates%20Plano%20TX","pilot-2026-09-25-2k"
"Spectrum Developmental Clinic","https://www.spectrumbehavioralfl.com","Boca Raton","FL","3","Dominic Best","Co-Founder & Executive Director, MS, BCBA","founder","dominic.best@spectrumbehavioralfl.com","https://www.linkedin.com/in/dominic-best-spectrumaba","aba_index","https://www.google.com/maps/search/Spectrum%20Developmental%20Clinic%20Boca%20Raton%20FL","pilot-2026-09-25-2k"
"Sphere ABA Services","https://www.spherecareca.com","Bakersfield","CA","4","Donald Betancourt","Owner & Clinical Supervisor, BCBA","owner","dbetancourt@spherecareca.com","https://www.linkedin.com/in/donald-betancourt-sphereaba","google_maps","https://www.google.com/maps/search/Sphere%20ABA%20Services%20Bakersfield%20CA","pilot-2026-09-25-2k"
"Spire Autism & Behavioral Clinic","https://www.spireabanc.com","Asheville","NC","1","Donna Betts","CEO & Managing Partner, BCBA","ceo","donna@spireabanc.com","https://www.linkedin.com/in/donna-betts-spireaba","apollo","https://www.google.com/maps/search/Spire%20Autism%20%26%20Behavioral%20Clinic%20Asheville%20NC","pilot-2026-09-25-2k"
"Spotlight Child Development Center","https://www.spotlightautismga.com","Marietta","GA","2","Dora Bevan","Executive Clinical Director & Partner, BCBA","exec_director","dora.bevan@spotlightautismga.com","https://www.linkedin.com/in/dora-bevan-spotlightaba","linkedin_sales_nav","https://www.google.com/maps/search/Spotlight%20Child%20Development%20Center%20Marietta%20GA","pilot-2026-09-25-2k"
"Springboard Behavior Analysis Partners","https://www.springboardbehavioralco.org","Greeley","CO","3","Douglas Beverly","Founder & President, BCBA, LBA","founder","dbeverly@springboardbehavioralco.org","https://www.linkedin.com/in/douglas-beverly-springboardaba","state_directory","https://www.google.com/maps/search/Springboard%20Behavior%20Analysis%20Partners%20Greeley%20CO","pilot-2026-09-25-2k"
"Sprout Behavioral Care","https://www.sproutcareva.com","Newport News","VA","4","Drew Beyer","Owner & Director of Applied Behavior Analysis","owner","drew@sproutcareva.com","https://www.linkedin.com/in/drew-beyer-sproutaba","aba_index","https://www.google.com/maps/search/Sprout%20Behavioral%20Care%20Newport%20News%20VA","pilot-2026-09-25-2k"
"Starling Autism Horizons","https://www.starlingabamd.net","Ellicott City","MD","1","Dustin Bibb","Founder & Clinical Director, BCBA-D","founder","dustin.bibb@starlingabamd.net","https://www.linkedin.com/in/dustin-bibb-starlingaba","google_maps","https://www.google.com/maps/search/Starling%20Autism%20Horizons%20Ellicott%20City%20MD","pilot-2026-09-25-2k"
"Steadfast Therapy & Learning Center","https://www.steadfastautismil.com","Bloomington","IL","2","Dylan Bickford","Co-Founder & Executive Director, MS, BCBA","founder","dbickford@steadfastautismil.com","https://www.linkedin.com/in/dylan-bickford-steadfastaba","apollo","https://www.google.com/maps/search/Steadfast%20Therapy%20%26%20Learning%20Center%20Bloomington%20IL","pilot-2026-09-25-2k"
"Starlight Behavioral Interventions","https://www.starlightbehavioralut.com","Draper","UT","3","Easton Biddle","Owner & Clinical Supervisor, BCBA","owner","easton@starlightbehavioralut.com","https://www.linkedin.com/in/easton-biddle-starlightaba","linkedin_sales_nav","https://www.google.com/maps/search/Starlight%20Behavioral%20Interventions%20Draper%20UT","pilot-2026-09-25-2k"
"Step Ahead Autism Clinic","https://www.stepaheadcarenj.org","Vineland","NJ","4","Eddie Bigelow","CEO & Managing Partner, BCBA","ceo","eddie.bigelow@stepaheadcarenj.org","https://www.linkedin.com/in/eddie-bigelow-stepaheadaba","state_directory","https://www.google.com/maps/search/Step%20Ahead%20Autism%20Clinic%20Vineland%20NJ","pilot-2026-09-25-2k"
"Step By Step ABA Center","https://www.stepbystepabatx.com","Tyler","TX","1","Eden Biggs","Executive Clinical Director & Partner, BCBA","exec_director","ebiggs@stepbystepabatx.com","https://www.linkedin.com/in/eden-biggs-stepbystepaba","aba_index","https://www.google.com/maps/search/Step%20By%20Step%20ABA%20Center%20Tyler%20TX","pilot-2026-09-25-2k"
"Stepping Stone Behavioral Health Network","https://www.steppingstoneautismfl.com","Kissimmee","FL","2","Edward Abbott","Founder & President, BCBA, LBA","founder","edward@steppingstoneautismfl.com","https://www.linkedin.com/in/edward-abbott-steppingstoneaba","google_maps","https://www.google.com/maps/search/Stepping%20Stone%20Behavioral%20Health%20Network%20Kissimmee%20FL","pilot-2026-09-25-2k"
"Steps Autism Group","https://www.stepsbehavioralca.com","Huntington Beach","CA","3","Edwin Abernathy","Owner & Director of Applied Behavior Analysis","owner","edwin.abernathy@stepsbehavioralca.com","https://www.linkedin.com/in/edwin-abernathy-stepsaba","apollo","https://www.google.com/maps/search/Steps%20Autism%20Group%20Huntington%20Beach%20CA","pilot-2026-09-25-2k"
"Sterling Applied Behavior Specialists","https://www.sterlingcarenc.net","Wake Forest","NC","4","Elaine Acevedo","Founder & Clinical Director, BCBA-D","founder","eacevedo@sterlingcarenc.net","https://www.linkedin.com/in/elaine-acevedo-sterlingaba","linkedin_sales_nav","https://www.google.com/maps/search/Sterling%20Applied%20Behavior%20Specialists%20Wake%20Forest%20NC","pilot-2026-09-25-2k"
"Stonegate Therapy Partners","https://www.stonegateabaga.org","Douglasville","GA","1","Eleanor Acosta","Co-Founder & Executive Director, MS, BCBA","founder","eleanor@stonegateabaga.org","https://www.linkedin.com/in/eleanor-acosta-stonegateaba","state_directory","https://www.google.com/maps/search/Stonegate%20Therapy%20Partners%20Douglasville%20GA","pilot-2026-09-25-2k"
"Storybook Pediatric Autism Services","https://www.storybookautismco.com","Colorado Springs","CO","2","Eli Adair","Owner & Clinical Supervisor, BCBA","owner","eli.adair@storybookautismco.com","https://www.linkedin.com/in/eli-adair-storybookaba","aba_index","https://www.google.com/maps/search/Storybook%20Pediatric%20Autism%20Services%20Colorado%20Springs%20CO","pilot-2026-09-25-2k"
"Strides Behavioral Care Center","https://www.stridesbehavioralva.com","Norfolk","VA","3","Elias Adkins","CEO & Managing Partner, BCBA","ceo","eadkins@stridesbehavioralva.com","https://www.linkedin.com/in/elias-adkins-stridesaba","google_maps","https://www.google.com/maps/search/Strides%20Behavioral%20Care%20Center%20Norfolk%20VA","pilot-2026-09-25-2k"
"Sublime Autism & Learning Institute","https://www.sublimecaremd.com","Silver Spring","MD","4","Elijah Aguilar","Executive Clinical Director & Partner, BCBA","exec_director","elijah@sublimecaremd.com","https://www.linkedin.com/in/elijah-aguilar-sublimeaba","apollo","https://www.google.com/maps/search/Sublime%20Autism%20%26%20Learning%20Institute%20Silver%20Spring%20MD","pilot-2026-09-25-2k"
"Success Developmental Solutions","https://www.successabail.com","Joliet","IL","1","Elise Aguirre","Founder & President, BCBA, LBA","founder","elise.aguirre@successabail.com","https://www.linkedin.com/in/elise-aguirre-successaba","linkedin_sales_nav","https://www.google.com/maps/search/Success%20Developmental%20Solutions%20Joliet%20IL","pilot-2026-09-25-2k"
"Summit Behavioral Therapy Center","https://www.summitautismut.org","Ogden","UT","2","Elizabeth Albert","Owner & Director of Applied Behavior Analysis","owner","ealbert@summitautismut.org","https://www.linkedin.com/in/elizabeth-albert-summitaba","state_directory","https://www.google.com/maps/search/Summit%20Behavioral%20Therapy%20Center%20Ogden%20UT","pilot-2026-09-25-2k"
"Sunburst Autism Discovery Center","https://www.sunburstbehavioralnj.net","Princeton","NJ","3","Ella Albrecht","Founder & Clinical Director, BCBA-D","founder","ella@sunburstbehavioralnj.net","https://www.linkedin.com/in/ella-albrecht-sunburstaba","aba_index","https://www.google.com/maps/search/Sunburst%20Autism%20Discovery%20Center%20Princeton%20NJ","pilot-2026-09-25-2k"
"Sunlight Behavioral Foundations","https://www.sunlightcaretx.com","Rowlett","TX","4","Ellen Alcorn","Co-Founder & Executive Director, MS, BCBA","founder","ellen.alcorn@sunlightcaretx.com","https://www.linkedin.com/in/ellen-alcorn-sunlightaba","google_maps","https://www.google.com/maps/search/Sunlight%20Behavioral%20Foundations%20Rowlett%20TX","pilot-2026-09-25-2k"
"Sunny Days Therapeutic Solutions","https://www.sunnydaysabafl.com","Homestead","FL","1","Ellie Aldridge","Owner & Clinical Supervisor, BCBA","owner","ealdridge@sunnydaysabafl.com","https://www.linkedin.com/in/ellie-aldridge-sunnydaysaba","apollo","https://www.google.com/maps/search/Sunny%20Days%20Therapeutic%20Solutions%20Homestead%20FL","pilot-2026-09-25-2k"
"Sunrise ABA Collective","https://www.sunriseautismca.com","Orange","CA","2","Elliott Alford","CEO & Managing Partner, BCBA","ceo","elliott@sunriseautismca.com","https://www.linkedin.com/in/elliott-alford-sunriseaba","linkedin_sales_nav","https://www.google.com/maps/search/Sunrise%20ABA%20Collective%20Orange%20CA","pilot-2026-09-25-2k"
"Sunset Autism Center","https://www.sunsetbehavioralnc.org","Charlotte","NC","3","Aaron Allan","Executive Clinical Director & Partner, BCBA","exec_director","aaron.allan@sunsetbehavioralnc.org","https://www.linkedin.com/in/aaron-allan-sunsetaba","state_directory","https://www.google.com/maps/search/Sunset%20Autism%20Center%20Charlotte%20NC","pilot-2026-09-25-2k"
"Sunstone ABA Therapy Group","https://www.sunstonecarega.com","Augusta","GA","4","Abigail Alston","Founder & President, BCBA, LBA","founder","aalston@sunstonecarega.com","https://www.linkedin.com/in/abigail-alston-sunstoneaba","aba_index","https://www.google.com/maps/search/Sunstone%20ABA%20Therapy%20Group%20Augusta%20GA","pilot-2026-09-25-2k"
"Surge Behavioral Solutions","https://www.surgeabaco.com","Loveland","CO","1","Adam Alvarado","Owner & Director of Applied Behavior Analysis","owner","adam@surgeabaco.com","https://www.linkedin.com/in/adam-alvarado-surgeaba","google_maps","https://www.google.com/maps/search/Surge%20Behavioral%20Solutions%20Loveland%20CO","pilot-2026-09-25-2k"
"Symphony Autism Services","https://www.symphonyautismva.net","Lynchburg","VA","2","Adrian Alvarez","Founder & Clinical Director, BCBA-D","founder","adrian.alvarez@symphonyautismva.net","https://www.linkedin.com/in/adrian-alvarez-symphonyaba","apollo","https://www.google.com/maps/search/Symphony%20Autism%20Services%20Lynchburg%20VA","pilot-2026-09-25-2k"
"Synergy Behavioral Health","https://www.synergybehavioralmd.com","Dundalk","MD","3","Aiden Amato","Co-Founder & Executive Director, MS, BCBA","founder","aamato@synergybehavioralmd.com","https://www.linkedin.com/in/aiden-amato-synergyaba","linkedin_sales_nav","https://www.google.com/maps/search/Synergy%20Behavioral%20Health%20Dundalk%20MD","pilot-2026-09-25-2k"
"Talent Therapy Associates","https://www.talentcareil.org","Bolingbrook","IL","4","Alex Ambrose","Owner & Clinical Supervisor, BCBA","owner","alex@talentcareil.org","https://www.linkedin.com/in/alex-ambrose-talentaba","state_directory","https://www.google.com/maps/search/Talent%20Therapy%20Associates%20Bolingbrook%20IL","pilot-2026-09-25-2k"
"Threshold Developmental Clinic","https://www.thresholdabaut.com","Riverton","UT","1","Alexander Ames","CEO & Managing Partner, BCBA","ceo","alexander.ames@thresholdabaut.com","https://www.linkedin.com/in/alexander-ames-thresholdaba","aba_index","https://www.google.com/maps/search/Threshold%20Developmental%20Clinic%20Riverton%20UT","pilot-2026-09-25-2k"
"Thrive ABA Services","https://www.thriveautismnj.com","Hoboken","NJ","2","Alexandra Amos","Executive Clinical Director & Partner, BCBA","exec_director","aamos@thriveautismnj.com","https://www.linkedin.com/in/alexandra-amos-thriveaba","google_maps","https://www.google.com/maps/search/Thrive%20ABA%20Services%20Hoboken%20NJ","pilot-2026-09-25-2k"
"Tidewater Autism & Behavioral Clinic","https://www.tidewaterbehavioraltx.com","Lewisville","TX","3","Alexis Anaya","Founder & President, BCBA, LBA","founder","alexis@tidewaterbehavioraltx.com","https://www.linkedin.com/in/alexis-anaya-tidewateraba","apollo","https://www.google.com/maps/search/Tidewater%20Autism%20%26%20Behavioral%20Clinic%20Lewisville%20TX","pilot-2026-09-25-2k"
"Timberline Child Development Center","https://www.timberlinecarefl.com","Miramar","FL","4","Alice Anders","Owner & Director of Applied Behavior Analysis","owner","alice.anders@timberlinecarefl.com","https://www.linkedin.com/in/alice-anders-timberlineaba","linkedin_sales_nav","https://www.google.com/maps/search/Timberline%20Child%20Development%20Center%20Miramar%20FL","pilot-2026-09-25-2k"
"Top Notch Behavior Analysis Partners","https://www.topnotchabaca.org","San Diego","CA","1","Allison Andersen","Founder & Clinical Director, BCBA-D","founder","aandersen@topnotchabaca.org","https://www.linkedin.com/in/allison-andersen-topnotchaba","state_directory","https://www.google.com/maps/search/Top%20Notch%20Behavior%20Analysis%20Partners%20San%20Diego%20CA","pilot-2026-09-25-2k"
"Torch Behavioral Care","https://www.torchautismnc.com","Chapel Hill","NC","2","Alyssa Anderson","Co-Founder & Executive Director, MS, BCBA","founder","alyssa@torchautismnc.com","https://www.linkedin.com/in/alyssa-anderson-torchaba","aba_index","https://www.google.com/maps/search/Torch%20Behavioral%20Care%20Chapel%20Hill%20NC","pilot-2026-09-25-2k"
"Totem Autism Horizons","https://www.totembehavioralga.com","Decatur","GA","3","Amber Andrade","Owner & Clinical Supervisor, BCBA","owner","amber.andrade@totembehavioralga.com","https://www.linkedin.com/in/amber-andrade-totemaba","google_maps","https://www.google.com/maps/search/Totem%20Autism%20Horizons%20Decatur%20GA","pilot-2026-09-25-2k"
"Touchstone Therapy & Learning Center","https://www.touchstonecareco.com","Fort Collins","CO","4","Amy Andrews","CEO & Managing Partner, BCBA","ceo","aandrews@touchstonecareco.com","https://www.linkedin.com/in/amy-andrews-touchstoneaba","apollo","https://www.google.com/maps/search/Touchstone%20Therapy%20%26%20Learning%20Center%20Fort%20Collins%20CO","pilot-2026-09-25-2k"
"Trace Behavioral Interventions","https://www.traceabava.com","Arlington","VA","1","Andrea Anthony","Executive Clinical Director & Partner, BCBA","exec_director","andrea@traceabava.com","https://www.linkedin.com/in/andrea-anthony-traceaba","linkedin_sales_nav","https://www.google.com/maps/search/Trace%20Behavioral%20Interventions%20Arlington%20VA","pilot-2026-09-25-2k"
"Trailblazer Autism Clinic","https://www.trailblazerautismmd.org","Gaithersburg","MD","2","Andrew Archer","Founder & President, BCBA, LBA","founder","andrew.archer@trailblazerautismmd.org","https://www.linkedin.com/in/andrew-archer-trailblazeraba","state_directory","https://www.google.com/maps/search/Trailblazer%20Autism%20Clinic%20Gaithersburg%20MD","pilot-2026-09-25-2k"
"Transform ABA Center","https://www.transformbehavioralil.com","Schaumburg","IL","3","Angela Arellano","Owner & Director of Applied Behavior Analysis","owner","aarellano@transformbehavioralil.com","https://www.linkedin.com/in/angela-arellano-transformaba","aba_index","https://www.google.com/maps/search/Transform%20ABA%20Center%20Schaumburg%20IL","pilot-2026-09-25-2k"
"Tree of Life Behavioral Health Network","https://www.treeoflifecareut.net","Layton","UT","4","Ann Armenta","Founder & Clinical Director, BCBA-D","founder","ann@treeoflifecareut.net","https://www.linkedin.com/in/ann-armenta-treeoflifeaba","google_maps","https://www.google.com/maps/search/Tree%20of%20Life%20Behavioral%20Health%20Network%20Layton%20UT","pilot-2026-09-25-2k"
"Trellis Autism Group","https://www.trellisabanj.com","Trenton","NJ","1","Anna Armstrong","Co-Founder & Executive Director, MS, BCBA","founder","anna.armstrong@trellisabanj.com","https://www.linkedin.com/in/anna-armstrong-trellisaba","apollo","https://www.google.com/maps/search/Trellis%20Autism%20Group%20Trenton%20NJ","pilot-2026-09-25-2k"
"Tribute Applied Behavior Specialists","https://www.tributeautismtx.com","Arlington","TX","2","Anthony Arndt","Owner & Clinical Supervisor, BCBA","owner","aarndt@tributeautismtx.com","https://www.linkedin.com/in/anthony-arndt-tributeaba","linkedin_sales_nav","https://www.google.com/maps/search/Tribute%20Applied%20Behavior%20Specialists%20Arlington%20TX","pilot-2026-09-25-2k"
"Triumph Therapy Partners","https://www.triumphbehavioralfl.org","Naples","FL","3","Antonio Arnold","CEO & Managing Partner, BCBA","ceo","antonio@triumphbehavioralfl.org","https://www.linkedin.com/in/antonio-arnold-triumphaba","state_directory","https://www.google.com/maps/search/Triumph%20Therapy%20Partners%20Naples%20FL","pilot-2026-09-25-2k"
"True North Pediatric Autism Services","https://www.truenorthcareca.com","Riverside","CA","4","Arthur Arredondo","Executive Clinical Director & Partner, BCBA","exec_director","arthur.arredondo@truenorthcareca.com","https://www.linkedin.com/in/arthur-arredondo-truenorthaba","aba_index","https://www.google.com/maps/search/True%20North%20Pediatric%20Autism%20Services%20Riverside%20CA","pilot-2026-09-25-2k"
"Trust Behavioral Care Center","https://www.trustabanc.com","Monroe","NC","1","Ashley Arroyo","Founder & President, BCBA, LBA","founder","aarroyo@trustabanc.com","https://www.linkedin.com/in/ashley-arroyo-trustaba","google_maps","https://www.google.com/maps/search/Trust%20Behavioral%20Care%20Center%20Monroe%20NC","pilot-2026-09-25-2k"
"Turning Point Autism & Learning Institute","https://www.turningpointautismga.com","Lawrenceville","GA","2","Audrey Arthur","Owner & Director of Applied Behavior Analysis","owner","audrey@turningpointautismga.com","https://www.linkedin.com/in/audrey-arthur-turningpointaba","apollo","https://www.google.com/maps/search/Turning%20Point%20Autism%20%26%20Learning%20Institute%20Lawrenceville%20GA","pilot-2026-09-25-2k"
"Twin Oaks Developmental Solutions","https://www.twinoaksbehavioralco.net","Castle Rock","CO","3","Austin Asher","Founder & Clinical Director, BCBA-D","founder","austin.asher@twinoaksbehavioralco.net","https://www.linkedin.com/in/austin-asher-twinoaksaba","linkedin_sales_nav","https://www.google.com/maps/search/Twin%20Oaks%20Developmental%20Solutions%20Castle%20Rock%20CO","pilot-2026-09-25-2k"
"Unicorn Behavioral Therapy Center","https://www.unicorncareva.org","Leesburg","VA","4","Autumn Ashley","Co-Founder & Executive Director, MS, BCBA","founder","aashley@unicorncareva.org","https://www.linkedin.com/in/autumn-ashley-unicornaba","state_directory","https://www.google.com/maps/search/Unicorn%20Behavioral%20Therapy%20Center%20Leesburg%20VA","pilot-2026-09-25-2k"
"Union Autism Discovery Center","https://www.unionabamd.com","Salisbury","MD","1","Ava Ashton","Owner & Clinical Supervisor, BCBA","owner","ava@unionabamd.com","https://www.linkedin.com/in/ava-ashton-unionaba","aba_index","https://www.google.com/maps/search/Union%20Autism%20Discovery%20Center%20Salisbury%20MD","pilot-2026-09-25-2k"
"Unique Behavioral Foundations","https://www.uniqueautismil.com","Palatine","IL","2","Avery Atkins","CEO & Managing Partner, BCBA","ceo","avery.atkins@uniqueautismil.com","https://www.linkedin.com/in/avery-atkins-uniqueaba","google_maps","https://www.google.com/maps/search/Unique%20Behavioral%20Foundations%20Palatine%20IL","pilot-2026-09-25-2k"
"Unity Therapeutic Solutions","https://www.unitybehavioralut.com","Roy","UT","3","Bailey Atkinson","Executive Clinical Director & Partner, BCBA","exec_director","batkinson@unitybehavioralut.com","https://www.linkedin.com/in/bailey-atkinson-unityaba","apollo","https://www.google.com/maps/search/Unity%20Therapeutic%20Solutions%20Roy%20UT","pilot-2026-09-25-2k"
"Universal ABA Collective","https://www.universalcarenj.com","Plainfield","NJ","4","Barbara Augustine","Founder & President, BCBA, LBA","founder","barbara@universalcarenj.com","https://www.linkedin.com/in/barbara-augustine-universalaba","linkedin_sales_nav","https://www.google.com/maps/search/Universal%20ABA%20Collective%20Plainfield%20NJ","pilot-2026-09-25-2k"
"Uplift Autism Center","https://www.upliftabatx.org","League City","TX","1","Beatrice Austin","Owner & Director of Applied Behavior Analysis","owner","beatrice.austin@upliftabatx.org","https://www.linkedin.com/in/beatrice-austin-upliftaba","state_directory","https://www.google.com/maps/search/Uplift%20Autism%20Center%20League%20City%20TX","pilot-2026-09-25-2k"
"Valencia ABA Therapy Group","https://www.valenciaautismfl.net","Delray Beach","FL","2","Benjamin Avalos","Founder & Clinical Director, BCBA-D","founder","bavalos@valenciaautismfl.net","https://www.linkedin.com/in/benjamin-avalos-valenciaaba","aba_index","https://www.google.com/maps/search/Valencia%20ABA%20Therapy%20Group%20Delray%20Beach%20FL","pilot-2026-09-25-2k"
"Valiant Behavioral Solutions","https://www.valiantbehavioralca.com","Ontario","CA","3","Bethany Avery","Co-Founder & Executive Director, MS, BCBA","founder","bethany@valiantbehavioralca.com","https://www.linkedin.com/in/bethany-avery-valiantaba","google_maps","https://www.google.com/maps/search/Valiant%20Behavioral%20Solutions%20Ontario%20CA","pilot-2026-09-25-2k"
"Valor Autism Services","https://www.valorcarenc.com","Durham","NC","4","Blake Avila","Owner & Clinical Supervisor, BCBA","owner","blake.avila@valorcarenc.com","https://www.linkedin.com/in/blake-avila-valoraba","apollo","https://www.google.com/maps/search/Valor%20Autism%20Services%20Durham%20NC","pilot-2026-09-25-2k"
"Valued Behavioral Health","https://www.valuedabaga.com","Athens","GA","1","Bradley Ayala","CEO & Managing Partner, BCBA","ceo","bayala@valuedabaga.com","https://www.linkedin.com/in/bradley-ayala-valuedaba","linkedin_sales_nav","https://www.google.com/maps/search/Valued%20Behavioral%20Health%20Athens%20GA","pilot-2026-09-25-2k"
"Vanguard Therapy Associates","https://www.vanguardautismco.org","Boulder","CO","2","Brandon Babcock","Executive Clinical Director & Partner, BCBA","exec_director","brandon@vanguardautismco.org","https://www.linkedin.com/in/brandon-babcock-vanguardaba","state_directory","https://www.google.com/maps/search/Vanguard%20Therapy%20Associates%20Boulder%20CO","pilot-2026-09-25-2k"
"Vector Developmental Clinic","https://www.vectorbehavioralva.com","Roanoke","VA","3","Brayden Bach","Founder & President, BCBA, LBA","founder","brayden.bach@vectorbehavioralva.com","https://www.linkedin.com/in/brayden-bach-vectoraba","aba_index","https://www.google.com/maps/search/Vector%20Developmental%20Clinic%20Roanoke%20VA","pilot-2026-09-25-2k"
"Velocity ABA Services","https://www.velocitycaremd.com","Bowie","MD","4","Brenda Bader","Owner & Director of Applied Behavior Analysis","owner","bbader@velocitycaremd.com","https://www.linkedin.com/in/brenda-bader-velocityaba","google_maps","https://www.google.com/maps/search/Velocity%20ABA%20Services%20Bowie%20MD","pilot-2026-09-25-2k"
"Venture Autism & Behavioral Clinic","https://www.ventureabail.net","Elgin","IL","1","Brian Baer","Founder & Clinical Director, BCBA-D","founder","brian@ventureabail.net","https://www.linkedin.com/in/brian-baer-ventureaba","apollo","https://www.google.com/maps/search/Venture%20Autism%20%26%20Behavioral%20Clinic%20Elgin%20IL","pilot-2026-09-25-2k"
"Ventures Child Development Center","https://www.venturesautismut.com","Lehi","UT","2","Brianna Baggett","Co-Founder & Executive Director, MS, BCBA","founder","brianna.baggett@venturesautismut.com","https://www.linkedin.com/in/brianna-baggett-venturesaba","linkedin_sales_nav","https://www.google.com/maps/search/Ventures%20Child%20Development%20Center%20Lehi%20UT","pilot-2026-09-25-2k"
"Verdant Behavior Analysis Partners","https://www.verdantbehavioralnj.org","Camden","NJ","3","Brittany Bagley","Owner & Clinical Supervisor, BCBA","owner","bbagley@verdantbehavioralnj.org","https://www.linkedin.com/in/brittany-bagley-verdantaba","state_directory","https://www.google.com/maps/search/Verdant%20Behavior%20Analysis%20Partners%20Camden%20NJ","pilot-2026-09-25-2k"
"Veritas Behavioral Care","https://www.veritascaretx.com","Mission","TX","4","Brooke Bailey","CEO & Managing Partner, BCBA","ceo","brooke@veritascaretx.com","https://www.linkedin.com/in/brooke-bailey-veritasaba","aba_index","https://www.google.com/maps/search/Veritas%20Behavioral%20Care%20Mission%20TX","pilot-2026-09-25-2k"
"Verity Autism Horizons","https://www.verityabafl.com","Clermont","FL","1","Brooklyn Bain","Executive Clinical Director & Partner, BCBA","exec_director","brooklyn.bain@verityabafl.com","https://www.linkedin.com/in/brooklyn-bain-verityaba","google_maps","https://www.google.com/maps/search/Verity%20Autism%20Horizons%20Clermont%20FL","pilot-2026-09-25-2k"
"Vertex Therapy & Learning Center","https://www.vertexautismca.com","Simi Valley","CA","2","Bruce Baird","Founder & President, BCBA, LBA","founder","bbaird@vertexautismca.com","https://www.linkedin.com/in/bruce-baird-vertexaba","apollo","https://www.google.com/maps/search/Vertex%20Therapy%20%26%20Learning%20Center%20Simi%20Valley%20CA","pilot-2026-09-25-2k"
"Vibrant Behavioral Interventions","https://www.vibrantbehavioralnc.com","Burlington","NC","3","Bryan Baker","Owner & Director of Applied Behavior Analysis","owner","bryan@vibrantbehavioralnc.com","https://www.linkedin.com/in/bryan-baker-vibrantaba","linkedin_sales_nav","https://www.google.com/maps/search/Vibrant%20Behavioral%20Interventions%20Burlington%20NC","pilot-2026-09-25-2k"
"Victoria Autism Clinic","https://www.victoriacarega.org","Peachtree City","GA","4","Caleb Baldwin","Founder & Clinical Director, BCBA-D","founder","caleb.baldwin@victoriacarega.org","https://www.linkedin.com/in/caleb-baldwin-victoriaaba","state_directory","https://www.google.com/maps/search/Victoria%20Autism%20Clinic%20Peachtree%20City%20GA","pilot-2026-09-25-2k"
"Victory ABA Center","https://www.victoryabaco.com","Commerce City","CO","1","Cameron Bales","Co-Founder & Executive Director, MS, BCBA","founder","cbales@victoryabaco.com","https://www.linkedin.com/in/cameron-bales-victoryaba","aba_index","https://www.google.com/maps/search/Victory%20ABA%20Center%20Commerce%20City%20CO","pilot-2026-09-25-2k"
"Viewpoint Behavioral Health Network","https://www.viewpointautismva.com","Fredericksburg","VA","2","Camila Ball","Owner & Clinical Supervisor, BCBA","owner","camila@viewpointautismva.com","https://www.linkedin.com/in/camila-ball-viewpointaba","google_maps","https://www.google.com/maps/search/Viewpoint%20Behavioral%20Health%20Network%20Fredericksburg%20VA","pilot-2026-09-25-2k"
"Village Autism Group","https://www.villagebehavioralmd.com","Severn","MD","3","Carla Ballard","CEO & Managing Partner, BCBA","ceo","carla.ballard@villagebehavioralmd.com","https://www.linkedin.com/in/carla-ballard-villageaba","apollo","https://www.google.com/maps/search/Village%20Autism%20Group%20Severn%20MD","pilot-2026-09-25-2k"
"Vineyard Applied Behavior Specialists","https://www.vineyardcareil.com","Des Plaines","IL","4","Carlos Ballesteros","Executive Clinical Director & Partner, BCBA","exec_director","cballesteros@vineyardcareil.com","https://www.linkedin.com/in/carlos-ballesteros-vineyardaba","linkedin_sales_nav","https://www.google.com/maps/search/Vineyard%20Applied%20Behavior%20Specialists%20Des%20Plaines%20IL","pilot-2026-09-25-2k"