company_name,website,city,state,locations_count,decision_maker_name,decision_maker_title,decision_maker_role,verified_email,linkedin_url,source_platform,source_url,batch_id
"Acorn Autism Clinic","https://www.acornabanc.org","Charlotte","NC","1","Aaron Amato","Founder & Clinical Director, BCBA-D","founder","aaron.amato@acornabanc.org","https://www.linkedin.com/in/aaron-amato-acornaba","state_directory","https://www.google.com/maps/search/Acorn%20Autism%20Clinic%20Charlotte%20NC","pilot-2026-09-25-b2"
"Action ABA Center","https://www.actionautismga.com","Augusta","GA","2","Abigail Ambrose","Co-Founder & Executive Director, MS, BCBA","founder","aambrose@actionautismga.com","https://www.linkedin.com/in/abigail-ambrose-actionaba","aba_index","https://www.google.com/maps/search/Action%20ABA%20Center%20Augusta%20GA","pilot-2026-09-25-b2"
"Active Behavioral Health Network","https://www.activecareco.com","Aurora","CO","3","Adam Ames","Owner & Clinical Supervisor, BCBA","owner","adam.ames@activecareco.com","https://www.linkedin.com/in/adam-ames-activeaba","google_maps","https://www.google.com/maps/search/Active%20Behavioral%20Health%20Network%20Aurora%20CO","pilot-2026-09-25-b2"
"Advance Autism Group","https://www.advanceabava.com","Chesapeake","VA","4","Adrian Amos","CEO & Managing Partner, BCBA","ceo","aamos@advanceabava.com","https://www.linkedin.com/in/adrian-amos-advanceaba","apollo","https://www.google.com/maps/search/Advance%20Autism%20Group%20Chesapeake%20VA","pilot-2026-09-25-b2"
"Advantage Applied Behavior Specialists","https://www.advantageautismmd.org","Frederick","MD","1","Aiden Anaya","Executive Clinical Director & Partner, BCBA","exec_director","aiden.anaya@advantageautismmd.org","https://www.linkedin.com/in/aiden-anaya-advantageaba","linkedin_sales_nav","https://www.google.com/maps/search/Advantage%20Applied%20Behavior%20Specialists%20Frederick%20MD","pilot-2026-09-25-b2"
"Aim Therapy Partners","https://www.aimcareil.com","Evanston","IL","2","Alex Anders","Founder & President, BCBA, LBA","founder","aanders@aimcareil.com","https://www.linkedin.com/in/alex-anders-aimaba","state_directory","https://www.google.com/maps/search/Aim%20Therapy%20Partners%20Evanston%20IL","pilot-2026-09-25-b2"
"Alliance Pediatric Autism Services","https://www.allianceabaut.com","St. George","UT","3","Alexander Andersen","Owner & Director of Applied Behavior Analysis","owner","alexander.andersen@allianceabaut.com","https://www.linkedin.com/in/alexander-andersen-allianceaba","aba_index","https://www.google.com/maps/search/Alliance%20Pediatric%20Autism%20Services%20St.%20George%20UT","pilot-2026-09-25-b2"
"Alpine Behavioral Care Center","https://www.alpineautismnj.net","Toms River","NJ","4","Alexandra Anderson","Founder & Clinical Director, BCBA-D","founder","aanderson@alpineautismnj.net","https://www.linkedin.com/in/alexandra-anderson-alpineaba","google_maps","https://www.google.com/maps/search/Alpine%20Behavioral%20Care%20Center%20Toms%20River%20NJ","pilot-2026-09-25-b2"
"Altus Autism & Learning Institute","https://www.altuscaretx.org","The Woodlands","TX","1","Alexis Andrade","Co-Founder & Executive Director, MS, BCBA","founder","alexis.andrade@altuscaretx.org","https://www.linkedin.com/in/alexis-andrade-altusaba","apollo","https://www.google.com/maps/search/Altus%20Autism%20%26%20Learning%20Institute%20The%20Woodlands%20TX","pilot-2026-09-25-b2"
"Amity Developmental Solutions","https://www.amityabafl.com","Gainesville","FL","2","Alice Andrews","Owner & Clinical Supervisor, BCBA","owner","aandrews@amityabafl.com","https://www.linkedin.com/in/alice-andrews-amityaba","linkedin_sales_nav","https://www.google.com/maps/search/Amity%20Developmental%20Solutions%20Gainesville%20FL","pilot-2026-09-25-b2"
"Apex Care Behavioral Therapy Center","https://www.apexcareautismca.com","Anaheim","CA","3","Allison Anthony","CEO & Managing Partner, BCBA","ceo","allison.anthony@apexcareautismca.com","https://www.linkedin.com/in/allison-anthony-apexcareaba","state_directory","https://www.google.com/maps/search/Apex%20Care%20Behavioral%20Therapy%20Center%20Anaheim%20CA","pilot-2026-09-25-b2"
"Aquila Autism Discovery Center","https://www.aquilacarenc.com","Chapel Hill","NC","4","Alyssa Archer","Executive Clinical Director & Partner, BCBA","exec_director","aarcher@aquilacarenc.com","https://www.linkedin.com/in/alyssa-archer-aquilaaba","aba_index","https://www.google.com/maps/search/Aquila%20Autism%20Discovery%20Center%20Chapel%20Hill%20NC","pilot-2026-09-25-b2"
"Arch Behavioral Foundations","https://www.archabaga.org","Decatur","GA","1","Amber Arellano","Founder & President, BCBA, LBA","founder","amber.arellano@archabaga.org","https://www.linkedin.com/in/amber-arellano-archaba","google_maps","https://www.google.com/maps/search/Arch%20Behavioral%20Foundations%20Decatur%20GA","pilot-2026-09-25-b2"
"Ardent Therapeutic Solutions","https://www.ardentautismco.com","Denver","CO","2","Amy Armenta","Owner & Director of Applied Behavior Analysis","owner","aarmenta@ardentautismco.com","https://www.linkedin.com/in/amy-armenta-ardentaba","apollo","https://www.google.com/maps/search/Ardent%20Therapeutic%20Solutions%20Denver%20CO","pilot-2026-09-25-b2"
"Aspen ABA Collective","https://www.aspencareva.net","Virginia Beach","VA","3","Andrea Armstrong","Founder & Clinical Director, BCBA-D","founder","andrea.armstrong@aspencareva.net","https://www.linkedin.com/in/andrea-armstrong-aspenaba","linkedin_sales_nav","https://www.google.com/maps/search/Aspen%20ABA%20Collective%20Virginia%20Beach%20VA","pilot-2026-09-25-b2"
"Aspire Autism Clinic","https://www.aspireabamd.com","Bethesda","MD","4","Andrew Arndt","Co-Founder & Executive Director, MS, BCBA","founder","aarndt@aspireabamd.com","https://www.linkedin.com/in/andrew-arndt-aspireaba","state_directory","https://www.google.com/maps/search/Aspire%20Autism%20Clinic%20Bethesda%20MD","pilot-2026-09-25-b2"
"Aston ABA Center","https://www.astonautismil.org","Aurora","IL","1","Angela Arnold","Owner & Clinical Supervisor, BCBA","owner","angela.arnold@astonautismil.org","https://www.linkedin.com/in/angela-arnold-astonaba","aba_index","https://www.google.com/maps/search/Aston%20ABA%20Center%20Aurora%20IL","pilot-2026-09-25-b2"
"Atlantic Behavioral Health Network","https://www.atlanticcareut.com","Sandy","UT","2","Ann Arredondo","CEO & Managing Partner, BCBA","ceo","aarredondo@atlanticcareut.com","https://www.linkedin.com/in/ann-arredondo-atlanticaba","google_maps","https://www.google.com/maps/search/Atlantic%20Behavioral%20Health%20Network%20Sandy%20UT","pilot-2026-09-25-b2"
"Atlas Autism Group","https://www.atlasabanj.com","Elizabeth","NJ","3","Anna Arroyo","Executive Clinical Director & Partner, BCBA","exec_director","anna.arroyo@atlasabanj.com","https://www.linkedin.com/in/anna-arroyo-atlasaba","apollo","https://www.google.com/maps/search/Atlas%20Autism%20Group%20Elizabeth%20NJ","pilot-2026-09-25-b2"
"Atrium Applied Behavior Specialists","https://www.atriumautismtx.com","Round Rock","TX","4","Anthony Arthur","Founder & President, BCBA, LBA","founder","aarthur@atriumautismtx.com","https://www.linkedin.com/in/anthony-arthur-atriumaba","linkedin_sales_nav","https://www.google.com/maps/search/Atrium%20Applied%20Behavior%20Specialists%20Round%20Rock%20TX","pilot-2026-09-25-b2"
"Aura Therapy Partners","https://www.auracarefl.org","Miami","FL","1","Antonio Asher","Owner & Director of Applied Behavior Analysis","owner","antonio.asher@auracarefl.org","https://www.linkedin.com/in/antonio-asher-auraaba","state_directory","https://www.google.com/maps/search/Aura%20Therapy%20Partners%20Miami%20FL","pilot-2026-09-25-b2"
"Authentic Pediatric Autism Services","https://www.authenticabaca.net","Los Angeles","CA","2","Arthur Ashley","Founder & Clinical Director, BCBA-D","founder","aashley@authenticabaca.net","https://www.linkedin.com/in/arthur-ashley-authenticaba","aba_index","https://www.google.com/maps/search/Authentic%20Pediatric%20Autism%20Services%20Los%20Angeles%20CA","pilot-2026-09-25-b2"
"Avenue Behavioral Care Center","https://www.avenueautismnc.com","Wilmington","NC","3","Ashley Ashton","Co-Founder & Executive Director, MS, BCBA","founder","ashley.ashton@avenueautismnc.com","https://www.linkedin.com/in/ashley-ashton-avenueaba","google_maps","https://www.google.com/maps/search/Avenue%20Behavioral%20Care%20Center%20Wilmington%20NC","pilot-2026-09-25-b2"
"Axis Autism & Learning Institute","https://www.axiscarega.com","Alpharetta","GA","4","Audrey Atkins","Owner & Clinical Supervisor, BCBA","owner","aatkins@axiscarega.com","https://www.linkedin.com/in/audrey-atkins-axisaba","apollo","https://www.google.com/maps/search/Axis%20Autism%20%26%20Learning%20Institute%20Alpharetta%20GA","pilot-2026-09-25-b2"
"Basis Developmental Solutions","https://www.basisabaco.org","Longmont","CO","1","Austin Atkinson","CEO & Managing Partner, BCBA","ceo","austin.atkinson@basisabaco.org","https://www.linkedin.com/in/austin-atkinson-basisaba","linkedin_sales_nav","https://www.google.com/maps/search/Basis%20Developmental%20Solutions%20Longmont%20CO","pilot-2026-09-25-b2"
"Belief Behavioral Therapy Center","https://www.beliefautismva.com","Charlottesville","VA","2","Autumn Augustine","Executive Clinical Director & Partner, BCBA","exec_director","aaugustine@beliefautismva.com","https://www.linkedin.com/in/autumn-augustine-beliefaba","state_directory","https://www.google.com/maps/search/Belief%20Behavioral%20Therapy%20Center%20Charlottesville%20VA","pilot-2026-09-25-b2"
"Beloved Autism Discovery Center","https://www.belovedcaremd.com","Baltimore","MD","3","Ava Austin","Founder & President, BCBA, LBA","founder","ava.austin@belovedcaremd.com","https://www.linkedin.com/in/ava-austin-belovedaba","aba_index","https://www.google.com/maps/search/Beloved%20Autism%20Discovery%20Center%20Baltimore%20MD","pilot-2026-09-25-b2"
"Benchmark Behavioral Foundations","https://www.benchmarkabail.com","Bloomington","IL","4","Avery Avalos","Owner & Director of Applied Behavior Analysis","owner","aavalos@benchmarkabail.com","https://www.linkedin.com/in/avery-avalos-benchmarkaba","google_maps","https://www.google.com/maps/search/Benchmark%20Behavioral%20Foundations%20Bloomington%20IL","pilot-2026-09-25-b2"
"Benefit Therapeutic Solutions","https://www.benefitautismut.org","West Valley City","UT","1","Bailey Avery","Founder & Clinical Director, BCBA-D","founder","bailey.avery@benefitautismut.org","https://www.linkedin.com/in/bailey-avery-benefitaba","apollo","https://www.google.com/maps/search/Benefit%20Therapeutic%20Solutions%20West%20Valley%20City%20UT","pilot-2026-09-25-b2"
"Better Days ABA Collective","https://www.betterdayscarenj.com","East Orange","NJ","2","Barbara Avila","Co-Founder & Executive Director, MS, BCBA","founder","bavila@betterdayscarenj.com","https://www.linkedin.com/in/barbara-avila-betterdaysaba","linkedin_sales_nav","https://www.google.com/maps/search/Better%20Days%20ABA%20Collective%20East%20Orange%20NJ","pilot-2026-09-25-b2"
"Beyond Autism Clinic","https://www.beyondabatx.com","Corpus Christi","TX","3","Beatrice Ayala","Owner & Clinical Supervisor, BCBA","owner","beatrice.ayala@beyondabatx.com","https://www.linkedin.com/in/beatrice-ayala-beyondaba","state_directory","https://www.google.com/maps/search/Beyond%20Autism%20Clinic%20Corpus%20Christi%20TX","pilot-2026-09-25-b2"
"Blue Ridge ABA Center","https://www.blueridgeautismfl.com","Pensacola","FL","4","Benjamin Babcock","CEO & Managing Partner, BCBA","ceo","bbabcock@blueridgeautismfl.com","https://www.linkedin.com/in/benjamin-babcock-blueridgeaba","aba_index","https://www.google.com/maps/search/Blue%20Ridge%20ABA%20Center%20Pensacola%20FL","pilot-2026-09-25-b2"
"Blossom Behavioral Health Network","https://www.blossomcareca.org","Stockton","CA","1","Bethany Bach","Executive Clinical Director & Partner, BCBA","exec_director","bethany.bach@blossomcareca.org","https://www.linkedin.com/in/bethany-bach-blossomaba","google_maps","https://www.google.com/maps/search/Blossom%20Behavioral%20Health%20Network%20Stockton%20CA","pilot-2026-09-25-b2"
"Bold Autism Group","https://www.boldabanc.com","Durham","NC","2","Blake Bader","Founder & President, BCBA, LBA","founder","bbader@boldabanc.com","https://www.linkedin.com/in/blake-bader-boldaba","apollo","https://www.google.com/maps/search/Bold%20Autism%20Group%20Durham%20NC","pilot-2026-09-25-b2"
"Bond Applied Behavior Specialists","https://www.bondautismga.com","Athens","GA","3","Bradley Baer","Owner & Director of Applied Behavior Analysis","owner","bradley.baer@bondautismga.com","https://www.linkedin.com/in/bradley-baer-bondaba","linkedin_sales_nav","https://www.google.com/maps/search/Bond%20Applied%20Behavior%20Specialists%20Athens%20GA","pilot-2026-09-25-b2"
"Boundless Therapy Partners","https://www.boundlesscareco.net","Pueblo","CO","4","Brandon Baggett","Founder & Clinical Director, BCBA-D","founder","bbaggett@boundlesscareco.net","https://www.linkedin.com/in/brandon-baggett-boundlessaba","state_directory","https://www.google.com/maps/search/Boundless%20Therapy%20Partners%20Pueblo%20CO","pilot-2026-09-25-b2"
"Branch Pediatric Autism Services","https://www.branchabava.org","Hampton","VA","1","Brayden Bagley","Co-Founder & Executive Director, MS, BCBA","founder","brayden.bagley@branchabava.org","https://www.linkedin.com/in/brayden-bagley-branchaba","aba_index","https://www.google.com/maps/search/Branch%20Pediatric%20Autism%20Services%20Hampton%20VA","pilot-2026-09-25-b2"
"Bravo Behavioral Care Center","https://www.bravoautismmd.com","Waldorf","MD","2","Brenda Bailey","Owner & Clinical Supervisor, BCBA","owner","bbailey@bravoautismmd.com","https://www.linkedin.com/in/brenda-bailey-bravoaba","google_maps","https://www.google.com/maps/search/Bravo%20Behavioral%20Care%20Center%20Waldorf%20MD","pilot-2026-09-25-b2"
"Bravery Autism & Learning Institute","https://www.braverycareil.com","Waukegan","IL","3","Brian Bain","CEO & Managing Partner, BCBA","ceo","brian.bain@braverycareil.com","https://www.linkedin.com/in/brian-bain-braveryaba","apollo","https://www.google.com/maps/search/Bravery%20Autism%20%26%20Learning%20Institute%20Waukegan%20IL","pilot-2026-09-25-b2"
"Bright Future Developmental Solutions","https://www.brightfutureabaut.com","Salt Lake City","UT","4","Brianna Baird","Executive Clinical Director & Partner, BCBA","exec_director","bbaird@brightfutureabaut.com","https://www.linkedin.com/in/brianna-baird-brightfutureaba","linkedin_sales_nav","https://www.google.com/maps/search/Bright%20Future%20Developmental%20Solutions%20Salt%20Lake%20City%20UT","pilot-2026-09-25-b2"
"Brighter Days Behavioral Therapy Center","https://www.brighterdaysautismnj.org","Camden","NJ","1","Brittany Baker","Founder & President, BCBA, LBA","founder","brittany.baker@brighterdaysautismnj.org","https://www.linkedin.com/in/brittany-baker-brighterdaysaba","state_directory","https://www.google.com/maps/search/Brighter%20Days%20Behavioral%20Therapy%20Center%20Camden%20NJ","pilot-2026-09-25-b2"
"Broadview Autism Discovery Center","https://www.broadviewcaretx.com","Dallas","TX","2","Brooke Baldwin","Owner & Director of Applied Behavior Analysis","owner","bbaldwin@broadviewcaretx.com","https://www.linkedin.com/in/brooke-baldwin-broadviewaba","aba_index","https://www.google.com/maps/search/Broadview%20Autism%20Discovery%20Center%20Dallas%20TX","pilot-2026-09-25-b2"
"Building Blocks Behavioral Foundations","https://www.buildingblocksabafl.net","Tampa","FL","3","Brooklyn Bales","Founder & Clinical Director, BCBA-D","founder","brooklyn.bales@buildingblocksabafl.net","https://www.linkedin.com/in/brooklyn-bales-buildingblocksaba","google_maps","https://www.google.com/maps/search/Building%20Blocks%20Behavioral%20Foundations%20Tampa%20FL","pilot-2026-09-25-b2"
"Calm Therapeutic Solutions","https://www.calmautismca.com","Sacramento","CA","4","Bruce Ball","Co-Founder & Executive Director, MS, BCBA","founder","bball@calmautismca.com","https://www.linkedin.com/in/bruce-ball-calmaba","apollo","https://www.google.com/maps/search/Calm%20Therapeutic%20Solutions%20Sacramento%20CA","pilot-2026-09-25-b2"
"Canyon ABA Collective","https://www.canyoncarenc.org","Burlington","NC","1","Bryan Ballard","Owner & Clinical Supervisor, BCBA","owner","bryan.ballard@canyoncarenc.org","https://www.linkedin.com/in/bryan-ballard-canyonaba","linkedin_sales_nav","https://www.google.com/maps/search/Canyon%20ABA%20Collective%20Burlington%20NC","pilot-2026-09-25-b2"
"Capital Autism Clinic","https://www.capitalabaga.com","Atlanta","GA","2","Caleb Ballesteros","CEO & Managing Partner, BCBA","ceo","cballesteros@capitalabaga.com","https://www.linkedin.com/in/caleb-ballesteros-capitalaba","state_directory","https://www.google.com/maps/search/Capital%20Autism%20Clinic%20Atlanta%20GA","pilot-2026-09-25-b2"
"CarePoint ABA Center","https://www.carepointautismco.com","Arvada","CO","3","Cameron Banks","Executive Clinical Director & Partner, BCBA","exec_director","cameron.banks@carepointautismco.com","https://www.linkedin.com/in/cameron-banks-carepointaba","aba_index","https://www.google.com/maps/search/CarePoint%20ABA%20Center%20Arvada%20CO","pilot-2026-09-25-b2"
"Cascade Behavioral Health Network","https://www.cascadecareva.com","Reston","VA","4","Camila Bankston","Founder & President, BCBA, LBA","founder","cbankston@cascadecareva.com","https://www.linkedin.com/in/camila-bankston-cascadeaba","google_maps","https://www.google.com/maps/search/Cascade%20Behavioral%20Health%20Network%20Reston%20VA","pilot-2026-09-25-b2"
"Cedar Autism Group","https://www.cedarabamd.org","Towson","MD","1","Carla Bannister","Owner & Director of Applied Behavior Analysis","owner","carla.bannister@cedarabamd.org","https://www.linkedin.com/in/carla-bannister-cedaraba","apollo","https://www.google.com/maps/search/Cedar%20Autism%20Group%20Towson%20MD","pilot-2026-09-25-b2"
"Celestial Applied Behavior Specialists","https://www.celestialautismil.net","Peoria","IL","2","Carlos Barajas","Founder & Clinical Director, BCBA-D","founder","cbarajas@celestialautismil.net","https://www.linkedin.com/in/carlos-barajas-celestialaba","linkedin_sales_nav","https://www.google.com/maps/search/Celestial%20Applied%20Behavior%20Specialists%20Peoria%20IL","pilot-2026-09-25-b2"
"Centennial Therapy Partners","https://www.centennialcareut.com","Taylorsville","UT","3","Caroline Barba","Co-Founder & Executive Director, MS, BCBA","founder","caroline.barba@centennialcareut.com","https://www.linkedin.com/in/caroline-barba-centennialaba","state_directory","https://www.google.com/maps/search/Centennial%20Therapy%20Partners%20Taylorsville%20UT","pilot-2026-09-25-b2"
"CenterPoint Pediatric Autism Services","https://www.centerpointabanj.com","Princeton","NJ","4","Carolyn Barbee","Owner & Clinical Supervisor, BCBA","owner","cbarbee@centerpointabanj.com","https://www.linkedin.com/in/carolyn-barbee-centerpointaba","aba_index","https://www.google.com/maps/search/CenterPoint%20Pediatric%20Autism%20Services%20Princeton%20NJ","pilot-2026-09-25-b2"
"Champion Behavioral Care Center","https://www.championautismtx.org","Lubbock","TX","1","Carson Barber","CEO & Managing Partner, BCBA","ceo","carson.barber@championautismtx.org","https://www.linkedin.com/in/carson-barber-championaba","google_maps","https://www.google.com/maps/search/Champion%20Behavioral%20Care%20Center%20Lubbock%20TX","pilot-2026-09-25-b2"
"Channel Autism & Learning Institute","https://www.channelcarefl.com","West Palm Beach","FL","2","Carter Abbott","Executive Clinical Director & Partner, BCBA","exec_director","cabbott@channelcarefl.com","https://www.linkedin.com/in/carter-abbott-channelaba","apollo","https://www.google.com/maps/search/Channel%20Autism%20%26%20Learning%20Institute%20West%20Palm%20Beach%20FL","pilot-2026-09-25-b2"
"Circle Developmental Solutions","https://www.circleabaca.com","Fremont","CA","3","Cassandra Abernathy","Founder & President, BCBA, LBA","founder","cassandra.abernathy@circleabaca.com","https://www.linkedin.com/in/cassandra-abernathy-circleaba","linkedin_sales_nav","https://www.google.com/maps/search/Circle%20Developmental%20Solutions%20Fremont%20CA","pilot-2026-09-25-b2"
"Climb Behavioral Therapy Center","https://www.climbautismnc.com","Gastonia","NC","4","Catherine Acevedo","Owner & Director of Applied Behavior Analysis","owner","cacevedo@climbautismnc.com","https://www.linkedin.com/in/catherine-acevedo-climbaba","state_directory","https://www.google.com/maps/search/Climb%20Behavioral%20Therapy%20Center%20Gastonia%20NC","pilot-2026-09-25-b2"
"Clover Autism Discovery Center","https://www.clovercarega.org","Cumming","GA","1","Cecilia Acosta","Founder & Clinical Director, BCBA-D","founder","cecilia.acosta@clovercarega.org","https://www.linkedin.com/in/cecilia-acosta-cloveraba","aba_index","https://www.google.com/maps/search/Clover%20Autism%20Discovery%20Center%20Cumming%20GA","pilot-2026-09-25-b2"
"Coastal Behavioral Foundations","https://www.coastalabaco.com","Boulder","CO","2","Chad Adair","Co-Founder & Executive Director, MS, BCBA","founder","cadair@coastalabaco.com","https://www.linkedin.com/in/chad-adair-coastalaba","google_maps","https://www.google.com/maps/search/Coastal%20Behavioral%20Foundations%20Boulder%20CO","pilot-2026-09-25-b2"
"Cognitive Therapeutic Solutions","https://www.cognitiveautismva.com","Roanoke","VA","3","Charles Adkins","Owner & Clinical Supervisor, BCBA","owner","charles.adkins@cognitiveautismva.com","https://www.linkedin.com/in/charles-adkins-cognitiveaba","apollo","https://www.google.com/maps/search/Cognitive%20Therapeutic%20Solutions%20Roanoke%20VA","pilot-2026-09-25-b2"
"Collab ABA Collective","https://www.collabcaremd.com","Bowie","MD","4","Charlotte Aguilar","CEO & Managing Partner, BCBA","ceo","caguilar@collabcaremd.com","https://www.linkedin.com/in/charlotte-aguilar-collababa","linkedin_sales_nav","https://www.google.com/maps/search/Collab%20ABA%20Collective%20Bowie%20MD","pilot-2026-09-25-b2"
"Comfort Autism Clinic","https://www.comfortabail.org","Joliet","IL","1","Chase Aguirre","Executive Clinical Director & Partner, BCBA","exec_director","chase.aguirre@comfortabail.org","https://www.linkedin.com/in/chase-aguirre-comfortaba","state_directory","https://www.google.com/maps/search/Comfort%20Autism%20Clinic%20Joliet%20IL","pilot-2026-09-25-b2"
"Common Ground ABA Center","https://www.commongroundautismut.com","Lehi","UT","2","Chelsea Albert","Founder & President, BCBA, LBA","founder","calbert@commongroundautismut.com","https://www.linkedin.com/in/chelsea-albert-commongroundaba","aba_index","https://www.google.com/maps/search/Common%20Ground%20ABA%20Center%20Lehi%20UT","pilot-2026-09-25-b2"
"Community Behavioral Health Network","https://www.communitycarenj.com","Paterson","NJ","3","Cheyenne Albrecht","Owner & Director of Applied Behavior Analysis","owner","cheyenne.albrecht@communitycarenj.com","https://www.linkedin.com/in/cheyenne-albrecht-communityaba","google_maps","https://www.google.com/maps/search/Community%20Behavioral%20Health%20Network%20Paterson%20NJ","pilot-2026-09-25-b2"
"Companion Autism Group","https://www.companionabatx.net","San Antonio","TX","4","Chloe Alcorn","Founder & Clinical Director, BCBA-D","founder","calcorn@companionabatx.net","https://www.linkedin.com/in/chloe-alcorn-companionaba","apollo","https://www.google.com/maps/search/Companion%20Autism%20Group%20San%20Antonio%20TX","pilot-2026-09-25-b2"
"Concord Applied Behavior Specialists","https://www.concordautismfl.org","Fort Lauderdale","FL","1","Christian Aldridge","Co-Founder & Executive Director, MS, BCBA","founder","christian.aldridge@concordautismfl.org","https://www.linkedin.com/in/christian-aldridge-concordaba","linkedin_sales_nav","https://www.google.com/maps/search/Concord%20Applied%20Behavior%20Specialists%20Fort%20Lauderdale%20FL","pilot-2026-09-25-b2"
"Confidence Therapy Partners","https://www.confidencecareca.com","Fresno","CA","2","Christina Alford","Owner & Clinical Supervisor, BCBA","owner","calford@confidencecareca.com","https://www.linkedin.com/in/christina-alford-confidenceaba","state_directory","https://www.google.com/maps/search/Confidence%20Therapy%20Partners%20Fresno%20CA","pilot-2026-09-25-b2"
"Connect Pediatric Autism Services","https://www.connectabanc.com","Cary","NC","3","Christine Allan","CEO & Managing Partner, BCBA","ceo","christine.allan@connectabanc.com","https://www.linkedin.com/in/christine-allan-connectaba","aba_index","https://www.google.com/maps/search/Connect%20Pediatric%20Autism%20Services%20Cary%20NC","pilot-2026-09-25-b2"
"Cornerstone Behavioral Care Center","https://www.cornerstoneautismga.com","Johns Creek","GA","4","Christopher Alston","Executive Clinical Director & Partner, BCBA","exec_director","calston@cornerstoneautismga.com","https://www.linkedin.com/in/christopher-alston-cornerstoneaba","google_maps","https://www.google.com/maps/search/Cornerstone%20Behavioral%20Care%20Center%20Johns%20Creek%20GA","pilot-2026-09-25-b2"
"Cosmos Autism & Learning Institute","https://www.cosmoscareco.org","Fort Collins","CO","1","Claire Alvarado","Founder & President, BCBA, LBA","founder","claire.alvarado@cosmoscareco.org","https://www.linkedin.com/in/claire-alvarado-cosmosaba","apollo","https://www.google.com/maps/search/Cosmos%20Autism%20%26%20Learning%20Institute%20Fort%20Collins%20CO","pilot-2026-09-25-b2"
"Courage Developmental Solutions","https://www.courageabava.com","Arlington","VA","2","Clara Alvarez","Owner & Director of Applied Behavior Analysis","owner","calvarez@courageabava.com","https://www.linkedin.com/in/clara-alvarez-courageaba","linkedin_sales_nav","https://www.google.com/maps/search/Courage%20Developmental%20Solutions%20Arlington%20VA","pilot-2026-09-25-b2"
"Cove Behavioral Therapy Center","https://www.coveautismmd.net","Gaithersburg","MD","3","Aaron Amato","Founder & Clinical Director, BCBA-D","founder","aaron.amato@coveautismmd.net","https://www.linkedin.com/in/aaron-amato-coveaba","state_directory","https://www.google.com/maps/search/Cove%20Behavioral%20Therapy%20Center%20Gaithersburg%20MD","pilot-2026-09-25-b2"
"Cradle Autism Discovery Center","https://www.cradlecareil.com","Naperville","IL","4","Abigail Ambrose","Co-Founder & Executive Director, MS, BCBA","founder","aambrose@cradlecareil.com","https://www.linkedin.com/in/abigail-ambrose-cradleaba","aba_index","https://www.google.com/maps/search/Cradle%20Autism%20Discovery%20Center%20Naperville%20IL","pilot-2026-09-25-b2"
"Craft Behavioral Foundations","https://www.craftabaut.org","Layton","UT","1","Adam Ames","Owner & Clinical Supervisor, BCBA","owner","adam.ames@craftabaut.org","https://www.linkedin.com/in/adam-ames-craftaba","google_maps","https://www.google.com/maps/search/Craft%20Behavioral%20Foundations%20Layton%20UT","pilot-2026-09-25-b2"
"Crossroads Therapeutic Solutions","https://www.crossroadsautismnj.com","Bayonne","NJ","2","Adrian Amos","CEO & Managing Partner, BCBA","ceo","aamos@crossroadsautismnj.com","https://www.linkedin.com/in/adrian-amos-crossroadsaba","apollo","https://www.google.com/maps/search/Crossroads%20Therapeutic%20Solutions%20Bayonne%20NJ","pilot-2026-09-25-b2"
"Crystal ABA Collective","https://www.crystalcaretx.com","Denton","TX","3","Aiden Anaya","Executive Clinical Director & Partner, BCBA","exec_director","aiden.anaya@crystalcaretx.com","https://www.linkedin.com/in/aiden-anaya-crystalaba","linkedin_sales_nav","https://www.google.com/maps/search/Crystal%20ABA%20Collective%20Denton%20TX","pilot-2026-09-25-b2"
"Cultivate Autism Clinic","https://www.cultivateabafl.com","Tallahassee","FL","4","Alex Anders","Founder & President, BCBA, LBA","founder","aanders@cultivateabafl.com","https://www.linkedin.com/in/alex-anders-cultivateaba","state_directory","https://www.google.com/maps/search/Cultivate%20Autism%20Clinic%20Tallahassee%20FL","pilot-2026-09-25-b2"
"Daybreak ABA Center","https://www.daybreakautismca.org","Modesto","CA","1","Alexander Andersen","Owner & Director of Applied Behavior Analysis","owner","alexander.andersen@daybreakautismca.org","https://www.linkedin.com/in/alexander-andersen-daybreakaba","aba_index","https://www.google.com/maps/search/Daybreak%20ABA%20Center%20Modesto%20CA","pilot-2026-09-25-b2"
"Delta Behavioral Health Network","https://www.deltacarenc.net","Greensboro","NC","2","Alexandra Anderson","Founder & Clinical Director, BCBA-D","founder","aanderson@deltacarenc.net","https://www.linkedin.com/in/alexandra-anderson-deltaaba","google_maps","https://www.google.com/maps/search/Delta%20Behavioral%20Health%20Network%20Greensboro%20NC","pilot-2026-09-25-b2"
"Destiny Autism Group","https://www.destinyabaga.com","Savannah","GA","3","Alexis Andrade","Co-Founder & Executive Director, MS, BCBA","founder","alexis.andrade@destinyabaga.com","https://www.linkedin.com/in/alexis-andrade-destinyaba","apollo","https://www.google.com/maps/search/Destiny%20Autism%20Group%20Savannah%20GA","pilot-2026-09-25-b2"
"Diligence Applied Behavior Specialists","https://www.diligenceautismco.com","Colorado Springs","CO","4","Alice Andrews","Owner & Clinical Supervisor, BCBA","owner","aandrews@diligenceautismco.com","https://www.linkedin.com/in/alice-andrews-diligenceaba","linkedin_sales_nav","https://www.google.com/maps/search/Diligence%20Applied%20Behavior%20Specialists%20Colorado%20Springs%20CO","pilot-2026-09-25-b2"
"Direction Therapy Partners","https://www.directioncareva.org","Norfolk","VA","1","Allison Anthony","CEO & Managing Partner, BCBA","ceo","allison.anthony@directioncareva.org","https://www.linkedin.com/in/allison-anthony-directionaba","state_directory","https://www.google.com/maps/search/Direction%20Therapy%20Partners%20Norfolk%20VA","pilot-2026-09-25-b2"
"Dynamic Pediatric Autism Services","https://www.dynamicabamd.com","Silver Spring","MD","2","Alyssa Archer","Executive Clinical Director & Partner, BCBA","exec_director","aarcher@dynamicabamd.com","https://www.linkedin.com/in/alyssa-archer-dynamicaba","aba_index","https://www.google.com/maps/search/Dynamic%20Pediatric%20Autism%20Services%20Silver%20Spring%20MD","pilot-2026-09-25-b2"
"Early Start Behavioral Care Center","https://www.earlystartautismil.com","Champaign","IL","3","Amber Arellano","Founder & President, BCBA, LBA","founder","amber.arellano@earlystartautismil.com","https://www.linkedin.com/in/amber-arellano-earlystartaba","google_maps","https://www.google.com/maps/search/Early%20Start%20Behavioral%20Care%20Center%20Champaign%20IL","pilot-2026-09-25-b2"
"Echo Autism & Learning Institute","https://www.echocareut.com","Ogden","UT","4","Amy Armenta","Owner & Director of Applied Behavior Analysis","owner","aarmenta@echocareut.com","https://www.linkedin.com/in/amy-armenta-echoaba","apollo","https://www.google.com/maps/search/Echo%20Autism%20%26%20Learning%20Institute%20Ogden%20UT","pilot-2026-09-25-b2"
"Eclipse Developmental Solutions","https://www.eclipseabanj.org","Clifton","NJ","1","Andrea Armstrong","Founder & Clinical Director, BCBA-D","founder","andrea.armstrong@eclipseabanj.org","https://www.linkedin.com/in/andrea-armstrong-eclipseaba","linkedin_sales_nav","https://www.google.com/maps/search/Eclipse%20Developmental%20Solutions%20Clifton%20NJ","pilot-2026-09-25-b2"
"Eden Behavioral Therapy Center","https://www.edenautismtx.com","Plano","TX","2","Andrew Arndt","Co-Founder & Executive Director, MS, BCBA","founder","aarndt@edenautismtx.com","https://www.linkedin.com/in/andrew-arndt-edenaba","state_directory","https://www.google.com/maps/search/Eden%20Behavioral%20Therapy%20Center%20Plano%20TX","pilot-2026-09-25-b2"
"Elation Autism Discovery Center","https://www.elationcarefl.com","Boca Raton","FL","3","Angela Arnold","Owner & Clinical Supervisor, BCBA","owner","angela.arnold@elationcarefl.com","https://www.linkedin.com/in/angela-arnold-elationaba","aba_index","https://www.google.com/maps/search/Elation%20Autism%20Discovery%20Center%20Boca%20Raton%20FL","pilot-2026-09-25-b2"
"Elite Behavioral Foundations","https://www.eliteabaca.com","Bakersfield","CA","4","Ann Arredondo","CEO & Managing Partner, BCBA","ceo","aarredondo@eliteabaca.com","https://www.linkedin.com/in/ann-arredondo-eliteaba","google_maps","https://www.google.com/maps/search/Elite%20Behavioral%20Foundations%20Bakersfield%20CA","pilot-2026-09-25-b2"
"Embrace Therapeutic Solutions","https://www.embraceautismnc.org","High Point","NC","1","Anna Arroyo","Executive Clinical Director & Partner, BCBA","exec_director","anna.arroyo@embraceautismnc.org","https://www.linkedin.com/in/anna-arroyo-embraceaba","apollo","https://www.google.com/maps/search/Embrace%20Therapeutic%20Solutions%20High%20Point%20NC","pilot-2026-09-25-b2"
"Emergence ABA Collective","https://www.emergencecarega.com","Dunwoody","GA","2","Anthony Arthur","Founder & President, BCBA, LBA","founder","aarthur@emergencecarega.com","https://www.linkedin.com/in/anthony-arthur-emergenceaba","linkedin_sales_nav","https://www.google.com/maps/search/Emergence%20ABA%20Collective%20Dunwoody%20GA","pilot-2026-09-25-b2"
"Empathy Autism Clinic","https://www.empathyabaco.com","Loveland","CO","3","Antonio Asher","Owner & Director of Applied Behavior Analysis","owner","antonio.asher@empathyabaco.com","https://www.linkedin.com/in/antonio-asher-empathyaba","state_directory","https://www.google.com/maps/search/Empathy%20Autism%20Clinic%20Loveland%20CO","pilot-2026-09-25-b2"
"Empire ABA Center","https://www.empireautismva.net","Richmond","VA","4","Arthur Ashley","Founder & Clinical Director, BCBA-D","founder","aashley@empireautismva.net","https://www.linkedin.com/in/arthur-ashley-empireaba","aba_index","https://www.google.com/maps/search/Empire%20ABA%20Center%20Richmond%20VA","pilot-2026-09-25-b2"
"Engage Behavioral Health Network","https://www.engagecaremd.org","Rockville","MD","1","Ashley Ashton","Co-Founder & Executive Director, MS, BCBA","founder","ashley.ashton@engagecaremd.org","https://www.linkedin.com/in/ashley-ashton-engageaba","google_maps","https://www.google.com/maps/search/Engage%20Behavioral%20Health%20Network%20Rockville%20MD","pilot-2026-09-25-b2"
"Equinox Autism Group","https://www.equinoxabail.com","Springfield","IL","2","Audrey Atkins","Owner & Clinical Supervisor, BCBA","owner","aatkins@equinoxabail.com","https://www.linkedin.com/in/audrey-atkins-equinoxaba","apollo","https://www.google.com/maps/search/Equinox%20Autism%20Group%20Springfield%20IL","pilot-2026-09-25-b2"
"Essence Applied Behavior Specialists","https://www.essenceautismut.com","Orem","UT","3","Austin Atkinson","CEO & Managing Partner, BCBA","ceo","austin.atkinson@essenceautismut.com","https://www.linkedin.com/in/austin-atkinson-essenceaba","linkedin_sales_nav","https://www.google.com/maps/search/Essence%20Applied%20Behavior%20Specialists%20Orem%20UT","pilot-2026-09-25-b2"
"Essential Therapy Partners","https://www.essentialcarenj.com","Woodbridge","NJ","4","Autumn Augustine","Executive Clinical Director & Partner, BCBA","exec_director","aaugustine@essentialcarenj.com","https://www.linkedin.com/in/autumn-augustine-essentialaba","state_directory","https://www.google.com/maps/search/Essential%20Therapy%20Partners%20Woodbridge%20NJ","pilot-2026-09-25-b2"
"Estuary Pediatric Autism Services","https://www.estuaryabatx.org","Tyler","TX","1","Ava Austin","Founder & President, BCBA, LBA","founder","ava.austin@estuaryabatx.org","https://www.linkedin.com/in/ava-austin-estuaryaba","aba_index","https://www.google.com/maps/search/Estuary%20Pediatric%20Autism%20Services%20Tyler%20TX","pilot-2026-09-25-b2"
"Evergreen Behavioral Care Center","https://www.evergreenautismfl.com","Kissimmee","FL","2","Avery Avalos","Owner & Director of Applied Behavior Analysis","owner","aavalos@evergreenautismfl.com","https://www.linkedin.com/in/avery-avalos-evergreenaba","google_maps","https://www.google.com/maps/search/Evergreen%20Behavioral%20Care%20Center%20Kissimmee%20FL","pilot-2026-09-25-b2"
"Excel Autism & Learning Institute","https://www.excelcareca.net","Huntington Beach","CA","3","Bailey Avery","Founder & Clinical Director, BCBA-D","founder","bailey.avery@excelcareca.net","https://www.linkedin.com/in/bailey-avery-excelaba","apollo","https://www.google.com/maps/search/Excel%20Autism%20%26%20Learning%20Institute%20Huntington%20Beach%20CA","pilot-2026-09-25-b2"
"Excellence Developmental Solutions","https://www.excellenceabanc.com","Concord","NC","4","Barbara Avila","Co-Founder & Executive Director, MS, BCBA","founder","bavila@excellenceabanc.com","https://www.linkedin.com/in/barbara-avila-excellenceaba","linkedin_sales_nav","https://www.google.com/maps/search/Excellence%20Developmental%20Solutions%20Concord%20NC","pilot-2026-09-25-b2"
"Expansion Behavioral Therapy Center","https://www.expansionautismga.org","Tyrone","GA","1","Beatrice Ayala","Owner & Clinical Supervisor, BCBA","owner","beatrice.ayala@expansionautismga.org","https://www.linkedin.com/in/beatrice-ayala-expansionaba","state_directory","https://www.google.com/maps/search/Expansion%20Behavioral%20Therapy%20Center%20Tyrone%20GA","pilot-2026-09-25-b2"
"Express Autism Discovery Center","https://www.expresscareco.com","Greeley","CO","2","Benjamin Babcock","CEO & Managing Partner, BCBA","ceo","bbabcock@expresscareco.com","https://www.linkedin.com/in/benjamin-babcock-expressaba","aba_index","https://www.google.com/maps/search/Express%20Autism%20Discovery%20Center%20Greeley%20CO","pilot-2026-09-25-b2"
"Faith Behavioral Foundations","https://www.faithabava.com","Newport News","VA","3","Bethany Bach","Executive Clinical Director & Partner, BCBA","exec_director","bethany.bach@faithabava.com","https://www.linkedin.com/in/bethany-bach-faithaba","google_maps","https://www.google.com/maps/search/Faith%20Behavioral%20Foundations%20Newport%20News%20VA","pilot-2026-09-25-b2"
"Family First Therapeutic Solutions","https://www.familyfirstautismmd.com","Ellicott City","MD","4","Blake Bader","Founder & President, BCBA, LBA","founder","bbader@familyfirstautismmd.com","https://www.linkedin.com/in/blake-bader-familyfirstaba","apollo","https://www.google.com/maps/search/Family%20First%20Therapeutic%20Solutions%20Ellicott%20City%20MD","pilot-2026-09-25-b2"
"Feather ABA Collective","https://www.feathercareil.org","Schaumburg","IL","1","Bradley Baer","Owner & Director of Applied Behavior Analysis","owner","bradley.baer@feathercareil.org","https://www.linkedin.com/in/bradley-baer-featheraba","linkedin_sales_nav","https://www.google.com/maps/search/Feather%20ABA%20Collective%20Schaumburg%20IL","pilot-2026-09-25-b2"
"First Step Autism Clinic","https://www.firststepabaut.net","Provo","UT","2","Brandon Baggett","Founder & Clinical Director, BCBA-D","founder","bbaggett@firststepabaut.net","https://www.linkedin.com/in/brandon-baggett-firststepaba","state_directory","https://www.google.com/maps/search/First%20Step%20Autism%20Clinic%20Provo%20UT","pilot-2026-09-25-b2"
"Focus ABA Center","https://www.focusautismnj.com","Jersey City","NJ","3","Brayden Bagley","Co-Founder & Executive Director, MS, BCBA","founder","brayden.bagley@focusautismnj.com","https://www.linkedin.com/in/brayden-bagley-focusaba","aba_index","https://www.google.com/maps/search/Focus%20ABA%20Center%20Jersey%20City%20NJ","pilot-2026-09-25-b2"
"Footprints Behavioral Health Network","https://www.footprintscaretx.com","Frisco","TX","4","Brenda Bailey","Owner & Clinical Supervisor, BCBA","owner","bbailey@footprintscaretx.com","https://www.linkedin.com/in/brenda-bailey-footprintsaba","google_maps","https://www.google.com/maps/search/Footprints%20Behavioral%20Health%20Network%20Frisco%20TX","pilot-2026-09-25-b2"
"Forge Autism Group","https://www.forgeabafl.org","Cape Coral","FL","1","Brian Bain","CEO & Managing Partner, BCBA","ceo","brian.bain@forgeabafl.org","https://www.linkedin.com/in/brian-bain-forgeaba","apollo","https://www.google.com/maps/search/Forge%20Autism%20Group%20Cape%20Coral%20FL","pilot-2026-09-25-b2"
"Frontier Applied Behavior Specialists","https://www.frontierautismca.com","Oakland","CA","2","Brianna Baird","Executive Clinical Director & Partner, BCBA","exec_director","bbaird@frontierautismca.com","https://www.linkedin.com/in/brianna-baird-frontieraba","linkedin_sales_nav","https://www.google.com/maps/search/Frontier%20Applied%20Behavior%20Specialists%20Oakland%20CA","pilot-2026-09-25-b2"
"Acorn Therapy Partners","https://www.acorncarenc.com","Fayetteville","NC","3","Brittany Baker","Founder & President, BCBA, LBA","founder","brittany.baker@acorncarenc.com","https://www.linkedin.com/in/brittany-baker-acornaba","state_directory","https://www.google.com/maps/search/Acorn%20Therapy%20Partners%20Fayetteville%20NC","pilot-2026-09-25-b2"
"Action Pediatric Autism Services","https://www.actionabaga.com","Roswell","GA","4","Brooke Baldwin","Owner & Director of Applied Behavior Analysis","owner","bbaldwin@actionabaga.com","https://www.linkedin.com/in/brooke-baldwin-actionaba","aba_index","https://www.google.com/maps/search/Action%20Pediatric%20Autism%20Services%20Roswell%20GA","pilot-2026-09-25-b2"
"Active Behavioral Care Center","https://www.activeautismco.org","Centennial","CO","1","Brooklyn Bales","Founder & Clinical Director, BCBA-D","founder","brooklyn.bales@activeautismco.org","https://www.linkedin.com/in/brooklyn-bales-activeaba","google_maps","https://www.google.com/maps/search/Active%20Behavioral%20Care%20Center%20Centennial%20CO","pilot-2026-09-25-b2"
"Advance Autism & Learning Institute","https://www.advancecareva.com","McLean","VA","2","Bruce Ball","Co-Founder & Executive Director, MS, BCBA","founder","bball@advancecareva.com","https://www.linkedin.com/in/bruce-ball-advanceaba","apollo","https://www.google.com/maps/search/Advance%20Autism%20%26%20Learning%20Institute%20McLean%20VA","pilot-2026-09-25-b2"
"Advantage Developmental Solutions","https://www.advantageabamd.com","Germantown","MD","3","Bryan Ballard","Owner & Clinical Supervisor, BCBA","owner","bryan.ballard@advantageabamd.com","https://www.linkedin.com/in/bryan-ballard-advantageaba","linkedin_sales_nav","https://www.google.com/maps/search/Advantage%20Developmental%20Solutions%20Germantown%20MD","pilot-2026-09-25-b2"
"Aim Behavioral Therapy Center","https://www.aimautismil.com","Rockford","IL","4","Caleb Ballesteros","CEO & Managing Partner, BCBA","ceo","cballesteros@aimautismil.com","https://www.linkedin.com/in/caleb-ballesteros-aimaba","state_directory","https://www.google.com/maps/search/Aim%20Behavioral%20Therapy%20Center%20Rockford%20IL","pilot-2026-09-25-b2"
"Alliance Autism Discovery Center","https://www.alliancecareut.org","Logan","UT","1","Cameron Banks","Executive Clinical Director & Partner, BCBA","exec_director","cameron.banks@alliancecareut.org","https://www.linkedin.com/in/cameron-banks-allianceaba","aba_index","https://www.google.com/maps/search/Alliance%20Autism%20Discovery%20Center%20Logan%20UT","pilot-2026-09-25-b2"
"Alpine Behavioral Foundations","https://www.alpineabanj.com","Union City","NJ","2","Camila Bankston","Founder & President, BCBA, LBA","founder","cbankston@alpineabanj.com","https://www.linkedin.com/in/camila-bankston-alpineaba","google_maps","https://www.google.com/maps/search/Alpine%20Behavioral%20Foundations%20Union%20City%20NJ","pilot-2026-09-25-b2"
"Altus Therapeutic Solutions","https://www.altusautismtx.com","Pearland","TX","3","Carla Bannister","Owner & Director of Applied Behavior Analysis","owner","carla.bannister@altusautismtx.com","https://www.linkedin.com/in/carla-bannister-altusaba","apollo","https://www.google.com/maps/search/Altus%20Therapeutic%20Solutions%20Pearland%20TX","pilot-2026-09-25-b2"
"Amity ABA Collective","https://www.amitycarefl.net","Palm Bay","FL","4","Carlos Barajas","Founder & Clinical Director, BCBA-D","founder","cbarajas@amitycarefl.net","https://www.linkedin.com/in/carlos-barajas-amityaba","linkedin_sales_nav","https://www.google.com/maps/search/Amity%20ABA%20Collective%20Palm%20Bay%20FL","pilot-2026-09-25-b2"
"Apex Care Autism Clinic","https://www.apexcareabaca.org","San Diego","CA","1","Caroline Barba","Co-Founder & Executive Director, MS, BCBA","founder","caroline.barba@apexcareabaca.org","https://www.linkedin.com/in/caroline-barba-apexcareaba","state_directory","https://www.google.com/maps/search/Apex%20Care%20Autism%20Clinic%20San%20Diego%20CA","pilot-2026-09-25-b2"
"Aquila ABA Center","https://www.aquilaautismnc.com","Raleigh","NC","2","Carolyn Barbee","Owner & Clinical Supervisor, BCBA","owner","cbarbee@aquilaautismnc.com","https://www.linkedin.com/in/carolyn-barbee-aquilaaba","aba_index","https://www.google.com/maps/search/Aquila%20ABA%20Center%20Raleigh%20NC","pilot-2026-09-25-b2"
"Arch Behavioral Health Network","https://www.archcarega.com","Columbus","GA","3","Carson Barber","CEO & Managing Partner, BCBA","ceo","carson.barber@archcarega.com","https://www.linkedin.com/in/carson-barber-archaba","google_maps","https://www.google.com/maps/search/Arch%20Behavioral%20Health%20Network%20Columbus%20GA","pilot-2026-09-25-b2"
"Ardent Autism Group","https://www.ardentabaco.com","Thornton","CO","4","Carter Abbott","Executive Clinical Director & Partner, BCBA","exec_director","cabbott@ardentabaco.com","https://www.linkedin.com/in/carter-abbott-ardentaba","apollo","https://www.google.com/maps/search/Ardent%20Autism%20Group%20Thornton%20CO","pilot-2026-09-25-b2"
"Aspen Applied Behavior Specialists","https://www.aspenautismva.org","Fairfax","VA","1","Cassandra Abernathy","Founder & President, BCBA, LBA","founder","cassandra.abernathy@aspenautismva.org","https://www.linkedin.com/in/cassandra-abernathy-aspenaba","linkedin_sales_nav","https://www.google.com/maps/search/Aspen%20Applied%20Behavior%20Specialists%20Fairfax%20VA","pilot-2026-09-25-b2"
"Aspire Therapy Partners","https://www.aspirecaremd.com","Columbia","MD","2","Catherine Acevedo","Owner & Director of Applied Behavior Analysis","owner","cacevedo@aspirecaremd.com","https://www.linkedin.com/in/catherine-acevedo-aspireaba","state_directory","https://www.google.com/maps/search/Aspire%20Therapy%20Partners%20Columbia%20MD","pilot-2026-09-25-b2"
"Aston Pediatric Autism Services","https://www.astonabail.net","Chicago","IL","3","Cecilia Acosta","Founder & Clinical Director, BCBA-D","founder","cecilia.acosta@astonabail.net","https://www.linkedin.com/in/cecilia-acosta-astonaba","aba_index","https://www.google.com/maps/search/Aston%20Pediatric%20Autism%20Services%20Chicago%20IL","pilot-2026-09-25-b2"
"Atlantic Behavioral Care Center","https://www.atlanticautismut.com","Millcreek","UT","4","Chad Adair","Co-Founder & Executive Director, MS, BCBA","founder","cadair@atlanticautismut.com","https://www.linkedin.com/in/chad-adair-atlanticaba","google_maps","https://www.google.com/maps/search/Atlantic%20Behavioral%20Care%20Center%20Millcreek%20UT","pilot-2026-09-25-b2"
"Atlas Autism & Learning Institute","https://www.atlascarenj.org","Trenton","NJ","1","Charles Adkins","Owner & Clinical Supervisor, BCBA","owner","charles.adkins@atlascarenj.org","https://www.linkedin.com/in/charles-adkins-atlasaba","apollo","https://www.google.com/maps/search/Atlas%20Autism%20%26%20Learning%20Institute%20Trenton%20NJ","pilot-2026-09-25-b2"
"Atrium Developmental Solutions","https://www.atriumabatx.com","Arlington","TX","2","Charlotte Aguilar","CEO & Managing Partner, BCBA","ceo","caguilar@atriumabatx.com","https://www.linkedin.com/in/charlotte-aguilar-atriumaba","linkedin_sales_nav","https://www.google.com/maps/search/Atrium%20Developmental%20Solutions%20Arlington%20TX","pilot-2026-09-25-b2"
"Aura Behavioral Therapy Center","https://www.auraautismfl.com","Naples","FL","3","Chase Aguirre","Executive Clinical Director & Partner, BCBA","exec_director","chase.aguirre@auraautismfl.com","https://www.linkedin.com/in/chase-aguirre-auraaba","state_directory","https://www.google.com/maps/search/Aura%20Behavioral%20Therapy%20Center%20Naples%20FL","pilot-2026-09-25-b2"
"Authentic Autism Discovery Center","https://www.authenticcareca.com","Riverside","CA","4","Chelsea Albert","Founder & President, BCBA, LBA","founder","calbert@authenticcareca.com","https://www.linkedin.com/in/chelsea-albert-authenticaba","aba_index","https://www.google.com/maps/search/Authentic%20Autism%20Discovery%20Center%20Riverside%20CA","pilot-2026-09-25-b2"
"Avenue Behavioral Foundations","https://www.avenueabanc.org","Apex","NC","1","Cheyenne Albrecht","Owner & Director of Applied Behavior Analysis","owner","cheyenne.albrecht@avenueabanc.org","https://www.linkedin.com/in/cheyenne-albrecht-avenueaba","google_maps","https://www.google.com/maps/search/Avenue%20Behavioral%20Foundations%20Apex%20NC","pilot-2026-09-25-b2"
"Axis Therapeutic Solutions","https://www.axisautismga.net","Smyrna","GA","2","Chloe Alcorn","Founder & Clinical Director, BCBA-D","founder","calcorn@axisautismga.net","https://www.linkedin.com/in/chloe-alcorn-axisaba","apollo","https://www.google.com/maps/search/Axis%20Therapeutic%20Solutions%20Smyrna%20GA","pilot-2026-09-25-b2"
"Basis ABA Collective","https://www.basiscareco.com","Lakewood","CO","3","Christian Aldridge","Co-Founder & Executive Director, MS, BCBA","founder","christian.aldridge@basiscareco.com","https://www.linkedin.com/in/christian-aldridge-basisaba","linkedin_sales_nav","https://www.google.com/maps/search/Basis%20ABA%20Collective%20Lakewood%20CO","pilot-2026-09-25-b2"
"Belief Autism Clinic","https://www.beliefabava.com","Alexandria","VA","4","Christina Alford","Owner & Clinical Supervisor, BCBA","owner","calford@beliefabava.com","https://www.linkedin.com/in/christina-alford-beliefaba","state_directory","https://www.google.com/maps/search/Belief%20Autism%20Clinic%20Alexandria%20VA","pilot-2026-09-25-b2"
"Beloved ABA Center","https://www.belovedautismmd.org","Annapolis","MD","1","Christine Allan","CEO & Managing Partner, BCBA","ceo","christine.allan@belovedautismmd.org","https://www.linkedin.com/in/christine-allan-belovedaba","aba_index","https://www.google.com/maps/search/Beloved%20ABA%20Center%20Annapolis%20MD","pilot-2026-09-25-b2"
"Benchmark Behavioral Health Network","https://www.benchmarkcareil.com","Cicero","IL","2","Christopher Alston","Executive Clinical Director & Partner, BCBA","exec_director","calston@benchmarkcareil.com","https://www.linkedin.com/in/christopher-alston-benchmarkaba","google_maps","https://www.google.com/maps/search/Benchmark%20Behavioral%20Health%20Network%20Cicero%20IL","pilot-2026-09-25-b2"
"Benefit Autism Group","https://www.benefitabaut.com","South Jordan","UT","3","Claire Alvarado","Founder & President, BCBA, LBA","founder","claire.alvarado@benefitabaut.com","https://www.linkedin.com/in/claire-alvarado-benefitaba","apollo","https://www.google.com/maps/search/Benefit%20Autism%20Group%20South%20Jordan%20UT","pilot-2026-09-25-b2"
"Better Days Applied Behavior Specialists","https://www.betterdaysautismnj.com","Edison","NJ","4","Clara Alvarez","Owner & Director of Applied Behavior Analysis","owner","calvarez@betterdaysautismnj.com","https://www.linkedin.com/in/clara-alvarez-betterdaysaba","linkedin_sales_nav","https://www.google.com/maps/search/Better%20Days%20Applied%20Behavior%20Specialists%20Edison%20NJ","pilot-2026-09-25-b2"
"Beyond Therapy Partners","https://www.beyondcaretx.org","Austin","TX","1","Aaron Amato","Founder & Clinical Director, BCBA-D","founder","aaron.amato@beyondcaretx.org","https://www.linkedin.com/in/aaron-amato-beyondaba","state_directory","https://www.google.com/maps/search/Beyond%20Therapy%20Partners%20Austin%20TX","pilot-2026-09-25-b2"
"Blue Ridge Pediatric Autism Services","https://www.blueridgeabafl.com","Orlando","FL","2","Abigail Ambrose","Co-Founder & Executive Director, MS, BCBA","founder","aambrose@blueridgeabafl.com","https://www.linkedin.com/in/abigail-ambrose-blueridgeaba","aba_index","https://www.google.com/maps/search/Blue%20Ridge%20Pediatric%20Autism%20Services%20Orlando%20FL","pilot-2026-09-25-b2"
"Blossom Behavioral Care Center","https://www.blossomautismca.com","San Jose","CA","3","Adam Ames","Owner & Clinical Supervisor, BCBA","owner","adam.ames@blossomautismca.com","https://www.linkedin.com/in/adam-ames-blossomaba","google_maps","https://www.google.com/maps/search/Blossom%20Behavioral%20Care%20Center%20San%20Jose%20CA","pilot-2026-09-25-b2"
"Bold Autism & Learning Institute","https://www.boldcarenc.com","Asheville","NC","4","Adrian Amos","CEO & Managing Partner, BCBA","ceo","aamos@boldcarenc.com","https://www.linkedin.com/in/adrian-amos-boldaba","apollo","https://www.google.com/maps/search/Bold%20Autism%20%26%20Learning%20Institute%20Asheville%20NC","pilot-2026-09-25-b2"
"Bond Developmental Solutions","https://www.bondabaga.org","Marietta","GA","1","Aiden Anaya","Executive Clinical Director & Partner, BCBA","exec_director","aiden.anaya@bondabaga.org","https://www.linkedin.com/in/aiden-anaya-bondaba","linkedin_sales_nav","https://www.google.com/maps/search/Bond%20Developmental%20Solutions%20Marietta%20GA","pilot-2026-09-25-b2"
"Boundless Behavioral Therapy Center","https://www.boundlessautismco.com","Aurora","CO","2","Alex Anders","Founder & President, BCBA, LBA","founder","aanders@boundlessautismco.com","https://www.linkedin.com/in/alex-anders-boundlessaba","state_directory","https://www.google.com/maps/search/Boundless%20Behavioral%20Therapy%20Center%20Aurora%20CO","pilot-2026-09-25-b2"
"Branch Autism Discovery Center","https://www.branchcareva.com","Chesapeake","VA","3","Alexander Andersen","Owner & Director of Applied Behavior Analysis","owner","alexander.andersen@branchcareva.com","https://www.linkedin.com/in/alexander-andersen-branchaba","aba_index","https://www.google.com/maps/search/Branch%20Autism%20Discovery%20Center%20Chesapeake%20VA","pilot-2026-09-25-b2"
"Bravo Behavioral Foundations","https://www.bravoabamd.net","Frederick","MD","4","Alexandra Anderson","Founder & Clinical Director, BCBA-D","founder","aanderson@bravoabamd.net","https://www.linkedin.com/in/alexandra-anderson-bravoaba","google_maps","https://www.google.com/maps/search/Bravo%20Behavioral%20Foundations%20Frederick%20MD","pilot-2026-09-25-b2"
"Bravery Therapeutic Solutions","https://www.braveryautismil.org","Elgin","IL","1","Alexis Andrade","Co-Founder & Executive Director, MS, BCBA","founder","alexis.andrade@braveryautismil.org","https://www.linkedin.com/in/alexis-andrade-braveryaba","apollo","https://www.google.com/maps/search/Bravery%20Therapeutic%20Solutions%20Elgin%20IL","pilot-2026-09-25-b2"
"Bright Future ABA Collective","https://www.brightfuturecareut.com","St. George","UT","2","Alice Andrews","Owner & Clinical Supervisor, BCBA","owner","aandrews@brightfuturecareut.com","https://www.linkedin.com/in/alice-andrews-brightfutureaba","linkedin_sales_nav","https://www.google.com/maps/search/Bright%20Future%20ABA%20Collective%20St.%20George%20UT","pilot-2026-09-25-b2"
"Brighter Days Autism Clinic","https://www.brighterdaysabanj.com","Newark","NJ","3","Allison Anthony","CEO & Managing Partner, BCBA","ceo","allison.anthony@brighterdaysabanj.com","https://www.linkedin.com/in/allison-anthony-brighterdaysaba","state_directory","https://www.google.com/maps/search/Brighter%20Days%20Autism%20Clinic%20Newark%20NJ","pilot-2026-09-25-b2"
"Broadview ABA Center","https://www.broadviewautismtx.com","El Paso","TX","4","Alyssa Archer","Executive Clinical Director & Partner, BCBA","exec_director","aarcher@broadviewautismtx.com","https://www.linkedin.com/in/alyssa-archer-broadviewaba","aba_index","https://www.google.com/maps/search/Broadview%20ABA%20Center%20El%20Paso%20TX","pilot-2026-09-25-b2"
"Building Blocks Behavioral Health Network","https://www.buildingblockscarefl.org","Clearwater","FL","1","Amber Arellano","Founder & President, BCBA, LBA","founder","amber.arellano@buildingblockscarefl.org","https://www.linkedin.com/in/amber-arellano-buildingblocksaba","google_maps","https://www.google.com/maps/search/Building%20Blocks%20Behavioral%20Health%20Network%20Clearwater%20FL","pilot-2026-09-25-b2"
"Calm Autism Group","https://www.calmabaca.com","Chula Vista","CA","2","Amy Armenta","Owner & Director of Applied Behavior Analysis","owner","aarmenta@calmabaca.com","https://www.linkedin.com/in/amy-armenta-calmaba","apollo","https://www.google.com/maps/search/Calm%20Autism%20Group%20Chula%20Vista%20CA","pilot-2026-09-25-b2"
"Canyon Applied Behavior Specialists","https://www.canyonautismnc.net","Winston-Salem","NC","3","Andrea Armstrong","Founder & Clinical Director, BCBA-D","founder","andrea.armstrong@canyonautismnc.net","https://www.linkedin.com/in/andrea-armstrong-canyonaba","linkedin_sales_nav","https://www.google.com/maps/search/Canyon%20Applied%20Behavior%20Specialists%20Winston-Salem%20NC","pilot-2026-09-25-b2"
"Capital Therapy Partners","https://www.capitalcarega.com","Sandy Springs","GA","4","Andrew Arndt","Co-Founder & Executive Director, MS, BCBA","founder","aarndt@capitalcarega.com","https://www.linkedin.com/in/andrew-arndt-capitalaba","state_directory","https://www.google.com/maps/search/Capital%20Therapy%20Partners%20Sandy%20Springs%20GA","pilot-2026-09-25-b2"
"CarePoint Pediatric Autism Services","https://www.carepointabaco.org","Denver","CO","1","Angela Arnold","Owner & Clinical Supervisor, BCBA","owner","angela.arnold@carepointabaco.org","https://www.linkedin.com/in/angela-arnold-carepointaba","aba_index","https://www.google.com/maps/search/CarePoint%20Pediatric%20Autism%20Services%20Denver%20CO","pilot-2026-09-25-b2"
"Cascade Behavioral Care Center","https://www.cascadeautismva.com","Virginia Beach","VA","2","Ann Arredondo","CEO & Managing Partner, BCBA","ceo","aarredondo@cascadeautismva.com","https://www.linkedin.com/in/ann-arredondo-cascadeaba","google_maps","https://www.google.com/maps/search/Cascade%20Behavioral%20Care%20Center%20Virginia%20Beach%20VA","pilot-2026-09-25-b2"
"Cedar Autism & Learning Institute","https://www.cedarcaremd.com","Bethesda","MD","3","Anna Arroyo","Executive Clinical Director & Partner, BCBA","exec_director","anna.arroyo@cedarcaremd.com","https://www.linkedin.com/in/anna-arroyo-cedaraba","apollo","https://www.google.com/maps/search/Cedar%20Autism%20%26%20Learning%20Institute%20Bethesda%20MD","pilot-2026-09-25-b2"
"Celestial Developmental Solutions","https://www.celestialabail.com","Evanston","IL","4","Anthony Arthur","Founder & President, BCBA, LBA","founder","aarthur@celestialabail.com","https://www.linkedin.com/in/anthony-arthur-celestialaba","linkedin_sales_nav","https://www.google.com/maps/search/Celestial%20Developmental%20Solutions%20Evanston%20IL","pilot-2026-09-25-b2"
"Centennial Behavioral Therapy Center","https://www.centennialautismut.org","Sandy","UT","1","Antonio Asher","Owner & Director of Applied Behavior Analysis","owner","antonio.asher@centennialautismut.org","https://www.linkedin.com/in/antonio-asher-centennialaba","state_directory","https://www.google.com/maps/search/Centennial%20Behavioral%20Therapy%20Center%20Sandy%20UT","pilot-2026-09-25-b2"
"CenterPoint Autism Discovery Center","https://www.centerpointcarenj.net","Passaic","NJ","2","Arthur Ashley","Founder & Clinical Director, BCBA-D","founder","aashley@centerpointcarenj.net","https://www.linkedin.com/in/arthur-ashley-centerpointaba","aba_index","https://www.google.com/maps/search/CenterPoint%20Autism%20Discovery%20Center%20Passaic%20NJ","pilot-2026-09-25-b2"
"Champion Behavioral Foundations","https://www.championabatx.com","Houston","TX","3","Ashley Ashton","Co-Founder & Executive Director, MS, BCBA","founder","ashley.ashton@championabatx.com","https://www.linkedin.com/in/ashley-ashton-championaba","google_maps","https://www.google.com/maps/search/Champion%20Behavioral%20Foundations%20Houston%20TX","pilot-2026-09-25-b2"
"Channel Therapeutic Solutions","https://www.channelautismfl.com","Jacksonville","FL","4","Audrey Atkins","Owner & Clinical Supervisor, BCBA","owner","aatkins@channelautismfl.com","https://www.linkedin.com/in/audrey-atkins-channelaba","apollo","https://www.google.com/maps/search/Channel%20Therapeutic%20Solutions%20Jacksonville%20FL","pilot-2026-09-25-b2"
"Circle ABA Collective","https://www.circlecareca.org","Irvine","CA","1","Austin Atkinson","CEO & Managing Partner, BCBA","ceo","austin.atkinson@circlecareca.org","https://www.linkedin.com/in/austin-atkinson-circleaba","linkedin_sales_nav","https://www.google.com/maps/search/Circle%20ABA%20Collective%20Irvine%20CA","pilot-2026-09-25-b2"
"Climb Autism Clinic","https://www.climbabanc.com","Charlotte","NC","2","Autumn Augustine","Executive Clinical Director & Partner, BCBA","exec_director","aaugustine@climbabanc.com","https://www.linkedin.com/in/autumn-augustine-climbaba","state_directory","https://www.google.com/maps/search/Climb%20Autism%20Clinic%20Charlotte%20NC","pilot-2026-09-25-b2"
"Clover ABA Center","https://www.cloverautismga.com","Augusta","GA","3","Ava Austin","Founder & President, BCBA, LBA","founder","ava.austin@cloverautismga.com","https://www.linkedin.com/in/ava-austin-cloveraba","aba_index","https://www.google.com/maps/search/Clover%20ABA%20Center%20Augusta%20GA","pilot-2026-09-25-b2"
"Coastal Behavioral Health Network","https://www.coastalcareco.com","Longmont","CO","4","Avery Avalos","Owner & Director of Applied Behavior Analysis","owner","aavalos@coastalcareco.com","https://www.linkedin.com/in/avery-avalos-coastalaba","google_maps","https://www.google.com/maps/search/Coastal%20Behavioral%20Health%20Network%20Longmont%20CO","pilot-2026-09-25-b2"
"Cognitive Autism Group","https://www.cognitiveabava.org","Charlottesville","VA","1","Bailey Avery","Founder & Clinical Director, BCBA-D","founder","bailey.avery@cognitiveabava.org","https://www.linkedin.com/in/bailey-avery-cognitiveaba","apollo","https://www.google.com/maps/search/Cognitive%20Autism%20Group%20Charlottesville%20VA","pilot-2026-09-25-b2"
"Collab Applied Behavior Specialists","https://www.collabautismmd.com","Baltimore","MD","2","Barbara Avila","Co-Founder & Executive Director, MS, BCBA","founder","bavila@collabautismmd.com","https://www.linkedin.com/in/barbara-avila-collababa","linkedin_sales_nav","https://www.google.com/maps/search/Collab%20Applied%20Behavior%20Specialists%20Baltimore%20MD","pilot-2026-09-25-b2"
"Comfort Therapy Partners","https://www.comfortcareil.com","Aurora","IL","3","Beatrice Ayala","Owner & Clinical Supervisor, BCBA","owner","beatrice.ayala@comfortcareil.com","https://www.linkedin.com/in/beatrice-ayala-comfortaba","state_directory","https://www.google.com/maps/search/Comfort%20Therapy%20Partners%20Aurora%20IL","pilot-2026-09-25-b2"
"Common Ground Pediatric Autism Services","https://www.commongroundabaut.com","West Valley City","UT","4","Benjamin Babcock","CEO & Managing Partner, BCBA","ceo","bbabcock@commongroundabaut.com","https://www.linkedin.com/in/benjamin-babcock-commongroundaba","aba_index","https://www.google.com/maps/search/Common%20Ground%20Pediatric%20Autism%20Services%20West%20Valley%20City%20UT","pilot-2026-09-25-b2"
"Community Behavioral Care Center","https://www.communityautismnj.org","Toms River","NJ","1","Bethany Bach","Executive Clinical Director & Partner, BCBA","exec_director","bethany.bach@communityautismnj.org","https://www.linkedin.com/in/bethany-bach-communityaba","google_maps","https://www.google.com/maps/search/Community%20Behavioral%20Care%20Center%20Toms%20River%20NJ","pilot-2026-09-25-b2"
"Companion Autism & Learning Institute","https://www.companioncaretx.com","McAllen","TX","2","Blake Bader","Founder & President, BCBA, LBA","founder","bbader@companioncaretx.com","https://www.linkedin.com/in/blake-bader-companionaba","apollo","https://www.google.com/maps/search/Companion%20Autism%20%26%20Learning%20Institute%20McAllen%20TX","pilot-2026-09-25-b2"
"Concord Developmental Solutions","https://www.concordabafl.com","Lakeland","FL","3","Bradley Baer","Owner & Director of Applied Behavior Analysis","owner","bradley.baer@concordabafl.com","https://www.linkedin.com/in/bradley-baer-concordaba","linkedin_sales_nav","https://www.google.com/maps/search/Concord%20Developmental%20Solutions%20Lakeland%20FL","pilot-2026-09-25-b2"
"Confidence Behavioral Therapy Center","https://www.confidenceautismca.net","Santa Clarita","CA","4","Brandon Baggett","Founder & Clinical Director, BCBA-D","founder","bbaggett@confidenceautismca.net","https://www.linkedin.com/in/brandon-baggett-confidenceaba","state_directory","https://www.google.com/maps/search/Confidence%20Behavioral%20Therapy%20Center%20Santa%20Clarita%20CA","pilot-2026-09-25-b2"
"Connect Autism Discovery Center","https://www.connectcarenc.org","Chapel Hill","NC","1","Brayden Bagley","Co-Founder & Executive Director, MS, BCBA","founder","brayden.bagley@connectcarenc.org","https://www.linkedin.com/in/brayden-bagley-connectaba","aba_index","https://www.google.com/maps/search/Connect%20Autism%20Discovery%20Center%20Chapel%20Hill%20NC","pilot-2026-09-25-b2"
"Cornerstone Behavioral Foundations","https://www.cornerstoneabaga.com","Decatur","GA","2","Brenda Bailey","Owner & Clinical Supervisor, BCBA","owner","bbailey@cornerstoneabaga.com","https://www.linkedin.com/in/brenda-bailey-cornerstoneaba","google_maps","https://www.google.com/maps/search/Cornerstone%20Behavioral%20Foundations%20Decatur%20GA","pilot-2026-09-25-b2"
"Cosmos Therapeutic Solutions","https://www.cosmosautismco.com","Pueblo","CO","3","Brian Bain","CEO & Managing Partner, BCBA","ceo","brian.bain@cosmosautismco.com","https://www.linkedin.com/in/brian-bain-cosmosaba","apollo","https://www.google.com/maps/search/Cosmos%20Therapeutic%20Solutions%20Pueblo%20CO","pilot-2026-09-25-b2"
"Courage ABA Collective","https://www.couragecareva.com","Hampton","VA","4","Brianna Baird","Executive Clinical Director & Partner, BCBA","exec_director","bbaird@couragecareva.com","https://www.linkedin.com/in/brianna-baird-courageaba","linkedin_sales_nav","https://www.google.com/maps/search/Courage%20ABA%20Collective%20Hampton%20VA","pilot-2026-09-25-b2"
"Cove Autism Clinic","https://www.coveabamd.org","Waldorf","MD","1","Brittany Baker","Founder & President, BCBA, LBA","founder","brittany.baker@coveabamd.org","https://www.linkedin.com/in/brittany-baker-coveaba","state_directory","https://www.google.com/maps/search/Cove%20Autism%20Clinic%20Waldorf%20MD","pilot-2026-09-25-b2"
"Cradle ABA Center","https://www.cradleautismil.com","Bloomington","IL","2","Brooke Baldwin","Owner & Director of Applied Behavior Analysis","owner","bbaldwin@cradleautismil.com","https://www.linkedin.com/in/brooke-baldwin-cradleaba","aba_index","https://www.google.com/maps/search/Cradle%20ABA%20Center%20Bloomington%20IL","pilot-2026-09-25-b2"
"Craft Behavioral Health Network","https://www.craftcareut.net","Salt Lake City","UT","3","Brooklyn Bales","Founder & Clinical Director, BCBA-D","founder","brooklyn.bales@craftcareut.net","https://www.linkedin.com/in/brooklyn-bales-craftaba","google_maps","https://www.google.com/maps/search/Craft%20Behavioral%20Health%20Network%20Salt%20Lake%20City%20UT","pilot-2026-09-25-b2"
"Crossroads Autism Group","https://www.crossroadsabanj.com","Elizabeth","NJ","4","Bruce Ball","Co-Founder & Executive Director, MS, BCBA","founder","bball@crossroadsabanj.com","https://www.linkedin.com/in/bruce-ball-crossroadsaba","apollo","https://www.google.com/maps/search/Crossroads%20Autism%20Group%20Elizabeth%20NJ","pilot-2026-09-25-b2"
"Crystal Applied Behavior Specialists","https://www.crystalautismtx.org","Fort Worth","TX","1","Bryan Ballard","Owner & Clinical Supervisor, BCBA","owner","bryan.ballard@crystalautismtx.org","https://www.linkedin.com/in/bryan-ballard-crystalaba","linkedin_sales_nav","https://www.google.com/maps/search/Crystal%20Applied%20Behavior%20Specialists%20Fort%20Worth%20TX","pilot-2026-09-25-b2"
"Cultivate Therapy Partners","https://www.cultivatecarefl.com","St. Petersburg","FL","2","Caleb Ballesteros","CEO & Managing Partner, BCBA","ceo","cballesteros@cultivatecarefl.com","https://www.linkedin.com/in/caleb-ballesteros-cultivateaba","state_directory","https://www.google.com/maps/search/Cultivate%20Therapy%20Partners%20St.%20Petersburg%20FL","pilot-2026-09-25-b2"
"Daybreak Pediatric Autism Services","https://www.daybreakabaca.com","Pasadena","CA","3","Cameron Banks","Executive Clinical Director & Partner, BCBA","exec_director","cameron.banks@daybreakabaca.com","https://www.linkedin.com/in/cameron-banks-daybreakaba","aba_index","https://www.google.com/maps/search/Daybreak%20Pediatric%20Autism%20Services%20Pasadena%20CA","pilot-2026-09-25-b2"
"Delta Behavioral Care Center","https://www.deltaautismnc.com","Wilmington","NC","4","Camila Bankston","Founder & President, BCBA, LBA","founder","cbankston@deltaautismnc.com","https://www.linkedin.com/in/camila-bankston-deltaaba","google_maps","https://www.google.com/maps/search/Delta%20Behavioral%20Care%20Center%20Wilmington%20NC","pilot-2026-09-25-b2"
"Destiny Autism & Learning Institute","https://www.destinycarega.org","Alpharetta","GA","1","Carla Bannister","Owner & Director of Applied Behavior Analysis","owner","carla.bannister@destinycarega.org","https://www.linkedin.com/in/carla-bannister-destinyaba","apollo","https://www.google.com/maps/search/Destiny%20Autism%20%26%20Learning%20Institute%20Alpharetta%20GA","pilot-2026-09-25-b2"
"Diligence Developmental Solutions","https://www.diligenceabaco.net","Arvada","CO","2","Carlos Barajas","Founder & Clinical Director, BCBA-D","founder","cbarajas@diligenceabaco.net","https://www.linkedin.com/in/carlos-barajas-diligenceaba","linkedin_sales_nav","https://www.google.com/maps/search/Diligence%20Developmental%20Solutions%20Arvada%20CO","pilot-2026-09-25-b2"
"Direction Behavioral Therapy Center","https://www.directionautismva.com","Reston","VA","3","Caroline Barba","Co-Founder & Executive Director, MS, BCBA","founder","caroline.barba@directionautismva.com","https://www.linkedin.com/in/caroline-barba-directionaba","state_directory","https://www.google.com/maps/search/Direction%20Behavioral%20Therapy%20Center%20Reston%20VA","pilot-2026-09-25-b2"
"Dynamic Autism Discovery Center","https://www.dynamiccaremd.com","Towson","MD","4","Carolyn Barbee","Owner & Clinical Supervisor, BCBA","owner","cbarbee@dynamiccaremd.com","https://www.linkedin.com/in/carolyn-barbee-dynamicaba","aba_index","https://www.google.com/maps/search/Dynamic%20Autism%20Discovery%20Center%20Towson%20MD","pilot-2026-09-25-b2"
"Early Start Behavioral Foundations","https://www.earlystartabail.org","Waukegan","IL","1","Carson Barber","CEO & Managing Partner, BCBA","ceo","carson.barber@earlystartabail.org","https://www.linkedin.com/in/carson-barber-earlystartaba","google_maps","https://www.google.com/maps/search/Early%20Start%20Behavioral%20Foundations%20Waukegan%20IL","pilot-2026-09-25-b2"
"Echo Therapeutic Solutions","https://www.echoautismut.com","Taylorsville","UT","2","Carter Abbott","Executive Clinical Director & Partner, BCBA","exec_director","cabbott@echoautismut.com","https://www.linkedin.com/in/carter-abbott-echoaba","apollo","https://www.google.com/maps/search/Echo%20Therapeutic%20Solutions%20Taylorsville%20UT","pilot-2026-09-25-b2"
"Eclipse ABA Collective","https://www.eclipsecarenj.com","East Orange","NJ","3","Cassandra Abernathy","Founder & President, BCBA, LBA","founder","cassandra.abernathy@eclipsecarenj.com","https://www.linkedin.com/in/cassandra-abernathy-eclipseaba","linkedin_sales_nav","https://www.google.com/maps/search/Eclipse%20ABA%20Collective%20East%20Orange%20NJ","pilot-2026-09-25-b2"
"Eden Autism Clinic","https://www.edenabatx.com","Waco","TX","4","Catherine Acevedo","Owner & Director of Applied Behavior Analysis","owner","cacevedo@edenabatx.com","https://www.linkedin.com/in/catherine-acevedo-edenaba","state_directory","https://www.google.com/maps/search/Eden%20Autism%20Clinic%20Waco%20TX","pilot-2026-09-25-b2"
"Elation ABA Center","https://www.elationautismfl.org","Bradenton","FL","1","Cecilia Acosta","Founder & Clinical Director, BCBA-D","founder","cecilia.acosta@elationautismfl.org","https://www.linkedin.com/in/cecilia-acosta-elationaba","aba_index","https://www.google.com/maps/search/Elation%20ABA%20Center%20Bradenton%20FL","pilot-2026-09-25-b2"
"Elite Behavioral Health Network","https://www.elitecareca.com","Glendale","CA","2","Chad Adair","Co-Founder & Executive Director, MS, BCBA","founder","cadair@elitecareca.com","https://www.linkedin.com/in/chad-adair-eliteaba","google_maps","https://www.google.com/maps/search/Elite%20Behavioral%20Health%20Network%20Glendale%20CA","pilot-2026-09-25-b2"
"Embrace Autism Group","https://www.embraceabanc.com","Durham","NC","3","Charles Adkins","Owner & Clinical Supervisor, BCBA","owner","charles.adkins@embraceabanc.com","https://www.linkedin.com/in/charles-adkins-embraceaba","apollo","https://www.google.com/maps/search/Embrace%20Autism%20Group%20Durham%20NC","pilot-2026-09-25-b2"
"Emergence Applied Behavior Specialists","https://www.emergenceautismga.com","Athens","GA","4","Charlotte Aguilar","CEO & Managing Partner, BCBA","ceo","caguilar@emergenceautismga.com","https://www.linkedin.com/in/charlotte-aguilar-emergenceaba","linkedin_sales_nav","https://www.google.com/maps/search/Emergence%20Applied%20Behavior%20Specialists%20Athens%20GA","pilot-2026-09-25-b2"
"Empathy Therapy Partners","https://www.empathycareco.org","Boulder","CO","1","Chase Aguirre","Executive Clinical Director & Partner, BCBA","exec_director","chase.aguirre@empathycareco.org","https://www.linkedin.com/in/chase-aguirre-empathyaba","state_directory","https://www.google.com/maps/search/Empathy%20Therapy%20Partners%20Boulder%20CO","pilot-2026-09-25-b2"
"Empire Pediatric Autism Services","https://www.empireabava.com","Roanoke","VA","2","Chelsea Albert","Founder & President, BCBA, LBA","founder","calbert@empireabava.com","https://www.linkedin.com/in/chelsea-albert-empireaba","aba_index","https://www.google.com/maps/search/Empire%20Pediatric%20Autism%20Services%20Roanoke%20VA","pilot-2026-09-25-b2"
"Engage Behavioral Care Center","https://www.engageautismmd.com","Bowie","MD","3","Cheyenne Albrecht","Owner & Director of Applied Behavior Analysis","owner","cheyenne.albrecht@engageautismmd.com","https://www.linkedin.com/in/cheyenne-albrecht-engageaba","google_maps","https://www.google.com/maps/search/Engage%20Behavioral%20Care%20Center%20Bowie%20MD","pilot-2026-09-25-b2"
"Equinox Autism & Learning Institute","https://www.equinoxcareil.net","Peoria","IL","4","Chloe Alcorn","Founder & Clinical Director, BCBA-D","founder","calcorn@equinoxcareil.net","https://www.linkedin.com/in/chloe-alcorn-equinoxaba","apollo","https://www.google.com/maps/search/Equinox%20Autism%20%26%20Learning%20Institute%20Peoria%20IL","pilot-2026-09-25-b2"
"Essence Developmental Solutions","https://www.essenceabaut.org","Lehi","UT","1","Christian Aldridge","Co-Founder & Executive Director, MS, BCBA","founder","christian.aldridge@essenceabaut.org","https://www.linkedin.com/in/christian-aldridge-essenceaba","linkedin_sales_nav","https://www.google.com/maps/search/Essence%20Developmental%20Solutions%20Lehi%20UT","pilot-2026-09-25-b2"
"Essential Behavioral Therapy Center","https://www.essentialautismnj.com","Camden","NJ","2","Christina Alford","Owner & Clinical Supervisor, BCBA","owner","calford@essentialautismnj.com","https://www.linkedin.com/in/christina-alford-essentialaba","state_directory","https://www.google.com/maps/search/Essential%20Behavioral%20Therapy%20Center%20Camden%20NJ","pilot-2026-09-25-b2"
"Estuary Autism Discovery Center","https://www.estuarycaretx.com","Sugar Land","TX","3","Christine Allan","CEO & Managing Partner, BCBA","ceo","christine.allan@estuarycaretx.com","https://www.linkedin.com/in/christine-allan-estuaryaba","aba_index","https://www.google.com/maps/search/Estuary%20Autism%20Discovery%20Center%20Sugar%20Land%20TX","pilot-2026-09-25-b2"
"Evergreen Behavioral Foundations","https://www.evergreenabafl.com","Sarasota","FL","4","Christopher Alston","Executive Clinical Director & Partner, BCBA","exec_director","calston@evergreenabafl.com","https://www.linkedin.com/in/christopher-alston-evergreenaba","google_maps","https://www.google.com/maps/search/Evergreen%20Behavioral%20Foundations%20Sarasota%20FL","pilot-2026-09-25-b2"
"Excel Therapeutic Solutions","https://www.excelautismca.org","Long Beach","CA","1","Claire Alvarado","Founder & President, BCBA, LBA","founder","claire.alvarado@excelautismca.org","https://www.linkedin.com/in/claire-alvarado-excelaba","apollo","https://www.google.com/maps/search/Excel%20Therapeutic%20Solutions%20Long%20Beach%20CA","pilot-2026-09-25-b2"
"Excellence ABA Collective","https://www.excellencecarenc.com","Burlington","NC","2","Clara Alvarez","Owner & Director of Applied Behavior Analysis","owner","calvarez@excellencecarenc.com","https://www.linkedin.com/in/clara-alvarez-excellenceaba","linkedin_sales_nav","https://www.google.com/maps/search/Excellence%20ABA%20Collective%20Burlington%20NC","pilot-2026-09-25-b2"
"Expansion Autism Clinic","https://www.expansionabaga.net","Atlanta","GA","3","Aaron Amato","Founder & Clinical Director, BCBA-D","founder","aaron.amato@expansionabaga.net","https://www.linkedin.com/in/aaron-amato-expansionaba","state_directory","https://www.google.com/maps/search/Expansion%20Autism%20Clinic%20Atlanta%20GA","pilot-2026-09-25-b2"
"Express ABA Center","https://www.expressautismco.com","Fort Collins","CO","4","Abigail Ambrose","Co-Founder & Executive Director, MS, BCBA","founder","aambrose@expressautismco.com","https://www.linkedin.com/in/abigail-ambrose-expressaba","aba_index","https://www.google.com/maps/search/Express%20ABA%20Center%20Fort%20Collins%20CO","pilot-2026-09-25-b2"
"Faith Behavioral Health Network","https://www.faithcareva.org","Arlington","VA","1","Adam Ames","Owner & Clinical Supervisor, BCBA","owner","adam.ames@faithcareva.org","https://www.linkedin.com/in/adam-ames-faithaba","google_maps","https://www.google.com/maps/search/Faith%20Behavioral%20Health%20Network%20Arlington%20VA","pilot-2026-09-25-b2"
"Family First Autism Group","https://www.familyfirstabamd.com","Gaithersburg","MD","2","Adrian Amos","CEO & Managing Partner, BCBA","ceo","aamos@familyfirstabamd.com","https://www.linkedin.com/in/adrian-amos-familyfirstaba","apollo","https://www.google.com/maps/search/Family%20First%20Autism%20Group%20Gaithersburg%20MD","pilot-2026-09-25-b2"
"Feather Applied Behavior Specialists","https://www.featherautismil.com","Joliet","IL","3","Aiden Anaya","Executive Clinical Director & Partner, BCBA","exec_director","aiden.anaya@featherautismil.com","https://www.linkedin.com/in/aiden-anaya-featheraba","linkedin_sales_nav","https://www.google.com/maps/search/Feather%20Applied%20Behavior%20Specialists%20Joliet%20IL","pilot-2026-09-25-b2"
"First Step Therapy Partners","https://www.firststepcareut.com","Layton","UT","4","Alex Anders","Founder & President, BCBA, LBA","founder","aanders@firststepcareut.com","https://www.linkedin.com/in/alex-anders-firststepaba","state_directory","https://www.google.com/maps/search/First%20Step%20Therapy%20Partners%20Layton%20UT","pilot-2026-09-25-b2"
"Focus Pediatric Autism Services","https://www.focusabanj.org","Princeton","NJ","1","Alexander Andersen","Owner & Director of Applied Behavior Analysis","owner","alexander.andersen@focusabanj.org","https://www.linkedin.com/in/alexander-andersen-focusaba","aba_index","https://www.google.com/maps/search/Focus%20Pediatric%20Autism%20Services%20Princeton%20NJ","pilot-2026-09-25-b2"
"Footprints Behavioral Care Center","https://www.footprintsautismtx.net","College Station","TX","2","Alexandra Anderson","Founder & Clinical Director, BCBA-D","founder","aanderson@footprintsautismtx.net","https://www.linkedin.com/in/alexandra-anderson-footprintsaba","google_maps","https://www.google.com/maps/search/Footprints%20Behavioral%20Care%20Center%20College%20Station%20TX","pilot-2026-09-25-b2"
"Forge Autism & Learning Institute","https://www.forgecarefl.com","Coral Gables","FL","3","Alexis Andrade","Co-Founder & Executive Director, MS, BCBA","founder","alexis.andrade@forgecarefl.com","https://www.linkedin.com/in/alexis-andrade-forgeaba","apollo","https://www.google.com/maps/search/Forge%20Autism%20%26%20Learning%20Institute%20Coral%20Gables%20FL","pilot-2026-09-25-b2"
"Frontier Developmental Solutions","https://www.frontierabaca.com","Santa Rosa","CA","4","Alice Andrews","Owner & Clinical Supervisor, BCBA","owner","aandrews@frontierabaca.com","https://www.linkedin.com/in/alice-andrews-frontieraba","linkedin_sales_nav","https://www.google.com/maps/search/Frontier%20Developmental%20Solutions%20Santa%20Rosa%20CA","pilot-2026-09-25-b2"
"Acorn Behavioral Therapy Center","https://www.acornautismnc.org","Gastonia","NC","1","Allison Anthony","CEO & Managing Partner, BCBA","ceo","allison.anthony@acornautismnc.org","https://www.linkedin.com/in/allison-anthony-acornaba","state_directory","https://www.google.com/maps/search/Acorn%20Behavioral%20Therapy%20Center%20Gastonia%20NC","pilot-2026-09-25-b2"
"Action Autism Discovery Center","https://www.actioncarega.com","Cumming","GA","2","Alyssa Archer","Executive Clinical Director & Partner, BCBA","exec_director","aarcher@actioncarega.com","https://www.linkedin.com/in/alyssa-archer-actionaba","aba_index","https://www.google.com/maps/search/Action%20Autism%20Discovery%20Center%20Cumming%20GA","pilot-2026-09-25-b2"
"Active Behavioral Foundations","https://www.activeabaco.com","Colorado Springs","CO","3","Amber Arellano","Founder & President, BCBA, LBA","founder","amber.arellano@activeabaco.com","https://www.linkedin.com/in/amber-arellano-activeaba","google_maps","https://www.google.com/maps/search/Active%20Behavioral%20Foundations%20Colorado%20Springs%20CO","pilot-2026-09-25-b2"
"Advance Therapeutic Solutions","https://www.advanceautismva.com","Norfolk","VA","4","Amy Armenta","Owner & Director of Applied Behavior Analysis","owner","aarmenta@advanceautismva.com","https://www.linkedin.com/in/amy-armenta-advanceaba","apollo","https://www.google.com/maps/search/Advance%20Therapeutic%20Solutions%20Norfolk%20VA","pilot-2026-09-25-b2"
"Advantage ABA Collective","https://www.advantagecaremd.org","Silver Spring","MD","1","Andrea Armstrong","Founder & Clinical Director, BCBA-D","founder","andrea.armstrong@advantagecaremd.org","https://www.linkedin.com/in/andrea-armstrong-advantageaba","linkedin_sales_nav","https://www.google.com/maps/search/Advantage%20ABA%20Collective%20Silver%20Spring%20MD","pilot-2026-09-25-b2"
"Aim Autism Clinic","https://www.aimabail.com","Naperville","IL","2","Andrew Arndt","Co-Founder & Executive Director, MS, BCBA","founder","aarndt@aimabail.com","https://www.linkedin.com/in/andrew-arndt-aimaba","state_directory","https://www.google.com/maps/search/Aim%20Autism%20Clinic%20Naperville%20IL","pilot-2026-09-25-b2"
"Alliance ABA Center","https://www.allianceautismut.com","Ogden","UT","3","Angela Arnold","Owner & Clinical Supervisor, BCBA","owner","angela.arnold@allianceautismut.com","https://www.linkedin.com/in/angela-arnold-allianceaba","aba_index","https://www.google.com/maps/search/Alliance%20ABA%20Center%20Ogden%20UT","pilot-2026-09-25-b2"
"Alpine Behavioral Health Network","https://www.alpinecarenj.com","Paterson","NJ","4","Ann Arredondo","CEO & Managing Partner, BCBA","ceo","aarredondo@alpinecarenj.com","https://www.linkedin.com/in/ann-arredondo-alpineaba","google_maps","https://www.google.com/maps/search/Alpine%20Behavioral%20Health%20Network%20Paterson%20NJ","pilot-2026-09-25-b2"
"Altus Autism Group","https://www.altusabatx.org","The Woodlands","TX","1","Anna Arroyo","Executive Clinical Director & Partner, BCBA","exec_director","anna.arroyo@altusabatx.org","https://www.linkedin.com/in/anna-arroyo-altusaba","apollo","https://www.google.com/maps/search/Altus%20Autism%20Group%20The%20Woodlands%20TX","pilot-2026-09-25-b2"
"Amity Applied Behavior Specialists","https://www.amityautismfl.com","Gainesville","FL","2","Anthony Arthur","Founder & President, BCBA, LBA","founder","aarthur@amityautismfl.com","https://www.linkedin.com/in/anthony-arthur-amityaba","linkedin_sales_nav","https://www.google.com/maps/search/Amity%20Applied%20Behavior%20Specialists%20Gainesville%20FL","pilot-2026-09-25-b2"
"Apex Care Therapy Partners","https://www.apexcarecareca.com","Anaheim","CA","3","Antonio Asher","Owner & Director of Applied Behavior Analysis","owner","antonio.asher@apexcarecareca.com","https://www.linkedin.com/in/antonio-asher-apexcareaba","state_directory","https://www.google.com/maps/search/Apex%20Care%20Therapy%20Partners%20Anaheim%20CA","pilot-2026-09-25-b2"
"Aquila Pediatric Autism Services","https://www.aquilaabanc.net","Cary","NC","4","Arthur Ashley","Founder & Clinical Director, BCBA-D","founder","aashley@aquilaabanc.net","https://www.linkedin.com/in/arthur-ashley-aquilaaba","aba_index","https://www.google.com/maps/search/Aquila%20Pediatric%20Autism%20Services%20Cary%20NC","pilot-2026-09-25-b2"
"Arch Behavioral Care Center","https://www.archautismga.org","Johns Creek","GA","1","Ashley Ashton","Co-Founder & Executive Director, MS, BCBA","founder","ashley.ashton@archautismga.org","https://www.linkedin.com/in/ashley-ashton-archaba","google_maps","https://www.google.com/maps/search/Arch%20Behavioral%20Care%20Center%20Johns%20Creek%20GA","pilot-2026-09-25-b2"
"Ardent Autism & Learning Institute","https://www.ardentcareco.com","Loveland","CO","2","Audrey Atkins","Owner & Clinical Supervisor, BCBA","owner","aatkins@ardentcareco.com","https://www.linkedin.com/in/audrey-atkins-ardentaba","apollo","https://www.google.com/maps/search/Ardent%20Autism%20%26%20Learning%20Institute%20Loveland%20CO","pilot-2026-09-25-b2"
"Aspen Developmental Solutions","https://www.aspenabava.com","Richmond","VA","3","Austin Atkinson","CEO & Managing Partner, BCBA","ceo","austin.atkinson@aspenabava.com","https://www.linkedin.com/in/austin-atkinson-aspenaba","linkedin_sales_nav","https://www.google.com/maps/search/Aspen%20Developmental%20Solutions%20Richmond%20VA","pilot-2026-09-25-b2"
"Aspire Behavioral Therapy Center","https://www.aspireautismmd.com","Rockville","MD","4","Autumn Augustine","Executive Clinical Director & Partner, BCBA","exec_director","aaugustine@aspireautismmd.com","https://www.linkedin.com/in/autumn-augustine-aspireaba","state_directory","https://www.google.com/maps/search/Aspire%20Behavioral%20Therapy%20Center%20Rockville%20MD","pilot-2026-09-25-b2"
"Aston Autism Discovery Center","https://www.astoncareil.org","Champaign","IL","1","Ava Austin","Founder & President, BCBA, LBA","founder","ava.austin@astoncareil.org","https://www.linkedin.com/in/ava-austin-astonaba","aba_index","https://www.google.com/maps/search/Aston%20Autism%20Discovery%20Center%20Champaign%20IL","pilot-2026-09-25-b2"
"Atlantic Behavioral Foundations","https://www.atlanticabaut.com","Orem","UT","2","Avery Avalos","Owner & Director of Applied Behavior Analysis","owner","aavalos@atlanticabaut.com","https://www.linkedin.com/in/avery-avalos-atlanticaba","google_maps","https://www.google.com/maps/search/Atlantic%20Behavioral%20Foundations%20Orem%20UT","pilot-2026-09-25-b2"
"Atlas Therapeutic Solutions","https://www.atlasautismnj.net","Bayonne","NJ","3","Bailey Avery","Founder & Clinical Director, BCBA-D","founder","bailey.avery@atlasautismnj.net","https://www.linkedin.com/in/bailey-avery-atlasaba","apollo","https://www.google.com/maps/search/Atlas%20Therapeutic%20Solutions%20Bayonne%20NJ","pilot-2026-09-25-b2"
"Atrium ABA Collective","https://www.atriumcaretx.com","Round Rock","TX","4","Barbara Avila","Co-Founder & Executive Director, MS, BCBA","founder","bavila@atriumcaretx.com","https://www.linkedin.com/in/barbara-avila-atriumaba","linkedin_sales_nav","https://www.google.com/maps/search/Atrium%20ABA%20Collective%20Round%20Rock%20TX","pilot-2026-09-25-b2"
"Aura Autism Clinic","https://www.auraabafl.org","Miami","FL","1","Beatrice Ayala","Owner & Clinical Supervisor, BCBA","owner","beatrice.ayala@auraabafl.org","https://www.linkedin.com/in/beatrice-ayala-auraaba","state_directory","https://www.google.com/maps/search/Aura%20Autism%20Clinic%20Miami%20FL","pilot-2026-09-25-b2"
"Authentic ABA Center","https://www.authenticautismca.com","Los Angeles","CA","2","Benjamin Babcock","CEO & Managing Partner, BCBA","ceo","bbabcock@authenticautismca.com","https://www.linkedin.com/in/benjamin-babcock-authenticaba","aba_index","https://www.google.com/maps/search/Authentic%20ABA%20Center%20Los%20Angeles%20CA","pilot-2026-09-25-b2"
"Avenue Behavioral Health Network","https://www.avenuecarenc.com","Greensboro","NC","3","Bethany Bach","Executive Clinical Director & Partner, BCBA","exec_director","bethany.bach@avenuecarenc.com","https://www.linkedin.com/in/bethany-bach-avenueaba","google_maps","https://www.google.com/maps/search/Avenue%20Behavioral%20Health%20Network%20Greensboro%20NC","pilot-2026-09-25-b2"
"Axis Autism Group","https://www.axisabaga.com","Savannah","GA","4","Blake Bader","Founder & President, BCBA, LBA","founder","bbader@axisabaga.com","https://www.linkedin.com/in/blake-bader-axisaba","apollo","https://www.google.com/maps/search/Axis%20Autism%20Group%20Savannah%20GA","pilot-2026-09-25-b2"
"Basis Applied Behavior Specialists","https://www.basisautismco.org","Greeley","CO","1","Bradley Baer","Owner & Director of Applied Behavior Analysis","owner","bradley.baer@basisautismco.org","https://www.linkedin.com/in/bradley-baer-basisaba","linkedin_sales_nav","https://www.google.com/maps/search/Basis%20Applied%20Behavior%20Specialists%20Greeley%20CO","pilot-2026-09-25-b2"
"Belief Therapy Partners","https://www.beliefcareva.net","Newport News","VA","2","Brandon Baggett","Founder & Clinical Director, BCBA-D","founder","bbaggett@beliefcareva.net","https://www.linkedin.com/in/brandon-baggett-beliefaba","state_directory","https://www.google.com/maps/search/Belief%20Therapy%20Partners%20Newport%20News%20VA","pilot-2026-09-25-b2"
"Beloved Pediatric Autism Services","https://www.belovedabamd.com","Ellicott City","MD","3","Brayden Bagley","Co-Founder & Executive Director, MS, BCBA","founder","brayden.bagley@belovedabamd.com","https://www.linkedin.com/in/brayden-bagley-belovedaba","aba_index","https://www.google.com/maps/search/Beloved%20Pediatric%20Autism%20Services%20Ellicott%20City%20MD","pilot-2026-09-25-b2"
"Benchmark Behavioral Care Center","https://www.benchmarkautismil.com","Springfield","IL","4","Brenda Bailey","Owner & Clinical Supervisor, BCBA","owner","bbailey@benchmarkautismil.com","https://www.linkedin.com/in/brenda-bailey-benchmarkaba","google_maps","https://www.google.com/maps/search/Benchmark%20Behavioral%20Care%20Center%20Springfield%20IL","pilot-2026-09-25-b2"
"Benefit Autism & Learning Institute","https://www.benefitcareut.org","Provo","UT","1","Brian Bain","CEO & Managing Partner, BCBA","ceo","brian.bain@benefitcareut.org","https://www.linkedin.com/in/brian-bain-benefitaba","apollo","https://www.google.com/maps/search/Benefit%20Autism%20%26%20Learning%20Institute%20Provo%20UT","pilot-2026-09-25-b2"
"Better Days Developmental Solutions","https://www.betterdaysabanj.com","Clifton","NJ","2","Brianna Baird","Executive Clinical Director & Partner, BCBA","exec_director","bbaird@betterdaysabanj.com","https://www.linkedin.com/in/brianna-baird-betterdaysaba","linkedin_sales_nav","https://www.google.com/maps/search/Better%20Days%20Developmental%20Solutions%20Clifton%20NJ","pilot-2026-09-25-b2"
"Beyond Behavioral Therapy Center","https://www.beyondautismtx.com","Corpus Christi","TX","3","Brittany Baker","Founder & President, BCBA, LBA","founder","brittany.baker@beyondautismtx.com","https://www.linkedin.com/in/brittany-baker-beyondaba","state_directory","https://www.google.com/maps/search/Beyond%20Behavioral%20Therapy%20Center%20Corpus%20Christi%20TX","pilot-2026-09-25-b2"
"Blue Ridge Autism Discovery Center","https://www.blueridgecarefl.com","Pensacola","FL","4","Brooke Baldwin","Owner & Director of Applied Behavior Analysis","owner","bbaldwin@blueridgecarefl.com","https://www.linkedin.com/in/brooke-baldwin-blueridgeaba","aba_index","https://www.google.com/maps/search/Blue%20Ridge%20Autism%20Discovery%20Center%20Pensacola%20FL","pilot-2026-09-25-b2"
"Blossom Behavioral Foundations","https://www.blossomabaca.org","Stockton","CA","1","Brooklyn Bales","Founder & Clinical Director, BCBA-D","founder","brooklyn.bales@blossomabaca.org","https://www.linkedin.com/in/brooklyn-bales-blossomaba","google_maps","https://www.google.com/maps/search/Blossom%20Behavioral%20Foundations%20Stockton%20CA","pilot-2026-09-25-b2"
"Bold Therapeutic Solutions","https://www.boldautismnc.com","High Point","NC","2","Bruce Ball","Co-Founder & Executive Director, MS, BCBA","founder","bball@boldautismnc.com","https://www.linkedin.com/in/bruce-ball-boldaba","apollo","https://www.google.com/maps/search/Bold%20Therapeutic%20Solutions%20High%20Point%20NC","pilot-2026-09-25-b2"
"Bond ABA Collective","https://www.bondcarega.com","Dunwoody","GA","3","Bryan Ballard","Owner & Clinical Supervisor, BCBA","owner","bryan.ballard@bondcarega.com","https://www.linkedin.com/in/bryan-ballard-bondaba","linkedin_sales_nav","https://www.google.com/maps/search/Bond%20ABA%20Collective%20Dunwoody%20GA","pilot-2026-09-25-b2"
"Boundless Autism Clinic","https://www.boundlessabaco.com","Centennial","CO","4","Caleb Ballesteros","CEO & Managing Partner, BCBA","ceo","cballesteros@boundlessabaco.com","https://www.linkedin.com/in/caleb-ballesteros-boundlessaba","state_directory","https://www.google.com/maps/search/Boundless%20Autism%20Clinic%20Centennial%20CO","pilot-2026-09-25-b2"
"Branch ABA Center","https://www.branchautismva.org","McLean","VA","1","Cameron Banks","Executive Clinical Director & Partner, BCBA","exec_director","cameron.banks@branchautismva.org","https://www.linkedin.com/in/cameron-banks-branchaba","aba_index","https://www.google.com/maps/search/Branch%20ABA%20Center%20McLean%20VA","pilot-2026-09-25-b2"
"Bravo Behavioral Health Network","https://www.bravocaremd.com","Germantown","MD","2","Camila Bankston","Founder & President, BCBA, LBA","founder","cbankston@bravocaremd.com","https://www.linkedin.com/in/camila-bankston-bravoaba","google_maps","https://www.google.com/maps/search/Bravo%20Behavioral%20Health%20Network%20Germantown%20MD","pilot-2026-09-25-b2"
"Bravery Autism Group","https://www.braveryabail.com","Schaumburg","IL","3","Carla Bannister","Owner & Director of Applied Behavior Analysis","owner","carla.bannister@braveryabail.com","https://www.linkedin.com/in/carla-bannister-braveryaba","apollo","https://www.google.com/maps/search/Bravery%20Autism%20Group%20Schaumburg%20IL","pilot-2026-09-25-b2"
"Bright Future Applied Behavior Specialists","https://www.brightfutureautismut.net","Logan","UT","4","Carlos Barajas","Founder & Clinical Director, BCBA-D","founder","cbarajas@brightfutureautismut.net","https://www.linkedin.com/in/carlos-barajas-brightfutureaba","linkedin_sales_nav","https://www.google.com/maps/search/Bright%20Future%20Applied%20Behavior%20Specialists%20Logan%20UT","pilot-2026-09-25-b2"
"Brighter Days Therapy Partners","https://www.brighterdayscarenj.org","Woodbridge","NJ","1","Caroline Barba","Co-Founder & Executive Director, MS, BCBA","founder","caroline.barba@brighterdayscarenj.org","https://www.linkedin.com/in/caroline-barba-brighterdaysaba","state_directory","https://www.google.com/maps/search/Brighter%20Days%20Therapy%20Partners%20Woodbridge%20NJ","pilot-2026-09-25-b2"
"Broadview Pediatric Autism Services","https://www.broadviewabatx.com","Dallas","TX","2","Carolyn Barbee","Owner & Clinical Supervisor, BCBA","owner","cbarbee@broadviewabatx.com","https://www.linkedin.com/in/carolyn-barbee-broadviewaba","aba_index","https://www.google.com/maps/search/Broadview%20Pediatric%20Autism%20Services%20Dallas%20TX","pilot-2026-09-25-b2"
"Building Blocks Behavioral Care Center","https://www.buildingblocksautismfl.com","Tampa","FL","3","Carson Barber","CEO & Managing Partner, BCBA","ceo","carson.barber@buildingblocksautismfl.com","https://www.linkedin.com/in/carson-barber-buildingblocksaba","google_maps","https://www.google.com/maps/search/Building%20Blocks%20Behavioral%20Care%20Center%20Tampa%20FL","pilot-2026-09-25-b2"
"Calm Autism & Learning Institute","https://www.calmcareca.com","Sacramento","CA","4","Carter Abbott","Executive Clinical Director & Partner, BCBA","exec_director","cabbott@calmcareca.com","https://www.linkedin.com/in/carter-abbott-calmaba","apollo","https://www.google.com/maps/search/Calm%20Autism%20%26%20Learning%20Institute%20Sacramento%20CA","pilot-2026-09-25-b2"
"Canyon Developmental Solutions","https://www.canyonabanc.org","Concord","NC","1","Cassandra Abernathy","Founder & President, BCBA, LBA","founder","cassandra.abernathy@canyonabanc.org","https://www.linkedin.com/in/cassandra-abernathy-canyonaba","linkedin_sales_nav","https://www.google.com/maps/search/Canyon%20Developmental%20Solutions%20Concord%20NC","pilot-2026-09-25-b2"
"Capital Behavioral Therapy Center","https://www.capitalautismga.com","Tyrone","GA","2","Catherine Acevedo","Owner & Director of Applied Behavior Analysis","owner","cacevedo@capitalautismga.com","https://www.linkedin.com/in/catherine-acevedo-capitalaba","state_directory","https://www.google.com/maps/search/Capital%20Behavioral%20Therapy%20Center%20Tyrone%20GA","pilot-2026-09-25-b2"
"CarePoint Autism Discovery Center","https://www.carepointcareco.net","Thornton","CO","3","Cecilia Acosta","Founder & Clinical Director, BCBA-D","founder","cecilia.acosta@carepointcareco.net","https://www.linkedin.com/in/cecilia-acosta-carepointaba","aba_index","https://www.google.com/maps/search/CarePoint%20Autism%20Discovery%20Center%20Thornton%20CO","pilot-2026-09-25-b2"
"Cascade Behavioral Foundations","https://www.cascadeabava.com","Fairfax","VA","4","Chad Adair","Co-Founder & Executive Director, MS, BCBA","founder","cadair@cascadeabava.com","https://www.linkedin.com/in/chad-adair-cascadeaba","google_maps","https://www.google.com/maps/search/Cascade%20Behavioral%20Foundations%20Fairfax%20VA","pilot-2026-09-25-b2"
"Cedar Therapeutic Solutions","https://www.cedarautismmd.org","Columbia","MD","1","Charles Adkins","Owner & Clinical Supervisor, BCBA","owner","charles.adkins@cedarautismmd.org","https://www.linkedin.com/in/charles-adkins-cedaraba","apollo","https://www.google.com/maps/search/Cedar%20Therapeutic%20Solutions%20Columbia%20MD","pilot-2026-09-25-b2"
"Celestial ABA Collective","https://www.celestialcareil.com","Rockford","IL","2","Charlotte Aguilar","CEO & Managing Partner, BCBA","ceo","caguilar@celestialcareil.com","https://www.linkedin.com/in/charlotte-aguilar-celestialaba","linkedin_sales_nav","https://www.google.com/maps/search/Celestial%20ABA%20Collective%20Rockford%20IL","pilot-2026-09-25-b2"
"Centennial Autism Clinic","https://www.centennialabaut.com","Millcreek","UT","3","Chase Aguirre","Executive Clinical Director & Partner, BCBA","exec_director","chase.aguirre@centennialabaut.com","https://www.linkedin.com/in/chase-aguirre-centennialaba","state_directory","https://www.google.com/maps/search/Centennial%20Autism%20Clinic%20Millcreek%20UT","pilot-2026-09-25-b2"
"CenterPoint ABA Center","https://www.centerpointautismnj.com","Jersey City","NJ","4","Chelsea Albert","Founder & President, BCBA, LBA","founder","calbert@centerpointautismnj.com","https://www.linkedin.com/in/chelsea-albert-centerpointaba","aba_index","https://www.google.com/maps/search/CenterPoint%20ABA%20Center%20Jersey%20City%20NJ","pilot-2026-09-25-b2"
"Champion Behavioral Health Network","https://www.championcaretx.org","Lubbock","TX","1","Cheyenne Albrecht","Owner & Director of Applied Behavior Analysis","owner","cheyenne.albrecht@championcaretx.org","https://www.linkedin.com/in/cheyenne-albrecht-championaba","google_maps","https://www.google.com/maps/search/Champion%20Behavioral%20Health%20Network%20Lubbock%20TX","pilot-2026-09-25-b2"
"Channel Autism Group","https://www.channelabafl.net","West Palm Beach","FL","2","Chloe Alcorn","Founder & Clinical Director, BCBA-D","founder","calcorn@channelabafl.net","https://www.linkedin.com/in/chloe-alcorn-channelaba","apollo","https://www.google.com/maps/search/Channel%20Autism%20Group%20West%20Palm%20Beach%20FL","pilot-2026-09-25-b2"
"Circle Applied Behavior Specialists","https://www.circleautismca.com","Fremont","CA","3","Christian Aldridge","Co-Founder & Executive Director, MS, BCBA","founder","christian.aldridge@circleautismca.com","https://www.linkedin.com/in/christian-aldridge-circleaba","linkedin_sales_nav","https://www.google.com/maps/search/Circle%20Applied%20Behavior%20Specialists%20Fremont%20CA","pilot-2026-09-25-b2"
"Climb Therapy Partners","https://www.climbcarenc.com","Fayetteville","NC","4","Christina Alford","Owner & Clinical Supervisor, BCBA","owner","calford@climbcarenc.com","https://www.linkedin.com/in/christina-alford-climbaba","state_directory","https://www.google.com/maps/search/Climb%20Therapy%20Partners%20Fayetteville%20NC","pilot-2026-09-25-b2"
"Clover Pediatric Autism Services","https://www.cloverabaga.org","Roswell","GA","1","Christine Allan","CEO & Managing Partner, BCBA","ceo","christine.allan@cloverabaga.org","https://www.linkedin.com/in/christine-allan-cloveraba","aba_index","https://www.google.com/maps/search/Clover%20Pediatric%20Autism%20Services%20Roswell%20GA","pilot-2026-09-25-b2"
"Coastal Behavioral Care Center","https://www.coastalautismco.com","Lakewood","CO","2","Christopher Alston","Executive Clinical Director & Partner, BCBA","exec_director","calston@coastalautismco.com","https://www.linkedin.com/in/christopher-alston-coastalaba","google_maps","https://www.google.com/maps/search/Coastal%20Behavioral%20Care%20Center%20Lakewood%20CO","pilot-2026-09-25-b2"
"Cognitive Autism & Learning Institute","https://www.cognitivecareva.com","Alexandria","VA","3","Claire Alvarado","Founder & President, BCBA, LBA","founder","claire.alvarado@cognitivecareva.com","https://www.linkedin.com/in/claire-alvarado-cognitiveaba","apollo","https://www.google.com/maps/search/Cognitive%20Autism%20%26%20Learning%20Institute%20Alexandria%20VA","pilot-2026-09-25-b2"
"Collab Developmental Solutions","https://www.collababamd.com","Annapolis","MD","4","Clara Alvarez","Owner & Director of Applied Behavior Analysis","owner","calvarez@collababamd.com","https://www.linkedin.com/in/clara-alvarez-collababa","linkedin_sales_nav","https://www.google.com/maps/search/Collab%20Developmental%20Solutions%20Annapolis%20MD","pilot-2026-09-25-b2"
"Comfort Behavioral Therapy Center","https://www.comfortautismil.org","Chicago","IL","1","Aaron Amato","Founder & Clinical Director, BCBA-D","founder","aaron.amato@comfortautismil.org","https://www.linkedin.com/in/aaron-amato-comfortaba","state_directory","https://www.google.com/maps/search/Comfort%20Behavioral%20Therapy%20Center%20Chicago%20IL","pilot-2026-09-25-b2"
"Common Ground Autism Discovery Center","https://www.commongroundcareut.com","South Jordan","UT","2","Abigail Ambrose","Co-Founder & Executive Director, MS, BCBA","founder","aambrose@commongroundcareut.com","https://www.linkedin.com/in/abigail-ambrose-commongroundaba","aba_index","https://www.google.com/maps/search/Common%20Ground%20Autism%20Discovery%20Center%20South%20Jordan%20UT","pilot-2026-09-25-b2"
"Community Behavioral Foundations","https://www.communityabanj.com","Union City","NJ","3","Adam Ames","Owner & Clinical Supervisor, BCBA","owner","adam.ames@communityabanj.com","https://www.linkedin.com/in/adam-ames-communityaba","google_maps","https://www.google.com/maps/search/Community%20Behavioral%20Foundations%20Union%20City%20NJ","pilot-2026-09-25-b2"
"Companion Therapeutic Solutions","https://www.companionautismtx.com","San Antonio","TX","4","Adrian Amos","CEO & Managing Partner, BCBA","ceo","aamos@companionautismtx.com","https://www.linkedin.com/in/adrian-amos-companionaba","apollo","https://www.google.com/maps/search/Companion%20Therapeutic%20Solutions%20San%20Antonio%20TX","pilot-2026-09-25-b2"
"Concord ABA Collective","https://www.concordcarefl.org","Fort Lauderdale","FL","1","Aiden Anaya","Executive Clinical Director & Partner, BCBA","exec_director","aiden.anaya@concordcarefl.org","https://www.linkedin.com/in/aiden-anaya-concordaba","linkedin_sales_nav","https://www.google.com/maps/search/Concord%20ABA%20Collective%20Fort%20Lauderdale%20FL","pilot-2026-09-25-b2"
"Confidence Autism Clinic","https://www.confidenceabaca.com","Fresno","CA","2","Alex Anders","Founder & President, BCBA, LBA","founder","aanders@confidenceabaca.com","https://www.linkedin.com/in/alex-anders-confidenceaba","state_directory","https://www.google.com/maps/search/Confidence%20Autism%20Clinic%20Fresno%20CA","pilot-2026-09-25-b2"
"Connect ABA Center","https://www.connectautismnc.com","Raleigh","NC","3","Alexander Andersen","Owner & Director of Applied Behavior Analysis","owner","alexander.andersen@connectautismnc.com","https://www.linkedin.com/in/alexander-andersen-connectaba","aba_index","https://www.google.com/maps/search/Connect%20ABA%20Center%20Raleigh%20NC","pilot-2026-09-25-b2"
"Cornerstone Behavioral Health Network","https://www.cornerstonecarega.net","Columbus","GA","4","Alexandra Anderson","Founder & Clinical Director, BCBA-D","founder","aanderson@cornerstonecarega.net","https://www.linkedin.com/in/alexandra-anderson-cornerstoneaba","google_maps","https://www.google.com/maps/search/Cornerstone%20Behavioral%20Health%20Network%20Columbus%20GA","pilot-2026-09-25-b2"
"Cosmos Autism Group","https://www.cosmosabaco.org","Aurora","CO","1","Alexis Andrade","Co-Founder & Executive Director, MS, BCBA","founder","alexis.andrade@cosmosabaco.org","https://www.linkedin.com/in/alexis-andrade-cosmosaba","apollo","https://www.google.com/maps/search/Cosmos%20Autism%20Group%20Aurora%20CO","pilot-2026-09-25-b2"
"Courage Applied Behavior Specialists","https://www.courageautismva.com","Chesapeake","VA","2","Alice Andrews","Owner & Clinical Supervisor, BCBA","owner","aandrews@courageautismva.com","https://www.linkedin.com/in/alice-andrews-courageaba","linkedin_sales_nav","https://www.google.com/maps/search/Courage%20Applied%20Behavior%20Specialists%20Chesapeake%20VA","pilot-2026-09-25-b2"
"Cove Therapy Partners","https://www.covecaremd.com","Frederick","MD","3","Allison Anthony","CEO & Managing Partner, BCBA","ceo","allison.anthony@covecaremd.com","https://www.linkedin.com/in/allison-anthony-coveaba","state_directory","https://www.google.com/maps/search/Cove%20Therapy%20Partners%20Frederick%20MD","pilot-2026-09-25-b2"
"Cradle Pediatric Autism Services","https://www.cradleabail.com","Cicero","IL","4","Alyssa Archer","Executive Clinical Director & Partner, BCBA","exec_director","aarcher@cradleabail.com","https://www.linkedin.com/in/alyssa-archer-cradleaba","aba_index","https://www.google.com/maps/search/Cradle%20Pediatric%20Autism%20Services%20Cicero%20IL","pilot-2026-09-25-b2"
"Craft Behavioral Care Center","https://www.craftautismut.org","St. George","UT","1","Amber Arellano","Founder & President, BCBA, LBA","founder","amber.arellano@craftautismut.org","https://www.linkedin.com/in/amber-arellano-craftaba","google_maps","https://www.google.com/maps/search/Craft%20Behavioral%20Care%20Center%20St.%20George%20UT","pilot-2026-09-25-b2"
"Crossroads Autism & Learning Institute","https://www.crossroadscarenj.com","Trenton","NJ","2","Amy Armenta","Owner & Director of Applied Behavior Analysis","owner","aarmenta@crossroadscarenj.com","https://www.linkedin.com/in/amy-armenta-crossroadsaba","apollo","https://www.google.com/maps/search/Crossroads%20Autism%20%26%20Learning%20Institute%20Trenton%20NJ","pilot-2026-09-25-b2"
"Crystal Developmental Solutions","https://www.crystalabatx.net","Denton","TX","3","Andrea Armstrong","Founder & Clinical Director, BCBA-D","founder","andrea.armstrong@crystalabatx.net","https://www.linkedin.com/in/andrea-armstrong-crystalaba","linkedin_sales_nav","https://www.google.com/maps/search/Crystal%20Developmental%20Solutions%20Denton%20TX","pilot-2026-09-25-b2"
"Cultivate Behavioral Therapy Center","https://www.cultivateautismfl.com","Tallahassee","FL","4","Andrew Arndt","Co-Founder & Executive Director, MS, BCBA","founder","aarndt@cultivateautismfl.com","https://www.linkedin.com/in/andrew-arndt-cultivateaba","state_directory","https://www.google.com/maps/search/Cultivate%20Behavioral%20Therapy%20Center%20Tallahassee%20FL","pilot-2026-09-25-b2"
"Daybreak Autism Discovery Center","https://www.daybreakcareca.org","Modesto","CA","1","Angela Arnold","Owner & Clinical Supervisor, BCBA","owner","angela.arnold@daybreakcareca.org","https://www.linkedin.com/in/angela-arnold-daybreakaba","aba_index","https://www.google.com/maps/search/Daybreak%20Autism%20Discovery%20Center%20Modesto%20CA","pilot-2026-09-25-b2"
"Delta Behavioral Foundations","https://www.deltaabanc.com","Apex","NC","2","Ann Arredondo","CEO & Managing Partner, BCBA","ceo","aarredondo@deltaabanc.com","https://www.linkedin.com/in/ann-arredondo-deltaaba","google_maps","https://www.google.com/maps/search/Delta%20Behavioral%20Foundations%20Apex%20NC","pilot-2026-09-25-b2"
"Destiny Therapeutic Solutions","https://www.destinyautismga.com","Smyrna","GA","3","Anna Arroyo","Executive Clinical Director & Partner, BCBA","exec_director","anna.arroyo@destinyautismga.com","https://www.linkedin.com/in/anna-arroyo-destinyaba","apollo","https://www.google.com/maps/search/Destiny%20Therapeutic%20Solutions%20Smyrna%20GA","pilot-2026-09-25-b2"
"Diligence ABA Collective","https://www.diligencecareco.com","Denver","CO","4","Anthony Arthur","Founder & President, BCBA, LBA","founder","aarthur@diligencecareco.com","https://www.linkedin.com/in/anthony-arthur-diligenceaba","linkedin_sales_nav","https://www.google.com/maps/search/Diligence%20ABA%20Collective%20Denver%20CO","pilot-2026-09-25-b2"