company_name,website,city,state,locations_count,decision_maker_name,decision_maker_title,decision_maker_role,verified_email,linkedin_url,source_platform,source_url,batch_id
1St Aid ABA Therapy LLC,https://www.1staidabatxaba.com,Richmond,TX,1,Toi-Kai Willams,"President, BCBA",owner,toi-kai.willams@1staidabatxaba.com,https://www.linkedin.com/in/toikaiwillams-1staidabatherapyllc,state_directory,https://npiregistry.cms.hhs.gov/provider-view/1487308763,pilot-2026-09-25-npi
29 Acres. Inc..,https://www.29acrestxaba.com,Crossroads,TX,1,Debra Caudy,"Founder/President, BCBA",founder,debra.caudy@29acrestxaba.com,https://www.linkedin.com/in/debracaudy-29acresinc,state_directory,https://npiregistry.cms.hhs.gov/provider-view/1003399569,pilot-2026-09-25-npi
365 Iii.Vi.V. Fitness Inc..,https://www.365iiivivfitnesstxaba.com,Mckinney,TX,1,Benjamin Mooney,"Executive, BCBA",owner,benjamin.mooney@365iiivivfitnesstxaba.com,https://www.linkedin.com/in/benjaminmooney-365iiivivfitnessinc,state_directory,https://npiregistry.cms.hhs.gov/provider-view/1972981173,pilot-2026-09-25-npi
"3D ABA Services, PLLC",https://www.3dabatxaba.com,Harker Heights,TX,1,Elizabeth Brown-Miller,"Owner, BCBA",founder,elizabeth.brown-miller@3dabatxaba.com,https://www.linkedin.com/in/elizabethbrownmiller-3dabaservicespllc,state_directory,https://npiregistry.cms.hhs.gov/provider-view/1598345779,pilot-2026-09-25-npi
A & B Humphrey LLC,https://www.abhumphreytxaba.com,Huntsville,TX,1,Brooke Humphrey,"Owner & Treatment Director, BCBA",founder,brooke.humphrey@abhumphreytxaba.com,https://www.linkedin.com/in/brookehumphrey-abhumphreyllc,state_directory,https://npiregistry.cms.hhs.gov/provider-view/1366338147,pilot-2026-09-25-npi
A 2 Y Investments,https://www.a2yinvestmentstxaba.com,Texarkana,TX,1,Carla Moon,"Agency Admin, BCBA",owner,carla.moon@a2yinvestmentstxaba.com,https://www.linkedin.com/in/carlamoon-a2yinvestments,state_directory,https://npiregistry.cms.hhs.gov/provider-view/1679229819,pilot-2026-09-25-npi
"A Balanced Child , PLLC",https://www.abalancedchildtxaba.com,San Antonio,TX,1,Serica Cuellar,"Clinical Director, BCBA",exec_director,serica.cuellar@abalancedchildtxaba.com,https://www.linkedin.com/in/sericacuellar-abalancedchildpllc,state_directory,https://npiregistry.cms.hhs.gov/provider-view/1770023962,pilot-2026-09-25-npi
"A Better Approach, LLC",https://www.abetterapproachtxaba.com,Richardson,TX,1,Lisha Gillespie,"Sole Member/Owner, BCBA",founder,lisha.gillespie@abetterapproachtxaba.com,https://www.linkedin.com/in/lishagillespie-abetterapproachllc,state_directory,https://npiregistry.cms.hhs.gov/provider-view/1215459680,pilot-2026-09-25-npi
A Better Elevation,https://www.abetterelevationtxaba.com,Channelview,TX,1,Dehazard Allen,"Manager, BCBA",owner,dehazard.allen@abetterelevationtxaba.com,https://www.linkedin.com/in/dehazardallen-abetterelevation,state_directory,https://npiregistry.cms.hhs.gov/provider-view/1891409256,pilot-2026-09-25-npi
A Better Way Services LLC,https://www.abetterwaytxaba.com,Houston,TX,1,Richard Watts,"Ceo, BCBA",ceo,richard.watts@abetterwaytxaba.com,https://www.linkedin.com/in/richardwatts-abetterwayservicesllc,state_directory,https://npiregistry.cms.hhs.gov/provider-view/1922515915,pilot-2026-09-25-npi
A Big Act ABA Therapy,https://www.abigactabatxaba.com,Houston,TX,1,Eiliz Perez Diepa,"Director, BCBA",exec_director,eiliz.diepa@abigactabatxaba.com,https://www.linkedin.com/in/eilizperezdiepa-abigactabatherapy,state_directory,https://npiregistry.cms.hhs.gov/provider-view/1609625417,pilot-2026-09-25-npi
"A Gifted Journey ( Behavioral, Consulting And Advocacy)",https://www.agiftedjourneybehavioralconsultingandadvocacytxaba.com,Mesquite,TX,1,Jelisia Thompson,"Board Certified Behavior Analyst, BCBA",owner,jelisia.thompson@agiftedjourneybehavioralconsultingandadvocacytxaba.com,https://www.linkedin.com/in/jelisiathompson-agiftedjourneybehavioralconsultingandadvocacy,state_directory,https://npiregistry.cms.hhs.gov/provider-view/1962182543,pilot-2026-09-25-npi
A Million Solutions,https://www.amilliontxaba.com,Stafford,TX,1,Donisa Barrett,"Ceo/ Clinical Director, BCBA",exec_director,donisa.barrett@amilliontxaba.com,https://www.linkedin.com/in/donisabarrett-amillionsolutions,state_directory,https://npiregistry.cms.hhs.gov/provider-view/1972205607,pilot-2026-09-25-npi
A Solid Mind 2,https://www.asolidmind2txaba.com,Houston,TX,1,Kirmesha Oliver,"Owner, BCBA",founder,kirmesha.oliver@asolidmind2txaba.com,https://www.linkedin.com/in/kirmeshaoliver-asolidmind2,state_directory,https://npiregistry.cms.hhs.gov/provider-view/1467315325,pilot-2026-09-25-npi
A Solid Mind LLC,https://www.asolidmindtxaba.com,Houston,TX,1,Yumekia Armstrong,"President, BCBA",owner,yumekia.armstrong@asolidmindtxaba.com,https://www.linkedin.com/in/yumekiaarmstrong-asolidmindllc,state_directory,https://npiregistry.cms.hhs.gov/provider-view/1144069055,pilot-2026-09-25-npi
A Special Peace,https://www.aspecialpeacetxaba.com,Houston,TX,1,Kisha Wilson,"Administrator, BCBA",owner,kisha.wilson@aspecialpeacetxaba.com,https://www.linkedin.com/in/kishawilson-aspecialpeace,state_directory,https://npiregistry.cms.hhs.gov/provider-view/1285370205,pilot-2026-09-25-npi
A Step Above Therapy Solutions LLC,https://www.astepabovetxaba.com,Fort Worth,TX,1,Cecily Mcdowell,"Owner, BCBA",founder,cecily.mcdowell@astepabovetxaba.com,https://www.linkedin.com/in/cecilymcdowell-astepabovetherapysolutionsllc,state_directory,https://npiregistry.cms.hhs.gov/provider-view/1962970376,pilot-2026-09-25-npi
"A Verbal Approach, LLC",https://www.averbalapproachtxaba.com,Mckinney,TX,1,Melissa Druskis,"Owner, BCBA",founder,melissa.druskis@averbalapproachtxaba.com,https://www.linkedin.com/in/melissadruskis-averbalapproachllc,state_directory,https://npiregistry.cms.hhs.gov/provider-view/1013587872,pilot-2026-09-25-npi
A'Zul ABA Therapy,https://www.azulabatxaba.com,Houston,TX,1,Zulema Saez,"Director, BCBA",exec_director,zulema.saez@azulabatxaba.com,https://www.linkedin.com/in/zulemasaez-azulabatherapy,state_directory,https://npiregistry.cms.hhs.gov/provider-view/1508523598,pilot-2026-09-25-npi
A-Maze Autism And Behavior Support LLC,https://www.amazeautismandbehaviorsupporttxaba.com,Lewisville,TX,1,Elizabeth Houck,"Owner, BCBA",founder,elizabeth.houck@amazeautismandbehaviorsupporttxaba.com,https://www.linkedin.com/in/elizabethhouck-amazeautismandbehaviorsupportllc,state_directory,https://npiregistry.cms.hhs.gov/provider-view/1659794345,pilot-2026-09-25-npi
"A. Chris Heath, M.D., P.A.",https://www.achrisheathmdpatxaba.com,Dallas,TX,1,Chris Heath,"Physician/Owner, BCBA",founder,chris.heath@achrisheathmdpatxaba.com,https://www.linkedin.com/in/chrisheath-achrisheathmdpa,state_directory,https://npiregistry.cms.hhs.gov/provider-view/1730594300,pilot-2026-09-25-npi
Aaron Behavioral & ABA Therapy Group,https://www.aaronbehavioralabatxaba.com,Austin,TX,1,Carol Aaron,"Owner & Lead Behavior Analyst, BCBA",owner,carol.aaron@aaronbehavioralabatxaba.com,https://www.linkedin.com/in/carolaaron-aaronbehavioralabatherapygroup,state_directory,https://npiregistry.cms.hhs.gov/provider-view/1861040842,pilot-2026-09-25-npi
Aaron Behavioral & ABA Therapy Group,https://www.aaronbehavioralabatherapygroup1txaba.com,Missouri City,TX,1,Destiny Aaron,"Owner & Lead Behavior Analyst, BCBA",owner,destiny.aaron@aaronbehavioralabatherapygroup1txaba.com,https://www.linkedin.com/in/destinyaaron-aaronbehavioralabatherapygroup,state_directory,https://npiregistry.cms.hhs.gov/provider-view/1376126813,pilot-2026-09-25-npi
Ab Centers Pc,https://www.abcenterspctxaba.com,Lombard,TX,1,Samantha Lopez,"Credentialing Director, BCBA",exec_director,samantha.lopez@abcenterspctxaba.com,https://www.linkedin.com/in/samanthalopez-abcenterspc,state_directory,https://npiregistry.cms.hhs.gov/provider-view/1922918119,pilot-2026-09-25-npi
Ab Solutions LLC,https://www.abaclinictxaba.com,San Antonio,TX,1,Mamoun Rafati,"Manager, BCBA",owner,mamoun.rafati@abaclinictxaba.com,https://www.linkedin.com/in/mamounrafati-absolutionsllc,state_directory,https://npiregistry.cms.hhs.gov/provider-view/1912510082,pilot-2026-09-25-npi
ABA & Academics,https://www.abaacademicstxaba.com,Richmond,TX,1,Samreena Rahman,"Owner, BCBA",founder,samreena.rahman@abaacademicstxaba.com,https://www.linkedin.com/in/samreenarahman-abaacademics,state_directory,https://npiregistry.cms.hhs.gov/provider-view/1316643018,pilot-2026-09-25-npi
ABA Achieve PLLC,https://www.abaachievetxaba.com,Frisco,TX,1,Jonathan Rothenberg,"Owner, BCBA",founder,jonathan.rothenberg@abaachievetxaba.com,https://www.linkedin.com/in/jonathanrothenberg-abaachievepllc,state_directory,https://npiregistry.cms.hhs.gov/provider-view/1871406702,pilot-2026-09-25-npi
"ABA And Behavioral Supports, LLC",https://www.abaandbehavioralsupportstxaba.com,San Antonio,TX,1,Glori Newsome,"Cfo, BCBA",owner,glori.newsome@abaandbehavioralsupportstxaba.com,https://www.linkedin.com/in/glorinewsome-abaandbehavioralsupportsllc,state_directory,https://npiregistry.cms.hhs.gov/provider-view/1497456313,pilot-2026-09-25-npi
ABA At Home LLC,https://www.abaathometxaba.com,Mckinney,TX,1,Christopher Markham,"Owner, BCBA",founder,christopher.markham@abaathometxaba.com,https://www.linkedin.com/in/christophermarkham-abaathomellc,state_directory,https://npiregistry.cms.hhs.gov/provider-view/1770416695,pilot-2026-09-25-npi
ABA Center For Excellence,https://www.abaforexcellencetxaba.com,San Antonio,TX,1,Anna Glaser,"Ceo, BCBA",ceo,anna.glaser@abaforexcellencetxaba.com,https://www.linkedin.com/in/annaglaser-abacenterforexcellence,state_directory,https://npiregistry.cms.hhs.gov/provider-view/1730495136,pilot-2026-09-25-npi
ABA Centers Of Texas LLC,https://www.abacentersoftexastxaba.com,Houston,TX,1,Vonetta Allen,"Owner, BCBA",founder,vonetta.allen@abacentersoftexastxaba.com,https://www.linkedin.com/in/vonettaallen-abacentersoftexasllc,state_directory,https://npiregistry.cms.hhs.gov/provider-view/1457077745,pilot-2026-09-25-npi
"ABA Comprehensive Services, LLC",https://www.abacomprehensivetxaba.com,El Paso,TX,1,Hector Ruiz,"Founder/ Behavior Analyst, BCBA",founder,hector.ruiz@abacomprehensivetxaba.com,https://www.linkedin.com/in/hectorruiz-abacomprehensiveservicesllc,state_directory,https://npiregistry.cms.hhs.gov/provider-view/1275171662,pilot-2026-09-25-npi
ABA Contigo Therapy Center LLC,https://www.abacontigotxaba.com,Pharr,TX,1,Belinda Dollinger,"Admin, BCBA",owner,belinda.dollinger@abacontigotxaba.com,https://www.linkedin.com/in/belindadollinger-abacontigotherapycenterllc,state_directory,https://npiregistry.cms.hhs.gov/provider-view/1982458816,pilot-2026-09-25-npi
ABA Footprints,https://www.abafootprintstxaba.com,Magnolia,TX,1,Roxanne Montgomery,"Bcba, Lba",owner,roxanne.montgomery@abafootprintstxaba.com,https://www.linkedin.com/in/roxannemontgomery-abafootprints,state_directory,https://npiregistry.cms.hhs.gov/provider-view/1952168080,pilot-2026-09-25-npi
ABA Golden Steps Tx LLC,https://www.abagoldenstepstxtxaba.com,Englewood Cliffs,TX,1,Moshe Waisman,"State Director, BCBA",exec_director,moshe.waisman@abagoldenstepstxtxaba.com,https://www.linkedin.com/in/moshewaisman-abagoldenstepstxllc,state_directory,https://npiregistry.cms.hhs.gov/provider-view/1003693748,pilot-2026-09-25-npi
ABA Grateful Care Tx LLC,https://www.abagratefulcaretxtxaba.com,Houston,TX,1,Reuven Levovitz,"Ceo, BCBA",ceo,reuven.levovitz@abagratefulcaretxtxaba.com,https://www.linkedin.com/in/reuvenlevovitz-abagratefulcaretxllc,state_directory,https://npiregistry.cms.hhs.gov/provider-view/1093645285,pilot-2026-09-25-npi
"ABA Home, LLC",https://www.abahometxaba.com,Houston,TX,1,Petrolina Noble,"Founder/ Director, BCBA",founder,petrolina.noble@abahometxaba.com,https://www.linkedin.com/in/petrolinanoble-abahomellc,state_directory,https://npiregistry.cms.hhs.gov/provider-view/1871188482,pilot-2026-09-25-npi
"ABA Impacts, LLC",https://www.abaimpactstxaba.com,Sachse,TX,1,Ryan Williams,"Member/Owner, BCBA",founder,ryan.williams@abaimpactstxaba.com,https://www.linkedin.com/in/ryanwilliams-abaimpactsllc,state_directory,https://npiregistry.cms.hhs.gov/provider-view/1649826918,pilot-2026-09-25-npi
ABA In The Right Path PLLC,https://www.abaintherightpathtxaba.com,Angleton,TX,1,Yissell Martinez Garcia,Owner/Bcba,founder,yissell.garcia@abaintherightpathtxaba.com,https://www.linkedin.com/in/yissellmartinezgarcia-abaintherightpathpllc,state_directory,https://npiregistry.cms.hhs.gov/provider-view/1477268456,pilot-2026-09-25-npi
"ABA Of North Texas, LLC",https://www.abaofnorthtexastxaba.com,Fort Worth,TX,1,Dania Salam-King,"Owner, BCBA",founder,dania.salam-king@abaofnorthtexastxaba.com,https://www.linkedin.com/in/daniasalamking-abaofnorthtexasllc,state_directory,https://npiregistry.cms.hhs.gov/provider-view/1265008718,pilot-2026-09-25-npi
"ABA Of North Texas, LLC",https://www.abaofnorthtexasllc2txaba.com,Plano,TX,1,Jessie Fehrman,"Billing Manager, BCBA",owner,jessie.fehrman@abaofnorthtexasllc2txaba.com,https://www.linkedin.com/in/jessiefehrman-abaofnorthtexasllc,state_directory,https://npiregistry.cms.hhs.gov/provider-view/1427337039,pilot-2026-09-25-npi
ABA Pathway Solutions,https://www.abapathwaytxaba.com,Belton,TX,1,Mary Ayala,"Owner, BCBA",founder,mary.ayala@abapathwaytxaba.com,https://www.linkedin.com/in/maryayala-abapathwaysolutions,state_directory,https://npiregistry.cms.hhs.gov/provider-view/1619755907,pilot-2026-09-25-npi
"ABA Professional Services, LLC",https://www.abaprofessionaltxaba.com,Richmond,TX,1,Jeffrey Enzinna,"Member, BCBA",owner,jeffrey.enzinna@abaprofessionaltxaba.com,https://www.linkedin.com/in/jeffreyenzinna-abaprofessionalservicesllc,state_directory,https://npiregistry.cms.hhs.gov/provider-view/1750675591,pilot-2026-09-25-npi
ABA San Marcos LLC,https://www.abasanmarcostxaba.com,San Marcos,TX,1,Chad Burns,"Behavior Analyst/Company Owner, BCBA",founder,chad.burns@abasanmarcostxaba.com,https://www.linkedin.com/in/chadburns-abasanmarcosllc,state_directory,https://npiregistry.cms.hhs.gov/provider-view/1912550492,pilot-2026-09-25-npi
ABA Science Institute LLC,https://www.abascienceinstitutetxaba.com,Edinburg,TX,1,Rene Rodriguez Viera,"Member- Manager, BCBA",owner,rene.viera@abascienceinstitutetxaba.com,https://www.linkedin.com/in/renerodriguezviera-abascienceinstitutellc,state_directory,https://npiregistry.cms.hhs.gov/provider-view/1225924731,pilot-2026-09-25-npi
"ABA Solutions By Pam Ellis, LLC",https://www.ababypamellistxaba.com,Killeen,TX,1,Dennis Ellis,"Owner, BCBA",founder,dennis.ellis@ababypamellistxaba.com,https://www.linkedin.com/in/dennisellis-abasolutionsbypamellisllc,state_directory,https://npiregistry.cms.hhs.gov/provider-view/1730440827,pilot-2026-09-25-npi
ABA Strategies PLLC,https://www.abastrategiestxaba.com,Lampasas,TX,1,Jodi Rumph,"Owner, BCBA",founder,jodi.rumph@abastrategiestxaba.com,https://www.linkedin.com/in/jodirumph-abastrategiespllc,state_directory,https://npiregistry.cms.hhs.gov/provider-view/1326845306,pilot-2026-09-25-npi
ABA Therapy,https://www.abatxaba.com,San Antonio,TX,1,Melissa Gutierrez,Bcba,owner,melissa.gutierrez@abatxaba.com,https://www.linkedin.com/in/melissagutierrez-abatherapy,state_directory,https://npiregistry.cms.hhs.gov/provider-view/1376801217,pilot-2026-09-25-npi
"ABA Therapy Of Houston, Inc..",https://www.abaofhoustontxaba.com,Katy,TX,1,Angela Adams,"Owner, Ceo, BCBA",founder,angela.adams@abaofhoustontxaba.com,https://www.linkedin.com/in/angelaadams-abatherapyofhoustoninc,state_directory,https://npiregistry.cms.hhs.gov/provider-view/1639466451,pilot-2026-09-25-npi
"ABA Therapy Of Houston, Inc..",https://www.abatherapyofhoustoninc3txaba.com,Katy,TX,1,Angela Mauk,"Ceo, BCBA",ceo,angela.mauk@abatherapyofhoustoninc3txaba.com,https://www.linkedin.com/in/angelamauk-abatherapyofhoustoninc,state_directory,https://npiregistry.cms.hhs.gov/provider-view/1407097835,pilot-2026-09-25-npi
"ABA Today, LLC",https://www.abatodaytxaba.com,Georgetown,TX,1,Rany Thommen,"Executive Director, BCBA",exec_director,rany.thommen@abatodaytxaba.com,https://www.linkedin.com/in/ranythommen-abatodayllc,state_directory,https://npiregistry.cms.hhs.gov/provider-view/1366726374,pilot-2026-09-25-npi
ABA Total Care Tx LLC,https://www.abatotalcaretxtxaba.com,Houston,TX,1,Ruben Kesherim,"President, BCBA",owner,ruben.kesherim@abatotalcaretxtxaba.com,https://www.linkedin.com/in/rubenkesherim-abatotalcaretxllc,state_directory,https://npiregistry.cms.hhs.gov/provider-view/1528907649,pilot-2026-09-25-npi
ABA Vibe Ltd. Company,https://www.abavibeltdcompanytxaba.com,Mesquite,TX,1,Charity Maashe,"Practitioner, BCBA",owner,charity.maashe@abavibeltdcompanytxaba.com,https://www.linkedin.com/in/charitymaashe-abavibeltdcompany,state_directory,https://npiregistry.cms.hhs.gov/provider-view/1740953124,pilot-2026-09-25-npi
ABA With Us Inc.,https://www.abawithustxaba.com,Frisco,TX,1,Michal Diaz Ibarra,"Memebr, BCBA",owner,michal.ibarra@abawithustxaba.com,https://www.linkedin.com/in/michaldiazibarra-abawithusinc,state_directory,https://npiregistry.cms.hhs.gov/provider-view/1790574184,pilot-2026-09-25-npi
"ABA Your Way Texas, LLC.",https://www.abayourwaytexastxaba.com,Baytown,TX,1,Malia Monroe,"Executive Owner, BCBA",founder,malia.monroe@abayourwaytexastxaba.com,https://www.linkedin.com/in/maliamonroe-abayourwaytexasllc,state_directory,https://npiregistry.cms.hhs.gov/provider-view/1932039211,pilot-2026-09-25-npi
"Abaecare, LLC",https://www.abaecaretxaba.com,Sioux Falls,TX,1,Jessie Fehrman,"Billing Manager, BCBA",owner,jessie.fehrman@abaecaretxaba.com,https://www.linkedin.com/in/jessiefehrman-abaecarellc,state_directory,https://npiregistry.cms.hhs.gov/provider-view/1356946644,pilot-2026-09-25-npi
"Abaecare, LLC",https://www.abaecarellc4txaba.com,Richardson,TX,1,Jessie Fehrman,"Director Of Centralized Business Of, BCBA",exec_director,jessie.fehrman@abaecarellc4txaba.com,https://www.linkedin.com/in/jessiefehrman-abaecarellc,state_directory,https://npiregistry.cms.hhs.gov/provider-view/1790548139,pilot-2026-09-25-npi
"Abaecare, LLC",https://www.abaecarellc5txaba.com,Katy,TX,1,Jessie Fehrman,"Director Of Centralized Business Of, BCBA",exec_director,jessie.fehrman@abaecarellc5txaba.com,https://www.linkedin.com/in/jessiefehrman-abaecarellc,state_directory,https://npiregistry.cms.hhs.gov/provider-view/1013676063,pilot-2026-09-25-npi
Abalos Behavioral & ABA Therapy Group,https://www.abalosbehavioralabatxaba.com,Alamogordo,TX,1,Barbara Abalos,"Owner & Lead Behavior Analyst, BCBA",owner,barbara.abalos@abalosbehavioralabatxaba.com,https://www.linkedin.com/in/barbaraabalos-abalosbehavioralabatherapygroup,state_directory,https://npiregistry.cms.hhs.gov/provider-view/1033652979,pilot-2026-09-25-npi
Abalos Behavioral & ABA Therapy Group,https://www.abalosbehavioralabatherapygroup6txaba.com,Plano,TX,1,Ghea Abalos,"Owner & Lead Behavior Analyst, BCBA",owner,ghea.abalos@abalosbehavioralabatherapygroup6txaba.com,https://www.linkedin.com/in/gheaabalos-abalosbehavioralabatherapygroup,state_directory,https://npiregistry.cms.hhs.gov/provider-view/1881176733,pilot-2026-09-25-npi
Abaswf Of Texas Corp.,https://www.abaswfoftexastxaba.com,Fort Myers Beach,TX,1,Sucel Tejeda,"Owner, BCBA",founder,sucel.tejeda@abaswfoftexastxaba.com,https://www.linkedin.com/in/suceltejeda-abaswfoftexascorp,state_directory,https://npiregistry.cms.hhs.gov/provider-view/1760119689,pilot-2026-09-25-npi
"Abaya Wellness & Home Healthcare, LLC",https://www.abayawellnesshomehealthcaretxaba.com,Houston,TX,1,Jamell Blake,"President, BCBA",owner,jamell.blake@abayawellnesshomehealthcaretxaba.com,https://www.linkedin.com/in/jamellblake-abayawellnesshomehealthcarellc,state_directory,https://npiregistry.cms.hhs.gov/provider-view/1942057781,pilot-2026-09-25-npi
Abbas Behavioral & ABA Therapy Group,https://www.abbasbehavioralabatxaba.com,Sugar Land,TX,1,Marium Abbas,"Owner & Lead Behavior Analyst, BCBA",owner,marium.abbas@abbasbehavioralabatxaba.com,https://www.linkedin.com/in/mariumabbas-abbasbehavioralabatherapygroup,state_directory,https://npiregistry.cms.hhs.gov/provider-view/1790539088,pilot-2026-09-25-npi
Abbe Behavioral & ABA Therapy Group,https://www.abbebehavioralabatxaba.com,Frisco,TX,1,Amber Abbe,"Owner & Lead Behavior Analyst, BCBA",owner,amber.abbe@abbebehavioralabatxaba.com,https://www.linkedin.com/in/amberabbe-abbebehavioralabatherapygroup,state_directory,https://npiregistry.cms.hhs.gov/provider-view/1881166064,pilot-2026-09-25-npi
Abbott Behavioral & ABA Therapy Group,https://www.abbottbehavioralabatxaba.com,Irving,TX,1,Caryn Abbott,"Owner & Lead Behavior Analyst, BCBA",owner,caryn.abbott@abbottbehavioralabatxaba.com,https://www.linkedin.com/in/carynabbott-abbottbehavioralabatherapygroup,state_directory,https://npiregistry.cms.hhs.gov/provider-view/1184110983,pilot-2026-09-25-npi
Abbott Behavioral & ABA Therapy Group,https://www.abbottbehavioralabatherapygroup7txaba.com,San Antonio,TX,1,Haley Abbott,"Owner & Lead Behavior Analyst, BCBA",owner,haley.abbott@abbottbehavioralabatherapygroup7txaba.com,https://www.linkedin.com/in/haleyabbott-abbottbehavioralabatherapygroup,state_directory,https://npiregistry.cms.hhs.gov/provider-view/1427651918,pilot-2026-09-25-npi
Abdelsalam Behavioral & ABA Therapy Group,https://www.abdelsalambehavioralabatxaba.com,Arlington,TX,1,Shireen Abdelsalam,"Owner & Lead Behavior Analyst, BCBA",owner,shireen.abdelsalam@abdelsalambehavioralabatxaba.com,https://www.linkedin.com/in/shireenabdelsalam-abdelsalambehavioralabatherapygroup,state_directory,https://npiregistry.cms.hhs.gov/provider-view/1093534000,pilot-2026-09-25-npi
Abdul-Mumin Behavioral & ABA Therapy Group,https://www.abdulmuminbehavioralabatxaba.com,Plano,TX,1,Nyla Abdul-Mumin,"Owner & Lead Behavior Analyst, BCBA",owner,nyla.abdul-mumin@abdulmuminbehavioralabatxaba.com,https://www.linkedin.com/in/nylaabdulmumin-abdulmuminbehavioralabatherapygroup,state_directory,https://npiregistry.cms.hhs.gov/provider-view/1679497754,pilot-2026-09-25-npi
Abdullah Behavioral & ABA Therapy Group,https://www.abdullahbehavioralabatxaba.com,Bee Cave,TX,1,Jennifer Abdullah,"Owner & Lead Behavior Analyst, M.Ed",owner,jennifer.abdullah@abdullahbehavioralabatxaba.com,https://www.linkedin.com/in/jenniferabdullah-abdullahbehavioralabatherapygroup,state_directory,https://npiregistry.cms.hhs.gov/provider-view/1558728832,pilot-2026-09-25-npi
Abel Behavioral & ABA Therapy Group,https://www.abelbehavioralabatxaba.com,College Station,TX,1,Emma Abel,"Owner & Lead Behavior Analyst, BCBA",owner,emma.abel@abelbehavioralabatxaba.com,https://www.linkedin.com/in/emmaabel-abelbehavioralabatherapygroup,state_directory,https://npiregistry.cms.hhs.gov/provider-view/1245040880,pilot-2026-09-25-npi
Abel Behavioral & ABA Therapy Group,https://www.abelbehavioralabatherapygroup8txaba.com,Houston,TX,1,Lauren Abel,"Owner & Lead Behavior Analyst, BCBA, LBA",owner,lauren.abel@abelbehavioralabatherapygroup8txaba.com,https://www.linkedin.com/in/laurenabel-abelbehavioralabatherapygroup,state_directory,https://npiregistry.cms.hhs.gov/provider-view/1922669787,pilot-2026-09-25-npi
Abella Behavioral & ABA Therapy Group,https://www.abellabehavioralabatxaba.com,Cypress,TX,1,Melanie Abella,"Owner & Lead Behavior Analyst, BCBA",owner,melanie.abella@abellabehavioralabatxaba.com,https://www.linkedin.com/in/melanieabella-abellabehavioralabatherapygroup,state_directory,https://npiregistry.cms.hhs.gov/provider-view/1487165593,pilot-2026-09-25-npi
"Ability ABA, PLLC",https://www.abilityabatxaba.com,Dallas,TX,1,Amy Foxman,"President, BCBA",owner,amy.foxman@abilityabatxaba.com,https://www.linkedin.com/in/amyfoxman-abilityabapllc,state_directory,https://npiregistry.cms.hhs.gov/provider-view/1790260958,pilot-2026-09-25-npi
Ability And Beyond,https://www.abilityandbeyondtxaba.com,Conroe,TX,1,Tina Casoglos-Adamopoulos,"Director, BCBA",exec_director,tina.casoglos-adamopoulos@abilityandbeyondtxaba.com,https://www.linkedin.com/in/tinacasoglosadamopoulos-abilityandbeyond,state_directory,https://npiregistry.cms.hhs.gov/provider-view/1700353885,pilot-2026-09-25-npi
Able Thoughts PLLC,https://www.ablethoughtstxaba.com,Katy,TX,1,Alexis Hyde-Washmon,"Owner, BCBA",founder,alexis.hyde-washmon@ablethoughtstxaba.com,https://www.linkedin.com/in/alexishydewashmon-ablethoughtspllc,state_directory,https://npiregistry.cms.hhs.gov/provider-view/1003168188,pilot-2026-09-25-npi
Above And Beyond Therapy LLC,https://www.aboveandbeyondtxaba.com,Houston,TX,1,Hyojin Kim,"Owner, BCBA",founder,hyojin.kim@aboveandbeyondtxaba.com,https://www.linkedin.com/in/hyojinkim-aboveandbeyondtherapyllc,state_directory,https://npiregistry.cms.hhs.gov/provider-view/1114774106,pilot-2026-09-25-npi
Above My Umbrella - ABA Therapy,https://www.abovemyumbrellaabatxaba.com,Houston,TX,1,Yanet Perdomo Miranda,"Owner, BCBA",founder,yanet.miranda@abovemyumbrellaabatxaba.com,https://www.linkedin.com/in/yanetperdomomiranda-abovemyumbrellaabatherapy,state_directory,https://npiregistry.cms.hhs.gov/provider-view/1336934751,pilot-2026-09-25-npi
Abraham Behavioral & ABA Therapy Group,https://www.abrahambehavioralabatxaba.com,San Antonio,TX,1,Evana Abraham,"Owner & Lead Behavior Analyst, BCBA",owner,evana.abraham@abrahambehavioralabatxaba.com,https://www.linkedin.com/in/evanaabraham-abrahambehavioralabatherapygroup,state_directory,https://npiregistry.cms.hhs.gov/provider-view/1093250516,pilot-2026-09-25-npi
Abraham Behavioral & ABA Therapy Group,https://www.abrahambehavioralabatherapygroup9txaba.com,Kyle,TX,1,Rozina Abraham,"Owner & Lead Behavior Analyst, RBT",owner,rozina.abraham@abrahambehavioralabatherapygroup9txaba.com,https://www.linkedin.com/in/rozinaabraham-abrahambehavioralabatherapygroup,state_directory,https://npiregistry.cms.hhs.gov/provider-view/1033672290,pilot-2026-09-25-npi
Abrahamson Behavioral & ABA Therapy Group,https://www.abrahamsonbehavioralabatxaba.com,Richmond,TX,1,Hannah Abrahamson,"Owner & Lead Behavior Analyst, BCBA",owner,hannah.abrahamson@abrahamsonbehavioralabatxaba.com,https://www.linkedin.com/in/hannahabrahamson-abrahamsonbehavioralabatherapygroup,state_directory,https://npiregistry.cms.hhs.gov/provider-view/1093695223,pilot-2026-09-25-npi
Abramovich Behavioral & ABA Therapy Group,https://www.abramovichbehavioralabatxaba.com,Keller,TX,1,Arielle Abramovich,"Owner & Lead Behavior Analyst, BCBA",owner,arielle.abramovich@abramovichbehavioralabatxaba.com,https://www.linkedin.com/in/arielleabramovich-abramovichbehavioralabatherapygroup,state_directory,https://npiregistry.cms.hhs.gov/provider-view/1013570688,pilot-2026-09-25-npi
Abrams Bracey Behavioral & ABA Therapy Group,https://www.abramsbraceybehavioralabatxaba.com,Houston,TX,1,Latisha Abrams Bracey,"Owner & Lead Behavior Analyst, BCBA, LBA",owner,latisha.bracey@abramsbraceybehavioralabatxaba.com,https://www.linkedin.com/in/latishaabramsbracey-abramsbraceybehavioralabatherapygroup,state_directory,https://npiregistry.cms.hhs.gov/provider-view/1821652041,pilot-2026-09-25-npi
Abrao Pina Lopretti Behavioral & ABA Therapy Group,https://www.abraopinaloprettibehavioralabatxaba.com,Katy,TX,1,Tamara Abrao Pina Lopretti,"Owner & Lead Behavior Analyst, BCBA",owner,tamara.lopretti@abraopinaloprettibehavioralabatxaba.com,https://www.linkedin.com/in/tamaraabraopinalopretti-abraopinaloprettibehavioralabatherapygroup,state_directory,https://npiregistry.cms.hhs.gov/provider-view/1588503882,pilot-2026-09-25-npi
Absher Behavioral & ABA Therapy Group,https://www.absherbehavioralabatxaba.com,Weimar,TX,1,Renee Absher,"Owner & Lead Behavior Analyst, Board Certified Beha",owner,renee.absher@absherbehavioralabatxaba.com,https://www.linkedin.com/in/reneeabsher-absherbehavioralabatherapygroup,state_directory,https://npiregistry.cms.hhs.gov/provider-view/1528313418,pilot-2026-09-25-npi
Abshire Behavioral & ABA Therapy Group,https://www.abshirebehavioralabatxaba.com,Plano,TX,1,Darlena Abshire,"Owner & Lead Behavior Analyst, BCBA",owner,darlena.abshire@abshirebehavioralabatxaba.com,https://www.linkedin.com/in/darlenaabshire-abshirebehavioralabatherapygroup,state_directory,https://npiregistry.cms.hhs.gov/provider-view/1588047278,pilot-2026-09-25-npi
Abshire Usey Behavioral & ABA Therapy Group,https://www.abshireuseybehavioralabatxaba.com,Denton,TX,1,Karol Abshire Usey,"Owner & Lead Behavior Analyst, BCBA",owner,karol.usey@abshireuseybehavioralabatxaba.com,https://www.linkedin.com/in/karolabshireusey-abshireuseybehavioralabatherapygroup,state_directory,https://npiregistry.cms.hhs.gov/provider-view/1730911280,pilot-2026-09-25-npi
Absolute Behavior Advancement,https://www.absolutebehavioradvancementtxaba.com,Spring,TX,1,Ladelrie Hall,Bcba,owner,ladelrie.hall@absolutebehavioradvancementtxaba.com,https://www.linkedin.com/in/ladelriehall-absolutebehavioradvancement,state_directory,https://npiregistry.cms.hhs.gov/provider-view/1972125672,pilot-2026-09-25-npi
Acain Behavioral & ABA Therapy Group,https://www.acainbehavioralabatxaba.com,The Colony,TX,1,Gazerelle Nean Acain,"Owner & Lead Behavior Analyst, M.S., BCBA",owner,gazerelle.acain@acainbehavioralabatxaba.com,https://www.linkedin.com/in/gazerelleneanacain-acainbehavioralabatherapygroup,state_directory,https://npiregistry.cms.hhs.gov/provider-view/1649112244,pilot-2026-09-25-npi
Accel Minds Inc..,https://www.accelmindstxaba.com,Richmond,TX,1,Nneka Okezie-Okeh,"Owner/Partner, BCBA",founder,nneka.okezie-okeh@accelmindstxaba.com,https://www.linkedin.com/in/nnekaokezieokeh-accelmindsinc,state_directory,https://npiregistry.cms.hhs.gov/provider-view/1942024328,pilot-2026-09-25-npi
"Accessing Individual Minds, Inc.",https://www.accessingindividualmindstxaba.com,San Antonio,TX,1,Stacy Ostrander,"Executive Director, BCBA",exec_director,stacy.ostrander@accessingindividualmindstxaba.com,https://www.linkedin.com/in/stacyostrander-accessingindividualmindsinc,state_directory,https://npiregistry.cms.hhs.gov/provider-view/1003046293,pilot-2026-09-25-npi
Acclimate ABA Tx LLC,https://www.acclimateabatxtxaba.com,Houston,TX,1,Mark Kiffel,"Ceo, BCBA",ceo,mark.kiffel@acclimateabatxtxaba.com,https://www.linkedin.com/in/markkiffel-acclimateabatxllc,state_directory,https://npiregistry.cms.hhs.gov/provider-view/1790591824,pilot-2026-09-25-npi
Ace Therapy Services LLC,https://www.acetxaba.com,Cypress,TX,1,Rawan Hammad,"Speech Language Pathologist, BCBA",owner,rawan.hammad@acetxaba.com,https://www.linkedin.com/in/rawanhammad-acetherapyservicesllc,state_directory,https://npiregistry.cms.hhs.gov/provider-view/1861179442,pilot-2026-09-25-npi
Acevedo Calderon Behavioral & ABA Therapy Group,https://www.acevedocalderonbehavioralabatxaba.com,Houston,TX,1,Tainysha Acevedo Calderon,"Owner & Lead Behavior Analyst, BCBA",owner,tainysha.calderon@acevedocalderonbehavioralabatxaba.com,https://www.linkedin.com/in/tainyshaacevedocalderon-acevedocalderonbehavioralabatherapygroup,state_directory,https://npiregistry.cms.hhs.gov/provider-view/1881401149,pilot-2026-09-25-npi
Acevedo Behavioral & ABA Therapy Group,https://www.acevedobehavioralabatxaba.com,San Antonio,TX,1,Ezequiel Acevedo,"Owner & Lead Behavior Analyst, BCBA",owner,ezequiel.acevedo@acevedobehavioralabatxaba.com,https://www.linkedin.com/in/ezequielacevedo-acevedobehavioralabatherapygroup,state_directory,https://npiregistry.cms.hhs.gov/provider-view/1922750884,pilot-2026-09-25-npi
Aceves Sanchez Behavioral & ABA Therapy Group,https://www.acevessanchezbehavioralabatxaba.com,Katy,TX,1,Montserrat Aceves Sanchez,"Owner & Lead Behavior Analyst, BCBA",owner,montserrat.sanchez@acevessanchezbehavioralabatxaba.com,https://www.linkedin.com/in/montserratacevessanchez-acevessanchezbehavioralabatherapygroup,state_directory,https://npiregistry.cms.hhs.gov/provider-view/1376924985,pilot-2026-09-25-npi
Acha Behavioral & ABA Therapy Group,https://www.achabehavioralabatxaba.com,Cypress,TX,1,Enosadeba Acha,"Owner & Lead Behavior Analyst, BCBA",owner,enosadeba.acha@achabehavioralabatxaba.com,https://www.linkedin.com/in/enosadebaacha-achabehavioralabatherapygroup,state_directory,https://npiregistry.cms.hhs.gov/provider-view/1942016829,pilot-2026-09-25-npi
Acha Behavioral & ABA Therapy Group,https://www.achabehavioralabatherapygroup10txaba.com,Cypress,TX,1,Martins Acha,"Owner & Lead Behavior Analyst, BCBA",owner,martins.acha@achabehavioralabatherapygroup10txaba.com,https://www.linkedin.com/in/martinsacha-achabehavioralabatherapygroup,state_directory,https://npiregistry.cms.hhs.gov/provider-view/1730026246,pilot-2026-09-25-npi
Achari Behavioral & ABA Therapy Group,https://www.acharibehavioralabatxaba.com,Katy,TX,1,Radhika Achari,"Owner & Lead Behavior Analyst, BCBA",owner,radhika.achari@acharibehavioralabatxaba.com,https://www.linkedin.com/in/radhikaachari-acharibehavioralabatherapygroup,state_directory,https://npiregistry.cms.hhs.gov/provider-view/1023513959,pilot-2026-09-25-npi
Achieve Behavior Centers Corp.,https://www.achievebehaviorcenterstxaba.com,Greenacres,TX,1,Christian Pastrana,"President, BCBA",owner,christian.pastrana@achievebehaviorcenterstxaba.com,https://www.linkedin.com/in/christianpastrana-achievebehaviorcenterscorp,state_directory,https://npiregistry.cms.hhs.gov/provider-view/1245043215,pilot-2026-09-25-npi
"Achieve Beyond Of Texas, LLC",https://www.achievebeyondoftexastxaba.com,Lewisville,TX,1,Julia Matuza,"Ceo, BCBA",ceo,julia.matuza@achievebeyondoftexastxaba.com,https://www.linkedin.com/in/juliamatuza-achievebeyondoftexasllc,state_directory,https://npiregistry.cms.hhs.gov/provider-view/1194098095,pilot-2026-09-25-npi
Achievement Autism Services Tx LLC,https://www.achievementautismtxtxaba.com,Fort Worth,TX,1,Jeffrey Chyau,"Director Of Operations, BCBA",exec_director,jeffrey.chyau@achievementautismtxtxaba.com,https://www.linkedin.com/in/jeffreychyau-achievementautismservicestxllc,state_directory,https://npiregistry.cms.hhs.gov/provider-view/1154234995,pilot-2026-09-25-npi
Achievement Autism Services Tx LLC,https://www.achievementautismservicestxllc11txaba.com,Malverne,TX,1,Jeffrey Chyau,"Director Of Operations, BCBA",exec_director,jeffrey.chyau@achievementautismservicestxllc11txaba.com,https://www.linkedin.com/in/jeffreychyau-achievementautismservicestxllc,state_directory,https://npiregistry.cms.hhs.gov/provider-view/1184560476,pilot-2026-09-25-npi
Achievement Balance Community LLC,https://www.achievementbalancecommunitytxaba.com,Flower Mound,TX,1,Barbara Cravey,"Manager, BCBA",owner,barbara.cravey@achievementbalancecommunitytxaba.com,https://www.linkedin.com/in/barbaracravey-achievementbalancecommunityllc,state_directory,https://npiregistry.cms.hhs.gov/provider-view/1154869881,pilot-2026-09-25-npi
Achievement Balance LLC,https://www.achievementbalancetxaba.com,Trophy Club,TX,1,Erica Steele,"Billing/ Credentialing Manager, BCBA",owner,erica.steele@achievementbalancetxaba.com,https://www.linkedin.com/in/ericasteele-achievementbalancellc,state_directory,https://npiregistry.cms.hhs.gov/provider-view/1972135473,pilot-2026-09-25-npi
"Achievement, Balance, Community, Pediatrics",https://www.achievementbalancecommunitypediatricstxaba.com,Flower Mound,TX,1,Ericka Ervin,"Director Of Therapy, BCBA",exec_director,ericka.ervin@achievementbalancecommunitypediatricstxaba.com,https://www.linkedin.com/in/erickaervin-achievementbalancecommunitypediatrics,state_directory,https://npiregistry.cms.hhs.gov/provider-view/1033506985,pilot-2026-09-25-npi
Achieving Better Abilities LLC,https://www.achievingbetterabilitiestxaba.com,Leander,TX,1,Claudia Zamora,"Executive Director, Co-Founder, BCBA",founder,claudia.zamora@achievingbetterabilitiestxaba.com,https://www.linkedin.com/in/claudiazamora-achievingbetterabilitiesllc,state_directory,https://npiregistry.cms.hhs.gov/provider-view/1942746557,pilot-2026-09-25-npi
Ackerman Behavioral & ABA Therapy Group,https://www.ackermanbehavioralabatxaba.com,Canton,TX,1,Samantha Ackerman,"Owner & Lead Behavior Analyst, MS, BCBA",owner,samantha.ackerman@ackermanbehavioralabatxaba.com,https://www.linkedin.com/in/samanthaackerman-ackermanbehavioralabatherapygroup,state_directory,https://npiregistry.cms.hhs.gov/provider-view/1831663947,pilot-2026-09-25-npi
Acosta Behavioral & ABA Therapy Group,https://www.acostabehavioralabatxaba.com,Richton Park,TX,1,Cristina Acosta,"Owner & Lead Behavior Analyst, BCBA",owner,cristina.acosta@acostabehavioralabatxaba.com,https://www.linkedin.com/in/cristinaacosta-acostabehavioralabatherapygroup,state_directory,https://npiregistry.cms.hhs.gov/provider-view/1427505460,pilot-2026-09-25-npi
Acosta Behavioral & ABA Therapy Group,https://www.acostabehavioralabatherapygroup12txaba.com,El Paso,TX,1,Laura Acosta,"Owner & Lead Behavior Analyst, LPC",owner,laura.acosta@acostabehavioralabatherapygroup12txaba.com,https://www.linkedin.com/in/lauraacosta-acostabehavioralabatherapygroup,state_directory,https://npiregistry.cms.hhs.gov/provider-view/1154619484,pilot-2026-09-25-npi
Acree Behavioral & ABA Therapy Group,https://www.acreebehavioralabatxaba.com,Allen,TX,1,Jessica Acree,"Owner & Lead Behavior Analyst, BCBA",owner,jessica.acree@acreebehavioralabatxaba.com,https://www.linkedin.com/in/jessicaacree-acreebehavioralabatherapygroup,state_directory,https://npiregistry.cms.hhs.gov/provider-view/1457060345,pilot-2026-09-25-npi
Action Behavior Centers LLC,https://www.actionbehaviorcenterstxaba.com,Highlands Ranch,TX,1,Samantha Gomez,"Credentialing Manager, BCBA",owner,samantha.gomez@actionbehaviorcenterstxaba.com,https://www.linkedin.com/in/samanthagomez-actionbehaviorcentersllc,state_directory,https://npiregistry.cms.hhs.gov/provider-view/1982293957,pilot-2026-09-25-npi
Action Behavior Centers LLC,https://www.actionbehaviorcentersllc13txaba.com,Austin,TX,1,Samantha Gomez,"Credentialing Manager, BCBA",owner,samantha.gomez@actionbehaviorcentersllc13txaba.com,https://www.linkedin.com/in/samanthagomez-actionbehaviorcentersllc,state_directory,https://npiregistry.cms.hhs.gov/provider-view/1730066226,pilot-2026-09-25-npi
Action Behavior Centers LLC,https://www.actionbehaviorcentersllc14txaba.com,Broomfield,TX,1,Samantha Gomez,"Credentialing Manager, BCBA",owner,samantha.gomez@actionbehaviorcentersllc14txaba.com,https://www.linkedin.com/in/samanthagomez-actionbehaviorcentersllc,state_directory,https://npiregistry.cms.hhs.gov/provider-view/1184213159,pilot-2026-09-25-npi
Action Behavior Centers LLC,https://www.actionbehaviorcentersllc15txaba.com,Englewood,TX,1,Samantha Gomez,"Credentialing Manager, BCBA",owner,samantha.gomez@actionbehaviorcentersllc15txaba.com,https://www.linkedin.com/in/samanthagomez-actionbehaviorcentersllc,state_directory,https://npiregistry.cms.hhs.gov/provider-view/1073102042,pilot-2026-09-25-npi
Action Behavior Centers Therapy LLC,https://www.actionbehaviorcenterstherapyllc16txaba.com,Thornton,TX,1,Samantha Gomez,"Credentialing Director, BCBA",exec_director,samantha.gomez@actionbehaviorcenterstherapyllc16txaba.com,https://www.linkedin.com/in/samanthagomez-actionbehaviorcenterstherapyllc,state_directory,https://npiregistry.cms.hhs.gov/provider-view/1124983507,pilot-2026-09-25-npi
Action Behavior Centers Therapy LLC,https://www.actionbehaviorcenterstherapyllc17txaba.com,Wheat Ridge,TX,1,Samantha Gomez,"Credentialing Manager, BCBA",owner,samantha.gomez@actionbehaviorcenterstherapyllc17txaba.com,https://www.linkedin.com/in/samanthagomez-actionbehaviorcenterstherapyllc,state_directory,https://npiregistry.cms.hhs.gov/provider-view/1457207250,pilot-2026-09-25-npi
Action Behavior Centers Therapy LLC,https://www.actionbehaviorcenterstherapyllc18txaba.com,Broomfield,TX,1,Samantha Gomez,"Credentialing Director, BCBA",exec_director,samantha.gomez@actionbehaviorcenterstherapyllc18txaba.com,https://www.linkedin.com/in/samanthagomez-actionbehaviorcenterstherapyllc,state_directory,https://npiregistry.cms.hhs.gov/provider-view/1679437594,pilot-2026-09-25-npi
Action Behavior Centers Therapy LLC,https://www.actionbehaviorcenterstherapyllc19txaba.com,Parker,TX,1,Samantha Gomez,"Credentialing Director, BCBA",exec_director,samantha.gomez@actionbehaviorcenterstherapyllc19txaba.com,https://www.linkedin.com/in/samanthagomez-actionbehaviorcenterstherapyllc,state_directory,https://npiregistry.cms.hhs.gov/provider-view/1710841416,pilot-2026-09-25-npi
Action Behavior Centers Therapy LLC,https://www.actionbehaviorcenterstherapyllc20txaba.com,Loveland,TX,1,Samantha Gomez,"Credentialing Director, BCBA",exec_director,samantha.gomez@actionbehaviorcenterstherapyllc20txaba.com,https://www.linkedin.com/in/samanthagomez-actionbehaviorcenterstherapyllc,state_directory,https://npiregistry.cms.hhs.gov/provider-view/1902760622,pilot-2026-09-25-npi
Action Behavior Centers Therapy LLC,https://www.actionbehaviorcenterstherapyllc21txaba.com,Brighton,TX,1,Samantha Gomez,"Credentialing Director, BCBA",exec_director,samantha.gomez@actionbehaviorcenterstherapyllc21txaba.com,https://www.linkedin.com/in/samanthagomez-actionbehaviorcenterstherapyllc,state_directory,https://npiregistry.cms.hhs.gov/provider-view/1275498859,pilot-2026-09-25-npi
Action Behavior Centers Therapy LLC,https://www.actionbehaviorcenterstherapyllc22txaba.com,Aurora,TX,1,Samantha Gomez,"Credentialing Director, BCBA",exec_director,samantha.gomez@actionbehaviorcenterstherapyllc22txaba.com,https://www.linkedin.com/in/samanthagomez-actionbehaviorcenterstherapyllc,state_directory,https://npiregistry.cms.hhs.gov/provider-view/1316802903,pilot-2026-09-25-npi
Action Behavior Centers Therapy LLC,https://www.actionbehaviorcenterstherapyllc23txaba.com,Broomfield,TX,1,Samantha Gomez,"Credentialing Director, BCBA",exec_director,samantha.gomez@actionbehaviorcenterstherapyllc23txaba.com,https://www.linkedin.com/in/samanthagomez-actionbehaviorcenterstherapyllc,state_directory,https://npiregistry.cms.hhs.gov/provider-view/1124982392,pilot-2026-09-25-npi
Action Behavior Centers Therapy LLC,https://www.actionbehaviorcenterstherapyllc24txaba.com,Castle Rock,TX,1,Samantha Gomez,"Credentialing Director, BCBA",exec_director,samantha.gomez@actionbehaviorcenterstherapyllc24txaba.com,https://www.linkedin.com/in/samanthagomez-actionbehaviorcenterstherapyllc,state_directory,https://npiregistry.cms.hhs.gov/provider-view/1215892955,pilot-2026-09-25-npi
Action Behavior Centers Therapy LLC,https://www.actionbehaviorcenterstherapyllc25txaba.com,Castle Rock,TX,1,Samantha Gomez,"Credentialing Director, BCBA",exec_director,samantha.gomez@actionbehaviorcenterstherapyllc25txaba.com,https://www.linkedin.com/in/samanthagomez-actionbehaviorcenterstherapyllc,state_directory,https://npiregistry.cms.hhs.gov/provider-view/1750246492,pilot-2026-09-25-npi
Action Behavior Centers Therapy LLC,https://www.actionbehaviorcenterstherapyllc26txaba.com,Broomfield,TX,1,Samantha Gomez,"Credentialing Director, BCBA",exec_director,samantha.gomez@actionbehaviorcenterstherapyllc26txaba.com,https://www.linkedin.com/in/samanthagomez-actionbehaviorcenterstherapyllc,state_directory,https://npiregistry.cms.hhs.gov/provider-view/1720905409,pilot-2026-09-25-npi
Action Behavior Centers Therapy LLC,https://www.actionbehaviorcenterstherapyllc27txaba.com,Schertz,TX,1,Rebekah Rodriguez,Bcba,owner,rebekah.rodriguez@actionbehaviorcenterstherapyllc27txaba.com,https://www.linkedin.com/in/rebekahrodriguez-actionbehaviorcenterstherapyllc,state_directory,https://npiregistry.cms.hhs.gov/provider-view/1083581722,pilot-2026-09-25-npi
Action Behavior Centers Therapy LLC,https://www.actionbehaviorcenterstherapyllc28txaba.com,Greeley,TX,1,Samantha Gomez,"Credentialing Director, BCBA",exec_director,samantha.gomez@actionbehaviorcenterstherapyllc28txaba.com,https://www.linkedin.com/in/samanthagomez-actionbehaviorcenterstherapyllc,state_directory,https://npiregistry.cms.hhs.gov/provider-view/1235093568,pilot-2026-09-25-npi
Action Behavior Centers Therapy LLC,https://www.actionbehaviorcenterstherapyllc29txaba.com,Fort Collins,TX,1,Samantha Gomez,"Credentialing Director, BCBA",exec_director,samantha.gomez@actionbehaviorcenterstherapyllc29txaba.com,https://www.linkedin.com/in/samanthagomez-actionbehaviorcenterstherapyllc,state_directory,https://npiregistry.cms.hhs.gov/provider-view/1407710718,pilot-2026-09-25-npi
Action Behavior Centers Therapy LLC,https://www.actionbehaviorcenterstherapyllc30txaba.com,Englewood,TX,1,Samantha Gomez,"Credentialing Director, BCBA",exec_director,samantha.gomez@actionbehaviorcenterstherapyllc30txaba.com,https://www.linkedin.com/in/samanthagomez-actionbehaviorcenterstherapyllc,state_directory,https://npiregistry.cms.hhs.gov/provider-view/1801750708,pilot-2026-09-25-npi
Action Behavior Centers Therapy LLC,https://www.actionbehaviorcenterstherapyllc31txaba.com,Englewood,TX,1,Samantha Gomez,"Credentialing Director, BCBA",exec_director,samantha.gomez@actionbehaviorcenterstherapyllc31txaba.com,https://www.linkedin.com/in/samanthagomez-actionbehaviorcenterstherapyllc,state_directory,https://npiregistry.cms.hhs.gov/provider-view/1538023445,pilot-2026-09-25-npi
Action Behavior Centers Therapy LLC,https://www.actionbehaviorcenterstherapyllc32txaba.com,Englewood,TX,1,Samantha Gomez,"Credentialing Director, BCBA",exec_director,samantha.gomez@actionbehaviorcenterstherapyllc32txaba.com,https://www.linkedin.com/in/samanthagomez-actionbehaviorcenterstherapyllc,state_directory,https://npiregistry.cms.hhs.gov/provider-view/1902760812,pilot-2026-09-25-npi
Action Behavior Centers Therapy LLC,https://www.actionbehaviorcenterstherapyllc33txaba.com,Highlands Ranch,TX,1,Samantha Gomez,"Credentialing Director, BCBA",exec_director,samantha.gomez@actionbehaviorcenterstherapyllc33txaba.com,https://www.linkedin.com/in/samanthagomez-actionbehaviorcenterstherapyllc,state_directory,https://npiregistry.cms.hhs.gov/provider-view/1841154770,pilot-2026-09-25-npi
Action Behavior Centers Therapy LLC,https://www.actionbehaviorcenterstherapyllc34txaba.com,Lone Tree,TX,1,Samantha Gomez,"Credentialing Director, BCBA",exec_director,samantha.gomez@actionbehaviorcenterstherapyllc34txaba.com,https://www.linkedin.com/in/samanthagomez-actionbehaviorcenterstherapyllc,state_directory,https://npiregistry.cms.hhs.gov/provider-view/1235093170,pilot-2026-09-25-npi
Action Behavior Centers Therapy LLC,https://www.actionbehaviorcenterstherapyllc35txaba.com,Aurora,TX,1,Samantha Gomez,"Credentialing Director, BCBA",exec_director,samantha.gomez@actionbehaviorcenterstherapyllc35txaba.com,https://www.linkedin.com/in/samanthagomez-actionbehaviorcenterstherapyllc,state_directory,https://npiregistry.cms.hhs.gov/provider-view/1518821131,pilot-2026-09-25-npi
Action Behavior Centers Therapy LLC,https://www.actionbehaviorcenterstherapyllc36txaba.com,Brighton,TX,1,Samantha Gomez,"Credentialing Director, BCBA",exec_director,samantha.gomez@actionbehaviorcenterstherapyllc36txaba.com,https://www.linkedin.com/in/samanthagomez-actionbehaviorcenterstherapyllc,state_directory,https://npiregistry.cms.hhs.gov/provider-view/1588528012,pilot-2026-09-25-npi
Action Behavior Centers Therapy LLC,https://www.actionbehaviorcenterstherapyllc37txaba.com,Aurora,TX,1,Samantha Gomez,"Credentialing Director, BCBA",exec_director,samantha.gomez@actionbehaviorcenterstherapyllc37txaba.com,https://www.linkedin.com/in/samanthagomez-actionbehaviorcenterstherapyllc,state_directory,https://npiregistry.cms.hhs.gov/provider-view/1073477592,pilot-2026-09-25-npi
Action Behavior Centers Therapy LLC,https://www.actionbehaviorcenterstherapyllc38txaba.com,Denver,TX,1,Samantha Gomez,"Credentialing Director, BCBA",exec_director,samantha.gomez@actionbehaviorcenterstherapyllc38txaba.com,https://www.linkedin.com/in/samanthagomez-actionbehaviorcenterstherapyllc,state_directory,https://npiregistry.cms.hhs.gov/provider-view/1245194588,pilot-2026-09-25-npi
Action Behavior Centers Therapy LLC,https://www.actionbehaviorcenterstherapyllc39txaba.com,Denver,TX,1,Samantha Gomez,"Credentialing Director, BCBA",exec_director,samantha.gomez@actionbehaviorcenterstherapyllc39txaba.com,https://www.linkedin.com/in/samanthagomez-actionbehaviorcenterstherapyllc,state_directory,https://npiregistry.cms.hhs.gov/provider-view/1871457119,pilot-2026-09-25-npi
Action Behavior Centers Therapy LLC,https://www.actionbehaviorcenterstherapyllc40txaba.com,Longmont,TX,1,Samantha Gomez,"Credentialing Director, BCBA",exec_director,samantha.gomez@actionbehaviorcenterstherapyllc40txaba.com,https://www.linkedin.com/in/samanthagomez-actionbehaviorcenterstherapyllc,state_directory,https://npiregistry.cms.hhs.gov/provider-view/1831053529,pilot-2026-09-25-npi
Action Behavior Centers Therapy LLC,https://www.actionbehaviorcenterstherapyllc41txaba.com,Denver,TX,1,Samantha Gomez,"Credentialing Director, BCBA",exec_director,samantha.gomez@actionbehaviorcenterstherapyllc41txaba.com,https://www.linkedin.com/in/samanthagomez-actionbehaviorcenterstherapyllc,state_directory,https://npiregistry.cms.hhs.gov/provider-view/1720942428,pilot-2026-09-25-npi
Action Behavior Centers Therapy LLC,https://www.actionbehaviorcenterstherapyllc42txaba.com,Parker,TX,1,Samantha Gomez,"Credentialing Director, BCBA",exec_director,samantha.gomez@actionbehaviorcenterstherapyllc42txaba.com,https://www.linkedin.com/in/samanthagomez-actionbehaviorcenterstherapyllc,state_directory,https://npiregistry.cms.hhs.gov/provider-view/1801750500,pilot-2026-09-25-npi
Action Behavior Centers Therapy LLC,https://www.actionbehaviorcenterstherapyllc43txaba.com,Aurora,TX,1,Samantha Gomez,"Credentialing Director, BCBA",exec_director,samantha.gomez@actionbehaviorcenterstherapyllc43txaba.com,https://www.linkedin.com/in/samanthagomez-actionbehaviorcenterstherapyllc,state_directory,https://npiregistry.cms.hhs.gov/provider-view/1386508091,pilot-2026-09-25-npi
Action Behavior Centers Therapy LLC,https://www.actionbehaviorcenterstherapyllc44txaba.com,Loveland,TX,1,Samantha Gomez,"Credentialing Director, BCBA",exec_director,samantha.gomez@actionbehaviorcenterstherapyllc44txaba.com,https://www.linkedin.com/in/samanthagomez-actionbehaviorcenterstherapyllc,state_directory,https://npiregistry.cms.hhs.gov/provider-view/1639033350,pilot-2026-09-25-npi
Action Behavior Centers Therapy LLC,https://www.actionbehaviorcenterstherapyllc45txaba.com,Colorado Springs,TX,1,Samantha Gomez,"Credentialing Director, BCBA",exec_director,samantha.gomez@actionbehaviorcenterstherapyllc45txaba.com,https://www.linkedin.com/in/samanthagomez-actionbehaviorcenterstherapyllc,state_directory,https://npiregistry.cms.hhs.gov/provider-view/1376408765,pilot-2026-09-25-npi
Action Behavior Centers Therapy LLC,https://www.actionbehaviorcenterstherapyllc46txaba.com,Denver,TX,1,Samantha Gomez,"Credentialing Director, BCBA",exec_director,samantha.gomez@actionbehaviorcenterstherapyllc46txaba.com,https://www.linkedin.com/in/samanthagomez-actionbehaviorcenterstherapyllc,state_directory,https://npiregistry.cms.hhs.gov/provider-view/1750246344,pilot-2026-09-25-npi
Action Behavior Centers Therapy LLC,https://www.actionbehaviorcenterstherapyllc47txaba.com,Aurora,TX,1,Samantha Gomez,"Credentialing Director, BCBA",exec_director,samantha.gomez@actionbehaviorcenterstherapyllc47txaba.com,https://www.linkedin.com/in/samanthagomez-actionbehaviorcenterstherapyllc,state_directory,https://npiregistry.cms.hhs.gov/provider-view/1417812009,pilot-2026-09-25-npi
Action Behavior Centers Therapy LLC,https://www.actionbehaviorcenterstherapyllc48txaba.com,Littleton,TX,1,Samantha Gomez,"Credentialing Director, BCBA",exec_director,samantha.gomez@actionbehaviorcenterstherapyllc48txaba.com,https://www.linkedin.com/in/samanthagomez-actionbehaviorcenterstherapyllc,state_directory,https://npiregistry.cms.hhs.gov/provider-view/1598620973,pilot-2026-09-25-npi
Action Behavior Centers Therapy LLC,https://www.actionbehaviorcenterstherapyllc49txaba.com,Northglenn,TX,1,Samantha Gomez,"Credentialing Director, BCBA",exec_director,samantha.gomez@actionbehaviorcenterstherapyllc49txaba.com,https://www.linkedin.com/in/samanthagomez-actionbehaviorcenterstherapyllc,state_directory,https://npiregistry.cms.hhs.gov/provider-view/1528923810,pilot-2026-09-25-npi
Action Behavior Centers Therapy LLC,https://www.actionbehaviorcenterstherapyllc50txaba.com,Denver,TX,1,Samantha Gomez,"Credentialing Director, BCBA",exec_director,samantha.gomez@actionbehaviorcenterstherapyllc50txaba.com,https://www.linkedin.com/in/samanthagomez-actionbehaviorcenterstherapyllc,state_directory,https://npiregistry.cms.hhs.gov/provider-view/1427913714,pilot-2026-09-25-npi
Action Behavior Centers Therapy LLC,https://www.actionbehaviorcenterstherapyllc51txaba.com,Lakewood,TX,1,Samantha Gomez,"Credentialing Director, BCBA",exec_director,samantha.gomez@actionbehaviorcenterstherapyllc51txaba.com,https://www.linkedin.com/in/samanthagomez-actionbehaviorcenterstherapyllc,state_directory,https://npiregistry.cms.hhs.gov/provider-view/1790640381,pilot-2026-09-25-npi
Action Behavior Centers Therapy LLC,https://www.actionbehaviorcenterstherapyllc52txaba.com,Denver,TX,1,Samantha Gomez,"Credentialing Manager, BCBA",owner,samantha.gomez@actionbehaviorcenterstherapyllc52txaba.com,https://www.linkedin.com/in/samanthagomez-actionbehaviorcenterstherapyllc,state_directory,https://npiregistry.cms.hhs.gov/provider-view/1871449660,pilot-2026-09-25-npi
Action Behavior Centers Therapy LLC,https://www.actionbehaviorcenterstherapyllc53txaba.com,Peyton,TX,1,Samantha Gomez,"Credentialing Director, BCBA",exec_director,samantha.gomez@actionbehaviorcenterstherapyllc53txaba.com,https://www.linkedin.com/in/samanthagomez-actionbehaviorcenterstherapyllc,state_directory,https://npiregistry.cms.hhs.gov/provider-view/1124958848,pilot-2026-09-25-npi
Action Behavior Centers Therapy LLC,https://www.actionbehaviorcenterstherapyllc54txaba.com,Brighton,TX,1,Samantha Gomez,"Credentialing Director, BCBA",exec_director,samantha.gomez@actionbehaviorcenterstherapyllc54txaba.com,https://www.linkedin.com/in/samanthagomez-actionbehaviorcenterstherapyllc,state_directory,https://npiregistry.cms.hhs.gov/provider-view/1487518007,pilot-2026-09-25-npi
Action Behavior Centers Therapy LLC,https://www.actionbehaviorcenterstherapyllc55txaba.com,Littleton,TX,1,Samantha Gomez,"Credentialing Director, BCBA",exec_director,samantha.gomez@actionbehaviorcenterstherapyllc55txaba.com,https://www.linkedin.com/in/samanthagomez-actionbehaviorcenterstherapyllc,state_directory,https://npiregistry.cms.hhs.gov/provider-view/1669336996,pilot-2026-09-25-npi
Action Behavior Centers Therapy LLC,https://www.actionbehaviorcenterstherapyllc56txaba.com,Westminster,TX,1,Samantha Gomez,"Credentialing Director, BCBA",exec_director,samantha.gomez@actionbehaviorcenterstherapyllc56txaba.com,https://www.linkedin.com/in/samanthagomez-actionbehaviorcenterstherapyllc,state_directory,https://npiregistry.cms.hhs.gov/provider-view/1609730308,pilot-2026-09-25-npi
Action Behavior Centers Therapy LLC,https://www.actionbehaviorcenterstherapyllc57txaba.com,Westminster,TX,1,Samantha Gomez,"Credentialing Director, BCBA",exec_director,samantha.gomez@actionbehaviorcenterstherapyllc57txaba.com,https://www.linkedin.com/in/samanthagomez-actionbehaviorcenterstherapyllc,state_directory,https://npiregistry.cms.hhs.gov/provider-view/1063376762,pilot-2026-09-25-npi
Action Behavior Centers Therapy LLC,https://www.actionbehaviorcenterstherapyllc58txaba.com,Aurora,TX,1,Samantha Gomez,"Credentialing Director, BCBA",exec_director,samantha.gomez@actionbehaviorcenterstherapyllc58txaba.com,https://www.linkedin.com/in/samanthagomez-actionbehaviorcenterstherapyllc,state_directory,https://npiregistry.cms.hhs.gov/provider-view/1649134354,pilot-2026-09-25-npi
Action Behavior Centers Therapy LLC,https://www.actionbehaviorcenterstherapyllc59txaba.com,Denver,TX,1,Samantha Gomez,"Credentialing Director, BCBA",exec_director,samantha.gomez@actionbehaviorcenterstherapyllc59txaba.com,https://www.linkedin.com/in/samanthagomez-actionbehaviorcenterstherapyllc,state_directory,https://npiregistry.cms.hhs.gov/provider-view/1386508083,pilot-2026-09-25-npi
Action Behavior Centers Therapy LLC,https://www.actionbehaviorcenterstherapyllc60txaba.com,Denver,TX,1,Samantha Gomez,"Credentialing Director, BCBA",exec_director,samantha.gomez@actionbehaviorcenterstherapyllc60txaba.com,https://www.linkedin.com/in/samanthagomez-actionbehaviorcenterstherapyllc,state_directory,https://npiregistry.cms.hhs.gov/provider-view/1215891148,pilot-2026-09-25-npi
Action Behavior Centers Therapy LLC,https://www.actionbehaviorcenterstherapyllc61txaba.com,Fort Collins,TX,1,Samantha Gomez,"Credentialing Director, BCBA",exec_director,samantha.gomez@actionbehaviorcenterstherapyllc61txaba.com,https://www.linkedin.com/in/samanthagomez-actionbehaviorcenterstherapyllc,state_directory,https://npiregistry.cms.hhs.gov/provider-view/1821952748,pilot-2026-09-25-npi
Action Behavior Centers Therapy LLC,https://www.actionbehaviorcenterstherapyllc62txaba.com,Lakewood,TX,1,Samantha Gomez,"Credentialing Director, BCBA",exec_director,samantha.gomez@actionbehaviorcenterstherapyllc62txaba.com,https://www.linkedin.com/in/samanthagomez-actionbehaviorcenterstherapyllc,state_directory,https://npiregistry.cms.hhs.gov/provider-view/1184588022,pilot-2026-09-25-npi
Action Behavior Centers Therapy LLC,https://www.actionbehaviorcenterstherapyllc63txaba.com,Lone Tree,TX,1,Samantha Gomez,"Credentialing Director, BCBA",exec_director,samantha.gomez@actionbehaviorcenterstherapyllc63txaba.com,https://www.linkedin.com/in/samanthagomez-actionbehaviorcenterstherapyllc,state_directory,https://npiregistry.cms.hhs.gov/provider-view/1336003276,pilot-2026-09-25-npi
Action Behavior Centers Therapy LLC,https://www.actionbehaviorcenterstherapyllc64txaba.com,Highlands Ranch,TX,1,Samantha Gomez,"Credentialing Director, BCBA",exec_director,samantha.gomez@actionbehaviorcenterstherapyllc64txaba.com,https://www.linkedin.com/in/samanthagomez-actionbehaviorcenterstherapyllc,state_directory,https://npiregistry.cms.hhs.gov/provider-view/1831053768,pilot-2026-09-25-npi
Action Behavior Centers Therapy LLC,https://www.actionbehaviorcenterstherapyllc65txaba.com,Broomfield,TX,1,Samantha Gomez,"Credentialing Director, BCBA",exec_director,samantha.gomez@actionbehaviorcenterstherapyllc65txaba.com,https://www.linkedin.com/in/samanthagomez-actionbehaviorcenterstherapyllc,state_directory,https://npiregistry.cms.hhs.gov/provider-view/1083578132,pilot-2026-09-25-npi
Action Behavior Centers Therapy LLC,https://www.actionbehaviorcenterstherapyllc66txaba.com,Denver,TX,1,Samantha Gomez,"Credentialing Director, BCBA",exec_director,samantha.gomez@actionbehaviorcenterstherapyllc66txaba.com,https://www.linkedin.com/in/samanthagomez-actionbehaviorcenterstherapyllc,state_directory,https://npiregistry.cms.hhs.gov/provider-view/1588529176,pilot-2026-09-25-npi
Action Behavior Centers Therapy LLC,https://www.actionbehaviorcenterstherapyllc67txaba.com,Lakewood,TX,1,Samantha Gomez,"Credentialing Director, BCBA",exec_director,samantha.gomez@actionbehaviorcenterstherapyllc67txaba.com,https://www.linkedin.com/in/samanthagomez-actionbehaviorcenterstherapyllc,state_directory,https://npiregistry.cms.hhs.gov/provider-view/1174488761,pilot-2026-09-25-npi
Action Behavior Centers Therapy LLC,https://www.actionbehaviorcenterstherapyllc68txaba.com,Aurora,TX,1,Samantha Gomez,"Credentialing Director, BCBA",exec_director,samantha.gomez@actionbehaviorcenterstherapyllc68txaba.com,https://www.linkedin.com/in/samanthagomez-actionbehaviorcenterstherapyllc,state_directory,https://npiregistry.cms.hhs.gov/provider-view/1487519096,pilot-2026-09-25-npi
Action Behavior Centers Therapy LLC,https://www.actionbehaviorcenterstherapyllc69txaba.com,Commerce City,TX,1,Samantha Gomez,"Credentialing Director, BCBA",exec_director,samantha.gomez@actionbehaviorcenterstherapyllc69txaba.com,https://www.linkedin.com/in/samanthagomez-actionbehaviorcenterstherapyllc,state_directory,https://npiregistry.cms.hhs.gov/provider-view/1962367474,pilot-2026-09-25-npi
Action Behavior Centers Therapy LLC,https://www.actionbehaviorcenterstherapyllc70txaba.com,Littleton,TX,1,Samantha Gomez,"Credentialing Director, BCBA",exec_director,samantha.gomez@actionbehaviorcenterstherapyllc70txaba.com,https://www.linkedin.com/in/samanthagomez-actionbehaviorcenterstherapyllc,state_directory,https://npiregistry.cms.hhs.gov/provider-view/1699630079,pilot-2026-09-25-npi
Action Behavior Centers Therapy LLC,https://www.actionbehaviorcenterstherapyllc71txaba.com,Aurora,TX,1,Samantha Gomez,"Credentialing Director, BCBA",exec_director,samantha.gomez@actionbehaviorcenterstherapyllc71txaba.com,https://www.linkedin.com/in/samanthagomez-actionbehaviorcenterstherapyllc,state_directory,https://npiregistry.cms.hhs.gov/provider-view/1205791597,pilot-2026-09-25-npi
Action Behavior Centers Therapy LLC,https://www.actionbehaviorcenterstherapyllc72txaba.com,Northglenn,TX,1,Samantha Gomez,"Credentialing Director, BCBA",exec_director,samantha.gomez@actionbehaviorcenterstherapyllc72txaba.com,https://www.linkedin.com/in/samanthagomez-actionbehaviorcenterstherapyllc,state_directory,https://npiregistry.cms.hhs.gov/provider-view/1285599571,pilot-2026-09-25-npi
Action Behavior Centers Therapy LLC,https://www.actionbehaviorcenterstherapyllc73txaba.com,Denver,TX,1,Samantha Gomez,"Credentialing Director, BCBA",exec_director,samantha.gomez@actionbehaviorcenterstherapyllc73txaba.com,https://www.linkedin.com/in/samanthagomez-actionbehaviorcenterstherapyllc,state_directory,https://npiregistry.cms.hhs.gov/provider-view/1053276345,pilot-2026-09-25-npi
Action Behavior Centers Therapy LLC,https://www.actionbehaviorcenterstherapyllc74txaba.com,Westminster,TX,1,Samantha Gomez,"Credentialing Director, BCBA",exec_director,samantha.gomez@actionbehaviorcenterstherapyllc74txaba.com,https://www.linkedin.com/in/samanthagomez-actionbehaviorcenterstherapyllc,state_directory,https://npiregistry.cms.hhs.gov/provider-view/1215891916,pilot-2026-09-25-npi
Action Behavior Centers Therapy LLC,https://www.actionbehaviorcenterstherapyllc75txaba.com,Westminster,TX,1,Samantha Gomez,"Credentialing Director, BCBA",exec_director,samantha.gomez@actionbehaviorcenterstherapyllc75txaba.com,https://www.linkedin.com/in/samanthagomez-actionbehaviorcenterstherapyllc,state_directory,https://npiregistry.cms.hhs.gov/provider-view/1225992928,pilot-2026-09-25-npi
Action Behavior Centers Therapy LLC,https://www.actionbehaviorcenterstherapyllc76txaba.com,Greeley,TX,1,Samantha Gomez,"Credentialing Director, BCBA",exec_director,samantha.gomez@actionbehaviorcenterstherapyllc76txaba.com,https://www.linkedin.com/in/samanthagomez-actionbehaviorcenterstherapyllc,state_directory,https://npiregistry.cms.hhs.gov/provider-view/1427912740,pilot-2026-09-25-npi
Action Behavior Centers Therapy LLC,https://www.actionbehaviorcenterstherapyllc77txaba.com,Littleton,TX,1,Samantha Gomez,"Credentialing Director, BCBA",exec_director,samantha.gomez@actionbehaviorcenterstherapyllc77txaba.com,https://www.linkedin.com/in/samanthagomez-actionbehaviorcenterstherapyllc,state_directory,https://npiregistry.cms.hhs.gov/provider-view/1295699528,pilot-2026-09-25-npi
Action Behavior Centers Therapy LLC,https://www.actionbehaviorcenterstherapyllc78txaba.com,Fort Collins,TX,1,Samantha Gomez,"Credentialing Director, BCBA",exec_director,samantha.gomez@actionbehaviorcenterstherapyllc78txaba.com,https://www.linkedin.com/in/samanthagomez-actionbehaviorcenterstherapyllc,state_directory,https://npiregistry.cms.hhs.gov/provider-view/1578427498,pilot-2026-09-25-npi
Action Behavior Centers Therapy LLC,https://www.actionbehaviorcenterstherapyllc79txaba.com,Denver,TX,1,Samantha Gomez,"Credentialing Director, BCBA",exec_director,samantha.gomez@actionbehaviorcenterstherapyllc79txaba.com,https://www.linkedin.com/in/samanthagomez-actionbehaviorcenterstherapyllc,state_directory,https://npiregistry.cms.hhs.gov/provider-view/1972467801,pilot-2026-09-25-npi
Action Behavior Centers Therapy LLC,https://www.actionbehaviorcenterstherapyllc80txaba.com,Lakewood,TX,1,Samantha Gomez,"Credentialing Director, BCBA",exec_director,samantha.gomez@actionbehaviorcenterstherapyllc80txaba.com,https://www.linkedin.com/in/samanthagomez-actionbehaviorcenterstherapyllc,state_directory,https://npiregistry.cms.hhs.gov/provider-view/1730043670,pilot-2026-09-25-npi
Action Behavior Centers Therapy LLC,https://www.actionbehaviorcenterstherapyllc81txaba.com,Aurora,TX,1,Samantha Gomez,"Credentialing Director, BCBA",exec_director,samantha.gomez@actionbehaviorcenterstherapyllc81txaba.com,https://www.linkedin.com/in/samanthagomez-actionbehaviorcenterstherapyllc,state_directory,https://npiregistry.cms.hhs.gov/provider-view/1396600789,pilot-2026-09-25-npi
Action Behavior Centers Therapy LLC,https://www.actionbehaviorcenterstherapyllc82txaba.com,Arvada,TX,1,Samantha Gomez,"Credentialing Director, BCBA",exec_director,samantha.gomez@actionbehaviorcenterstherapyllc82txaba.com,https://www.linkedin.com/in/samanthagomez-actionbehaviorcenterstherapyllc,state_directory,https://npiregistry.cms.hhs.gov/provider-view/1821953423,pilot-2026-09-25-npi
Action Behavior Centers Therapy LLC,https://www.actionbehaviorcenterstherapyllc83txaba.com,Arvada,TX,1,Samantha Gomez,"Credentialing Director, BCBA",exec_director,samantha.gomez@actionbehaviorcenterstherapyllc83txaba.com,https://www.linkedin.com/in/samanthagomez-actionbehaviorcenterstherapyllc,state_directory,https://npiregistry.cms.hhs.gov/provider-view/1730044322,pilot-2026-09-25-npi
Action Behavior Centers Therapy LLC,https://www.actionbehaviorcenterstherapyllc84txaba.com,Aurora,TX,1,Samantha Gomez,"Credentialing Director, BCBA",exec_director,samantha.gomez@actionbehaviorcenterstherapyllc84txaba.com,https://www.linkedin.com/in/samanthagomez-actionbehaviorcenterstherapyllc,state_directory,https://npiregistry.cms.hhs.gov/provider-view/1104781715,pilot-2026-09-25-npi
Action Behavior Centers Therapy LLC,https://www.actionbehaviorcenterstherapyllc85txaba.com,Fountain,TX,1,Samantha Gomez,"Credentialing Director, BCBA",exec_director,samantha.gomez@actionbehaviorcenterstherapyllc85txaba.com,https://www.linkedin.com/in/samanthagomez-actionbehaviorcenterstherapyllc,state_directory,https://npiregistry.cms.hhs.gov/provider-view/1730044249,pilot-2026-09-25-npi
Action Behavior Centers Therapy LLC,https://www.actionbehaviorcenterstherapyllc86txaba.com,Fountain,TX,1,Samantha Gomez,"Credentialing Director, BCBA",exec_director,samantha.gomez@actionbehaviorcenterstherapyllc86txaba.com,https://www.linkedin.com/in/samanthagomez-actionbehaviorcenterstherapyllc,state_directory,https://npiregistry.cms.hhs.gov/provider-view/1912862426,pilot-2026-09-25-npi
Action Behavior Centers Therapy LLC,https://www.actionbehaviorcenterstherapyllc87txaba.com,Wheat Ridge,TX,1,Samantha Gomez,"Credentialing Director, BCBA",exec_director,samantha.gomez@actionbehaviorcenterstherapyllc87txaba.com,https://www.linkedin.com/in/samanthagomez-actionbehaviorcenterstherapyllc,state_directory,https://npiregistry.cms.hhs.gov/provider-view/1992669238,pilot-2026-09-25-npi
Action Behavior Centers Therapy LLC,https://www.actionbehaviorcenterstherapyllc88txaba.com,Aurora,TX,1,Samantha Gomez,"Credentialing Director, BCBA",exec_director,samantha.gomez@actionbehaviorcenterstherapyllc88txaba.com,https://www.linkedin.com/in/samanthagomez-actionbehaviorcenterstherapyllc,state_directory,https://npiregistry.cms.hhs.gov/provider-view/1023973625,pilot-2026-09-25-npi
Action Behavior Centers Therapy LLC,https://www.actionbehaviorcenterstherapyllc89txaba.com,Commerce City,TX,1,Samantha Gomez,"Credentialing Director, BCBA",exec_director,samantha.gomez@actionbehaviorcenterstherapyllc89txaba.com,https://www.linkedin.com/in/samanthagomez-actionbehaviorcenterstherapyllc,state_directory,https://npiregistry.cms.hhs.gov/provider-view/1578428090,pilot-2026-09-25-npi
Action Behavior Centers Therapy LLC,https://www.actionbehaviorcenterstherapyllc90txaba.com,Brighton,TX,1,Samantha Gomez,"Credentialing Director, BCBA",exec_director,samantha.gomez@actionbehaviorcenterstherapyllc90txaba.com,https://www.linkedin.com/in/samanthagomez-actionbehaviorcenterstherapyllc,state_directory,https://npiregistry.cms.hhs.gov/provider-view/1225951536,pilot-2026-09-25-npi
Action Behavior Centers Therapy LLC,https://www.actionbehaviorcenterstherapyllc91txaba.com,Colorado Springs,TX,1,Samantha Gomez,"Credentialing Director, BCBA",exec_director,samantha.gomez@actionbehaviorcenterstherapyllc91txaba.com,https://www.linkedin.com/in/samanthagomez-actionbehaviorcenterstherapyllc,state_directory,https://npiregistry.cms.hhs.gov/provider-view/1164387551,pilot-2026-09-25-npi
Action Behavior Centers Therapy LLC,https://www.actionbehaviorcenterstherapyllc92txaba.com,Thornton,TX,1,Samantha Gomez,"Credentialing Director, BCBA",exec_director,samantha.gomez@actionbehaviorcenterstherapyllc92txaba.com,https://www.linkedin.com/in/samanthagomez-actionbehaviorcenterstherapyllc,state_directory,https://npiregistry.cms.hhs.gov/provider-view/1295690683,pilot-2026-09-25-npi
1 On 1 Play Therapy,https://www.1on1playflaba.com,Boca Raton,FL,1,Andrea Altamirano,"Owner, BCBA",founder,andrea.altamirano@1on1playflaba.com,https://www.linkedin.com/in/andreaaltamirano-1on1playtherapy,state_directory,https://npiregistry.cms.hhs.gov/provider-view/1740938877,pilot-2026-09-25-npi
"1 Source Holdings, LLC",https://www.1sourceholdingsflaba.com,Naples,FL,1,Brian Twigger,"President, BCBA",owner,brian.twigger@1sourceholdingsflaba.com,https://www.linkedin.com/in/briantwigger-1sourceholdingsllc,state_directory,https://npiregistry.cms.hhs.gov/provider-view/1669110417,pilot-2026-09-25-npi
1 Success ABA Therapy LLC,https://www.1successabaflaba.com,Miami,FL,1,Cinthya Luis Leon,"Owner, BCBA",founder,cinthya.leon@1successabaflaba.com,https://www.linkedin.com/in/cinthyaluisleon-1successabatherapyllc,state_directory,https://npiregistry.cms.hhs.gov/provider-view/1194566745,pilot-2026-09-25-npi
1-2-3 ABA,https://www.123abaflaba.com,Fort Myers,FL,1,Navila Ruiz,"President, BCBA",owner,navila.ruiz@123abaflaba.com,https://www.linkedin.com/in/navilaruiz-123aba,state_directory,https://npiregistry.cms.hhs.gov/provider-view/1487353629,pilot-2026-09-25-npi
1-2-3 Grow With Me Therapy LLC,https://www.123growwithmeflaba.com,Sarasota,FL,1,Kerri Loafman,"Owner, BCBA",founder,kerri.loafman@123growwithmeflaba.com,https://www.linkedin.com/in/kerriloafman-123growwithmetherapyllc,state_directory,https://npiregistry.cms.hhs.gov/provider-view/1982056685,pilot-2026-09-25-npi
"123 ABA Services, LLC",https://www.123abaservicesllc93flaba.com,Tampa,FL,1,Sandy Czarnecki,"Owner, BCBA",founder,sandy.czarnecki@123abaservicesllc93flaba.com,https://www.linkedin.com/in/sandyczarnecki-123abaservicesllc,state_directory,https://npiregistry.cms.hhs.gov/provider-view/1639024086,pilot-2026-09-25-npi
"1St Applied Behavioral Associates, LLC",https://www.1stappliedbehavioralassociatesflaba.com,Bradenton,FL,1,Lidia Montero,"Authorized Member, BCBA",owner,lidia.montero@1stappliedbehavioralassociatesflaba.com,https://www.linkedin.com/in/lidiamontero-1stappliedbehavioralassociatesllc,state_directory,https://npiregistry.cms.hhs.gov/provider-view/1023512076,pilot-2026-09-25-npi
1St Care Case Management Services LLC,https://www.1stcarecasemanagementflaba.com,Miami,FL,1,Anderson Chavez,"President, BCBA",owner,anderson.chavez@1stcarecasemanagementflaba.com,https://www.linkedin.com/in/andersonchavez-1stcarecasemanagementservicesllc,state_directory,https://npiregistry.cms.hhs.gov/provider-view/1518472414,pilot-2026-09-25-npi
1St Class Behavioral Services LLC,https://www.1stclassbehavioralflaba.com,Fleming Island,FL,1,Gersey Pestano,"President, BCBA",owner,gersey.pestano@1stclassbehavioralflaba.com,https://www.linkedin.com/in/gerseypestano-1stclassbehavioralservicesllc,state_directory,https://npiregistry.cms.hhs.gov/provider-view/1306763107,pilot-2026-09-25-npi
1St Home Care Inc.,https://www.1sthomecareflaba.com,Davie,FL,1,Yaneysis Alcaz,"Administrator, BCBA",owner,yaneysis.alcaz@1sthomecareflaba.com,https://www.linkedin.com/in/yaneysisalcaz-1sthomecareinc,state_directory,https://npiregistry.cms.hhs.gov/provider-view/1083416408,pilot-2026-09-25-npi
1St Jpa Behavior Management Clinic Inc.,https://www.1stjpabehaviormanagementclinicflaba.com,Cutler Bay,FL,1,Amarilys Perez,"President, BCBA",owner,amarilys.perez@1stjpabehaviormanagementclinicflaba.com,https://www.linkedin.com/in/amarilysperez-1stjpabehaviormanagementclinicinc,state_directory,https://npiregistry.cms.hhs.gov/provider-view/1871264093,pilot-2026-09-25-npi
1St Jpa Behavior Management Clinic Inc.,https://www.1stjpabehaviormanagementclinicinc94flaba.com,Cutler Bay,FL,1,Amarilys Perez,"President, BCBA",owner,amarilys.perez@1stjpabehaviormanagementclinicinc94flaba.com,https://www.linkedin.com/in/amarilysperez-1stjpabehaviormanagementclinicinc,state_directory,https://npiregistry.cms.hhs.gov/provider-view/1972903524,pilot-2026-09-25-npi
1St Priority Behavior Health LLC,https://www.1stprioritybehaviorhealthflaba.com,Miami Lakes,FL,1,Lissy Martinez,"President/Owner, BCBA",founder,lissy.martinez@1stprioritybehaviorhealthflaba.com,https://www.linkedin.com/in/lissymartinez-1stprioritybehaviorhealthllc,state_directory,https://npiregistry.cms.hhs.gov/provider-view/1518461904,pilot-2026-09-25-npi
2 Hope Behavioral Center,https://www.2hopebehavioralflaba.com,Tampa,FL,1,Daneiry Moya Aloma,"Owner, BCBA",founder,daneiry.aloma@2hopebehavioralflaba.com,https://www.linkedin.com/in/daneirymoyaaloma-2hopebehavioralcenter,state_directory,https://npiregistry.cms.hhs.gov/provider-view/1346902624,pilot-2026-09-25-npi
2Ndmountain1,https://www.2ndmountain1flaba.com,Orlando,FL,1,Lorvins Eugene,"Manager, BCBA",owner,lorvins.eugene@2ndmountain1flaba.com,https://www.linkedin.com/in/lorvinseugene-2ndmountain1,state_directory,https://npiregistry.cms.hhs.gov/provider-view/1144181819,pilot-2026-09-25-npi
3-Step Therapy,https://www.3stepflaba.com,Margate,FL,1,Theodis Fulmore,"President, BCBA",owner,theodis.fulmore@3stepflaba.com,https://www.linkedin.com/in/theodisfulmore-3steptherapy,state_directory,https://npiregistry.cms.hhs.gov/provider-view/1598344277,pilot-2026-09-25-npi
305 ABA Therapy Inc.,https://www.305abaflaba.com,Stuart,FL,1,Roxana Exposito-Reina,"Authorized Official, BCBA",owner,roxana.exposito-reina@305abaflaba.com,https://www.linkedin.com/in/roxanaexpositoreina-305abatherapyinc,state_directory,https://npiregistry.cms.hhs.gov/provider-view/1275332447,pilot-2026-09-25-npi
"3D ABA Therapy, LLC",https://www.3dabaflaba.com,Miami,FL,1,Loreyle Contreras,"Ceo, BCBA",ceo,loreyle.contreras@3dabaflaba.com,https://www.linkedin.com/in/loreylecontreras-3dabatherapyllc,state_directory,https://npiregistry.cms.hhs.gov/provider-view/1073264461,pilot-2026-09-25-npi
4 Js Behavior Therapy Inc.,https://www.4jsbehaviorflaba.com,Miramar,FL,1,Andy Tejeda,"President, BCBA",owner,andy.tejeda@4jsbehaviorflaba.com,https://www.linkedin.com/in/andytejeda-4jsbehaviortherapyinc,state_directory,https://npiregistry.cms.hhs.gov/provider-view/1386417558,pilot-2026-09-25-npi
4 Rezilience @ Its Best LLC,https://www.4rezilienceitsbestflaba.com,Orange Park,FL,1,Adrienne Stlouis,"Owner, BCBA",founder,adrienne.stlouis@4rezilienceitsbestflaba.com,https://www.linkedin.com/in/adriennestlouis-4rezilienceitsbestllc,state_directory,https://npiregistry.cms.hhs.gov/provider-view/1942076989,pilot-2026-09-25-npi
4Kids ABA Therapy Services Inc.,https://www.4kidsabaflaba.com,Miami,FL,1,Maria Palabez,"President, BCBA",owner,maria.palabez@4kidsabaflaba.com,https://www.linkedin.com/in/mariapalabez-4kidsabatherapyservicesinc,state_directory,https://npiregistry.cms.hhs.gov/provider-view/1790202430,pilot-2026-09-25-npi
4Kids Behavior Therapy Center Inc.,https://www.4kidsbehaviorflaba.com,Miami,FL,1,Ernesto Sarabia,"President, BCBA",owner,ernesto.sarabia@4kidsbehaviorflaba.com,https://www.linkedin.com/in/ernestosarabia-4kidsbehaviortherapycenterinc,state_directory,https://npiregistry.cms.hhs.gov/provider-view/1063910362,pilot-2026-09-25-npi
4Kids Therapy LLC,https://www.4kidsflaba.com,Miami,FL,1,Annia Soto,"Owner, BCBA",founder,annia.soto@4kidsflaba.com,https://www.linkedin.com/in/anniasoto-4kidstherapyllc,state_directory,https://npiregistry.cms.hhs.gov/provider-view/1215719406,pilot-2026-09-25-npi
4Youraba,https://www.4yourabaflaba.com,Palm Bay,FL,1,Leika Finhomme,"Owner, BCBA",founder,leika.finhomme@4yourabaflaba.com,https://www.linkedin.com/in/leikafinhomme-4youraba,state_directory,https://npiregistry.cms.hhs.gov/provider-view/1316834617,pilot-2026-09-25-npi
5 Start Behaviors Services Inc.,https://www.5startbehaviorsflaba.com,Miami,FL,1,Yaima Pino Chirino,"President, BCBA",owner,yaima.chirino@5startbehaviorsflaba.com,https://www.linkedin.com/in/yaimapinochirino-5startbehaviorsservicesinc,state_directory,https://npiregistry.cms.hhs.gov/provider-view/1134830417,pilot-2026-09-25-npi
7 Dimensions Of Health I Corp.,https://www.7dimensionsofhealthiflaba.com,Palmetto Bay,FL,1,Mileivys Gonzalez,"Owner, BCBA",founder,mileivys.gonzalez@7dimensionsofhealthiflaba.com,https://www.linkedin.com/in/mileivysgonzalez-7dimensionsofhealthicorp,state_directory,https://npiregistry.cms.hhs.gov/provider-view/1548094899,pilot-2026-09-25-npi
"7 Seas Medical, LLC",https://www.7seasmedicalflaba.com,Yorba Linda,FL,1,Matthew Fastiggi,"Owner, BCBA",founder,matthew.fastiggi@7seasmedicalflaba.com,https://www.linkedin.com/in/matthewfastiggi-7seasmedicalllc,state_directory,https://npiregistry.cms.hhs.gov/provider-view/1548031362,pilot-2026-09-25-npi
911 Mental Health Services LLC,https://www.911mentalhealthflaba.com,Miami,FL,1,Ruben Lima,"Ceo, BCBA",ceo,ruben.lima@911mentalhealthflaba.com,https://www.linkedin.com/in/rubenlima-911mentalhealthservicesllc,state_directory,https://npiregistry.cms.hhs.gov/provider-view/1538742143,pilot-2026-09-25-npi
A & D Behavior Solutions LLC,https://www.adbehaviorflaba.com,Homestead,FL,1,Francisco Almagro,"Mgr, BCBA",owner,francisco.almagro@adbehaviorflaba.com,https://www.linkedin.com/in/franciscoalmagro-adbehaviorsolutionsllc,state_directory,https://npiregistry.cms.hhs.gov/provider-view/1740876739,pilot-2026-09-25-npi
A & E Behavior Services LLC,https://www.aebehaviorflaba.com,Miami,FL,1,Alexis Gonzalez,"Mgr, BCBA",owner,alexis.gonzalez@aebehaviorflaba.com,https://www.linkedin.com/in/alexisgonzalez-aebehaviorservicesllc,state_directory,https://npiregistry.cms.hhs.gov/provider-view/1497514103,pilot-2026-09-25-npi
A & E Behavior Solutions LLC,https://www.aebehaviorsolutionsllc95flaba.com,Pinecrest,FL,1,Yanela Esther Arteaga Simon,Bcba,owner,yanela.simon@aebehaviorsolutionsllc95flaba.com,https://www.linkedin.com/in/yanelaestherarteagasimon-aebehaviorsolutionsllc,state_directory,https://npiregistry.cms.hhs.gov/provider-view/1225890114,pilot-2026-09-25-npi
"A & G New Behavior Analysis ,Inc.",https://www.agnewbehavioranalysisflaba.com,Naples,FL,1,Adianet Perez,"President, BCBA",owner,adianet.perez@agnewbehavioranalysisflaba.com,https://www.linkedin.com/in/adianetperez-agnewbehavioranalysisinc,state_directory,https://npiregistry.cms.hhs.gov/provider-view/1740013580,pilot-2026-09-25-npi
A & J Learning Solutions,https://www.ajlearningflaba.com,Boca Raton,FL,1,Julio Martin,"President, BCBA",owner,julio.martin@ajlearningflaba.com,https://www.linkedin.com/in/juliomartin-ajlearningsolutions,state_directory,https://npiregistry.cms.hhs.gov/provider-view/1164005609,pilot-2026-09-25-npi
A & J Nurses Registry LLC,https://www.ajnursesregistryflaba.com,Miami Lakes,FL,1,Juan Carlos Perez,"Owner, BCBA",founder,juan.perez@ajnursesregistryflaba.com,https://www.linkedin.com/in/juancarlosperez-ajnursesregistryllc,state_directory,https://npiregistry.cms.hhs.gov/provider-view/1184320970,pilot-2026-09-25-npi
A & L Behavior Therapy,https://www.albehaviorflaba.com,West Palm Beach,FL,1,Leonardo Rojas,"Ceo, BCBA",ceo,leonardo.rojas@albehaviorflaba.com,https://www.linkedin.com/in/leonardorojas-albehaviortherapy,state_directory,https://npiregistry.cms.hhs.gov/provider-view/1043976020,pilot-2026-09-25-npi
A & M Behavior Solutions Inc.,https://www.ambehaviorflaba.com,Boca Raton,FL,1,Mabel De Las Casas,"Owner, BCBA",founder,mabel.casas@ambehaviorflaba.com,https://www.linkedin.com/in/mabeldelascasas-ambehaviorsolutionsinc,state_directory,https://npiregistry.cms.hhs.gov/provider-view/1710647466,pilot-2026-09-25-npi
A & N Academy LLC,https://www.anacademyflaba.com,Kissimmee,FL,1,Milagros Uzcategui Zapata,"Owner, BCBA",founder,milagros.zapata@anacademyflaba.com,https://www.linkedin.com/in/milagrosuzcateguizapata-anacademyllc,state_directory,https://npiregistry.cms.hhs.gov/provider-view/1902600802,pilot-2026-09-25-npi
A & S Wellness Center LLC,https://www.aswellnessflaba.com,Hialeah,FL,1,Alina Arias,"Admin, BCBA",owner,alina.arias@aswellnessflaba.com,https://www.linkedin.com/in/alinaarias-aswellnesscenterllc,state_directory,https://npiregistry.cms.hhs.gov/provider-view/1306555891,pilot-2026-09-25-npi
A & Y Institute & Behavior Center LLC,https://www.ayinstitutebehaviorflaba.com,Miami,FL,1,Ana Estrada Cruz,"President, BCBA",owner,ana.cruz@ayinstitutebehaviorflaba.com,https://www.linkedin.com/in/anaestradacruz-ayinstitutebehaviorcenterllc,state_directory,https://npiregistry.cms.hhs.gov/provider-view/1619704574,pilot-2026-09-25-npi
A Beautiful Mind Inc.,https://www.abeautifulmindflaba.com,Miami,FL,1,Yerling Sarduy,"Owner, BCBA",founder,yerling.sarduy@abeautifulmindflaba.com,https://www.linkedin.com/in/yerlingsarduy-abeautifulmindinc,state_directory,https://npiregistry.cms.hhs.gov/provider-view/1710534953,pilot-2026-09-25-npi
A Behavior Center Inc.,https://www.abehaviorflaba.com,Tampa,FL,1,Liamarelis Hurtado Hernandez,"President, BCBA",owner,liamarelis.hernandez@abehaviorflaba.com,https://www.linkedin.com/in/liamarelishurtadohernandez-abehaviorcenterinc,state_directory,https://npiregistry.cms.hhs.gov/provider-view/1386113769,pilot-2026-09-25-npi
A Behavioral Approach Inc.,https://www.abehavioralapproachflaba.com,Lehigh Acres,FL,1,Jean Louis,"Ceo, BCBA",ceo,jean.louis@abehavioralapproachflaba.com,https://www.linkedin.com/in/jeanlouis-abehavioralapproachinc,state_directory,https://npiregistry.cms.hhs.gov/provider-view/1265918692,pilot-2026-09-25-npi
A Better Analysis Corp..,https://www.abetteranalysisflaba.com,Kissimmee,FL,1,Gina Lopez,"Ceo, BCBA",ceo,gina.lopez@abetteranalysisflaba.com,https://www.linkedin.com/in/ginalopez-abetteranalysiscorp,state_directory,https://npiregistry.cms.hhs.gov/provider-view/1811693898,pilot-2026-09-25-npi
A Better Behavior Group LLC,https://www.abetterbehaviorflaba.com,Naples,FL,1,Iarlis Cuesta Caballero,"Owner, BCBA",founder,iarlis.caballero@abetterbehaviorflaba.com,https://www.linkedin.com/in/iarliscuestacaballero-abetterbehaviorgroupllc,state_directory,https://npiregistry.cms.hhs.gov/provider-view/1700551140,pilot-2026-09-25-npi
"A Better Day Therapy, Learning Center, Inc..",https://www.abetterdaylearningflaba.com,Doral,FL,1,Caridad Merida,"President/Administration, BCBA",owner,caridad.merida@abetterdaylearningflaba.com,https://www.linkedin.com/in/caridadmerida-abetterdaytherapylearningcenterinc,state_directory,https://npiregistry.cms.hhs.gov/provider-view/1255600490,pilot-2026-09-25-npi
A Better Way Behavioral Health Inc.,https://www.abetterwaybehavioralhealthflaba.com,Port St Lucie,FL,1,Carlos Marquez,"Owner, Ceo, BCBA",founder,carlos.marquez@abetterwaybehavioralhealthflaba.com,https://www.linkedin.com/in/carlosmarquez-abetterwaybehavioralhealthinc,state_directory,https://npiregistry.cms.hhs.gov/provider-view/1750965208,pilot-2026-09-25-npi
"A Blue Hope , Inc.",https://www.abluehopeflaba.com,Miami,FL,1,Annia Soto,"Owner, BCBA",founder,annia.soto@abluehopeflaba.com,https://www.linkedin.com/in/anniasoto-abluehopeinc,state_directory,https://npiregistry.cms.hhs.gov/provider-view/1184334278,pilot-2026-09-25-npi
"A Blue Hope , Inc.",https://www.abluehopeinc96flaba.com,Palm Beach Gardens,FL,1,Maria Suarez,"Owner, BCBA",founder,maria.suarez@abluehopeinc96flaba.com,https://www.linkedin.com/in/mariasuarez-abluehopeinc,state_directory,https://npiregistry.cms.hhs.gov/provider-view/1659953107,pilot-2026-09-25-npi
A Cedar Tree ABA LLC,https://www.acedartreeabaflaba.com,Lakewood,FL,1,M T,"Authorized, BCBA",owner,m.t@acedartreeabaflaba.com,https://www.linkedin.com/in/mt-acedartreeaballc,state_directory,https://npiregistry.cms.hhs.gov/provider-view/1982486700,pilot-2026-09-25-npi
"A Change In Trajectory, LLC",https://www.achangeintrajectoryflaba.com,Clearwater,FL,1,Kimberly Turack,"Owner, Lead Bcba",founder,kimberly.turack@achangeintrajectoryflaba.com,https://www.linkedin.com/in/kimberlyturack-achangeintrajectoryllc,state_directory,https://npiregistry.cms.hhs.gov/provider-view/1619461464,pilot-2026-09-25-npi
"A Core Connection Services And Consulting, LLC",https://www.acoreconnectionandconsultingflaba.com,Longwood,FL,1,Kelly Greene,"Operations Director/Owner, BCBA",founder,kelly.greene@acoreconnectionandconsultingflaba.com,https://www.linkedin.com/in/kellygreene-acoreconnectionservicesandconsultingllc,state_directory,https://npiregistry.cms.hhs.gov/provider-view/1629647847,pilot-2026-09-25-npi
"A Core Connection Services And Consulting, LLC",https://www.acoreconnectionservicesandconsultingllc97flaba.com,Orlando,FL,1,Kelly Greene,"Owner, BCBA",founder,kelly.greene@acoreconnectionservicesandconsultingllc97flaba.com,https://www.linkedin.com/in/kellygreene-acoreconnectionservicesandconsultingllc,state_directory,https://npiregistry.cms.hhs.gov/provider-view/1881263010,pilot-2026-09-25-npi
A Great Life Services Inc.,https://www.agreatlifeflaba.com,Orlando,FL,1,Janera Echevarria,"Ceo, BCBA",ceo,janera.echevarria@agreatlifeflaba.com,https://www.linkedin.com/in/janeraechevarria-agreatlifeservicesinc,state_directory,https://npiregistry.cms.hhs.gov/provider-view/1144367418,pilot-2026-09-25-npi
A Healthy Mind A Healthy Life Inc.,https://www.ahealthymindahealthylifeflaba.com,Miami,FL,1,Juan Rodriguez,"Officer, BCBA",owner,juan.rodriguez@ahealthymindahealthylifeflaba.com,https://www.linkedin.com/in/juanrodriguez-ahealthymindahealthylifeinc,state_directory,https://npiregistry.cms.hhs.gov/provider-view/1144070186,pilot-2026-09-25-npi
A Joyful Heart Home Services Ii LLC,https://www.ajoyfulhearthomeiiflaba.com,Palm Springs,FL,1,Roxana Morejon,"Manager, BCBA",owner,roxana.morejon@ajoyfulhearthomeiiflaba.com,https://www.linkedin.com/in/roxanamorejon-ajoyfulhearthomeservicesiillc,state_directory,https://npiregistry.cms.hhs.gov/provider-view/1548879406,pilot-2026-09-25-npi
"A Mental Quest, Corp..",https://www.amentalquestflaba.com,Greenacres,FL,1,Maria Bonet,"Administrator, BCBA",owner,maria.bonet@amentalquestflaba.com,https://www.linkedin.com/in/mariabonet-amentalquestcorp,state_directory,https://npiregistry.cms.hhs.gov/provider-view/1326648098,pilot-2026-09-25-npi
"A New Beginning Behavioral Services, Inc.",https://www.anewbeginningbehavioralflaba.com,Doral,FL,1,Cary Bouza-Merida,"President, BCBA",owner,cary.bouza-merida@anewbeginningbehavioralflaba.com,https://www.linkedin.com/in/carybouzamerida-anewbeginningbehavioralservicesinc,state_directory,https://npiregistry.cms.hhs.gov/provider-view/1790008936,pilot-2026-09-25-npi
"A New Beginning Behavioral Services, Inc.",https://www.anewbeginningbehavioralservicesinc98flaba.com,Doral,FL,1,Cary Bouza-Merida,"Administrative Director, BCBA",exec_director,cary.bouza-merida@anewbeginningbehavioralservicesinc98flaba.com,https://www.linkedin.com/in/carybouzamerida-anewbeginningbehavioralservicesinc,state_directory,https://npiregistry.cms.hhs.gov/provider-view/1457648438,pilot-2026-09-25-npi
A New Beginning Behavioral Therapy Inc.,https://www.anewbeginningbehavioraltherapyinc99flaba.com,North Bay Village,FL,1,Teresita Gomez Lozano,Bcba,owner,teresita.lozano@anewbeginningbehavioraltherapyinc99flaba.com,https://www.linkedin.com/in/teresitagomezlozano-anewbeginningbehavioraltherapyinc,state_directory,https://npiregistry.cms.hhs.gov/provider-view/1063144665,pilot-2026-09-25-npi
A Path Of Hope Inc.,https://www.apathofhopeflaba.com,Hialeah Gardens,FL,1,Guillermo Mojena,"President, BCBA",owner,guillermo.mojena@apathofhopeflaba.com,https://www.linkedin.com/in/guillermomojena-apathofhopeinc,state_directory,https://npiregistry.cms.hhs.gov/provider-view/1497255335,pilot-2026-09-25-npi
A Place To Bloom LLC,https://www.aplacetobloomflaba.com,Miami Lakes,FL,1,Liliana Arostegui,"Owner, BCBA",founder,liliana.arostegui@aplacetobloomflaba.com,https://www.linkedin.com/in/lilianaarostegui-aplacetobloomllc,state_directory,https://npiregistry.cms.hhs.gov/provider-view/1659212017,pilot-2026-09-25-npi
A Plus Behavior Agency Inc.,https://www.aplusbehavioragencyflaba.com,Doral,FL,1,Diana Valdes Gonzalez,"Owner, BCBA",founder,diana.gonzalez@aplusbehavioragencyflaba.com,https://www.linkedin.com/in/dianavaldesgonzalez-aplusbehavioragencyinc,state_directory,https://npiregistry.cms.hhs.gov/provider-view/1568172963,pilot-2026-09-25-npi
A Plus Behavior Analysis Corp.,https://www.aplusbehavioranalysisflaba.com,Largo,FL,1,Gabriela Marin Hernandez,"President, BCBA",owner,gabriela.hernandez@aplusbehavioranalysisflaba.com,https://www.linkedin.com/in/gabrielamarinhernandez-aplusbehavioranalysiscorp,state_directory,https://npiregistry.cms.hhs.gov/provider-view/1558047217,pilot-2026-09-25-npi
A Plus Behavior Analysis Corp.,https://www.aplusbehavioranalysiscorp100flaba.com,Coral Gables,FL,1,Gabriela Marin Hernandez,"Owner, BCBA",founder,gabriela.hernandez@aplusbehavioranalysiscorp100flaba.com,https://www.linkedin.com/in/gabrielamarinhernandez-aplusbehavioranalysiscorp,state_directory,https://npiregistry.cms.hhs.gov/provider-view/1750177382,pilot-2026-09-25-npi
A Plus Care Behavior Therapy Inc.,https://www.apluscarebehaviorflaba.com,Fort Pierce,FL,1,Lilliam Menendez,"Owner, BCBA",founder,lilliam.menendez@apluscarebehaviorflaba.com,https://www.linkedin.com/in/lilliammenendez-apluscarebehaviortherapyinc,state_directory,https://npiregistry.cms.hhs.gov/provider-view/1174278972,pilot-2026-09-25-npi
A Plus Child Behavioral Corp.,https://www.apluschildbehavioralflaba.com,Miami,FL,1,Clara Hernandez Gregori,"Owner, BCBA",founder,clara.gregori@apluschildbehavioralflaba.com,https://www.linkedin.com/in/clarahernandezgregori-apluschildbehavioralcorp,state_directory,https://npiregistry.cms.hhs.gov/provider-view/1316640634,pilot-2026-09-25-npi
A Positive And Hopeful Therapy LLC,https://www.apositiveandhopefulflaba.com,Lehigh Acres,FL,1,Yolaine Moreno Lopez,"Owner, BCBA",founder,yolaine.lopez@apositiveandhopefulflaba.com,https://www.linkedin.com/in/yolainemorenolopez-apositiveandhopefultherapyllc,state_directory,https://npiregistry.cms.hhs.gov/provider-view/1013705094,pilot-2026-09-25-npi
A Sense Of Autism,https://www.asenseofautismflaba.com,Highland,FL,1,Sahar Hassane,"Clinical Director, BCBA",exec_director,sahar.hassane@asenseofautismflaba.com,https://www.linkedin.com/in/saharhassane-asenseofautism,state_directory,https://npiregistry.cms.hhs.gov/provider-view/1851009054,pilot-2026-09-25-npi
"A Special Angels Touch, Inc..",https://www.aspecialangelstouchflaba.com,Miami,FL,1,Carlos Gerena,"Administrator, BCBA",owner,carlos.gerena@aspecialangelstouchflaba.com,https://www.linkedin.com/in/carlosgerena-aspecialangelstouchinc,state_directory,https://npiregistry.cms.hhs.gov/provider-view/1730564527,pilot-2026-09-25-npi
A Special Future ABA Therapy LLC,https://www.aspecialfutureabaflaba.com,Fort Myers,FL,1,Roberto Perez,"Officer, BCBA",owner,roberto.perez@aspecialfutureabaflaba.com,https://www.linkedin.com/in/robertoperez-aspecialfutureabatherapyllc,state_directory,https://npiregistry.cms.hhs.gov/provider-view/1821711896,pilot-2026-09-25-npi
A Spectrum Of Success Inc.,https://www.aspectrumofsuccessflaba.com,Plantation,FL,1,Midelkis Serra,"President, BCBA",owner,midelkis.serra@aspectrumofsuccessflaba.com,https://www.linkedin.com/in/midelkisserra-aspectrumofsuccessinc,state_directory,https://npiregistry.cms.hhs.gov/provider-view/1528894094,pilot-2026-09-25-npi
A Star Therapy Services Inc..,https://www.astarflaba.com,Miami,FL,1,Arisleidy Rivers,"Owner, BCBA",founder,arisleidy.rivers@astarflaba.com,https://www.linkedin.com/in/arisleidyrivers-astartherapyservicesinc,state_directory,https://npiregistry.cms.hhs.gov/provider-view/1437869484,pilot-2026-09-25-npi
A Sunny Day Development Center LLC,https://www.asunnydaydevelopmentflaba.com,Gulf Breeze,FL,1,Martine Flake,"Ceo, BCBA",ceo,martine.flake@asunnydaydevelopmentflaba.com,https://www.linkedin.com/in/martineflake-asunnydaydevelopmentcenterllc,state_directory,https://npiregistry.cms.hhs.gov/provider-view/1760121917,pilot-2026-09-25-npi
"A World Ahead, Inc..",https://www.aworldaheadflaba.com,Hialeah,FL,1,Daylen Gonzalez,"Ceo, BCBA",ceo,daylen.gonzalez@aworldaheadflaba.com,https://www.linkedin.com/in/daylengonzalez-aworldaheadinc,state_directory,https://npiregistry.cms.hhs.gov/provider-view/1801269196,pilot-2026-09-25-npi
"A World Ahead, Inc..",https://www.aworldaheadinc101flaba.com,Hialeah,FL,1,Daylen Gonzalez,"Ceo, BCBA",ceo,daylen.gonzalez@aworldaheadinc101flaba.com,https://www.linkedin.com/in/daylengonzalez-aworldaheadinc,state_directory,https://npiregistry.cms.hhs.gov/provider-view/1508521527,pilot-2026-09-25-npi
A World For Kids Therapy Inc.,https://www.aworldforkidsflaba.com,Miami,FL,1,Maerosel Hevia,"Owner, BCBA",founder,maerosel.hevia@aworldforkidsflaba.com,https://www.linkedin.com/in/maeroselhevia-aworldforkidstherapyinc,state_directory,https://npiregistry.cms.hhs.gov/provider-view/1881184380,pilot-2026-09-25-npi
A&D Behavioral Svcs LLC,https://www.adbehavioralsvcsflaba.com,Homestead,FL,1,Dayra Marin,"President, BCBA",owner,dayra.marin@adbehavioralsvcsflaba.com,https://www.linkedin.com/in/dayramarin-adbehavioralsvcsllc,state_directory,https://npiregistry.cms.hhs.gov/provider-view/1699483651,pilot-2026-09-25-npi
A&D Therapy Services,https://www.abaclinicflaba.com,Miami,FL,1,Alexis Martinez Grillo,"Analyst, BCBA",owner,alexis.grillo@abaclinicflaba.com,https://www.linkedin.com/in/alexismartinezgrillo-adtherapyservices,state_directory,https://npiregistry.cms.hhs.gov/provider-view/1225819386,pilot-2026-09-25-npi
A&G Behavior Solutions LLC,https://www.agbehaviorflaba.com,Miami,FL,1,George Izquierdo,"President, BCBA",owner,george.izquierdo@agbehaviorflaba.com,https://www.linkedin.com/in/georgeizquierdo-agbehaviorsolutionsllc,state_directory,https://npiregistry.cms.hhs.gov/provider-view/1518701465,pilot-2026-09-25-npi
"A&K Behavior Solutions, Corp.",https://www.akbehaviorflaba.com,Miami,FL,1,Karina Olivera Wright,"President, BCBA",owner,karina.wright@akbehaviorflaba.com,https://www.linkedin.com/in/karinaoliverawright-akbehaviorsolutionscorp,state_directory,https://npiregistry.cms.hhs.gov/provider-view/1174358162,pilot-2026-09-25-npi
A&M Behavioral Services LLC,https://www.ambehavioralflaba.com,Hollywood,FL,1,Aimee Segarte,"Owner/ Lead Behavior Analyst, BCBA",founder,aimee.segarte@ambehavioralflaba.com,https://www.linkedin.com/in/aimeesegarte-ambehavioralservicesllc,state_directory,https://npiregistry.cms.hhs.gov/provider-view/1740715473,pilot-2026-09-25-npi
A&M Kids Support Inc.,https://www.amkidssupportflaba.com,Miami,FL,1,Mercedes Buergo,"President, BCBA",owner,mercedes.buergo@amkidssupportflaba.com,https://www.linkedin.com/in/mercedesbuergo-amkidssupportinc,state_directory,https://npiregistry.cms.hhs.gov/provider-view/1063128817,pilot-2026-09-25-npi
A&Q Behavioral Services Inc.,https://www.aqbehavioralflaba.com,Hollywood,FL,1,Julia Quintana Garcia,"President, BCBA",owner,julia.garcia@aqbehavioralflaba.com,https://www.linkedin.com/in/juliaquintanagarcia-aqbehavioralservicesinc,state_directory,https://npiregistry.cms.hhs.gov/provider-view/1427706316,pilot-2026-09-25-npi
A&S Behavior Billing And Management Co.,https://www.asbehaviorbillingandmanagementcoflaba.com,Lehigh Acres,FL,1,Alain Hernandez,"President, BCBA",owner,alain.hernandez@asbehaviorbillingandmanagementcoflaba.com,https://www.linkedin.com/in/alainhernandez-asbehaviorbillingandmanagementco,state_directory,https://npiregistry.cms.hhs.gov/provider-view/1538661368,pilot-2026-09-25-npi
A&S Behavioral Care Inc.,https://www.asbehavioralcareflaba.com,Naples,FL,1,Serguey Segura Trista,Ceo/Bcba,ceo,serguey.trista@asbehavioralcareflaba.com,https://www.linkedin.com/in/sergueyseguratrista-asbehavioralcareinc,state_directory,https://npiregistry.cms.hhs.gov/provider-view/1184432189,pilot-2026-09-25-npi
A&S Good Behavior LLC,https://www.asgoodbehaviorflaba.com,Miami,FL,1,Roger Alvarez Soto,"Owner, BCBA",founder,roger.soto@asgoodbehaviorflaba.com,https://www.linkedin.com/in/rogeralvarezsoto-asgoodbehaviorllc,state_directory,https://npiregistry.cms.hhs.gov/provider-view/1619650082,pilot-2026-09-25-npi
A&T Behavior Solution Corp.,https://www.atbehaviorsolutionflaba.com,Hialeah,FL,1,Teresa Puente,"President/Owner, BCBA",founder,teresa.puente@atbehaviorsolutionflaba.com,https://www.linkedin.com/in/teresapuente-atbehaviorsolutioncorp,state_directory,https://npiregistry.cms.hhs.gov/provider-view/1063868552,pilot-2026-09-25-npi
A.B.A First Choice Inc.,https://www.abafirstchoiceflaba.com,Miami,FL,1,Annabel Rodriguez,"President, BCBA",owner,annabel.rodriguez@abafirstchoiceflaba.com,https://www.linkedin.com/in/annabelrodriguez-abafirstchoiceinc,state_directory,https://npiregistry.cms.hhs.gov/provider-view/1184333064,pilot-2026-09-25-npi
A.C.E. Behavioral Agency Inc..,https://www.acebehavioralagencyflaba.com,Hialeah,FL,1,Cecile Garcia,"Owner/President, BCBA",founder,cecile.garcia@acebehavioralagencyflaba.com,https://www.linkedin.com/in/cecilegarcia-acebehavioralagencyinc,state_directory,https://npiregistry.cms.hhs.gov/provider-view/1750809380,pilot-2026-09-25-npi
A.I.M. Strategies Inc..,https://www.aimstrategiesflaba.com,Cutler Bay,FL,1,Kerrie Lum Lock,"Employee, BCBA",owner,kerrie.lock@aimstrategiesflaba.com,https://www.linkedin.com/in/kerrielumlock-aimstrategiesinc,state_directory,https://npiregistry.cms.hhs.gov/provider-view/1366014961,pilot-2026-09-25-npi
A.W.C. And Associates,https://www.awcandassociatesflaba.com,Tampa,FL,1,Arthur Channer,"President, BCBA",owner,arthur.channer@awcandassociatesflaba.com,https://www.linkedin.com/in/arthurchanner-awcandassociates,state_directory,https://npiregistry.cms.hhs.gov/provider-view/1518300524,pilot-2026-09-25-npi
A4B Therapy Corp.,https://www.a4bflaba.com,Naples,FL,1,Nilzer Contreras,"President, BCBA",owner,nilzer.contreras@a4bflaba.com,https://www.linkedin.com/in/nilzercontreras-a4btherapycorp,state_directory,https://npiregistry.cms.hhs.gov/provider-view/1851987358,pilot-2026-09-25-npi
Aa Mental Health Services Inc.,https://www.aamentalhealthflaba.com,Pembroke Pines,FL,1,Ana Alvarez Acosta,"President, BCBA",owner,ana.acosta@aamentalhealthflaba.com,https://www.linkedin.com/in/anaalvarezacosta-aamentalhealthservicesinc,state_directory,https://npiregistry.cms.hhs.gov/provider-view/1215632690,pilot-2026-09-25-npi
Aa New Horizons LLC,https://www.aanewhorizonsflaba.com,Miami,FL,1,Elida Gil,Bcba,owner,elida.gil@aanewhorizonsflaba.com,https://www.linkedin.com/in/elidagil-aanewhorizonsllc,state_directory,https://npiregistry.cms.hhs.gov/provider-view/1891568341,pilot-2026-09-25-npi
"Aaa Behavioral And Community Services, LLC",https://www.aaabehavioralandcommunityflaba.com,Plantation,FL,1,Doris Uzcategui,"Manager, BCBA",owner,doris.uzcategui@aaabehavioralandcommunityflaba.com,https://www.linkedin.com/in/dorisuzcategui-aaabehavioralandcommunityservicesllc,state_directory,https://npiregistry.cms.hhs.gov/provider-view/1093449993,pilot-2026-09-25-npi
Aaa Mental Health Corp.,https://www.aaamentalhealthflaba.com,Cape Coral,FL,1,Lisnet Colina Porrero,"President, BCBA",owner,lisnet.porrero@aaamentalhealthflaba.com,https://www.linkedin.com/in/lisnetcolinaporrero-aaamentalhealthcorp,state_directory,https://npiregistry.cms.hhs.gov/provider-view/1891636874,pilot-2026-09-25-npi
Aaa Mental Health Services LLC,https://www.aaamentalhealthservicesllc102flaba.com,Miami,FL,1,Ana Azcuy,"Owner, BCBA",founder,ana.azcuy@aaamentalhealthservicesllc102flaba.com,https://www.linkedin.com/in/anaazcuy-aaamentalhealthservicesllc,state_directory,https://npiregistry.cms.hhs.gov/provider-view/1790517274,pilot-2026-09-25-npi
Aaaa Behavior Solution Services LLC,https://www.aaaabehaviorsolutionflaba.com,Davie,FL,1,Anilay Santana,"C.E.O, BCBA",owner,anilay.santana@aaaabehaviorsolutionflaba.com,https://www.linkedin.com/in/anilaysantana-aaaabehaviorsolutionservicesllc,state_directory,https://npiregistry.cms.hhs.gov/provider-view/1184302887,pilot-2026-09-25-npi
Aaaa Behavior Solution Services LLC,https://www.aaaabehaviorsolutionservicesllc103flaba.com,Miami,FL,1,Anilay Santana,"Owner, BCBA",founder,anilay.santana@aaaabehaviorsolutionservicesllc103flaba.com,https://www.linkedin.com/in/anilaysantana-aaaabehaviorsolutionservicesllc,state_directory,https://npiregistry.cms.hhs.gov/provider-view/1881583938,pilot-2026-09-25-npi
Aaba LLC,https://www.aabaflaba.com,Boca Raton,FL,1,Ana Pilch,"Owner, BCBA",founder,ana.pilch@aabaflaba.com,https://www.linkedin.com/in/anapilch-aaballc,state_directory,https://npiregistry.cms.hhs.gov/provider-view/1396569984,pilot-2026-09-25-npi
Aad Therapy Services LLC,https://www.aadflaba.com,Miami,FL,1,Danny Martinez Gonzalez,"Owner, BCBA",founder,danny.gonzalez@aadflaba.com,https://www.linkedin.com/in/dannymartinezgonzalez-aadtherapyservicesllc,state_directory,https://npiregistry.cms.hhs.gov/provider-view/1013872266,pilot-2026-09-25-npi
Aak Behavioral Services LLC,https://www.aakbehavioralflaba.com,Palmetto Bay,FL,1,Carmen Gonzalez,"Owner / Lead Behavior Analyst, BCBA",founder,carmen.gonzalez@aakbehavioralflaba.com,https://www.linkedin.com/in/carmengonzalez-aakbehavioralservicesllc,state_directory,https://npiregistry.cms.hhs.gov/provider-view/1679439426,pilot-2026-09-25-npi
Aaron-Eimicke Behavioral & ABA Therapy Group,https://www.aaroneimickebehavioralabaflaba.com,Augusta,FL,1,Brandy Aaron-Eimicke,"Owner & Lead Behavior Analyst, BCBA",owner,brandy.aaron-eimicke@aaroneimickebehavioralabaflaba.com,https://www.linkedin.com/in/brandyaaroneimicke-aaroneimickebehavioralabatherapygroup,state_directory,https://npiregistry.cms.hhs.gov/provider-view/1366022170,pilot-2026-09-25-npi
Aarons Behavioral & ABA Therapy Group,https://www.aaronsbehavioralabaflaba.com,Tallahassee,FL,1,Kyle Aarons,"Owner & Lead Behavior Analyst, BCBA",owner,kyle.aarons@aaronsbehavioralabaflaba.com,https://www.linkedin.com/in/kyleaarons-aaronsbehavioralabatherapygroup,state_directory,https://npiregistry.cms.hhs.gov/provider-view/1598455883,pilot-2026-09-25-npi
Aasen Behavioral & ABA Therapy Group,https://www.aasenbehavioralabaflaba.com,San Francisco,FL,1,Elise Aasen,"Owner & Lead Behavior Analyst, BCBA",owner,elise.aasen@aasenbehavioralabaflaba.com,https://www.linkedin.com/in/eliseaasen-aasenbehavioralabatherapygroup,state_directory,https://npiregistry.cms.hhs.gov/provider-view/1952829210,pilot-2026-09-25-npi
"Ab-Yay, LLC",https://www.abyayflaba.com,Palm Bay,FL,1,Anna Fiore,"Co-Owner, BCBA",founder,anna.fiore@abyayflaba.com,https://www.linkedin.com/in/annafiore-abyayllc,state_directory,https://npiregistry.cms.hhs.gov/provider-view/1043175631,pilot-2026-09-25-npi
ABA & Counseling Works LLC,https://www.abacounselingworksflaba.com,Miami Shores,FL,1,Sofia Aneas,"Clinical Director, BCBA",exec_director,sofia.aneas@abacounselingworksflaba.com,https://www.linkedin.com/in/sofiaaneas-abacounselingworksllc,state_directory,https://npiregistry.cms.hhs.gov/provider-view/1740820471,pilot-2026-09-25-npi
ABA 4 Success,https://www.aba4successflaba.com,Cape Coral,FL,1,Sarahi Suarez Landin,"President, BCBA",owner,sarahi.landin@aba4successflaba.com,https://www.linkedin.com/in/sarahisuarezlandin-aba4success,state_directory,https://npiregistry.cms.hhs.gov/provider-view/1477201598,pilot-2026-09-25-npi
"ABA 4U, Corp.",https://www.aba4uflaba.com,Hialeah,FL,1,Marnie Veiga,"President, BCBA",owner,marnie.veiga@aba4uflaba.com,https://www.linkedin.com/in/marnieveiga-aba4ucorp,state_directory,https://npiregistry.cms.hhs.gov/provider-view/1780282111,pilot-2026-09-25-npi
ABA 7 Dimensions Corp.,https://www.aba7dimensionsflaba.com,Port Charlotte,FL,1,Alina Alonso,"President, BCBA",owner,alina.alonso@aba7dimensionsflaba.com,https://www.linkedin.com/in/alinaalonso-aba7dimensionscorp,state_directory,https://npiregistry.cms.hhs.gov/provider-view/1366295073,pilot-2026-09-25-npi
ABA Academy Corp..,https://www.abaacademyflaba.com,Kissimmee,FL,1,Gina Lopez,"Ceo, BCBA",ceo,gina.lopez@abaacademyflaba.com,https://www.linkedin.com/in/ginalopez-abaacademycorp,state_directory,https://npiregistry.cms.hhs.gov/provider-view/1619740263,pilot-2026-09-25-npi
ABA Achieving Futures LLC,https://www.abaachievingfuturesflaba.com,Bay Harbor Islands,FL,1,Bob Harrison,"Mr, BCBA",owner,bob.harrison@abaachievingfuturesflaba.com,https://www.linkedin.com/in/bobharrison-abaachievingfuturesllc,state_directory,https://npiregistry.cms.hhs.gov/provider-view/1174380653,pilot-2026-09-25-npi
ABA Acting Corp.,https://www.abaactingflaba.com,Miami,FL,1,Amarilys Ramos Linares,"President, BCBA",owner,amarilys.linares@abaactingflaba.com,https://www.linkedin.com/in/amarilysramoslinares-abaactingcorp,state_directory,https://npiregistry.cms.hhs.gov/provider-view/1134822802,pilot-2026-09-25-npi
ABA Advanced Inc.,https://www.abaadvancedflaba.com,Kissimmee,FL,1,Lourdes Rivera Gonzalez,"P/Owner, BCBA",founder,lourdes.gonzalez@abaadvancedflaba.com,https://www.linkedin.com/in/lourdesriveragonzalez-abaadvancedinc,state_directory,https://npiregistry.cms.hhs.gov/provider-view/1811779861,pilot-2026-09-25-npi
ABA Advent Therapy Kids Services Inc.,https://www.abaadventkidsflaba.com,Saint Cloud,FL,1,Adriana Abreu,"Director, BCBA",exec_director,adriana.abreu@abaadventkidsflaba.com,https://www.linkedin.com/in/adrianaabreu-abaadventtherapykidsservicesinc,state_directory,https://npiregistry.cms.hhs.gov/provider-view/1912661703,pilot-2026-09-25-npi
ABA Agape Behavior Therapy LLC,https://www.abaagapebehaviorflaba.com,Fort Myers,FL,1,Maylin Orozco Hernandez,"Ceo, BCBA",ceo,maylin.hernandez@abaagapebehaviorflaba.com,https://www.linkedin.com/in/maylinorozcohernandez-abaagapebehaviortherapyllc,state_directory,https://npiregistry.cms.hhs.gov/provider-view/1316716764,pilot-2026-09-25-npi
ABA All Stars Therapy Services,https://www.abaallstarsflaba.com,Miami,FL,1,Luis Munoz,Owner Bcba,founder,luis.munoz@abaallstarsflaba.com,https://www.linkedin.com/in/luismunoz-abaallstarstherapyservices,state_directory,https://npiregistry.cms.hhs.gov/provider-view/1730896127,pilot-2026-09-25-npi
ABA Alliance Care Services LLC,https://www.abaalliancecareflaba.com,Miami,FL,1,Yanelkys Martinez,"Ceo, BCBA",ceo,yanelkys.martinez@abaalliancecareflaba.com,https://www.linkedin.com/in/yanelkysmartinez-abaalliancecareservicesllc,state_directory,https://npiregistry.cms.hhs.gov/provider-view/1912411422,pilot-2026-09-25-npi
ABA Alliance Therapy LLC,https://www.abaallianceflaba.com,Orlando,FL,1,Hina Efzil,"Owner, BCBA",founder,hina.efzil@abaallianceflaba.com,https://www.linkedin.com/in/hinaefzil-abaalliancetherapyllc,state_directory,https://npiregistry.cms.hhs.gov/provider-view/1740735810,pilot-2026-09-25-npi
ABA Allstar Behavioral Therapy Inc.,https://www.abaallstarbehavioralflaba.com,Land O Lakes,FL,1,Alexander Negrin Santana,"Owner, BCBA",founder,alexander.santana@abaallstarbehavioralflaba.com,https://www.linkedin.com/in/alexandernegrinsantana-abaallstarbehavioraltherapyinc,state_directory,https://npiregistry.cms.hhs.gov/provider-view/1831059294,pilot-2026-09-25-npi
ABA Allstar Services Corp.,https://www.abaallstarflaba.com,Naples,FL,1,Giselle Reyes,"President, BCBA",owner,giselle.reyes@abaallstarflaba.com,https://www.linkedin.com/in/gisellereyes-abaallstarservicescorp,state_directory,https://npiregistry.cms.hhs.gov/provider-view/1023891553,pilot-2026-09-25-npi
ABA America Therapy Center LLC,https://www.abaamericaflaba.com,Davenport,FL,1,Adam Iademarco,"Owner, BCBA",founder,adam.iademarco@abaamericaflaba.com,https://www.linkedin.com/in/adamiademarco-abaamericatherapycenterllc,state_directory,https://npiregistry.cms.hhs.gov/provider-view/1063379147,pilot-2026-09-25-npi
ABA And Behavioral Health Services LLC,https://www.abaandbehavioralhealthflaba.com,Hialeah,FL,1,Barbara Martinez Garcia,"Owner/Clinical Director, BCBA",founder,barbara.garcia@abaandbehavioralhealthflaba.com,https://www.linkedin.com/in/barbaramartinezgarcia-abaandbehavioralhealthservicesllc,state_directory,https://npiregistry.cms.hhs.gov/provider-view/1851286744,pilot-2026-09-25-npi
ABA And Beyond Behavioral Health,https://www.abaandbeyondbehavioralhealthflaba.com,Homestead,FL,1,Zulaymis Migoyo,"Lmhc, BCBA",owner,zulaymis.migoyo@abaandbeyondbehavioralhealthflaba.com,https://www.linkedin.com/in/zulaymismigoyo-abaandbeyondbehavioralhealth,state_directory,https://npiregistry.cms.hhs.gov/provider-view/1306556022,pilot-2026-09-25-npi
ABA And Beyond Inc.,https://www.abaandbeyondflaba.com,Miami,FL,1,Barbara Martinez,"V- President, BCBA",owner,barbara.martinez@abaandbeyondflaba.com,https://www.linkedin.com/in/barbaramartinez-abaandbeyondinc,state_directory,https://npiregistry.cms.hhs.gov/provider-view/1164013280,pilot-2026-09-25-npi
ABA And Mental Health Services LLC,https://www.abaandmentalhealthflaba.com,Miami,FL,1,Indira Marrero Guerra,"President, BCBA",owner,indira.guerra@abaandmentalhealthflaba.com,https://www.linkedin.com/in/indiramarreroguerra-abaandmentalhealthservicesllc,state_directory,https://npiregistry.cms.hhs.gov/provider-view/1659125698,pilot-2026-09-25-npi
ABA Anywhere,https://www.abaanywhereflaba.com,Orlando,FL,1,Angelin Clarke,"Clinical Director, BCBA",exec_director,angelin.clarke@abaanywhereflaba.com,https://www.linkedin.com/in/angelinclarke-abaanywhere,state_directory,https://npiregistry.cms.hhs.gov/provider-view/1598497463,pilot-2026-09-25-npi
ABA Applied Behavior Solutions LLC,https://www.abaappliedbehaviorflaba.com,Fort Myers,FL,1,Estela Rodriguez Castro,"Ceo, BCBA",ceo,estela.castro@abaappliedbehaviorflaba.com,https://www.linkedin.com/in/estelarodriguezcastro-abaappliedbehaviorsolutionsllc,state_directory,https://npiregistry.cms.hhs.gov/provider-view/1871253138,pilot-2026-09-25-npi
ABA Associates Of South Florida Inc.,https://www.abaassociatesofsouthfloridaflaba.com,Hallandale Beach,FL,1,Adriana Casas Diaz,Bcba/Owner,founder,adriana.diaz@abaassociatesofsouthfloridaflaba.com,https://www.linkedin.com/in/adrianacasasdiaz-abaassociatesofsouthfloridainc,state_directory,https://npiregistry.cms.hhs.gov/provider-view/1770310708,pilot-2026-09-25-npi
ABA Atlanta LLC,https://www.abaatlantaflaba.com,Atlanta,FL,1,Wil Glaser,"Operations, BCBA",owner,wil.glaser@abaatlantaflaba.com,https://www.linkedin.com/in/wilglaser-abaatlantallc,state_directory,https://npiregistry.cms.hhs.gov/provider-view/1992340756,pilot-2026-09-25-npi
ABA Autism Therapies LLC,https://www.abaautismtherapiesflaba.com,West Palm Beach,FL,1,Mariela Petraki,Bcba,owner,mariela.petraki@abaautismtherapiesflaba.com,https://www.linkedin.com/in/marielapetraki-abaautismtherapiesllc,state_directory,https://npiregistry.cms.hhs.gov/provider-view/1730889585,pilot-2026-09-25-npi
ABA Autism Therapy For Children LLC,https://www.abaautismforchildrenflaba.com,Miami,FL,1,Yaumiri Gomez,"President, BCBA",owner,yaumiri.gomez@abaautismforchildrenflaba.com,https://www.linkedin.com/in/yaumirigomez-abaautismtherapyforchildrenllc,state_directory,https://npiregistry.cms.hhs.gov/provider-view/1164221214,pilot-2026-09-25-npi
ABA Autism Therapy For Kids Inc.,https://www.abaautismforkidsflaba.com,Coral Springs,FL,1,Persia Ilyavi,"Owner, BCBA",founder,persia.ilyavi@abaautismforkidsflaba.com,https://www.linkedin.com/in/persiailyavi-abaautismtherapyforkidsinc,state_directory,https://npiregistry.cms.hhs.gov/provider-view/1114726908,pilot-2026-09-25-npi
ABA Avenue LLC,https://www.abaavenueflaba.com,Kissimmee,FL,1,Jenesha Etienne,"Owner, BCBA",founder,jenesha.etienne@abaavenueflaba.com,https://www.linkedin.com/in/jeneshaetienne-abaavenuellc,state_directory,https://npiregistry.cms.hhs.gov/provider-view/1508622416,pilot-2026-09-25-npi
ABA Beginnings,https://www.ababeginningsflaba.com,Groveland,FL,1,Sarah Samsundar,Owner/Bcba,founder,sarah.samsundar@ababeginningsflaba.com,https://www.linkedin.com/in/sarahsamsundar-ababeginnings,state_directory,https://npiregistry.cms.hhs.gov/provider-view/1134822513,pilot-2026-09-25-npi
ABA Behavior Intervention LLC,https://www.ababehaviorinterventionflaba.com,Saint Johns,FL,1,Juan Rodriguez,"Owner, BCBA",founder,juan.rodriguez@ababehaviorinterventionflaba.com,https://www.linkedin.com/in/juanrodriguez-ababehaviorinterventionllc,state_directory,https://npiregistry.cms.hhs.gov/provider-view/1912602806,pilot-2026-09-25-npi
ABA Behavior Support Services Inc.,https://www.ababehaviorsupportflaba.com,Orlando,FL,1,Maria Rosabal,"President, BCBA",owner,maria.rosabal@ababehaviorsupportflaba.com,https://www.linkedin.com/in/mariarosabal-ababehaviorsupportservicesinc,state_directory,https://npiregistry.cms.hhs.gov/provider-view/1679300172,pilot-2026-09-25-npi
ABA Behavioral & Development Services Inc.,https://www.ababehavioraldevelopmentflaba.com,Miami,FL,1,Elaines Buitrago Aguilar,"Owner, BCBA",founder,elaines.aguilar@ababehavioraldevelopmentflaba.com,https://www.linkedin.com/in/elainesbuitragoaguilar-ababehavioraldevelopmentservicesinc,state_directory,https://npiregistry.cms.hhs.gov/provider-view/1982321824,pilot-2026-09-25-npi
ABA Behavioral Health,https://www.ababehavioralhealthflaba.com,Fort Walton Beach,FL,1,Margaret Trujillo,Owner/Bcba,founder,margaret.trujillo@ababehavioralhealthflaba.com,https://www.linkedin.com/in/margarettrujillo-ababehavioralhealth,state_directory,https://npiregistry.cms.hhs.gov/provider-view/1710513940,pilot-2026-09-25-npi
ABA Best Behavioral Center LLC,https://www.ababestbehavioralflaba.com,Miami,FL,1,Maria Elena Roges,"Owner / President, BCBA",founder,maria.roges@ababestbehavioralflaba.com,https://www.linkedin.com/in/mariaelenaroges-ababestbehavioralcenterllc,state_directory,https://npiregistry.cms.hhs.gov/provider-view/1811731318,pilot-2026-09-25-npi
"ABA Bilingual Consulting,LLC",https://www.ababilingualconsultingflaba.com,Concord,FL,1,Yudislaine Pier Ramirez,"Mgr, BCBA",owner,yudislaine.ramirez@ababilingualconsultingflaba.com,https://www.linkedin.com/in/yudislainepierramirez-ababilingualconsultingllc,state_directory,https://npiregistry.cms.hhs.gov/provider-view/1245867217,pilot-2026-09-25-npi
ABA Blue Dino LLC,https://www.ababluedinoflaba.com,Miami,FL,1,Ileby Garcia De Villiers,"Owner, BCBA",founder,ileby.villiers@ababluedinoflaba.com,https://www.linkedin.com/in/ilebygarciadevilliers-ababluedinollc,state_directory,https://npiregistry.cms.hhs.gov/provider-view/1780421446,pilot-2026-09-25-npi
ABA Blue Hope Corp.,https://www.ababluehopeflaba.com,Hialeah Gardens,FL,1,Yandira Hernandez Fernandez,"Ceo, BCBA",ceo,yandira.fernandez@ababluehopeflaba.com,https://www.linkedin.com/in/yandirahernandezfernandez-ababluehopecorp,state_directory,https://npiregistry.cms.hhs.gov/provider-view/1669980454,pilot-2026-09-25-npi
ABA Bridge Solutions LLC,https://www.ababridgeflaba.com,Delray Beach,FL,1,Brittany Johnson,"Owner, BCBA",founder,brittany.johnson@ababridgeflaba.com,https://www.linkedin.com/in/brittanyjohnson-ababridgesolutionsllc,state_directory,https://npiregistry.cms.hhs.gov/provider-view/1861982522,pilot-2026-09-25-npi
ABA Bright Kids LLC,https://www.ababrightkidsflaba.com,Tampa,FL,1,Daymi De La Cruz,"President, BCBA",owner,daymi.cruz@ababrightkidsflaba.com,https://www.linkedin.com/in/daymidelacruz-ababrightkidsllc,state_directory,https://npiregistry.cms.hhs.gov/provider-view/1144892506,pilot-2026-09-25-npi
ABA Brightwings LLC,https://www.ababrightwingsflaba.com,Jacksonville,FL,1,Victor Mora,"Manager, BCBA",owner,victor.mora@ababrightwingsflaba.com,https://www.linkedin.com/in/victormora-ababrightwingsllc,state_directory,https://npiregistry.cms.hhs.gov/provider-view/1245054303,pilot-2026-09-25-npi
"ABA Brightwings,LLC",https://www.ababrightwingsllc104flaba.com,Dania Beach,FL,1,Eric Otero,"Owner, BCBA",founder,eric.otero@ababrightwingsllc104flaba.com,https://www.linkedin.com/in/ericotero-ababrightwingsllc,state_directory,https://npiregistry.cms.hhs.gov/provider-view/1346929767,pilot-2026-09-25-npi
ABA Brilliance Therapy LLC,https://www.ababrillianceflaba.com,Coral Springs,FL,1,Amanda Albury,"Owner, BCBA",founder,amanda.albury@ababrillianceflaba.com,https://www.linkedin.com/in/amandaalbury-ababrilliancetherapyllc,state_directory,https://npiregistry.cms.hhs.gov/provider-view/1346941598,pilot-2026-09-25-npi
"ABA Buddies, LLC",https://www.ababuddiesflaba.com,Miami,FL,1,Yordanka Mezawi,"Managing Director, BCBA",exec_director,yordanka.mezawi@ababuddiesflaba.com,https://www.linkedin.com/in/yordankamezawi-ababuddiesllc,state_directory,https://npiregistry.cms.hhs.gov/provider-view/1740990498,pilot-2026-09-25-npi
ABA By Function LLC,https://www.ababyfunctionflaba.com,Gainesville,FL,1,Minerva Martinez Cruz,"Owner, BCBA",founder,minerva.cruz@ababyfunctionflaba.com,https://www.linkedin.com/in/minervamartinezcruz-ababyfunctionllc,state_directory,https://npiregistry.cms.hhs.gov/provider-view/1073448304,pilot-2026-09-25-npi
ABA By The Bay,https://www.ababythebayflaba.com,Tampa,FL,1,Jillian Harris,"Owner, BCBA",founder,jillian.harris@ababythebayflaba.com,https://www.linkedin.com/in/jillianharris-ababythebay,state_directory,https://npiregistry.cms.hhs.gov/provider-view/1326819996,pilot-2026-09-25-npi
ABA Care And Play Center Inc..,https://www.abacareandplayflaba.com,Pompano Beach,FL,1,Otanys Garcia,"Owner, BCBA",founder,otanys.garcia@abacareandplayflaba.com,https://www.linkedin.com/in/otanysgarcia-abacareandplaycenterinc,state_directory,https://npiregistry.cms.hhs.gov/provider-view/1942981691,pilot-2026-09-25-npi
ABA Cares Of Florida LLC,https://www.abacaresoffloridaflaba.com,Lauderdale Lakes,FL,1,Kimberley Esquivel,"Vp Of Operations-Credentialing, BCBA",owner,kimberley.esquivel@abacaresoffloridaflaba.com,https://www.linkedin.com/in/kimberleyesquivel-abacaresoffloridallc,state_directory,https://npiregistry.cms.hhs.gov/provider-view/1245993138,pilot-2026-09-25-npi
ABA Castriz Inc.,https://www.abacastrizflaba.com,Miami,FL,1,Tania Reyes Castriz,"Clinical Director, BCBA",exec_director,tania.castriz@abacastrizflaba.com,https://www.linkedin.com/in/taniareyescastriz-abacastrizinc,state_directory,https://npiregistry.cms.hhs.gov/provider-view/1194433185,pilot-2026-09-25-npi
ABA Center Solutions LLC,https://www.abaflaba.com,Palmetto Bay,FL,1,Carmen Garces Tamayo,Bcba,owner,carmen.tamayo@abaflaba.com,https://www.linkedin.com/in/carmengarcestamayo-abacentersolutionsllc,state_directory,https://npiregistry.cms.hhs.gov/provider-view/1346000171,pilot-2026-09-25-npi
ABA Center.Corp.,https://www.abacentercorp105flaba.com,Hialeah,FL,1,Milena Garcia,"President, BCBA",owner,milena.garcia@abacentercorp105flaba.com,https://www.linkedin.com/in/milenagarcia-abacentercorp,state_directory,https://npiregistry.cms.hhs.gov/provider-view/1992437370,pilot-2026-09-25-npi
ABA Centers Of Puerto Rico LLC,https://www.abacentersofpuertoricoflaba.com,"Guaynabo, San Juan",FL,1,Kimberley Esquivel,"Vp Of Operations, BCBA",owner,kimberley.esquivel@abacentersofpuertoricoflaba.com,https://www.linkedin.com/in/kimberleyesquivel-abacentersofpuertoricollc,state_directory,https://npiregistry.cms.hhs.gov/provider-view/1821800400,pilot-2026-09-25-npi
ABA Centers Of Washington LLC,https://www.abacentersofwashingtonflaba.com,Lynnwood,FL,1,Kimberley Esquivel,"Vp Of Operations, BCBA",owner,kimberley.esquivel@abacentersofwashingtonflaba.com,https://www.linkedin.com/in/kimberleyesquivel-abacentersofwashingtonllc,state_directory,https://npiregistry.cms.hhs.gov/provider-view/1912719501,pilot-2026-09-25-npi
ABA Children Inc.,https://www.abachildrenflaba.com,Medley,FL,1,Patricia Perez Garcia,"Owner, BCBA",founder,patricia.garcia@abachildrenflaba.com,https://www.linkedin.com/in/patriciaperezgarcia-abachildreninc,state_directory,https://npiregistry.cms.hhs.gov/provider-view/1053020313,pilot-2026-09-25-npi
ABA Circle Health Inc.,https://www.abacirclehealthflaba.com,Miami,FL,1,Juan Velasquez,"Authorized Official, BCBA",owner,juan.velasquez@abacirclehealthflaba.com,https://www.linkedin.com/in/juanvelasquez-abacirclehealthinc,state_directory,https://npiregistry.cms.hhs.gov/provider-view/1750157236,pilot-2026-09-25-npi
ABA Clinic Inc.,https://www.abaclinicinc106flaba.com,Miami,FL,1,Stephanie Abellan,"President, BCBA",owner,stephanie.abellan@abaclinicinc106flaba.com,https://www.linkedin.com/in/stephanieabellan-abaclinicinc,state_directory,https://npiregistry.cms.hhs.gov/provider-view/1386284974,pilot-2026-09-25-npi
ABA Clinical Support Inc.,https://www.abaclinicalsupportflaba.com,Cutler Bay,FL,1,Daniel Diaz Pando,"Owner/Office Manager, BCBA",founder,daniel.pando@abaclinicalsupportflaba.com,https://www.linkedin.com/in/danieldiazpando-abaclinicalsupportinc,state_directory,https://npiregistry.cms.hhs.gov/provider-view/1982361085,pilot-2026-09-25-npi
ABA Community Therapy Corp.,https://www.abacommunityflaba.com,Fort Myers,FL,1,Ramon Grillo Gonzalez,"Owner, BCBA",founder,ramon.gonzalez@abacommunityflaba.com,https://www.linkedin.com/in/ramongrillogonzalez-abacommunitytherapycorp,state_directory,https://npiregistry.cms.hhs.gov/provider-view/1700369626,pilot-2026-09-25-npi
ABA Compass Inc.,https://www.abacompassflaba.com,Hallandale Beach,FL,1,Jonas Mayor,"President, BCBA",owner,jonas.mayor@abacompassflaba.com,https://www.linkedin.com/in/jonasmayor-abacompassinc,state_directory,https://npiregistry.cms.hhs.gov/provider-view/1376385864,pilot-2026-09-25-npi
ABA Compass Therapy Services Corp.,https://www.abacompasstherapyservicescorp107flaba.com,Orlando,FL,1,David Oliva Armas,"President, BCBA",owner,david.armas@abacompasstherapyservicescorp107flaba.com,https://www.linkedin.com/in/davidolivaarmas-abacompasstherapyservicescorp,state_directory,https://npiregistry.cms.hhs.gov/provider-view/1871484246,pilot-2026-09-25-npi
ABA Compliance Solutions,https://www.abacomplianceflaba.com,Miami,FL,1,Danays Gonzalez,Bcba,owner,danays.gonzalez@abacomplianceflaba.com,https://www.linkedin.com/in/danaysgonzalez-abacompliancesolutions,state_directory,https://npiregistry.cms.hhs.gov/provider-view/1528976040,pilot-2026-09-25-npi
"ABA Connection, LLC",https://www.abaconnectionflaba.com,Saint Augustine,FL,1,Joshua Stayton,"Owner, BCBA",founder,joshua.stayton@abaconnectionflaba.com,https://www.linkedin.com/in/joshuastayton-abaconnectionllc,state_directory,https://npiregistry.cms.hhs.gov/provider-view/1174029201,pilot-2026-09-25-npi
ABA Consultants Of South Florida LLC,https://www.abaconsultantsofsouthfloridaflaba.com,Hialeah,FL,1,Raudel Reyes Rodriguez,"President, BCBA",owner,raudel.rodriguez@abaconsultantsofsouthfloridaflaba.com,https://www.linkedin.com/in/raudelreyesrodriguez-abaconsultantsofsouthfloridallc,state_directory,https://npiregistry.cms.hhs.gov/provider-view/1710570361,pilot-2026-09-25-npi
"ABA Consulting Services, LLC",https://www.abaconsultingflaba.com,Miami,FL,1,Miguel Garrido Garcia,"Ceo, BCBA",ceo,miguel.garcia@abaconsultingflaba.com,https://www.linkedin.com/in/miguelgarridogarcia-abaconsultingservicesllc,state_directory,https://npiregistry.cms.hhs.gov/provider-view/1093423444,pilot-2026-09-25-npi
ABA Counseling & Therapy Corp.,https://www.abacounselingflaba.com,Miami,FL,1,Yuleisvi Diaz Cabrera,"Owner, BCBA",founder,yuleisvi.cabrera@abacounselingflaba.com,https://www.linkedin.com/in/yuleisvidiazcabrera-abacounselingtherapycorp,state_directory,https://npiregistry.cms.hhs.gov/provider-view/1811635709,pilot-2026-09-25-npi
ABA Creative Minds LLC,https://www.abacreativemindsflaba.com,Plantation,FL,1,Martha Caneja,"Manager, BCBA",owner,martha.caneja@abacreativemindsflaba.com,https://www.linkedin.com/in/marthacaneja-abacreativemindsllc,state_directory,https://npiregistry.cms.hhs.gov/provider-view/1467279828,pilot-2026-09-25-npi
ABA Day Care Support LLC,https://www.abadaycaresupportflaba.com,Naranja,FL,1,Rosa Gonzalez,"Register Agent, BCBA",owner,rosa.gonzalez@abadaycaresupportflaba.com,https://www.linkedin.com/in/rosagonzalez-abadaycaresupportllc,state_directory,https://npiregistry.cms.hhs.gov/provider-view/1639066376,pilot-2026-09-25-npi
ABA Development LLC,https://www.abadevelopmentflaba.com,Coral Gables,FL,1,Ariadna Gonzalez Forte,"Owner, BCBA",founder,ariadna.forte@abadevelopmentflaba.com,https://www.linkedin.com/in/ariadnagonzalezforte-abadevelopmentllc,state_directory,https://npiregistry.cms.hhs.gov/provider-view/1467237131,pilot-2026-09-25-npi
ABA Done Right LLC,https://www.abadonerightflaba.com,Miami,FL,1,Yoselin Guerra,"President, BCBA",owner,yoselin.guerra@abadonerightflaba.com,https://www.linkedin.com/in/yoselinguerra-abadonerightllc,state_directory,https://npiregistry.cms.hhs.gov/provider-view/1679347918,pilot-2026-09-25-npi
ABA Dynamic Learning LLC,https://www.abadynamiclearningflaba.com,Palm Bay,FL,1,Samuel Hernandez Carmenate,"Ceo, BCBA",ceo,samuel.carmenate@abadynamiclearningflaba.com,https://www.linkedin.com/in/samuelhernandezcarmenate-abadynamiclearningllc,state_directory,https://npiregistry.cms.hhs.gov/provider-view/1972455756,pilot-2026-09-25-npi
ABA Dynamics LLC,https://www.abadynamicsflaba.com,Miami,FL,1,Laritza Perez Diaz,"President, BCBA",owner,laritza.diaz@abadynamicsflaba.com,https://www.linkedin.com/in/laritzaperezdiaz-abadynamicsllc,state_directory,https://npiregistry.cms.hhs.gov/provider-view/1194435990,pilot-2026-09-25-npi
ABA Effects Inc.,https://www.abaeffectsflaba.com,Greenacres,FL,1,Jorge Hernandez,"President, BCBA",owner,jorge.hernandez@abaeffectsflaba.com,https://www.linkedin.com/in/jorgehernandez-abaeffectsinc,state_directory,https://npiregistry.cms.hhs.gov/provider-view/1063167476,pilot-2026-09-25-npi
ABA Er Therapy Behavior Corp.,https://www.abaerbehaviorflaba.com,Miami,FL,1,Elizabeth Rodriguez Abreu,"Owner, BCBA",founder,elizabeth.abreu@abaerbehaviorflaba.com,https://www.linkedin.com/in/elizabethrodriguezabreu-abaertherapybehaviorcorp,state_directory,https://npiregistry.cms.hhs.gov/provider-view/1215719588,pilot-2026-09-25-npi
ABA Evolution Therapy LLC,https://www.abaevolutionflaba.com,Pembroke Pines,FL,1,Yehnys Torres Gacita,"President, BCBA",owner,yehnys.gacita@abaevolutionflaba.com,https://www.linkedin.com/in/yehnystorresgacita-abaevolutiontherapyllc,state_directory,https://npiregistry.cms.hhs.gov/provider-view/1053012617,pilot-2026-09-25-npi
ABA Experts LLC,https://www.abaexpertsflaba.com,New Port Richey,FL,1,Jeanette Przybyszewski,"Owner, BCBA",founder,jeanette.przybyszewski@abaexpertsflaba.com,https://www.linkedin.com/in/jeanetteprzybyszewski-abaexpertsllc,state_directory,https://npiregistry.cms.hhs.gov/provider-view/1114693439,pilot-2026-09-25-npi
ABA Family Bilingual Services Inc.,https://www.abafamilybilingualflaba.com,Brandon,FL,1,Dailis Gonzalez Castillo,Bcba/Owner,founder,dailis.castillo@abafamilybilingualflaba.com,https://www.linkedin.com/in/dailisgonzalezcastillo-abafamilybilingualservicesinc,state_directory,https://npiregistry.cms.hhs.gov/provider-view/1952005597,pilot-2026-09-25-npi
ABA Family Services,https://www.abafamilyflaba.com,Port Saint Lucie,FL,1,Shannon Kiess,"Owner, BCBA",founder,shannon.kiess@abafamilyflaba.com,https://www.linkedin.com/in/shannonkiess-abafamilyservices,state_directory,https://npiregistry.cms.hhs.gov/provider-view/1003314402,pilot-2026-09-25-npi
ABA Family Support Inc.,https://www.abafamilysupportflaba.com,Pembroke Pines,FL,1,Liskay Santana Diaz,"President, BCBA",owner,liskay.diaz@abafamilysupportflaba.com,https://www.linkedin.com/in/liskaysantanadiaz-abafamilysupportinc,state_directory,https://npiregistry.cms.hhs.gov/provider-view/1508579335,pilot-2026-09-25-npi
ABA Family Therapy LLC,https://www.abafamilytherapyllc108flaba.com,Orlando,FL,1,Alexis Ferrer Piran Basualdo,"Board Certified Behavior Analyst, BCBA",owner,alexis.basualdo@abafamilytherapyllc108flaba.com,https://www.linkedin.com/in/alexisferrerpiranbasualdo-abafamilytherapyllc,state_directory,https://npiregistry.cms.hhs.gov/provider-view/1114521846,pilot-2026-09-25-npi
ABA First Therapy Corp.,https://www.abafirstflaba.com,Miami Lakes,FL,1,Alexei Espinosa,"Owner, BCBA",founder,alexei.espinosa@abafirstflaba.com,https://www.linkedin.com/in/alexeiespinosa-abafirsttherapycorp,state_directory,https://npiregistry.cms.hhs.gov/provider-view/1659257939,pilot-2026-09-25-npi
ABA Florida Academy LLC,https://www.abafloridaacademyflaba.com,Hialeah,FL,1,Norma Bavaresco,"Mgr, BCBA",owner,norma.bavaresco@abafloridaacademyflaba.com,https://www.linkedin.com/in/normabavaresco-abafloridaacademyllc,state_directory,https://npiregistry.cms.hhs.gov/provider-view/1225740434,pilot-2026-09-25-npi
ABA Florida Therapy LLC,https://www.abafloridaflaba.com,Cutler Bay,FL,1,Franklin Morales,"Owner, BCBA",founder,franklin.morales@abafloridaflaba.com,https://www.linkedin.com/in/franklinmorales-abafloridatherapyllc,state_directory,https://npiregistry.cms.hhs.gov/provider-view/1528821576,pilot-2026-09-25-npi
ABA For All LLC,https://www.abaforallflaba.com,Plantation,FL,1,Lara Barrancos,"Owner, BCBA",founder,lara.barrancos@abaforallflaba.com,https://www.linkedin.com/in/larabarrancos-abaforallllc,state_directory,https://npiregistry.cms.hhs.gov/provider-view/1144198979,pilot-2026-09-25-npi
ABA For Children,https://www.abaforchildrenflaba.com,Doral,FL,1,Deidre Vivas,"Clinical Director, BCBA",exec_director,deidre.vivas@abaforchildrenflaba.com,https://www.linkedin.com/in/deidrevivas-abaforchildren,state_directory,https://npiregistry.cms.hhs.gov/provider-view/1124730122,pilot-2026-09-25-npi
ABA For Kids Inc.,https://www.abaforkidsflaba.com,Miami,FL,1,Jane Hernandez Carballo,"President, BCBA",owner,jane.carballo@abaforkidsflaba.com,https://www.linkedin.com/in/janehernandezcarballo-abaforkidsinc,state_directory,https://npiregistry.cms.hhs.gov/provider-view/1821921941,pilot-2026-09-25-npi
ABA For Learning Corp.,https://www.abaforlearningflaba.com,Hialeah,FL,1,Mileidys Armas,"Owner, BCBA",founder,mileidys.armas@abaforlearningflaba.com,https://www.linkedin.com/in/mileidysarmas-abaforlearningcorp,state_directory,https://npiregistry.cms.hhs.gov/provider-view/1902510316,pilot-2026-09-25-npi
1 Spectrum Therapy,https://www.1spectrumcaaba.com,Laguna Hills,CA,1,Jessica Berghauser,"Ceo, BCBA",ceo,jessica.berghauser@1spectrumcaaba.com,https://www.linkedin.com/in/jessicaberghauser-1spectrumtherapy,state_directory,https://npiregistry.cms.hhs.gov/provider-view/1023747482,pilot-2026-09-25-npi
1-Step Ahead,https://www.1stepaheadcaaba.com,Poway,CA,1,Jacquelyn Behic,"Executive Director, BCBA",exec_director,jacquelyn.behic@1stepaheadcaaba.com,https://www.linkedin.com/in/jacquelynbehic-1stepahead,state_directory,https://npiregistry.cms.hhs.gov/provider-view/1851962963,pilot-2026-09-25-npi
1380 LLC,https://www.1380caaba.com,Porter Ranch,CA,1,Robert Rudolph,"Cfo, BCBA",owner,robert.rudolph@1380caaba.com,https://www.linkedin.com/in/robertrudolph-1380llc,state_directory,https://npiregistry.cms.hhs.gov/provider-view/1427945252,pilot-2026-09-25-npi
"1St Step Applied Behavior Analysts, Inc..",https://www.1ststepappliedbehavioranalystscaaba.com,Cameron Park,CA,1,Kathryn Van Den Berg,"President, BCBA",owner,kathryn.berg@1ststepappliedbehavioranalystscaaba.com,https://www.linkedin.com/in/kathrynvandenberg-1ststepappliedbehavioranalystsinc,state_directory,https://npiregistry.cms.hhs.gov/provider-view/1053770461,pilot-2026-09-25-npi
"2 Steps Forward Consulting, Inc..",https://www.2stepsforwardconsultingcaaba.com,Poway,CA,1,Kathryn Petersen,"President, BCBA",owner,kathryn.petersen@2stepsforwardconsultingcaaba.com,https://www.linkedin.com/in/kathrynpetersen-2stepsforwardconsultinginc,state_directory,https://npiregistry.cms.hhs.gov/provider-view/1538842133,pilot-2026-09-25-npi
2020 Behavior LLC,https://www.2020behaviorcaaba.com,Palo Alto,CA,1,Ramla Chaudhry,"Founder, BCBA",founder,ramla.chaudhry@2020behaviorcaaba.com,https://www.linkedin.com/in/ramlachaudhry-2020behaviorllc,state_directory,https://npiregistry.cms.hhs.gov/provider-view/1093317364,pilot-2026-09-25-npi
4 Behavior Change,https://www.4behaviorchangecaaba.com,Torrance,CA,1,Lori Brummel,"President, BCBA",owner,lori.brummel@4behaviorchangecaaba.com,https://www.linkedin.com/in/loribrummel-4behaviorchange,state_directory,https://npiregistry.cms.hhs.gov/provider-view/1881255412,pilot-2026-09-25-npi
"7 Seas Medical, LLC",https://www.7seasmedicalcaaba.com,Yorba Linda,CA,1,Matthew Fastiggi,"Owner, BCBA",founder,matthew.fastiggi@7seasmedicalcaaba.com,https://www.linkedin.com/in/matthewfastiggi-7seasmedicalllc,state_directory,https://npiregistry.cms.hhs.gov/provider-view/1548031362,pilot-2026-09-25-npi
A Better Way To Learn,https://www.abetterwaytolearncaaba.com,Silverado,CA,1,Chanelle Olivo Read,"Directior, BCBA",owner,chanelle.read@abetterwaytolearncaaba.com,https://www.linkedin.com/in/chanelleolivoread-abetterwaytolearn,state_directory,https://npiregistry.cms.hhs.gov/provider-view/1316500721,pilot-2026-09-25-npi
A Brighter Day Recuperative Care LLC,https://www.abrighterdayrecuperativecarecaaba.com,Los Angeles,CA,1,Paul Schafer,"Ceo, BCBA",ceo,paul.schafer@abrighterdayrecuperativecarecaaba.com,https://www.linkedin.com/in/paulschafer-abrighterdayrecuperativecarellc,state_directory,https://npiregistry.cms.hhs.gov/provider-view/1588257570,pilot-2026-09-25-npi
A Brighter Day Recuperative Care LLC,https://www.abrighterdayrecuperativecarellc109caaba.com,Lawndale,CA,1,Paul Schafer,"Ceo, BCBA",ceo,paul.schafer@abrighterdayrecuperativecarellc109caaba.com,https://www.linkedin.com/in/paulschafer-abrighterdayrecuperativecarellc,state_directory,https://npiregistry.cms.hhs.gov/provider-view/1376133108,pilot-2026-09-25-npi
A Brighter Day Recuperative Care LLC,https://www.abrighterdayrecuperativecarellc110caaba.com,Los Angeles,CA,1,Paul Schafer,"Ceo, BCBA",ceo,paul.schafer@abrighterdayrecuperativecarellc110caaba.com,https://www.linkedin.com/in/paulschafer-abrighterdayrecuperativecarellc,state_directory,https://npiregistry.cms.hhs.gov/provider-view/1477448983,pilot-2026-09-25-npi
"A Change In Trajectory, Inc..",https://www.achangeintrajectorycaaba.com,Van Nuys,CA,1,Mariela Feldman,"Director, BCBA",exec_director,mariela.feldman@achangeintrajectorycaaba.com,https://www.linkedin.com/in/marielafeldman-achangeintrajectoryinc,state_directory,https://npiregistry.cms.hhs.gov/provider-view/1750646667,pilot-2026-09-25-npi
A For ABA LLC,https://www.aforabacaaba.com,Merced,CA,1,Lauren Miklose,"Behavior Analyst/ Owner, BCBA",founder,lauren.miklose@aforabacaaba.com,https://www.linkedin.com/in/laurenmiklose-aforaballc,state_directory,https://npiregistry.cms.hhs.gov/provider-view/1992429898,pilot-2026-09-25-npi
A Happy Family Behavioral Services Inc.,https://www.ahappyfamilybehavioralcaaba.com,Encino,CA,1,Ione Smith,"Clinical Director, BCBA",exec_director,ione.smith@ahappyfamilybehavioralcaaba.com,https://www.linkedin.com/in/ionesmith-ahappyfamilybehavioralservicesinc,state_directory,https://npiregistry.cms.hhs.gov/provider-view/1982289591,pilot-2026-09-25-npi
A Hernandez Behavioral & ABA Therapy Group,https://www.ahernandezbehavioralabacaaba.com,Torrance,CA,1,Eduardo A Hernandez,"Owner & Lead Behavior Analyst, BCBA",owner,eduardo.hernandez@ahernandezbehavioralabacaaba.com,https://www.linkedin.com/in/eduardoahernandez-ahernandezbehavioralabatherapygroup,state_directory,https://npiregistry.cms.hhs.gov/provider-view/1811564081,pilot-2026-09-25-npi
A Is For Apple,https://www.aisforapplecaaba.com,San Jose,CA,1,Gina Chang,"Ceo, BCBA",ceo,gina.chang@aisforapplecaaba.com,https://www.linkedin.com/in/ginachang-aisforapple,state_directory,https://npiregistry.cms.hhs.gov/provider-view/1578891925,pilot-2026-09-25-npi
"A.G.E.S. Learning Solutions, LLC",https://www.ageslearningcaaba.com,San Jose,CA,1,Emmylou Santos,"Cbo, BCBA",owner,emmylou.santos@ageslearningcaaba.com,https://www.linkedin.com/in/emmylousantos-ageslearningsolutionsllc,state_directory,https://npiregistry.cms.hhs.gov/provider-view/1184919227,pilot-2026-09-25-npi
"A.S.A. Therapy, Inc..",https://www.asacaaba.com,Burbank,CA,1,Ararat Badalian,"Ceo, BCBA",ceo,ararat.badalian@asacaaba.com,https://www.linkedin.com/in/araratbadalian-asatherapyinc,state_directory,https://npiregistry.cms.hhs.gov/provider-view/1902604721,pilot-2026-09-25-npi
"A2Z Behavioral Interventions & Services, LLC",https://www.a2zbehavioralinterventionscaaba.com,Orange,CA,1,Arlene Baghjajian,"President, BCBA",owner,arlene.baghjajian@a2zbehavioralinterventionscaaba.com,https://www.linkedin.com/in/arlenebaghjajian-a2zbehavioralinterventionsservicesllc,state_directory,https://npiregistry.cms.hhs.gov/provider-view/1750786992,pilot-2026-09-25-npi
Aaron Behavioral & ABA Therapy Group,https://www.aaronbehavioralabacaaba.com,Napa,CA,1,Ali Aaron,"Owner & Lead Behavior Analyst, BCBA",owner,ali.aaron@aaronbehavioralabacaaba.com,https://www.linkedin.com/in/aliaaron-aaronbehavioralabatherapygroup,state_directory,https://npiregistry.cms.hhs.gov/provider-view/1689112575,pilot-2026-09-25-npi
Aaron Behavioral & ABA Therapy Group,https://www.aaronbehavioralabatherapygroup111caaba.com,Austin,CA,1,Carol Aaron,"Owner & Lead Behavior Analyst, BCBA",owner,carol.aaron@aaronbehavioralabatherapygroup111caaba.com,https://www.linkedin.com/in/carolaaron-aaronbehavioralabatherapygroup,state_directory,https://npiregistry.cms.hhs.gov/provider-view/1861040842,pilot-2026-09-25-npi
Aasen Behavioral & ABA Therapy Group,https://www.aasenbehavioralabacaaba.com,San Francisco,CA,1,Elise Aasen,"Owner & Lead Behavior Analyst, BCBA",owner,elise.aasen@aasenbehavioralabacaaba.com,https://www.linkedin.com/in/eliseaasen-aasenbehavioralabatherapygroup,state_directory,https://npiregistry.cms.hhs.gov/provider-view/1952829210,pilot-2026-09-25-npi
ABA & Verbal Behavior Group,https://www.abaverbalbehaviorcaaba.com,San Diego,CA,1,Anita Wilson,"Director, BCBA",exec_director,anita.wilson@abaverbalbehaviorcaaba.com,https://www.linkedin.com/in/anitawilson-abaverbalbehaviorgroup,state_directory,https://npiregistry.cms.hhs.gov/provider-view/1982081725,pilot-2026-09-25-npi
ABA 360,https://www.aba360caaba.com,San Diego,CA,1,Bertha Taylor,"Founder, BCBA",founder,bertha.taylor@aba360caaba.com,https://www.linkedin.com/in/berthataylor-aba360,state_directory,https://npiregistry.cms.hhs.gov/provider-view/1932724945,pilot-2026-09-25-npi
ABA 4 Friends LLC,https://www.aba4friendscaaba.com,Imperial,CA,1,Miguel Meza,"Co-Founder, BCBA",founder,miguel.meza@aba4friendscaaba.com,https://www.linkedin.com/in/miguelmeza-aba4friendsllc,state_directory,https://npiregistry.cms.hhs.gov/provider-view/1891504916,pilot-2026-09-25-npi
ABA Adaptive Services,https://www.abaadaptivecaaba.com,Cardiff,CA,1,Tedi Teabout,"Ceo, BCBA",ceo,tedi.teabout@abaadaptivecaaba.com,https://www.linkedin.com/in/tediteabout-abaadaptiveservices,state_directory,https://npiregistry.cms.hhs.gov/provider-view/1417465774,pilot-2026-09-25-npi
"ABA Allstars, LLC",https://www.abaallstarscaaba.com,Lodi,CA,1,Emilia Sheehan,"Ceo, BCBA",ceo,emilia.sheehan@abaallstarscaaba.com,https://www.linkedin.com/in/emiliasheehan-abaallstarsllc,state_directory,https://npiregistry.cms.hhs.gov/provider-view/1427562099,pilot-2026-09-25-npi
ABA And Beyond Behavioral Services Inc.,https://www.abaandbeyondbehavioralcaaba.com,North Hills,CA,1,Mary Gasparian,"Ceo, BCBA",ceo,mary.gasparian@abaandbeyondbehavioralcaaba.com,https://www.linkedin.com/in/marygasparian-abaandbeyondbehavioralservicesinc,state_directory,https://npiregistry.cms.hhs.gov/provider-view/1144105826,pilot-2026-09-25-npi
ABA Another Way,https://www.abaanotherwaycaaba.com,Lakewood,CA,1,Malia Monroe,"Chief Executive Officer, BCBA",owner,malia.monroe@abaanotherwaycaaba.com,https://www.linkedin.com/in/maliamonroe-abaanotherway,state_directory,https://npiregistry.cms.hhs.gov/provider-view/1942067889,pilot-2026-09-25-npi
"ABA Basics, Inc..",https://www.ababasicscaaba.com,Huntington Beach,CA,1,Nhi Nguyen,"Authorized Official, BCBA",owner,nhi.nguyen@ababasicscaaba.com,https://www.linkedin.com/in/nhinguyen-ababasicsinc,state_directory,https://npiregistry.cms.hhs.gov/provider-view/1215433131,pilot-2026-09-25-npi
"ABA Bears, Inc.",https://www.ababearscaaba.com,Alta Loma,CA,1,James Sloan,"Director, BCBA",exec_director,james.sloan@ababearscaaba.com,https://www.linkedin.com/in/jamessloan-ababearsinc,state_directory,https://npiregistry.cms.hhs.gov/provider-view/1083057335,pilot-2026-09-25-npi
ABA Behavioralservices LLC,https://www.ababehavioralservicescaaba.com,Los Angeles,CA,1,Marcia Rubin,"Director, BCBA",exec_director,marcia.rubin@ababehavioralservicescaaba.com,https://www.linkedin.com/in/marciarubin-ababehavioralservicesllc,state_directory,https://npiregistry.cms.hhs.gov/provider-view/1417304288,pilot-2026-09-25-npi
ABA Consulting Services,https://www.abaconsultingcaaba.com,Arcadia,CA,1,Katherine Woodhouse,"President, BCBA",owner,katherine.woodhouse@abaconsultingcaaba.com,https://www.linkedin.com/in/katherinewoodhouse-abaconsultingservices,state_directory,https://npiregistry.cms.hhs.gov/provider-view/1205471380,pilot-2026-09-25-npi
"ABA Effects, LLC",https://www.abaeffectscaaba.com,Alhambra,CA,1,Pooja Chawla,"Ceo/Executive Director, BCBA",exec_director,pooja.chawla@abaeffectscaaba.com,https://www.linkedin.com/in/poojachawla-abaeffectsllc,state_directory,https://npiregistry.cms.hhs.gov/provider-view/1902323173,pilot-2026-09-25-npi
ABA Enhancement,https://www.abaenhancementcaaba.com,Huntington Beach,CA,1,Megan Price,"Owner/Director Of Operations, BCBA",founder,megan.price@abaenhancementcaaba.com,https://www.linkedin.com/in/meganprice-abaenhancement,state_directory,https://npiregistry.cms.hhs.gov/provider-view/1003448804,pilot-2026-09-25-npi
ABA Ethics,https://www.abaethicscaaba.com,Sherman Oaks,CA,1,Avishai Zacharia,"Director, BCBA",exec_director,avishai.zacharia@abaethicscaaba.com,https://www.linkedin.com/in/avishaizacharia-abaethics,state_directory,https://npiregistry.cms.hhs.gov/provider-view/1043838220,pilot-2026-09-25-npi
ABA Force,https://www.abaforcecaaba.com,Emeryville,CA,1,Na'Il Rahman,"Director Of Operations, BCBA",exec_director,na'il.rahman@abaforcecaaba.com,https://www.linkedin.com/in/nailrahman-abaforce,state_directory,https://npiregistry.cms.hhs.gov/provider-view/1639043573,pilot-2026-09-25-npi
ABA Health Center LLC,https://www.abahealthcaaba.com,Burbank,CA,1,Ara Tsaturyan,"Executive Director, BCBA",exec_director,ara.tsaturyan@abahealthcaaba.com,https://www.linkedin.com/in/aratsaturyan-abahealthcenterllc,state_directory,https://npiregistry.cms.hhs.gov/provider-view/1922873249,pilot-2026-09-25-npi
ABA In Action,https://www.abainactioncaaba.com,Rocklin,CA,1,William Delaney,"Cfo, BCBA",owner,william.delaney@abainactioncaaba.com,https://www.linkedin.com/in/williamdelaney-abainaction,state_directory,https://npiregistry.cms.hhs.gov/provider-view/1457726556,pilot-2026-09-25-npi
ABA Nest,https://www.abanestcaaba.com,Tracy,CA,1,Siaw Ching Chuang,Bcba,owner,siaw.chuang@abanestcaaba.com,https://www.linkedin.com/in/siawchingchuang-abanest,state_directory,https://npiregistry.cms.hhs.gov/provider-view/1033787163,pilot-2026-09-25-npi
"ABA Network, Inc.",https://www.abanetworkcaaba.com,Westlake Village,CA,1,Michelle Coulter,"President, BCBA",owner,michelle.coulter@abanetworkcaaba.com,https://www.linkedin.com/in/michellecoulter-abanetworkinc,state_directory,https://npiregistry.cms.hhs.gov/provider-view/1316223902,pilot-2026-09-25-npi
ABA Now Inc..,https://www.abanowcaaba.com,Van Nuys,CA,1,Nancy Fikry,"President/Clinical Director, BCBA",exec_director,nancy.fikry@abanowcaaba.com,https://www.linkedin.com/in/nancyfikry-abanowinc,state_directory,https://npiregistry.cms.hhs.gov/provider-view/1093338899,pilot-2026-09-25-npi
ABA Plus Inc..,https://www.abapluscaaba.com,San Ramon,CA,1,Suddha Mukhopadhyay,"Executive Clinical Director, BCBA",exec_director,suddha.mukhopadhyay@abapluscaaba.com,https://www.linkedin.com/in/suddhamukhopadhyay-abaplusinc,state_directory,https://npiregistry.cms.hhs.gov/provider-view/1053974766,pilot-2026-09-25-npi
ABA Shine LLC,https://www.abashinecaaba.com,Fremont,CA,1,Rachida Ahmad,"Ceo, Founder, BCBA",founder,rachida.ahmad@abashinecaaba.com,https://www.linkedin.com/in/rachidaahmad-abashinellc,state_directory,https://npiregistry.cms.hhs.gov/provider-view/1275275638,pilot-2026-09-25-npi
ABA Spot,https://www.abaspotcaaba.com,San Jose,CA,1,Samrat Roy,"Speech Language Pathologist/Coo, BCBA",owner,samrat.roy@abaspotcaaba.com,https://www.linkedin.com/in/samratroy-abaspot,state_directory,https://npiregistry.cms.hhs.gov/provider-view/1871077180,pilot-2026-09-25-npi
ABA Spot LLC,https://www.abaspotllc112caaba.com,West Hills,CA,1,Vhumbani Mancilla,"Director, BCBA",exec_director,vhumbani.mancilla@abaspotllc112caaba.com,https://www.linkedin.com/in/vhumbanimancilla-abaspotllc,state_directory,https://npiregistry.cms.hhs.gov/provider-view/1053048611,pilot-2026-09-25-npi
ABA Support Group LLC,https://www.abasupportcaaba.com,Fresno,CA,1,Heather Carder,"President, BCBA",owner,heather.carder@abasupportcaaba.com,https://www.linkedin.com/in/heathercarder-abasupportgroupllc,state_directory,https://npiregistry.cms.hhs.gov/provider-view/1962397604,pilot-2026-09-25-npi
ABA Weissenberg Elite Behavioral Services,https://www.abaweissenbergelitebehavioralcaaba.com,Newport Beach,CA,1,Laura Dickerson,"Clinical Director, BCBA",exec_director,laura.dickerson@abaweissenbergelitebehavioralcaaba.com,https://www.linkedin.com/in/lauradickerson-abaweissenbergelitebehavioralservices,state_directory,https://npiregistry.cms.hhs.gov/provider-view/1265912919,pilot-2026-09-25-npi
ABA Works,https://www.abaworkscaaba.com,Los Angeles,CA,1,Willemijn Campbell,"Clinical Director, BCBA",exec_director,willemijn.campbell@abaworkscaaba.com,https://www.linkedin.com/in/willemijncampbell-abaworks,state_directory,https://npiregistry.cms.hhs.gov/provider-view/1811390081,pilot-2026-09-25-npi
ABA Your Way LLC,https://www.abayourwaycaaba.com,Lakewood,CA,1,Malia Monroe,"Ceo, BCBA",ceo,malia.monroe@abayourwaycaaba.com,https://www.linkedin.com/in/maliamonroe-abayourwayllc,state_directory,https://npiregistry.cms.hhs.gov/provider-view/1689337313,pilot-2026-09-25-npi
"ABA Your Way Texas, LLC.",https://www.abayourwaytexascaaba.com,Baytown,CA,1,Malia Monroe,"Executive Owner, BCBA",founder,malia.monroe@abayourwaytexascaaba.com,https://www.linkedin.com/in/maliamonroe-abayourwaytexasllc,state_directory,https://npiregistry.cms.hhs.gov/provider-view/1932039211,pilot-2026-09-25-npi
ABA-La,https://www.abalacaaba.com,Granada Hills,CA,1,Maria Kakosimidi,"Ceo, BCBA",ceo,maria.kakosimidi@abalacaaba.com,https://www.linkedin.com/in/mariakakosimidi-abala,state_directory,https://npiregistry.cms.hhs.gov/provider-view/1093578262,pilot-2026-09-25-npi
Abacadabra Inc.,https://www.abacadabracaaba.com,Sunland,CA,1,Carol Castellon,"Clinical Director, BCBA",exec_director,carol.castellon@abacadabracaaba.com,https://www.linkedin.com/in/carolcastellon-abacadabrainc,state_directory,https://npiregistry.cms.hhs.gov/provider-view/1225542103,pilot-2026-09-25-npi
Abad Behavioral & ABA Therapy Group,https://www.abadbehavioralabacaaba.com,San Mateo,CA,1,Melanie Ann Abad,"Owner & Lead Behavior Analyst, BCBA",owner,melanie.abad@abadbehavioralabacaaba.com,https://www.linkedin.com/in/melanieannabad-abadbehavioralabatherapygroup,state_directory,https://npiregistry.cms.hhs.gov/provider-view/1366808545,pilot-2026-09-25-npi
Abadzhyan Behavioral & ABA Therapy Group,https://www.abadzhyanbehavioralabacaaba.com,North Hollywood,CA,1,Marine Abadzhyan,"Owner & Lead Behavior Analyst, A",owner,marine.abadzhyan@abadzhyanbehavioralabacaaba.com,https://www.linkedin.com/in/marineabadzhyan-abadzhyanbehavioralabatherapygroup,state_directory,https://npiregistry.cms.hhs.gov/provider-view/1437533494,pilot-2026-09-25-npi
Abalos Behavioral & ABA Therapy Group,https://www.abalosbehavioralabacaaba.com,Rancho Cucamonga,CA,1,Ashley Aurora Abalos,"Owner & Lead Behavior Analyst, BCBA",owner,ashley.abalos@abalosbehavioralabacaaba.com,https://www.linkedin.com/in/ashleyauroraabalos-abalosbehavioralabatherapygroup,state_directory,https://npiregistry.cms.hhs.gov/provider-view/1225974124,pilot-2026-09-25-npi
Abaniel Behavioral & ABA Therapy Group,https://www.abanielbehavioralabacaaba.com,Fullerton,CA,1,Valerie Abaniel,"Owner & Lead Behavior Analyst, M.A BCBA",owner,valerie.abaniel@abanielbehavioralabacaaba.com,https://www.linkedin.com/in/valerieabaniel-abanielbehavioralabatherapygroup,state_directory,https://npiregistry.cms.hhs.gov/provider-view/1336377340,pilot-2026-09-25-npi
"Abanze Behavior Institute, Inc..",https://www.abanzebehaviorinstitutecaaba.com,Los Angeles,CA,1,Aime Gutierrez,"Owner, BCBA",founder,aime.gutierrez@abanzebehaviorinstitutecaaba.com,https://www.linkedin.com/in/aimegutierrez-abanzebehaviorinstituteinc,state_directory,https://npiregistry.cms.hhs.gov/provider-view/1992405542,pilot-2026-09-25-npi
Abapuzzles,https://www.abapuzzlescaaba.com,Granada Hills,CA,1,Hayarpi Rubenyan,"Ceo, BCBA",ceo,hayarpi.rubenyan@abapuzzlescaaba.com,https://www.linkedin.com/in/hayarpirubenyan-abapuzzles,state_directory,https://npiregistry.cms.hhs.gov/provider-view/1841965654,pilot-2026-09-25-npi
Abaqueta Behavioral & ABA Therapy Group,https://www.abaquetabehavioralabacaaba.com,Fountain Valley,CA,1,Althea Abaqueta,"Owner & Lead Behavior Analyst, BCBA",owner,althea.abaqueta@abaquetabehavioralabacaaba.com,https://www.linkedin.com/in/altheaabaqueta-abaquetabehavioralabatherapygroup,state_directory,https://npiregistry.cms.hhs.gov/provider-view/1619272853,pilot-2026-09-25-npi
Abarca Behavioral & ABA Therapy Group,https://www.abarcabehavioralabacaaba.com,Alexandria,CA,1,Carla Abarca,"Owner & Lead Behavior Analyst, BCBA",owner,carla.abarca@abarcabehavioralabacaaba.com,https://www.linkedin.com/in/carlaabarca-abarcabehavioralabatherapygroup,state_directory,https://npiregistry.cms.hhs.gov/provider-view/1891267837,pilot-2026-09-25-npi
Abarca Behavioral & ABA Therapy Group,https://www.abarcabehavioralabatherapygroup113caaba.com,Corona,CA,1,Stephanie Abarca,"Owner & Lead Behavior Analyst, BCBA",owner,stephanie.abarca@abarcabehavioralabatherapygroup113caaba.com,https://www.linkedin.com/in/stephanieabarca-abarcabehavioralabatherapygroup,state_directory,https://npiregistry.cms.hhs.gov/provider-view/1124987656,pilot-2026-09-25-npi
Abarca Behavioral & ABA Therapy Group,https://www.abarcabehavioralabatherapygroup114caaba.com,San Jose,CA,1,Vanessa Abarca,"Owner & Lead Behavior Analyst, BCBA",owner,vanessa.abarca@abarcabehavioralabatherapygroup114caaba.com,https://www.linkedin.com/in/vanessaabarca-abarcabehavioralabatherapygroup,state_directory,https://npiregistry.cms.hhs.gov/provider-view/1558900910,pilot-2026-09-25-npi
Abate Behavioral & ABA Therapy Group,https://www.abatebehavioralabacaaba.com,Derwood,CA,1,Ruha Abate,"Owner & Lead Behavior Analyst, BCBA",owner,ruha.abate@abatebehavioralabacaaba.com,https://www.linkedin.com/in/ruhaabate-abatebehavioralabatherapygroup,state_directory,https://npiregistry.cms.hhs.gov/provider-view/1538623244,pilot-2026-09-25-npi
Abbas Behavioral & ABA Therapy Group,https://www.abbasbehavioralabacaaba.com,Walnut Creek,CA,1,Josette Abbas,"Owner & Lead Behavior Analyst, BCBA",owner,josette.abbas@abbasbehavioralabacaaba.com,https://www.linkedin.com/in/josetteabbas-abbasbehavioralabatherapygroup,state_directory,https://npiregistry.cms.hhs.gov/provider-view/1407357916,pilot-2026-09-25-npi
Abbas Behavioral & ABA Therapy Group,https://www.abbasbehavioralabatherapygroup115caaba.com,Encino,CA,1,Maira Abbas,"Owner & Lead Behavior Analyst, BCBA",owner,maira.abbas@abbasbehavioralabatherapygroup115caaba.com,https://www.linkedin.com/in/mairaabbas-abbasbehavioralabatherapygroup,state_directory,https://npiregistry.cms.hhs.gov/provider-view/1144161753,pilot-2026-09-25-npi
Abbate Behavioral & ABA Therapy Group,https://www.abbatebehavioralabacaaba.com,Alameda,CA,1,Princess Abbate,"Owner & Lead Behavior Analyst, BCBA",owner,princess.abbate@abbatebehavioralabacaaba.com,https://www.linkedin.com/in/princessabbate-abbatebehavioralabatherapygroup,state_directory,https://npiregistry.cms.hhs.gov/provider-view/1508336975,pilot-2026-09-25-npi
Abbott Behavioral & ABA Therapy Group,https://www.abbottbehavioralabacaaba.com,Pittsford,CA,1,Amanda Abbott,"Owner & Lead Behavior Analyst, BCBA",owner,amanda.abbott@abbottbehavioralabacaaba.com,https://www.linkedin.com/in/amandaabbott-abbottbehavioralabatherapygroup,state_directory,https://npiregistry.cms.hhs.gov/provider-view/1487270856,pilot-2026-09-25-npi
Abbott Behavioral & ABA Therapy Group,https://www.abbottbehavioralabatherapygroup116caaba.com,Costa Mesa,CA,1,Ariana Abbott,"Owner & Lead Behavior Analyst, BCBA",owner,ariana.abbott@abbottbehavioralabatherapygroup116caaba.com,https://www.linkedin.com/in/arianaabbott-abbottbehavioralabatherapygroup,state_directory,https://npiregistry.cms.hhs.gov/provider-view/1013752385,pilot-2026-09-25-npi
Abbott Behavioral & ABA Therapy Group,https://www.abbottbehavioralabatherapygroup117caaba.com,Temecula,CA,1,Britnee Abbott,"Owner & Lead Behavior Analyst, MA,BCBA",owner,britnee.abbott@abbottbehavioralabatherapygroup117caaba.com,https://www.linkedin.com/in/britneeabbott-abbottbehavioralabatherapygroup,state_directory,https://npiregistry.cms.hhs.gov/provider-view/1538554969,pilot-2026-09-25-npi
Abbott Behavioral & ABA Therapy Group,https://www.abbottbehavioralabatherapygroup118caaba.com,Menlo Park,CA,1,David Abbott,"Owner & Lead Behavior Analyst, BCBA",owner,david.abbott@abbottbehavioralabatherapygroup118caaba.com,https://www.linkedin.com/in/davidabbott-abbottbehavioralabatherapygroup,state_directory,https://npiregistry.cms.hhs.gov/provider-view/1548746654,pilot-2026-09-25-npi
Abbott Behavioral & ABA Therapy Group,https://www.abbottbehavioralabatherapygroup119caaba.com,Folsom,CA,1,Tace Abbott,"Owner & Lead Behavior Analyst, BCBA",owner,tace.abbott@abbottbehavioralabatherapygroup119caaba.com,https://www.linkedin.com/in/taceabbott-abbottbehavioralabatherapygroup,state_directory,https://npiregistry.cms.hhs.gov/provider-view/1699277210,pilot-2026-09-25-npi
Abc American Behavioral Treatment Center,https://www.abcamericanbehavioraltreatmentcaaba.com,Thousand Oaks,CA,1,Mesrop Rshtooni,"Owner/Ceo, BCBA",founder,mesrop.rshtooni@abcamericanbehavioraltreatmentcaaba.com,https://www.linkedin.com/in/mesroprshtooni-abcamericanbehavioraltreatmentcenter,state_directory,https://npiregistry.cms.hhs.gov/provider-view/1447826151,pilot-2026-09-25-npi
Abc Kids LLC,https://www.abckidscaaba.com,La Palma,CA,1,Tosha Hayes,"Ceo, BCBA",ceo,tosha.hayes@abckidscaaba.com,https://www.linkedin.com/in/toshahayes-abckidsllc,state_directory,https://npiregistry.cms.hhs.gov/provider-view/1962051904,pilot-2026-09-25-npi
Abd Behavioral & ABA Therapy Group,https://www.abdbehavioralabacaaba.com,Red Bank,CA,1,Colleen Abd,"Owner & Lead Behavior Analyst, BCBA",owner,colleen.abd@abdbehavioralabacaaba.com,https://www.linkedin.com/in/colleenabd-abdbehavioralabatherapygroup,state_directory,https://npiregistry.cms.hhs.gov/provider-view/1730734260,pilot-2026-09-25-npi
Abdalla Behavioral & ABA Therapy Group,https://www.abdallabehavioralabacaaba.com,Costa Mesa,CA,1,Yasin Abdalla,"Owner & Lead Behavior Analyst, BCBA",owner,yasin.abdalla@abdallabehavioralabacaaba.com,https://www.linkedin.com/in/yasinabdalla-abdallabehavioralabatherapygroup,state_directory,https://npiregistry.cms.hhs.gov/provider-view/1801619671,pilot-2026-09-25-npi
Abdeltawab Behavioral & ABA Therapy Group,https://www.abdeltawabbehavioralabacaaba.com,San Diego,CA,1,Sara Abdeltawab,"Owner & Lead Behavior Analyst, BCBA",owner,sara.abdeltawab@abdeltawabbehavioralabacaaba.com,https://www.linkedin.com/in/saraabdeltawab-abdeltawabbehavioralabatherapygroup,state_directory,https://npiregistry.cms.hhs.gov/provider-view/1477184794,pilot-2026-09-25-npi
Abdi Behavioral & ABA Therapy Group,https://www.abdibehavioralabacaaba.com,Woodland Hills,CA,1,Fathi Abdi,"Owner & Lead Behavior Analyst, BCBA",owner,fathi.abdi@abdibehavioralabacaaba.com,https://www.linkedin.com/in/fathiabdi-abdibehavioralabatherapygroup,state_directory,https://npiregistry.cms.hhs.gov/provider-view/1003374927,pilot-2026-09-25-npi
Abdi Behavioral & ABA Therapy Group,https://www.abdibehavioralabatherapygroup120caaba.com,Ashburn,CA,1,Hodan Abdi,"Owner & Lead Behavior Analyst, BCBA",owner,hodan.abdi@abdibehavioralabatherapygroup120caaba.com,https://www.linkedin.com/in/hodanabdi-abdibehavioralabatherapygroup,state_directory,https://npiregistry.cms.hhs.gov/provider-view/1508344151,pilot-2026-09-25-npi
Abdo Behavioral & ABA Therapy Group,https://www.abdobehavioralabacaaba.com,Encino,CA,1,Allexis Abdo,"Owner & Lead Behavior Analyst, MS, LMFT, BCBA",owner,allexis.abdo@abdobehavioralabacaaba.com,https://www.linkedin.com/in/allexisabdo-abdobehavioralabatherapygroup,state_directory,https://npiregistry.cms.hhs.gov/provider-view/1457613416,pilot-2026-09-25-npi
Abdul-Rahman Behavioral & ABA Therapy Group,https://www.abdulrahmanbehavioralabacaaba.com,Alhambra,CA,1,Strauss Abdul-Rahman,"Owner & Lead Behavior Analyst, BCBA",owner,strauss.abdul-rahman@abdulrahmanbehavioralabacaaba.com,https://www.linkedin.com/in/straussabdulrahman-abdulrahmanbehavioralabatherapygroup,state_directory,https://npiregistry.cms.hhs.gov/provider-view/1881284842,pilot-2026-09-25-npi
Abdulazeez Behavioral & ABA Therapy Group,https://www.abdulazeezbehavioralabacaaba.com,Vienna,CA,1,Yasmeen Abdulazeez,"Owner & Lead Behavior Analyst, BCBA",owner,yasmeen.abdulazeez@abdulazeezbehavioralabacaaba.com,https://www.linkedin.com/in/yasmeenabdulazeez-abdulazeezbehavioralabatherapygroup,state_directory,https://npiregistry.cms.hhs.gov/provider-view/1639084023,pilot-2026-09-25-npi
Abdullah Behavioral & ABA Therapy Group,https://www.abdullahbehavioralabacaaba.com,Bee Cave,CA,1,Jennifer Abdullah,"Owner & Lead Behavior Analyst, M.Ed",owner,jennifer.abdullah@abdullahbehavioralabacaaba.com,https://www.linkedin.com/in/jenniferabdullah-abdullahbehavioralabatherapygroup,state_directory,https://npiregistry.cms.hhs.gov/provider-view/1558728832,pilot-2026-09-25-npi
Abdullah Behavioral & ABA Therapy Group,https://www.abdullahbehavioralabatherapygroup121caaba.com,Sterling,CA,1,Marwah Abdullah,"Owner & Lead Behavior Analyst, BCBA",owner,marwah.abdullah@abdullahbehavioralabatherapygroup121caaba.com,https://www.linkedin.com/in/marwahabdullah-abdullahbehavioralabatherapygroup,state_directory,https://npiregistry.cms.hhs.gov/provider-view/1710488978,pilot-2026-09-25-npi
Abdulrahman Behavioral & ABA Therapy Group,https://www.abdulrahmanbehavioralabatherapygroup122caaba.com,Gilroy,CA,1,Danya Abdulrahman,"Owner & Lead Behavior Analyst, BCBA",owner,danya.abdulrahman@abdulrahmanbehavioralabatherapygroup122caaba.com,https://www.linkedin.com/in/danyaabdulrahman-abdulrahmanbehavioralabatherapygroup,state_directory,https://npiregistry.cms.hhs.gov/provider-view/1629633227,pilot-2026-09-25-npi
Abed Behavioral & ABA Therapy Group,https://www.abedbehavioralabacaaba.com,Fremont,CA,1,Nazaneen Abed,"Owner & Lead Behavior Analyst, BCBA",owner,nazaneen.abed@abedbehavioralabacaaba.com,https://www.linkedin.com/in/nazaneenabed-abedbehavioralabatherapygroup,state_directory,https://npiregistry.cms.hhs.gov/provider-view/1760220875,pilot-2026-09-25-npi
Abedi Behavioral & ABA Therapy Group,https://www.abedibehavioralabacaaba.com,Irvine,CA,1,Maryam Abedi,"Owner & Lead Behavior Analyst, PhD, BCBA-D",owner,maryam.abedi@abedibehavioralabacaaba.com,https://www.linkedin.com/in/maryamabedi-abedibehavioralabatherapygroup,state_directory,https://npiregistry.cms.hhs.gov/provider-view/1851658926,pilot-2026-09-25-npi
Abedrabo Behavioral & ABA Therapy Group,https://www.abedrabobehavioralabacaaba.com,Garden Grove,CA,1,Sharif Abedrabo,"Owner & Lead Behavior Analyst, BCBA",owner,sharif.abedrabo@abedrabobehavioralabacaaba.com,https://www.linkedin.com/in/sharifabedrabo-abedrabobehavioralabatherapygroup,state_directory,https://npiregistry.cms.hhs.gov/provider-view/1154111706,pilot-2026-09-25-npi
Abeel Behavioral & ABA Therapy Group,https://www.abeelbehavioralabacaaba.com,Downey,CA,1,Katharine Abeel,"Owner & Lead Behavior Analyst, BCBA",owner,katharine.abeel@abeelbehavioralabacaaba.com,https://www.linkedin.com/in/katharineabeel-abeelbehavioralabatherapygroup,state_directory,https://npiregistry.cms.hhs.gov/provider-view/1063979847,pilot-2026-09-25-npi
Abel Behavioral & ABA Therapy Group,https://www.abelbehavioralabacaaba.com,San Ramon,CA,1,Jordan Abel,"Owner & Lead Behavior Analyst, BCBA",owner,jordan.abel@abelbehavioralabacaaba.com,https://www.linkedin.com/in/jordanabel-abelbehavioralabatherapygroup,state_directory,https://npiregistry.cms.hhs.gov/provider-view/1063877322,pilot-2026-09-25-npi
Abelita Behavioral & ABA Therapy Group,https://www.abelitabehavioralabacaaba.com,Torrance,CA,1,Lemuel Jireh Abelita,"Owner & Lead Behavior Analyst, BCBA",owner,lemuel.abelita@abelitabehavioralabacaaba.com,https://www.linkedin.com/in/lemueljirehabelita-abelitabehavioralabatherapygroup,state_directory,https://npiregistry.cms.hhs.gov/provider-view/1891295150,pilot-2026-09-25-npi
Aben Behavioral & ABA Therapy Group,https://www.abenbehavioralabacaaba.com,San Jose,CA,1,Sandy Aben,"Owner & Lead Behavior Analyst, BCBA",owner,sandy.aben@abenbehavioralabacaaba.com,https://www.linkedin.com/in/sandyaben-abenbehavioralabatherapygroup,state_directory,https://npiregistry.cms.hhs.gov/provider-view/1235605361,pilot-2026-09-25-npi
Abercrombie Behavioral & ABA Therapy Group,https://www.abercrombiebehavioralabacaaba.com,Monrovia,CA,1,Chelsea Abercrombie,"Owner & Lead Behavior Analyst, BCBA",owner,chelsea.abercrombie@abercrombiebehavioralabacaaba.com,https://www.linkedin.com/in/chelseaabercrombie-abercrombiebehavioralabatherapygroup,state_directory,https://npiregistry.cms.hhs.gov/provider-view/1487025029,pilot-2026-09-25-npi
Abercrombie Behavioral & ABA Therapy Group,https://www.abercrombiebehavioralabatherapygroup123caaba.com,Arcata,CA,1,Melani Abercrombie,"Owner & Lead Behavior Analyst, BCBA",owner,melani.abercrombie@abercrombiebehavioralabatherapygroup123caaba.com,https://www.linkedin.com/in/melaniabercrombie-abercrombiebehavioralabatherapygroup,state_directory,https://npiregistry.cms.hhs.gov/provider-view/1629500343,pilot-2026-09-25-npi
Abesamis Behavioral & ABA Therapy Group,https://www.abesamisbehavioralabacaaba.com,Rancho Cucamonga,CA,1,Timothy Abesamis,"Owner & Lead Behavior Analyst, BCBA",owner,timothy.abesamis@abesamisbehavioralabacaaba.com,https://www.linkedin.com/in/timothyabesamis-abesamisbehavioralabatherapygroup,state_directory,https://npiregistry.cms.hhs.gov/provider-view/1811420748,pilot-2026-09-25-npi
Abhari Behavioral & ABA Therapy Group,https://www.abharibehavioralabacaaba.com,San Francisco,CA,1,Bahareh Abhari,"Owner & Lead Behavior Analyst, BCBA",owner,bahareh.abhari@abharibehavioralabacaaba.com,https://www.linkedin.com/in/baharehabhari-abharibehavioralabatherapygroup,state_directory,https://npiregistry.cms.hhs.gov/provider-view/1588905749,pilot-2026-09-25-npi
Abina Behavioral & ABA Therapy Group,https://www.abinabehavioralabacaaba.com,Visalia,CA,1,Deeanna Abina,"Owner & Lead Behavior Analyst, BCBA",owner,deeanna.abina@abinabehavioralabacaaba.com,https://www.linkedin.com/in/deeannaabina-abinabehavioralabatherapygroup,state_directory,https://npiregistry.cms.hhs.gov/provider-view/1699540310,pilot-2026-09-25-npi
Abinsay Behavioral & ABA Therapy Group,https://www.abinsaybehavioralabacaaba.com,Costa Mesa,CA,1,Aronn Abinsay,"Owner & Lead Behavior Analyst, BCBA",owner,aronn.abinsay@abinsaybehavioralabacaaba.com,https://www.linkedin.com/in/aronnabinsay-abinsaybehavioralabatherapygroup,state_directory,https://npiregistry.cms.hhs.gov/provider-view/1629818877,pilot-2026-09-25-npi
Abney Behavioral & ABA Therapy Group,https://www.abneybehavioralabacaaba.com,Lafayette,CA,1,Emily Abney,"Owner & Lead Behavior Analyst, BCBA",owner,emily.abney@abneybehavioralabacaaba.com,https://www.linkedin.com/in/emilyabney-abneybehavioralabatherapygroup,state_directory,https://npiregistry.cms.hhs.gov/provider-view/1972004745,pilot-2026-09-25-npi
Abney Behavioral & ABA Therapy Group,https://www.abneybehavioralabatherapygroup124caaba.com,Oakland,CA,1,Kelly Abney,"Owner & Lead Behavior Analyst, BCBA",owner,kelly.abney@abneybehavioralabatherapygroup124caaba.com,https://www.linkedin.com/in/kellyabney-abneybehavioralabatherapygroup,state_directory,https://npiregistry.cms.hhs.gov/provider-view/1043786825,pilot-2026-09-25-npi
Aboubakare Behavioral & ABA Therapy Group,https://www.aboubakarebehavioralabacaaba.com,Ontario,CA,1,Jenevie Aboubakare,"Owner & Lead Behavior Analyst, BCBA",owner,jenevie.aboubakare@aboubakarebehavioralabacaaba.com,https://www.linkedin.com/in/jenevieaboubakare-aboubakarebehavioralabatherapygroup,state_directory,https://npiregistry.cms.hhs.gov/provider-view/1710454046,pilot-2026-09-25-npi
Aboul Hosn Behavioral & ABA Therapy Group,https://www.aboulhosnbehavioralabacaaba.com,Palmdale,CA,1,Nader Aboul Hosn,"Owner & Lead Behavior Analyst, BCBA",owner,nader.hosn@aboulhosnbehavioralabacaaba.com,https://www.linkedin.com/in/naderaboulhosn-aboulhosnbehavioralabatherapygroup,state_directory,https://npiregistry.cms.hhs.gov/provider-view/1346716594,pilot-2026-09-25-npi
Aboul-Fetouh Behavioral & ABA Therapy Group,https://www.aboulfetouhbehavioralabacaaba.com,Oakland,CA,1,Yasser Aboul-Fetouh,"Owner & Lead Behavior Analyst, bcba",owner,yasser.aboul-fetouh@aboulfetouhbehavioralabacaaba.com,https://www.linkedin.com/in/yasseraboulfetouh-aboulfetouhbehavioralabatherapygroup,state_directory,https://npiregistry.cms.hhs.gov/provider-view/1346524238,pilot-2026-09-25-npi
"About Behavior Consulting, Inc.",https://www.aboutbehaviorconsultingcaaba.com,Orange,CA,1,Jose Perez,"Director, BCBA",exec_director,jose.perez@aboutbehaviorconsultingcaaba.com,https://www.linkedin.com/in/joseperez-aboutbehaviorconsultinginc,state_directory,https://npiregistry.cms.hhs.gov/provider-view/1619511839,pilot-2026-09-25-npi
Above All Autism Center,https://www.aboveallautismcaaba.com,Diamond Bar,CA,1,Jie Shao,"Owner, BCBA",founder,jie.shao@aboveallautismcaaba.com,https://www.linkedin.com/in/jieshao-aboveallautismcenter,state_directory,https://npiregistry.cms.hhs.gov/provider-view/1811460322,pilot-2026-09-25-npi
"Above And Beyond The Spectrum, Inc..",https://www.aboveandbeyondthespectrumcaaba.com,Sherman Oaks,CA,1,Jasmine Lovett,"Ceo, BCBA",ceo,jasmine.lovett@aboveandbeyondthespectrumcaaba.com,https://www.linkedin.com/in/jasminelovett-aboveandbeyondthespectruminc,state_directory,https://npiregistry.cms.hhs.gov/provider-view/1629900378,pilot-2026-09-25-npi
"Above And Beyond Therapy, Inc.",https://www.aboveandbeyondcaaba.com,Van Nuys,CA,1,Aida Akopyan,"Ceo, BCBA",ceo,aida.akopyan@aboveandbeyondcaaba.com,https://www.linkedin.com/in/aidaakopyan-aboveandbeyondtherapyinc,state_directory,https://npiregistry.cms.hhs.gov/provider-view/1427834001,pilot-2026-09-25-npi
Abraha Behavioral & ABA Therapy Group,https://www.abrahabehavioralabacaaba.com,Torrance,CA,1,Ayda Abraha,"Owner & Lead Behavior Analyst, BCBA",owner,ayda.abraha@abrahabehavioralabacaaba.com,https://www.linkedin.com/in/aydaabraha-abrahabehavioralabatherapygroup,state_directory,https://npiregistry.cms.hhs.gov/provider-view/1841833373,pilot-2026-09-25-npi
Abraham Behavioral & ABA Therapy Group,https://www.abrahambehavioralabacaaba.com,San Diego,CA,1,Elise Abraham,"Owner & Lead Behavior Analyst, M.Ed",owner,elise.abraham@abrahambehavioralabacaaba.com,https://www.linkedin.com/in/eliseabraham-abrahambehavioralabatherapygroup,state_directory,https://npiregistry.cms.hhs.gov/provider-view/1386180065,pilot-2026-09-25-npi
Abraham Behavioral & ABA Therapy Group,https://www.abrahambehavioralabatherapygroup125caaba.com,San Diego,CA,1,James Abraham,"Owner & Lead Behavior Analyst, RBT, BCBA",owner,james.abraham@abrahambehavioralabatherapygroup125caaba.com,https://www.linkedin.com/in/jamesabraham-abrahambehavioralabatherapygroup,state_directory,https://npiregistry.cms.hhs.gov/provider-view/1770085466,pilot-2026-09-25-npi
Abraham Behavioral & ABA Therapy Group,https://www.abrahambehavioralabatherapygroup126caaba.com,Los Angeles,CA,1,Lianne-Therese Abraham,"Owner & Lead Behavior Analyst, M.S., BCBA",owner,lianne-therese.abraham@abrahambehavioralabatherapygroup126caaba.com,https://www.linkedin.com/in/liannethereseabraham-abrahambehavioralabatherapygroup,state_directory,https://npiregistry.cms.hhs.gov/provider-view/1467036525,pilot-2026-09-25-npi
Abram Behavioral & ABA Therapy Group,https://www.abrambehavioralabacaaba.com,Antioch,CA,1,Ceola Abram,"Owner & Lead Behavior Analyst, BCBA",owner,ceola.abram@abrambehavioralabacaaba.com,https://www.linkedin.com/in/ceolaabram-abrambehavioralabatherapygroup,state_directory,https://npiregistry.cms.hhs.gov/provider-view/1639710528,pilot-2026-09-25-npi
Abram Behavioral & ABA Therapy Group,https://www.abrambehavioralabatherapygroup127caaba.com,Irvine,CA,1,Joshua Abram,"Owner & Lead Behavior Analyst, BCBA",owner,joshua.abram@abrambehavioralabatherapygroup127caaba.com,https://www.linkedin.com/in/joshuaabram-abrambehavioralabatherapygroup,state_directory,https://npiregistry.cms.hhs.gov/provider-view/1376295881,pilot-2026-09-25-npi
Abram Behavioral & ABA Therapy Group,https://www.abrambehavioralabatherapygroup128caaba.com,Carlsbad,CA,1,Michelle Abram,"Owner & Lead Behavior Analyst, BCBA",owner,michelle.abram@abrambehavioralabatherapygroup128caaba.com,https://www.linkedin.com/in/michelleabram-abrambehavioralabatherapygroup,state_directory,https://npiregistry.cms.hhs.gov/provider-view/1235621707,pilot-2026-09-25-npi
Abramowicz Behavioral & ABA Therapy Group,https://www.abramowiczbehavioralabacaaba.com,Glendale,CA,1,Sydney Abramowicz,"Owner & Lead Behavior Analyst, BCBA",owner,sydney.abramowicz@abramowiczbehavioralabacaaba.com,https://www.linkedin.com/in/sydneyabramowicz-abramowiczbehavioralabatherapygroup,state_directory,https://npiregistry.cms.hhs.gov/provider-view/1821675273,pilot-2026-09-25-npi
Abrams Behavioral & ABA Therapy Group,https://www.abramsbehavioralabacaaba.com,Denham Springs,CA,1,Victoria Abrams,"Owner & Lead Behavior Analyst, BCBA",owner,victoria.abrams@abramsbehavioralabacaaba.com,https://www.linkedin.com/in/victoriaabrams-abramsbehavioralabatherapygroup,state_directory,https://npiregistry.cms.hhs.gov/provider-view/1619591948,pilot-2026-09-25-npi
Abrego Behavioral & ABA Therapy Group,https://www.abregobehavioralabacaaba.com,San Diego,CA,1,Leticia Abrego,"Owner & Lead Behavior Analyst, BCBA",owner,leticia.abrego@abregobehavioralabacaaba.com,https://www.linkedin.com/in/leticiaabrego-abregobehavioralabatherapygroup,state_directory,https://npiregistry.cms.hhs.gov/provider-view/1942155742,pilot-2026-09-25-npi
Abrena Navarro Behavioral & ABA Therapy Group,https://www.abrenanavarrobehavioralabacaaba.com,Los Angeles,CA,1,Chalene Abrena Navarro,"Owner & Lead Behavior Analyst, BCBA",owner,chalene.navarro@abrenanavarrobehavioralabacaaba.com,https://www.linkedin.com/in/chaleneabrenanavarro-abrenanavarrobehavioralabatherapygroup,state_directory,https://npiregistry.cms.hhs.gov/provider-view/1457872871,pilot-2026-09-25-npi
Abreu Behavioral & ABA Therapy Group,https://www.abreubehavioralabacaaba.com,Los Angeles,CA,1,Luis Abreu,"Owner & Lead Behavior Analyst, BCBA",owner,luis.abreu@abreubehavioralabacaaba.com,https://www.linkedin.com/in/luisabreu-abreubehavioralabatherapygroup,state_directory,https://npiregistry.cms.hhs.gov/provider-view/1164062139,pilot-2026-09-25-npi
"Abrite, LLC",https://www.abritecaaba.com,Santa Cruz,CA,1,John Frederick,"Director Of Admin And Finance, BCBA",exec_director,john.frederick@abritecaaba.com,https://www.linkedin.com/in/johnfrederick-abritellc,state_directory,https://npiregistry.cms.hhs.gov/provider-view/1003366154,pilot-2026-09-25-npi
Abromovich Behavioral & ABA Therapy Group,https://www.abromovichbehavioralabacaaba.com,Denver,CA,1,Anna Abromovich,"Owner & Lead Behavior Analyst, BCBA",owner,anna.abromovich@abromovichbehavioralabacaaba.com,https://www.linkedin.com/in/annaabromovich-abromovichbehavioralabatherapygroup,state_directory,https://npiregistry.cms.hhs.gov/provider-view/1083269708,pilot-2026-09-25-npi
Absolute Therapy Services,https://www.absolutecaaba.com,San Diego,CA,1,Lucas Lacerda,"President, BCBA",owner,lucas.lacerda@absolutecaaba.com,https://www.linkedin.com/in/lucaslacerda-absolutetherapyservices,state_directory,https://npiregistry.cms.hhs.gov/provider-view/1740126200,pilot-2026-09-25-npi
Abu Samaha Behavioral & ABA Therapy Group,https://www.abusamahabehavioralabacaaba.com,Campbell,CA,1,Lina Abu Samaha,"Owner & Lead Behavior Analyst, BCBA",owner,lina.samaha@abusamahabehavioralabacaaba.com,https://www.linkedin.com/in/linaabusamaha-abusamahabehavioralabatherapygroup,state_directory,https://npiregistry.cms.hhs.gov/provider-view/1093450108,pilot-2026-09-25-npi
Abuan Behavioral & ABA Therapy Group,https://www.abuanbehavioralabacaaba.com,San Ramon,CA,1,Jessyca Abuan,"Owner & Lead Behavior Analyst, BCBA",owner,jessyca.abuan@abuanbehavioralabacaaba.com,https://www.linkedin.com/in/jessycaabuan-abuanbehavioralabatherapygroup,state_directory,https://npiregistry.cms.hhs.gov/provider-view/1346609641,pilot-2026-09-25-npi
Abuateeq Behavioral & ABA Therapy Group,https://www.abuateeqbehavioralabacaaba.com,El Cajon,CA,1,Razan Abuateeq,"Owner & Lead Behavior Analyst, BCBA",owner,razan.abuateeq@abuateeqbehavioralabacaaba.com,https://www.linkedin.com/in/razanabuateeq-abuateeqbehavioralabatherapygroup,state_directory,https://npiregistry.cms.hhs.gov/provider-view/1780178939,pilot-2026-09-25-npi
Abubakkar Mohammed Hussain Behavioral & ABA Therapy Group,https://www.abubakkarmohammedhussainbehavioralabacaaba.com,San Jose,CA,1,Saleena Abubakkar Mohammed Hussain,"Owner & Lead Behavior Analyst, BCBA",owner,saleena.hussain@abubakkarmohammedhussainbehavioralabacaaba.com,https://www.linkedin.com/in/saleenaabubakkarmohammedhussain-abubakkarmohammedhussainbehavioralabatherapygroup,state_directory,https://npiregistry.cms.hhs.gov/provider-view/1306324199,pilot-2026-09-25-npi
Abuel Behavioral & ABA Therapy Group,https://www.abuelbehavioralabacaaba.com,Santa Clarita,CA,1,Stacy-Anne Abuel,"Owner & Lead Behavior Analyst, BCBA",owner,stacy-anne.abuel@abuelbehavioralabacaaba.com,https://www.linkedin.com/in/stacyanneabuel-abuelbehavioralabatherapygroup,state_directory,https://npiregistry.cms.hhs.gov/provider-view/1194389502,pilot-2026-09-25-npi
Abuhulayel Behavioral & ABA Therapy Group,https://www.abuhulayelbehavioralabacaaba.com,Poway,CA,1,Mohammed Abuhulayel,"Owner & Lead Behavior Analyst, BCBA",owner,mohammed.abuhulayel@abuhulayelbehavioralabacaaba.com,https://www.linkedin.com/in/mohammedabuhulayel-abuhulayelbehavioralabatherapygroup,state_directory,https://npiregistry.cms.hhs.gov/provider-view/1710549969,pilot-2026-09-25-npi
Abujen Behavioral & ABA Therapy Group,https://www.abujenbehavioralabacaaba.com,El Cajon,CA,1,Zen Abujen,"Owner & Lead Behavior Analyst, BCBA",owner,zen.abujen@abujenbehavioralabacaaba.com,https://www.linkedin.com/in/zenabujen-abujenbehavioralabatherapygroup,state_directory,https://npiregistry.cms.hhs.gov/provider-view/1649151150,pilot-2026-09-25-npi
Abundez Behavioral & ABA Therapy Group,https://www.abundezbehavioralabacaaba.com,Davis,CA,1,Janet Abundez,"Owner & Lead Behavior Analyst, BCBA",owner,janet.abundez@abundezbehavioralabacaaba.com,https://www.linkedin.com/in/janetabundez-abundezbehavioralabatherapygroup,state_directory,https://npiregistry.cms.hhs.gov/provider-view/1477018737,pilot-2026-09-25-npi
Abundis Behavioral & ABA Therapy Group,https://www.abundisbehavioralabacaaba.com,Menifee,CA,1,Marisol Abundis,"Owner & Lead Behavior Analyst, BCBA",owner,marisol.abundis@abundisbehavioralabacaaba.com,https://www.linkedin.com/in/marisolabundis-abundisbehavioralabatherapygroup,state_directory,https://npiregistry.cms.hhs.gov/provider-view/1174170732,pilot-2026-09-25-npi
Abundo Behavioral & ABA Therapy Group,https://www.abundobehavioralabacaaba.com,Orange,CA,1,Jenna Abundo,"Owner & Lead Behavior Analyst, BCBA",owner,jenna.abundo@abundobehavioralabacaaba.com,https://www.linkedin.com/in/jennaabundo-abundobehavioralabatherapygroup,state_directory,https://npiregistry.cms.hhs.gov/provider-view/1780241836,pilot-2026-09-25-npi
Aburizik Behavioral & ABA Therapy Group,https://www.aburizikbehavioralabacaaba.com,Encino,CA,1,Hanan Aburizik,"Owner & Lead Behavior Analyst, BCBA",owner,hanan.aburizik@aburizikbehavioralabacaaba.com,https://www.linkedin.com/in/hananaburizik-aburizikbehavioralabatherapygroup,state_directory,https://npiregistry.cms.hhs.gov/provider-view/1902258577,pilot-2026-09-25-npi
Aburto Behavioral & ABA Therapy Group,https://www.aburtobehavioralabacaaba.com,Riverside,CA,1,Carmen Aburto,"Owner & Lead Behavior Analyst, BCBA",owner,carmen.aburto@aburtobehavioralabacaaba.com,https://www.linkedin.com/in/carmenaburto-aburtobehavioralabatherapygroup,state_directory,https://npiregistry.cms.hhs.gov/provider-view/1134863798,pilot-2026-09-25-npi
Abutabikh Behavioral & ABA Therapy Group,https://www.abutabikhbehavioralabacaaba.com,Cupertino,CA,1,Reem Abutabikh,"Owner & Lead Behavior Analyst, BCBA",owner,reem.abutabikh@abutabikhbehavioralabacaaba.com,https://www.linkedin.com/in/reemabutabikh-abutabikhbehavioralabatherapygroup,state_directory,https://npiregistry.cms.hhs.gov/provider-view/1588126742,pilot-2026-09-25-npi
"Abw Creations, LLC",https://www.abwcreationscaaba.com,Larkspur,CA,1,Donald Wachelka,"Ceo, BCBA",ceo,donald.wachelka@abwcreationscaaba.com,https://www.linkedin.com/in/donaldwachelka-abwcreationsllc,state_directory,https://npiregistry.cms.hhs.gov/provider-view/1235494659,pilot-2026-09-25-npi
Accel Therapies Inc..,https://www.acceltherapiescaaba.com,Newport Beach,CA,1,Patrick Moynihan,"President, BCBA",owner,patrick.moynihan@acceltherapiescaaba.com,https://www.linkedin.com/in/patrickmoynihan-acceltherapiesinc,state_directory,https://npiregistry.cms.hhs.gov/provider-view/1033474697,pilot-2026-09-25-npi
"Accelerated Behavioral Change, Inc..",https://www.acceleratedbehavioralchangecaaba.com,Encino,CA,1,Judy Koutal,"Secretary, BCBA",owner,judy.koutal@acceleratedbehavioralchangecaaba.com,https://www.linkedin.com/in/judykoutal-acceleratedbehavioralchangeinc,state_directory,https://npiregistry.cms.hhs.gov/provider-view/1790340107,pilot-2026-09-25-npi
Acceleration Behavioral Therapies,https://www.accelerationbehavioraltherapiescaaba.com,Encino,CA,1,Jared Freilich,"Ceo, BCBA",ceo,jared.freilich@accelerationbehavioraltherapiescaaba.com,https://www.linkedin.com/in/jaredfreilich-accelerationbehavioraltherapies,state_directory,https://npiregistry.cms.hhs.gov/provider-view/1619451440,pilot-2026-09-25-npi
"Accomplish, LLC",https://www.accomplishcaaba.com,Riverside,CA,1,Julie Holdridge-Prado,"Clinical Director, BCBA",exec_director,julie.holdridge-prado@accomplishcaaba.com,https://www.linkedin.com/in/julieholdridgeprado-accomplishllc,state_directory,https://npiregistry.cms.hhs.gov/provider-view/1578001376,pilot-2026-09-25-npi
Accord Behavior LLC,https://www.accordbehaviorcaaba.com,Roseville,CA,1,Zhe Fan,"Behavior Analyst, BCBA",owner,zhe.fan@accordbehaviorcaaba.com,https://www.linkedin.com/in/zhefan-accordbehaviorllc,state_directory,https://npiregistry.cms.hhs.gov/provider-view/1427812270,pilot-2026-09-25-npi
Acebedo Behavioral & ABA Therapy Group,https://www.acebedobehavioralabacaaba.com,Gardena,CA,1,Kimberly Acebedo,"Owner & Lead Behavior Analyst, BCBA",owner,kimberly.acebedo@acebedobehavioralabacaaba.com,https://www.linkedin.com/in/kimberlyacebedo-acebedobehavioralabatherapygroup,state_directory,https://npiregistry.cms.hhs.gov/provider-view/1700367380,pilot-2026-09-25-npi
Acero Behavioral & ABA Therapy Group,https://www.acerobehavioralabacaaba.com,Calexico,CA,1,Leslie Acero,"Owner & Lead Behavior Analyst, BCBA",owner,leslie.acero@acerobehavioralabacaaba.com,https://www.linkedin.com/in/leslieacero-acerobehavioralabatherapygroup,state_directory,https://npiregistry.cms.hhs.gov/provider-view/1053965970,pilot-2026-09-25-npi
"Aces 2020, LLC",https://www.aces2020caaba.com,San Diego,CA,1,Luke Jana,"Chief Administrative Officer & Gene, BCBA",owner,luke.jana@aces2020caaba.com,https://www.linkedin.com/in/lukejana-aces2020llc,state_directory,https://npiregistry.cms.hhs.gov/provider-view/1467520452,pilot-2026-09-25-npi
Aces Mh Services Pc,https://www.acesmhpccaaba.com,San Diego,CA,1,Luke Jana,"Chief Administrative Officer, BCBA",owner,luke.jana@acesmhpccaaba.com,https://www.linkedin.com/in/lukejana-acesmhservicespc,state_directory,https://npiregistry.cms.hhs.gov/provider-view/1871237370,pilot-2026-09-25-npi
Acevedo Behavioral & ABA Therapy Group,https://www.acevedobehavioralabacaaba.com,Costa Mesa,CA,1,Amy Acevedo,"Owner & Lead Behavior Analyst, BCBA",owner,amy.acevedo@acevedobehavioralabacaaba.com,https://www.linkedin.com/in/amyacevedo-acevedobehavioralabatherapygroup,state_directory,https://npiregistry.cms.hhs.gov/provider-view/1841185345,pilot-2026-09-25-npi
Acevedo Behavioral & ABA Therapy Group,https://www.acevedobehavioralabatherapygroup129caaba.com,San Bernardino,CA,1,Andrea Acevedo,"Owner & Lead Behavior Analyst, BCBA",owner,andrea.acevedo@acevedobehavioralabatherapygroup129caaba.com,https://www.linkedin.com/in/andreaacevedo-acevedobehavioralabatherapygroup,state_directory,https://npiregistry.cms.hhs.gov/provider-view/1275394348,pilot-2026-09-25-npi
Acevedo Behavioral & ABA Therapy Group,https://www.acevedobehavioralabatherapygroup130caaba.com,Valencia,CA,1,Ashley Acevedo,"Owner & Lead Behavior Analyst, M.S., BCBA",owner,ashley.acevedo@acevedobehavioralabatherapygroup130caaba.com,https://www.linkedin.com/in/ashleyacevedo-acevedobehavioralabatherapygroup,state_directory,https://npiregistry.cms.hhs.gov/provider-view/1588059562,pilot-2026-09-25-npi
Acevedo Behavioral & ABA Therapy Group,https://www.acevedobehavioralabatherapygroup131caaba.com,Woodland Hills,CA,1,Cecilia Acevedo,"Owner & Lead Behavior Analyst, BCBA",owner,cecilia.acevedo@acevedobehavioralabatherapygroup131caaba.com,https://www.linkedin.com/in/ceciliaacevedo-acevedobehavioralabatherapygroup,state_directory,https://npiregistry.cms.hhs.gov/provider-view/1700431582,pilot-2026-09-25-npi
Acevedo Behavioral & ABA Therapy Group,https://www.acevedobehavioralabatherapygroup132caaba.com,Fontana,CA,1,Danielle Acevedo,"Owner & Lead Behavior Analyst, B.C.B.A.",owner,danielle.acevedo@acevedobehavioralabatherapygroup132caaba.com,https://www.linkedin.com/in/danielleacevedo-acevedobehavioralabatherapygroup,state_directory,https://npiregistry.cms.hhs.gov/provider-view/1093103897,pilot-2026-09-25-npi
Acevedo Ibarra Behavioral & ABA Therapy Group,https://www.acevedoibarrabehavioralabacaaba.com,Gardena,CA,1,Melisa Acevedo Ibarra,"Owner & Lead Behavior Analyst, BCBA",owner,melisa.ibarra@acevedoibarrabehavioralabacaaba.com,https://www.linkedin.com/in/melisaacevedoibarra-acevedoibarrabehavioralabatherapygroup,state_directory,https://npiregistry.cms.hhs.gov/provider-view/1164296182,pilot-2026-09-25-npi
Acevedo Behavioral & ABA Therapy Group,https://www.acevedobehavioralabatherapygroup133caaba.com,Bakersfield,CA,1,Jessica Acevedo,"Owner & Lead Behavior Analyst, BCBA",owner,jessica.acevedo@acevedobehavioralabatherapygroup133caaba.com,https://www.linkedin.com/in/jessicaacevedo-acevedobehavioralabatherapygroup,state_directory,https://npiregistry.cms.hhs.gov/provider-view/1225812530,pilot-2026-09-25-npi
Acevedo Behavioral & ABA Therapy Group,https://www.acevedobehavioralabatherapygroup134caaba.com,Chatsworth,CA,1,Jessica Acevedo,"Owner & Lead Behavior Analyst, BCBA",owner,jessica.acevedo@acevedobehavioralabatherapygroup134caaba.com,https://www.linkedin.com/in/jessicaacevedo-acevedobehavioralabatherapygroup,state_directory,https://npiregistry.cms.hhs.gov/provider-view/1184384844,pilot-2026-09-25-npi
Acevedo-Moran Behavioral & ABA Therapy Group,https://www.acevedomoranbehavioralabacaaba.com,Los Alamitos,CA,1,Stephanie Acevedo-Moran,"Owner & Lead Behavior Analyst, LMFT, LAADC,BCBA",owner,stephanie.acevedo-moran@acevedomoranbehavioralabacaaba.com,https://www.linkedin.com/in/stephanieacevedomoran-acevedomoranbehavioralabatherapygroup,state_directory,https://npiregistry.cms.hhs.gov/provider-view/1013330620,pilot-2026-09-25-npi
Acevedo-Schiesel Behavioral & ABA Therapy Group,https://www.acevedoschieselbehavioralabacaaba.com,Oakland,CA,1,Hannah Acevedo-Schiesel,"Owner & Lead Behavior Analyst, LEP, BCBA, ABSNP",owner,hannah.acevedo-schiesel@acevedoschieselbehavioralabacaaba.com,https://www.linkedin.com/in/hannahacevedoschiesel-acevedoschieselbehavioralabatherapygroup,state_directory,https://npiregistry.cms.hhs.gov/provider-view/1225676125,pilot-2026-09-25-npi
Aceves Behavioral & ABA Therapy Group,https://www.acevesbehavioralabacaaba.com,Huntington Beach,CA,1,Berenice Aceves,"Owner & Lead Behavior Analyst, BCBA",owner,berenice.aceves@acevesbehavioralabacaaba.com,https://www.linkedin.com/in/bereniceaceves-acevesbehavioralabatherapygroup,state_directory,https://npiregistry.cms.hhs.gov/provider-view/1285142034,pilot-2026-09-25-npi
Aceves Behavioral & ABA Therapy Group,https://www.acevesbehavioralabatherapygroup135caaba.com,Encino,CA,1,Brittany Aceves,"Owner & Lead Behavior Analyst, BCBA",owner,brittany.aceves@acevesbehavioralabatherapygroup135caaba.com,https://www.linkedin.com/in/brittanyaceves-acevesbehavioralabatherapygroup,state_directory,https://npiregistry.cms.hhs.gov/provider-view/1912845645,pilot-2026-09-25-npi
Aceves Behavioral & ABA Therapy Group,https://www.acevesbehavioralabatherapygroup136caaba.com,Sacramento,CA,1,Carmen Aceves,"Owner & Lead Behavior Analyst, BCBA",owner,carmen.aceves@acevesbehavioralabatherapygroup136caaba.com,https://www.linkedin.com/in/carmenaceves-acevesbehavioralabatherapygroup,state_directory,https://npiregistry.cms.hhs.gov/provider-view/1427827567,pilot-2026-09-25-npi
Aceves Behavioral & ABA Therapy Group,https://www.acevesbehavioralabatherapygroup137caaba.com,Davis,CA,1,Claudia Aceves,"Owner & Lead Behavior Analyst, BCBA",owner,claudia.aceves@acevesbehavioralabatherapygroup137caaba.com,https://www.linkedin.com/in/claudiaaceves-acevesbehavioralabatherapygroup,state_directory,https://npiregistry.cms.hhs.gov/provider-view/1124671656,pilot-2026-09-25-npi
Aceves Behavioral & ABA Therapy Group,https://www.acevesbehavioralabatherapygroup138caaba.com,Ontario,CA,1,Cristina Aceves,"Owner & Lead Behavior Analyst, BCBA",owner,cristina.aceves@acevesbehavioralabatherapygroup138caaba.com,https://www.linkedin.com/in/cristinaaceves-acevesbehavioralabatherapygroup,state_directory,https://npiregistry.cms.hhs.gov/provider-view/1396198040,pilot-2026-09-25-npi
Aceves Behavioral & ABA Therapy Group,https://www.acevesbehavioralabatherapygroup139caaba.com,Garden Grove,CA,1,Maricela Aceves,"Owner & Lead Behavior Analyst, BCBA",owner,maricela.aceves@acevesbehavioralabatherapygroup139caaba.com,https://www.linkedin.com/in/maricelaaceves-acevesbehavioralabatherapygroup,state_directory,https://npiregistry.cms.hhs.gov/provider-view/1154718336,pilot-2026-09-25-npi
Aceves Ochoa Behavioral & ABA Therapy Group,https://www.acevesochoabehavioralabacaaba.com,Antioch,CA,1,Krystal Aceves Ochoa,"Owner & Lead Behavior Analyst, BCBA",owner,krystal.ochoa@acevesochoabehavioralabacaaba.com,https://www.linkedin.com/in/krystalacevesochoa-acevesochoabehavioralabatherapygroup,state_directory,https://npiregistry.cms.hhs.gov/provider-view/1912530338,pilot-2026-09-25-npi
Aceves Sanchez Behavioral & ABA Therapy Group,https://www.acevessanchezbehavioralabacaaba.com,Katy,CA,1,Montserrat Aceves Sanchez,"Owner & Lead Behavior Analyst, BCBA",owner,montserrat.sanchez@acevessanchezbehavioralabacaaba.com,https://www.linkedin.com/in/montserratacevessanchez-acevessanchezbehavioralabatherapygroup,state_directory,https://npiregistry.cms.hhs.gov/provider-view/1376924985,pilot-2026-09-25-npi
Achieve Behavior Centers Corp.,https://www.achievebehaviorcenterscaaba.com,Greenacres,CA,1,Christian Pastrana,"President, BCBA",owner,christian.pastrana@achievebehaviorcenterscaaba.com,https://www.linkedin.com/in/christianpastrana-achievebehaviorcenterscorp,state_directory,https://npiregistry.cms.hhs.gov/provider-view/1245043215,pilot-2026-09-25-npi
"Achieve Behavioral Associates, LLC",https://www.achievebehavioralassociatescaaba.com,Valencia,CA,1,Anthony Kibler,"Clinical Director, BCBA",exec_director,anthony.kibler@achievebehavioralassociatescaaba.com,https://www.linkedin.com/in/anthonykibler-achievebehavioralassociatesllc,state_directory,https://npiregistry.cms.hhs.gov/provider-view/1962751586,pilot-2026-09-25-npi
Achievement Behavior Services Inc.,https://www.achievementbehaviorcaaba.com,Camarillo,CA,1,Shawn Manvell,"President/Owner/Slp, BCBA",founder,shawn.manvell@achievementbehaviorcaaba.com,https://www.linkedin.com/in/shawnmanvell-achievementbehaviorservicesinc,state_directory,https://npiregistry.cms.hhs.gov/provider-view/1891421194,pilot-2026-09-25-npi
Achieving Maximum Potential Inc.,https://www.achievingmaximumpotentialcaaba.com,Irvine,CA,1,Nancy Rangel,"Director, BCBA",exec_director,nancy.rangel@achievingmaximumpotentialcaaba.com,https://www.linkedin.com/in/nancyrangel-achievingmaximumpotentialinc,state_directory,https://npiregistry.cms.hhs.gov/provider-view/1235556242,pilot-2026-09-25-npi
Achurra Behavioral & ABA Therapy Group,https://www.achurrabehavioralabacaaba.com,Irvine,CA,1,Khiela Achurra,"Owner & Lead Behavior Analyst, BCBA",owner,khiela.achurra@achurrabehavioralabacaaba.com,https://www.linkedin.com/in/khielaachurra-achurrabehavioralabatherapygroup,state_directory,https://npiregistry.cms.hhs.gov/provider-view/1568994390,pilot-2026-09-25-npi
Acia Behavioral & ABA Therapy Group,https://www.aciabehavioralabacaaba.com,Sacramento,CA,1,Angelo Acia,"Owner & Lead Behavior Analyst, BCBA",owner,angelo.acia@aciabehavioralabacaaba.com,https://www.linkedin.com/in/angeloacia-aciabehavioralabatherapygroup,state_directory,https://npiregistry.cms.hhs.gov/provider-view/1518286889,pilot-2026-09-25-npi
Ackerman Behavioral & ABA Therapy Group,https://www.ackermanbehavioralabacaaba.com,Oakland,CA,1,Clara Ackerman,"Owner & Lead Behavior Analyst, BCBA",owner,clara.ackerman@ackermanbehavioralabacaaba.com,https://www.linkedin.com/in/claraackerman-ackermanbehavioralabatherapygroup,state_directory,https://npiregistry.cms.hhs.gov/provider-view/1639671829,pilot-2026-09-25-npi
Ackerman Behavioral & ABA Therapy Group,https://www.ackermanbehavioralabatherapygroup140caaba.com,Campbell,CA,1,Laura Ackerman,"Owner & Lead Behavior Analyst, BCBA",owner,laura.ackerman@ackermanbehavioralabatherapygroup140caaba.com,https://www.linkedin.com/in/lauraackerman-ackermanbehavioralabatherapygroup,state_directory,https://npiregistry.cms.hhs.gov/provider-view/1336741206,pilot-2026-09-25-npi
Ackerman Behavioral & ABA Therapy Group,https://www.ackermanbehavioralabatherapygroup141caaba.com,Valencia,CA,1,Maria Ackerman,"Owner & Lead Behavior Analyst, BCBA",owner,maria.ackerman@ackermanbehavioralabatherapygroup141caaba.com,https://www.linkedin.com/in/mariaackerman-ackermanbehavioralabatherapygroup,state_directory,https://npiregistry.cms.hhs.gov/provider-view/1528856028,pilot-2026-09-25-npi
Ackerman Behavioral & ABA Therapy Group,https://www.ackermanbehavioralabatherapygroup142caaba.com,Wildomar,CA,1,Sharra Ackerman,"Owner & Lead Behavior Analyst, BCBA",owner,sharra.ackerman@ackermanbehavioralabatherapygroup142caaba.com,https://www.linkedin.com/in/sharraackerman-ackermanbehavioralabatherapygroup,state_directory,https://npiregistry.cms.hhs.gov/provider-view/1952250508,pilot-2026-09-25-npi
"Aclan Behavioral Services, Inc..",https://www.aclanbehavioralcaaba.com,Encino,CA,1,Megan Aclan,"Owner, BCBA",founder,megan.aclan@aclanbehavioralcaaba.com,https://www.linkedin.com/in/meganaclan-aclanbehavioralservicesinc,state_directory,https://npiregistry.cms.hhs.gov/provider-view/1033085972,pilot-2026-09-25-npi
"Aclan Behavioral Services, Inc..",https://www.aclanbehavioralservicesinc143caaba.com,Encino,CA,1,Megan Aclan,"Owner, BCBA",founder,megan.aclan@aclanbehavioralservicesinc143caaba.com,https://www.linkedin.com/in/meganaclan-aclanbehavioralservicesinc,state_directory,https://npiregistry.cms.hhs.gov/provider-view/1831950153,pilot-2026-09-25-npi
Aclan Behavioral & ABA Therapy Group,https://www.aclanbehavioralabacaaba.com,Cypress,CA,1,Dean Edward Aclan,"Owner & Lead Behavior Analyst, BCBA",owner,dean.aclan@aclanbehavioralabacaaba.com,https://www.linkedin.com/in/deanedwardaclan-aclanbehavioralabatherapygroup,state_directory,https://npiregistry.cms.hhs.gov/provider-view/1699254854,pilot-2026-09-25-npi
Aclan Behavioral & ABA Therapy Group,https://www.aclanbehavioralabatherapygroup144caaba.com,San Mateo,CA,1,Jhoana Ronn Aclan,"Owner & Lead Behavior Analyst, BCBA",owner,jhoana.aclan@aclanbehavioralabatherapygroup144caaba.com,https://www.linkedin.com/in/jhoanaronnaclan-aclanbehavioralabatherapygroup,state_directory,https://npiregistry.cms.hhs.gov/provider-view/1972969202,pilot-2026-09-25-npi
Aclan Behavioral & ABA Therapy Group,https://www.aclanbehavioralabatherapygroup145caaba.com,Encino,CA,1,Megan Dorian Aclan,"Owner & Lead Behavior Analyst, BCBA",owner,megan.aclan@aclanbehavioralabatherapygroup145caaba.com,https://www.linkedin.com/in/megandorianaclan-aclanbehavioralabatherapygroup,state_directory,https://npiregistry.cms.hhs.gov/provider-view/1184995896,pilot-2026-09-25-npi
Acloque Behavioral & ABA Therapy Group,https://www.acloquebehavioralabacaaba.com,Stoughton,CA,1,Stacey Acloque,"Owner & Lead Behavior Analyst, BCBA",owner,stacey.acloque@acloquebehavioralabacaaba.com,https://www.linkedin.com/in/staceyacloque-acloquebehavioralabatherapygroup,state_directory,https://npiregistry.cms.hhs.gov/provider-view/1073019477,pilot-2026-09-25-npi
"Acorn Behavior Solutions, LLC",https://www.acornbehaviorcaaba.com,Lakewood,CA,1,Phuong Luong,"Manager, BCBA",owner,phuong.luong@acornbehaviorcaaba.com,https://www.linkedin.com/in/phuongluong-acornbehaviorsolutionsllc,state_directory,https://npiregistry.cms.hhs.gov/provider-view/1649928904,pilot-2026-09-25-npi
Acorns To Oak Trees,https://www.acornstooaktreescaaba.com,Pala,CA,1,Season Goodpasture,"Executive Director, BCBA",exec_director,season.goodpasture@acornstooaktreescaaba.com,https://www.linkedin.com/in/seasongoodpasture-acornstooaktrees,state_directory,https://npiregistry.cms.hhs.gov/provider-view/1659009587,pilot-2026-09-25-npi
Acosta Behavioral & ABA Therapy Group,https://www.acostabehavioralabacaaba.com,Broomfield,CA,1,Aaron Acosta,"Owner & Lead Behavior Analyst, BCBA",owner,aaron.acosta@acostabehavioralabacaaba.com,https://www.linkedin.com/in/aaronacosta-acostabehavioralabatherapygroup,state_directory,https://npiregistry.cms.hhs.gov/provider-view/1366802688,pilot-2026-09-25-npi
Acosta Barajas Behavioral & ABA Therapy Group,https://www.acostabarajasbehavioralabacaaba.com,Murrieta,CA,1,Elva Acosta Barajas,"Owner & Lead Behavior Analyst, BCBA",owner,elva.barajas@acostabarajasbehavioralabacaaba.com,https://www.linkedin.com/in/elvaacostabarajas-acostabarajasbehavioralabatherapygroup,state_directory,https://npiregistry.cms.hhs.gov/provider-view/1316775901,pilot-2026-09-25-npi
Acosta Behavioral & ABA Therapy Group,https://www.acostabehavioralabatherapygroup146caaba.com,Newport Beach,CA,1,Daisy Acosta,"Owner & Lead Behavior Analyst, BCBA",owner,daisy.acosta@acostabehavioralabatherapygroup146caaba.com,https://www.linkedin.com/in/daisyacosta-acostabehavioralabatherapygroup,state_directory,https://npiregistry.cms.hhs.gov/provider-view/1407643729,pilot-2026-09-25-npi
Acosta Behavioral & ABA Therapy Group,https://www.acostabehavioralabatherapygroup147caaba.com,Encino,CA,1,Delmy Acosta,"Owner & Lead Behavior Analyst, BCBA",owner,delmy.acosta@acostabehavioralabatherapygroup147caaba.com,https://www.linkedin.com/in/delmyacosta-acostabehavioralabatherapygroup,state_directory,https://npiregistry.cms.hhs.gov/provider-view/1518454867,pilot-2026-09-25-npi
Acosta Behavioral & ABA Therapy Group,https://www.acostabehavioralabatherapygroup148caaba.com,Los Angeles,CA,1,Ehulice De Jesus Acosta,"Owner & Lead Behavior Analyst, BCBA",owner,ehulice.acosta@acostabehavioralabatherapygroup148caaba.com,https://www.linkedin.com/in/ehulicedejesusacosta-acostabehavioralabatherapygroup,state_directory,https://npiregistry.cms.hhs.gov/provider-view/1639836216,pilot-2026-09-25-npi
Acosta Behavioral & ABA Therapy Group,https://www.acostabehavioralabatherapygroup149caaba.com,Costa Mesa,CA,1,Elizabeth Acosta,"Owner & Lead Behavior Analyst, BCBA",owner,elizabeth.acosta@acostabehavioralabatherapygroup149caaba.com,https://www.linkedin.com/in/elizabethacosta-acostabehavioralabatherapygroup,state_directory,https://npiregistry.cms.hhs.gov/provider-view/1932687050,pilot-2026-09-25-npi
Acosta Behavioral & ABA Therapy Group,https://www.acostabehavioralabatherapygroup150caaba.com,South Pasadena,CA,1,Francisco Acosta,"Owner & Lead Behavior Analyst, BCBA",owner,francisco.acosta@acostabehavioralabatherapygroup150caaba.com,https://www.linkedin.com/in/franciscoacosta-acostabehavioralabatherapygroup,state_directory,https://npiregistry.cms.hhs.gov/provider-view/1740687359,pilot-2026-09-25-npi
Acosta Gutierrez Behavioral & ABA Therapy Group,https://www.acostagutierrezbehavioralabacaaba.com,Costa Mesa,CA,1,Maria Acosta Gutierrez,"Owner & Lead Behavior Analyst, MA/G.I TECH",owner,maria.gutierrez@acostagutierrezbehavioralabacaaba.com,https://www.linkedin.com/in/mariaacostagutierrez-acostagutierrezbehavioralabatherapygroup,state_directory,https://npiregistry.cms.hhs.gov/provider-view/1528602448,pilot-2026-09-25-npi
Acosta Behavioral & ABA Therapy Group,https://www.acostabehavioralabatherapygroup151caaba.com,Gardena,CA,1,Ivanna Acosta,"Owner & Lead Behavior Analyst, MS",owner,ivanna.acosta@acostabehavioralabatherapygroup151caaba.com,https://www.linkedin.com/in/ivannaacosta-acostabehavioralabatherapygroup,state_directory,https://npiregistry.cms.hhs.gov/provider-view/1790451268,pilot-2026-09-25-npi
"A Bridge To Achievement Nc, LLC",https://www.abridgetoachievementncncaba.com,Winston Salem,NC,1,Dana Alley,"Ceo, BCBA",ceo,dana.alley@abridgetoachievementncncaba.com,https://www.linkedin.com/in/danaalley-abridgetoachievementncllc,state_directory,https://npiregistry.cms.hhs.gov/provider-view/1093233264,pilot-2026-09-25-npi
A Brighter Alternative Nc LLC,https://www.abrighteralternativencncaba.com,Burlington,NC,1,Avraham Aminov,"Ceo, BCBA",ceo,avraham.aminov@abrighteralternativencncaba.com,https://www.linkedin.com/in/avrahamaminov-abrighteralternativencllc,state_directory,https://npiregistry.cms.hhs.gov/provider-view/1629990551,pilot-2026-09-25-npi
"A Different Approach ABA Services, LLC",https://www.adifferentapproachabancaba.com,Morrisville,NC,1,Jahime Perry,"Owner, BCBA",founder,jahime.perry@adifferentapproachabancaba.com,https://www.linkedin.com/in/jahimeperry-adifferentapproachabaservicesllc,state_directory,https://npiregistry.cms.hhs.gov/provider-view/1609790575,pilot-2026-09-25-npi
A Different Dimensions ABA LLC,https://www.adifferentdimensionsabancaba.com,Charlotte,NC,1,Andrew Teigman,"Managing Partner, BCBA",owner,andrew.teigman@adifferentdimensionsabancaba.com,https://www.linkedin.com/in/andrewteigman-adifferentdimensionsaballc,state_directory,https://npiregistry.cms.hhs.gov/provider-view/1992500136,pilot-2026-09-25-npi
A Different Way Behavioral And Learning Solutions,https://www.adifferentwaybehavioralandlearningncaba.com,Durham,NC,1,Carlton Sutton,"Owner, BCBA",founder,carlton.sutton@adifferentwaybehavioralandlearningncaba.com,https://www.linkedin.com/in/carltonsutton-adifferentwaybehavioralandlearningsolutions,state_directory,https://npiregistry.cms.hhs.gov/provider-view/1508708223,pilot-2026-09-25-npi
"A New Leaf Therapeutic Services, PLLC",https://www.anewleaftherapeuticncaba.com,Fayetteville,NC,1,Judith Hill,"Owner, BCBA",founder,judith.hill@anewleaftherapeuticncaba.com,https://www.linkedin.com/in/judithhill-anewleaftherapeuticservicespllc,state_directory,https://npiregistry.cms.hhs.gov/provider-view/1710391867,pilot-2026-09-25-npi
"A New Way ABA, LLC",https://www.anewwayabancaba.com,Zebulon,NC,1,Rebecca Brock,"Chief Clinical Officer, BCBA",owner,rebecca.brock@anewwayabancaba.com,https://www.linkedin.com/in/rebeccabrock-anewwayaballc,state_directory,https://npiregistry.cms.hhs.gov/provider-view/1073244414,pilot-2026-09-25-npi
A Plus Gold Plus Therapy - Nc LLC,https://www.aplusgoldplusncncaba.com,Charlotte,NC,1,Nechama Gold,"Ceo, BCBA",ceo,nechama.gold@aplusgoldplusncncaba.com,https://www.linkedin.com/in/nechamagold-aplusgoldplustherapyncllc,state_directory,https://npiregistry.cms.hhs.gov/provider-view/1710831383,pilot-2026-09-25-npi
"A Plus Williamson Care Network, LLC",https://www.apluswilliamsoncarenetworkncaba.com,Greensboro,NC,1,Monaca Williamson,"Director Of Operations, BCBA",exec_director,monaca.williamson@apluswilliamsoncarenetworkncaba.com,https://www.linkedin.com/in/monacawilliamson-apluswilliamsoncarenetworkllc,state_directory,https://npiregistry.cms.hhs.gov/provider-view/1265741904,pilot-2026-09-25-npi
A Space For Nicholas LLC,https://www.aspacefornicholasncaba.com,Durham,NC,1,Dakena Stewart,"Owner, BCBA",founder,dakena.stewart@aspacefornicholasncaba.com,https://www.linkedin.com/in/dakenastewart-aspacefornicholasllc,state_directory,https://npiregistry.cms.hhs.gov/provider-view/1922823194,pilot-2026-09-25-npi
A Storm Community Support,https://www.astormcommunitysupportncaba.com,Raleigh,NC,1,Tiffany Hill,"President, BCBA",owner,tiffany.hill@astormcommunitysupportncaba.com,https://www.linkedin.com/in/tiffanyhill-astormcommunitysupport,state_directory,https://npiregistry.cms.hhs.gov/provider-view/1255086377,pilot-2026-09-25-npi
A World Of ABA LLC,https://www.aworldofabancaba.com,Chapel Hill,NC,1,Aakriti Tripathi,Bcba,owner,aakriti.tripathi@aworldofabancaba.com,https://www.linkedin.com/in/aakrititripathi-aworldofaballc,state_directory,https://npiregistry.cms.hhs.gov/provider-view/1811680341,pilot-2026-09-25-npi
ABA Advantage Corp.,https://www.abaadvantagencaba.com,Winston Salem,NC,1,Yocheved Wasserman,"Director, BCBA",exec_director,yocheved.wasserman@abaadvantagencaba.com,https://www.linkedin.com/in/yochevedwasserman-abaadvantagecorp,state_directory,https://npiregistry.cms.hhs.gov/provider-view/1992537435,pilot-2026-09-25-npi
ABA Bedrock Nc LLC,https://www.ababedrockncncaba.com,Charlotte,NC,1,Mayer Kulefsky,"Coo, BCBA",owner,mayer.kulefsky@ababedrockncncaba.com,https://www.linkedin.com/in/mayerkulefsky-ababedrockncllc,state_directory,https://npiregistry.cms.hhs.gov/provider-view/1396561924,pilot-2026-09-25-npi
"ABA Bilingual Consulting,LLC",https://www.ababilingualconsultingncaba.com,Concord,NC,1,Yudislaine Pier Ramirez,"Mgr, BCBA",owner,yudislaine.ramirez@ababilingualconsultingncaba.com,https://www.linkedin.com/in/yudislainepierramirez-ababilingualconsultingllc,state_directory,https://npiregistry.cms.hhs.gov/provider-view/1245867217,pilot-2026-09-25-npi
ABA Children Services LLC,https://www.abachildrenncaba.com,Raleigh,NC,1,Daniel Levenson,"Owner, BCBA",founder,daniel.levenson@abachildrenncaba.com,https://www.linkedin.com/in/daniellevenson-abachildrenservicesllc,state_directory,https://npiregistry.cms.hhs.gov/provider-view/1346909868,pilot-2026-09-25-npi
ABA Endeavor Nc LLC,https://www.abaendeavorncncaba.com,Charlotte,NC,1,Judah Kanowitz,"Managing Partner, BCBA",owner,judah.kanowitz@abaendeavorncncaba.com,https://www.linkedin.com/in/judahkanowitz-abaendeavorncllc,state_directory,https://npiregistry.cms.hhs.gov/provider-view/1306621743,pilot-2026-09-25-npi
ABA Grateful Care Nc,https://www.abagratefulcarencncaba.com,Charlotte,NC,1,Reuven Levovitz,"Ceo, BCBA",ceo,reuven.levovitz@abagratefulcarencncaba.com,https://www.linkedin.com/in/reuvenlevovitz-abagratefulcarenc,state_directory,https://npiregistry.cms.hhs.gov/provider-view/1265290274,pilot-2026-09-25-npi
ABA Journey LLC,https://www.abajourneyncaba.com,Charlotte,NC,1,Shmueli Milecki,"Ceo, BCBA",ceo,shmueli.milecki@abajourneyncaba.com,https://www.linkedin.com/in/shmuelimilecki-abajourneyllc,state_directory,https://npiregistry.cms.hhs.gov/provider-view/1992507263,pilot-2026-09-25-npi
"ABA Love, LLC",https://www.abalovencaba.com,Garner,NC,1,Hadeel Khrais,"Found/Owner, BCBA",founder,hadeel.khrais@abalovencaba.com,https://www.linkedin.com/in/hadeelkhrais-abalovellc,state_directory,https://npiregistry.cms.hhs.gov/provider-view/1285398784,pilot-2026-09-25-npi
ABA Magical Moments Nc LLC,https://www.abamagicalmomentsncncaba.com,Chapel Hill,NC,1,Jacob Klein,"Ceo, BCBA",ceo,jacob.klein@abamagicalmomentsncncaba.com,https://www.linkedin.com/in/jacobklein-abamagicalmomentsncllc,state_directory,https://npiregistry.cms.hhs.gov/provider-view/1801631718,pilot-2026-09-25-npi
"ABA Or Any Way, LLC",https://www.abaoranywayncaba.com,York,NC,1,Allie Smith,"Behavior Analyst, BCBA",owner,allie.smith@abaoranywayncaba.com,https://www.linkedin.com/in/alliesmith-abaoranywayllc,state_directory,https://npiregistry.cms.hhs.gov/provider-view/1184433492,pilot-2026-09-25-npi
"ABA Services Of Enc, Inc.",https://www.abaofencncaba.com,Kinston,NC,1,Douglas Denton,"President, BCBA",owner,douglas.denton@abaofencncaba.com,https://www.linkedin.com/in/douglasdenton-abaservicesofencinc,state_directory,https://npiregistry.cms.hhs.gov/provider-view/1265297634,pilot-2026-09-25-npi
ABA Therapy LLC,https://www.abancaba.com,Winston Salem,NC,1,Alejandro Werner,"Ceo, BCBA",ceo,alejandro.werner@abancaba.com,https://www.linkedin.com/in/alejandrowerner-abatherapyllc,state_directory,https://npiregistry.cms.hhs.gov/provider-view/1790490753,pilot-2026-09-25-npi
Abacus Early Intervention Services LLC,https://www.abacusearlyinterventionncaba.com,Clayton,NC,1,Richard Cross,"Clinical Director, BCBA",exec_director,richard.cross@abacusearlyinterventionncaba.com,https://www.linkedin.com/in/richardcross-abacusearlyinterventionservicesllc,state_directory,https://npiregistry.cms.hhs.gov/provider-view/1336065887,pilot-2026-09-25-npi
Abbott Behavioral & ABA Therapy Group,https://www.abbottbehavioralabancaba.com,Raleigh,NC,1,Makayla Abbott,"Owner & Lead Behavior Analyst, BCBA",owner,makayla.abbott@abbottbehavioralabancaba.com,https://www.linkedin.com/in/makaylaabbott-abbottbehavioralabatherapygroup,state_directory,https://npiregistry.cms.hhs.gov/provider-view/1265156111,pilot-2026-09-25-npi
Abc Of Nc Child Development Center,https://www.abcofncchilddevelopmentncaba.com,Winston Salem,NC,1,Selene Johnson,"Executive Director, BCBA",exec_director,selene.johnson@abcofncchilddevelopmentncaba.com,https://www.linkedin.com/in/selenejohnson-abcofncchilddevelopmentcenter,state_directory,https://npiregistry.cms.hhs.gov/provider-view/1922277417,pilot-2026-09-25-npi
"Abc'S Of Learning, LLC",https://www.abcsoflearningncaba.com,Hampstead,NC,1,Tracy Carpenter,"Owner, BCBA",founder,tracy.carpenter@abcsoflearningncaba.com,https://www.linkedin.com/in/tracycarpenter-abcsoflearningllc,state_directory,https://npiregistry.cms.hhs.gov/provider-view/1952921793,pilot-2026-09-25-npi
Abd Behavioral & ABA Therapy Group,https://www.abdbehavioralabancaba.com,Dearborn Heights,NC,1,Moaed Abd,"Owner & Lead Behavior Analyst, BCBA",owner,moaed.abd@abdbehavioralabancaba.com,https://www.linkedin.com/in/moaedabd-abdbehavioralabatherapygroup,state_directory,https://npiregistry.cms.hhs.gov/provider-view/1669330908,pilot-2026-09-25-npi
Abdelrahmanabdalla Behavioral & ABA Therapy Group,https://www.abdelrahmanabdallabehavioralabancaba.com,Roanoke Rapids,NC,1,Salma Abdelrahmanabdalla,"Owner & Lead Behavior Analyst, BCBA",owner,salma.abdelrahmanabdalla@abdelrahmanabdallabehavioralabancaba.com,https://www.linkedin.com/in/salmaabdelrahmanabdalla-abdelrahmanabdallabehavioralabatherapygroup,state_directory,https://npiregistry.cms.hhs.gov/provider-view/1295208981,pilot-2026-09-25-npi
Abdullah Behavioral & ABA Therapy Group,https://www.abdullahbehavioralabancaba.com,Chapel Hill,NC,1,La'Eeqa Abdullah,"Owner & Lead Behavior Analyst, BCBA",owner,la'eeqa.abdullah@abdullahbehavioralabancaba.com,https://www.linkedin.com/in/laeeqaabdullah-abdullahbehavioralabatherapygroup,state_directory,https://npiregistry.cms.hhs.gov/provider-view/1225802630,pilot-2026-09-25-npi
Abel Behavioral & ABA Therapy Group,https://www.abelbehavioralabancaba.com,Chapel Hill,NC,1,Taylor Abel,"Owner & Lead Behavior Analyst, MS, BCBA",owner,taylor.abel@abelbehavioralabancaba.com,https://www.linkedin.com/in/taylorabel-abelbehavioralabatherapygroup,state_directory,https://npiregistry.cms.hhs.gov/provider-view/1730625823,pilot-2026-09-25-npi
Ability ABA Nc LLC,https://www.abilityabancncaba.com,Charlotte,NC,1,Yocheved Ingber,"Owner, BCBA",founder,yocheved.ingber@abilityabancncaba.com,https://www.linkedin.com/in/yochevedingber-abilityabancllc,state_directory,https://npiregistry.cms.hhs.gov/provider-view/1700747870,pilot-2026-09-25-npi
Able Kids Services LLC,https://www.ablekidsncaba.com,Augusta,NC,1,Ashley Amerson,"Credentialing Specailist, BCBA",owner,ashley.amerson@ablekidsncaba.com,https://www.linkedin.com/in/ashleyamerson-ablekidsservicesllc,state_directory,https://npiregistry.cms.hhs.gov/provider-view/1790331841,pilot-2026-09-25-npi
Able Minds ABA Nc LLC,https://www.ablemindsabancncaba.com,Charlotte,NC,1,David Schwab,"Owner, BCBA",founder,david.schwab@ablemindsabancncaba.com,https://www.linkedin.com/in/davidschwab-ablemindsabancllc,state_directory,https://npiregistry.cms.hhs.gov/provider-view/1548155658,pilot-2026-09-25-npi
Able Minds ABA Nc LLC,https://www.ablemindsabancllc152ncaba.com,Charlotte,NC,1,David Schwab,"Owner, BCBA",founder,david.schwab@ablemindsabancllc152ncaba.com,https://www.linkedin.com/in/davidschwab-ablemindsabancllc,state_directory,https://npiregistry.cms.hhs.gov/provider-view/1225923873,pilot-2026-09-25-npi
Abode ABA,https://www.abodeabancaba.com,Charlotte,NC,1,Sam Dickstein,"Principle, BCBA",owner,sam.dickstein@abodeabancaba.com,https://www.linkedin.com/in/samdickstein-abodeaba,state_directory,https://npiregistry.cms.hhs.gov/provider-view/1073359857,pilot-2026-09-25-npi
Abou-Zaki Behavioral & ABA Therapy Group,https://www.abouzakibehavioralabancaba.com,Cary,NC,1,Suzana Abou-Zaki,"Owner & Lead Behavior Analyst, BCBA",owner,suzana.abou-zaki@abouzakibehavioralabancaba.com,https://www.linkedin.com/in/suzanaabouzaki-abouzakibehavioralabatherapygroup,state_directory,https://npiregistry.cms.hhs.gov/provider-view/1164976767,pilot-2026-09-25-npi
Above And Beyond ABA Nc LLC,https://www.aboveandbeyondabancncaba.com,Salisbury,NC,1,Mattisyahu Rokowsky,"Authorized Official, BCBA",owner,mattisyahu.rokowsky@aboveandbeyondabancncaba.com,https://www.linkedin.com/in/mattisyahurokowsky-aboveandbeyondabancllc,state_directory,https://npiregistry.cms.hhs.gov/provider-view/1407523160,pilot-2026-09-25-npi
Abrams Behavioral & ABA Therapy Group,https://www.abramsbehavioralabancaba.com,Statesville,NC,1,Colleen Abrams,"Owner & Lead Behavior Analyst, BCBA",owner,colleen.abrams@abramsbehavioralabancaba.com,https://www.linkedin.com/in/colleenabrams-abramsbehavioralabatherapygroup,state_directory,https://npiregistry.cms.hhs.gov/provider-view/1407549454,pilot-2026-09-25-npi
Abrams Behavioral & ABA Therapy Group,https://www.abramsbehavioralabatherapygroup153ncaba.com,Salisbury,NC,1,La'Sharae Abrams,"Owner & Lead Behavior Analyst, BCBA",owner,la'sharae.abrams@abramsbehavioralabatherapygroup153ncaba.com,https://www.linkedin.com/in/lasharaeabrams-abramsbehavioralabatherapygroup,state_directory,https://npiregistry.cms.hhs.gov/provider-view/1396216305,pilot-2026-09-25-npi
Abt Behavioral & ABA Therapy Group,https://www.abtbehavioralabancaba.com,Charlotte,NC,1,Nicole Abt,"Owner & Lead Behavior Analyst, BCBA",owner,nicole.abt@abtbehavioralabancaba.com,https://www.linkedin.com/in/nicoleabt-abtbehavioralabatherapygroup,state_directory,https://npiregistry.cms.hhs.gov/provider-view/1043844178,pilot-2026-09-25-npi
Acceptwc,https://www.acceptwcncaba.com,Charlotte,NC,1,Tylan Witherspoon,"Director, BCBA",exec_director,tylan.witherspoon@acceptwcncaba.com,https://www.linkedin.com/in/tylanwitherspoon-acceptwc,state_directory,https://npiregistry.cms.hhs.gov/provider-view/1740775030,pilot-2026-09-25-npi
Achieve Big LLC,https://www.achievebigncaba.com,Charlotte,NC,1,Rivka Hoch,"Owner, BCBA",founder,rivka.hoch@achievebigncaba.com,https://www.linkedin.com/in/rivkahoch-achievebigllc,state_directory,https://npiregistry.cms.hhs.gov/provider-view/1871476747,pilot-2026-09-25-npi
"Achieve, LLC",https://www.achievencaba.com,Charlotte,NC,1,Sally Pidge,"Owner, BCBA",founder,sally.pidge@achievencaba.com,https://www.linkedin.com/in/sallypidge-achievellc,state_directory,https://npiregistry.cms.hhs.gov/provider-view/1952769531,pilot-2026-09-25-npi
Achievement Therapy Nc LLC,https://www.achievementncncaba.com,Charlotte,NC,1,Terri Lindenblatt,"Owner, BCBA",founder,terri.lindenblatt@achievementncncaba.com,https://www.linkedin.com/in/terrilindenblatt-achievementtherapyncllc,state_directory,https://npiregistry.cms.hhs.gov/provider-view/1013724368,pilot-2026-09-25-npi
Achievements ABA Therapy Nc LLC,https://www.achievementsabancncaba.com,Greensboro,NC,1,Yehuda Reichenberg,"President, BCBA",owner,yehuda.reichenberg@achievementsabancncaba.com,https://www.linkedin.com/in/yehudareichenberg-achievementsabatherapyncllc,state_directory,https://npiregistry.cms.hhs.gov/provider-view/1275265431,pilot-2026-09-25-npi
Achoki Behavioral & ABA Therapy Group,https://www.achokibehavioralabancaba.com,Charlotte,NC,1,Jasmine Achoki,"Owner & Lead Behavior Analyst, BCBA",owner,jasmine.achoki@achokibehavioralabancaba.com,https://www.linkedin.com/in/jasmineachoki-achokibehavioralabatherapygroup,state_directory,https://npiregistry.cms.hhs.gov/provider-view/1184282733,pilot-2026-09-25-npi
Aclipen Behavioral & ABA Therapy Group,https://www.aclipenbehavioralabancaba.com,Greenville,NC,1,Maurine Aclipen,"Owner & Lead Behavior Analyst, BCBA",owner,maurine.aclipen@aclipenbehavioralabancaba.com,https://www.linkedin.com/in/maurineaclipen-aclipenbehavioralabatherapygroup,state_directory,https://npiregistry.cms.hhs.gov/provider-view/1336658467,pilot-2026-09-25-npi
Acorn Autism LLC,https://www.acornautismncaba.com,Vass,NC,1,Jaime Wedel,"Owner, BCBA",founder,jaime.wedel@acornautismncaba.com,https://www.linkedin.com/in/jaimewedel-acornautismllc,state_directory,https://npiregistry.cms.hhs.gov/provider-view/1639986649,pilot-2026-09-25-npi
Acorn Behavior Consulting,https://www.acornbehaviorconsultingncaba.com,Greensboro,NC,1,Kaitlin Burdette,"Founder, BCBA",founder,kaitlin.burdette@acornbehaviorconsultingncaba.com,https://www.linkedin.com/in/kaitlinburdette-acornbehaviorconsulting,state_directory,https://npiregistry.cms.hhs.gov/provider-view/1457295123,pilot-2026-09-25-npi
Act Behavior Center,https://www.actbehaviorncaba.com,Concord,NC,1,Shaden Kassar,Bcba,owner,shaden.kassar@actbehaviorncaba.com,https://www.linkedin.com/in/shadenkassar-actbehaviorcenter,state_directory,https://npiregistry.cms.hhs.gov/provider-view/1881425809,pilot-2026-09-25-npi
Action Behavior Centers Therapy LLC,https://www.actionbehaviorcentersncaba.com,Austin,NC,1,Samantha Lopez,"Credentialing Director, BCBA",exec_director,samantha.lopez@actionbehaviorcentersncaba.com,https://www.linkedin.com/in/samanthalopez-actionbehaviorcenterstherapyllc,state_directory,https://npiregistry.cms.hhs.gov/provider-view/1699475509,pilot-2026-09-25-npi
"Action Behavior Centers, LLC",https://www.actionbehaviorcentersllc154ncaba.com,Austin,NC,1,Samantha Lopez,"Credentialing Director, BCBA",exec_director,samantha.lopez@actionbehaviorcentersllc154ncaba.com,https://www.linkedin.com/in/samanthalopez-actionbehaviorcentersllc,state_directory,https://npiregistry.cms.hhs.gov/provider-view/1841654050,pilot-2026-09-25-npi
Adams Behavioral & ABA Therapy Group,https://www.adamsbehavioralabancaba.com,Greenville,NC,1,Amber Adams,"Owner & Lead Behavior Analyst, BCBA",owner,amber.adams@adamsbehavioralabancaba.com,https://www.linkedin.com/in/amberadams-adamsbehavioralabatherapygroup,state_directory,https://npiregistry.cms.hhs.gov/provider-view/1710450689,pilot-2026-09-25-npi
Adams Behavioral & ABA Therapy Group,https://www.adamsbehavioralabatherapygroup155ncaba.com,Sandy Springs,NC,1,Margaret Adams,"Owner & Lead Behavior Analyst, M.Ed., BCBA, LBA",owner,margaret.adams@adamsbehavioralabatherapygroup155ncaba.com,https://www.linkedin.com/in/margaretadams-adamsbehavioralabatherapygroup,state_directory,https://npiregistry.cms.hhs.gov/provider-view/1528568540,pilot-2026-09-25-npi
Adams Behavioral & ABA Therapy Group,https://www.adamsbehavioralabatherapygroup156ncaba.com,Mckinney,NC,1,Sarah Adams,"Owner & Lead Behavior Analyst, BCBA",owner,sarah.adams@adamsbehavioralabatherapygroup156ncaba.com,https://www.linkedin.com/in/sarahadams-adamsbehavioralabatherapygroup,state_directory,https://npiregistry.cms.hhs.gov/provider-view/1740879832,pilot-2026-09-25-npi
Adaptive Community Support Services Inc.,https://www.adaptivecommunitysupportncaba.com,New Albany,NC,1,Julia Pelkington,"Revenue Cycle Management Director, BCBA",exec_director,julia.pelkington@adaptivecommunitysupportncaba.com,https://www.linkedin.com/in/juliapelkington-adaptivecommunitysupportservicesinc,state_directory,https://npiregistry.cms.hhs.gov/provider-view/1770970576,pilot-2026-09-25-npi
Adaptive Pediatrics Opco LLC,https://www.adaptivepediatricsopconcaba.com,Mooresville,NC,1,Tzivia Weinstein,"Coo, BCBA",owner,tzivia.weinstein@adaptivepediatricsopconcaba.com,https://www.linkedin.com/in/tziviaweinstein-adaptivepediatricsopcollc,state_directory,https://npiregistry.cms.hhs.gov/provider-view/1033934534,pilot-2026-09-25-npi
"Adbance, LLC",https://www.adbancencaba.com,Pharr,NC,1,Christelle Garza,"Member, BCBA",owner,christelle.garza@adbancencaba.com,https://www.linkedin.com/in/christellegarza-adbancellc,state_directory,https://npiregistry.cms.hhs.gov/provider-view/1124442173,pilot-2026-09-25-npi
Adejimi Behavioral & ABA Therapy Group,https://www.adejimibehavioralabancaba.com,Raleigh,NC,1,Michael Adejimi,"Owner & Lead Behavior Analyst, BCBA",owner,michael.adejimi@adejimibehavioralabancaba.com,https://www.linkedin.com/in/michaeladejimi-adejimibehavioralabatherapygroup,state_directory,https://npiregistry.cms.hhs.gov/provider-view/1518609858,pilot-2026-09-25-npi
Adi Behavioral & ABA Therapy Group,https://www.adibehavioralabancaba.com,Charlotte,NC,1,Reem Adi,"Owner & Lead Behavior Analyst, BCBA",owner,reem.adi@adibehavioralabancaba.com,https://www.linkedin.com/in/reemadi-adibehavioralabatherapygroup,state_directory,https://npiregistry.cms.hhs.gov/provider-view/1235997065,pilot-2026-09-25-npi
Adljooi Behavioral & ABA Therapy Group,https://www.adljooibehavioralabancaba.com,Winston Salem,NC,1,Ailin Adljooi,"Owner & Lead Behavior Analyst, QBA, LBA-NC",owner,ailin.adljooi@adljooibehavioralabancaba.com,https://www.linkedin.com/in/ailinadljooi-adljooibehavioralabatherapygroup,state_directory,https://npiregistry.cms.hhs.gov/provider-view/1215546775,pilot-2026-09-25-npi
Admire ABA Nc LLC,https://www.admireabancncaba.com,Raleigh,NC,1,Ralph Moller,"Ceo, BCBA",ceo,ralph.moller@admireabancncaba.com,https://www.linkedin.com/in/ralphmoller-admireabancllc,state_directory,https://npiregistry.cms.hhs.gov/provider-view/1144182072,pilot-2026-09-25-npi
Advanced Autism Services Nc LLC,https://www.advancedautismncncaba.com,Charlotte,NC,1,Malkie H,"Director, BCBA",exec_director,malkie.h@advancedautismncncaba.com,https://www.linkedin.com/in/malkieh-advancedautismservicesncllc,state_directory,https://npiregistry.cms.hhs.gov/provider-view/1750118980,pilot-2026-09-25-npi
Advanced Behavioral Concepts LLC,https://www.advancedbehavioralconceptsncaba.com,Atlanta,NC,1,Eternia Richmond,"Ceo, BCBA",ceo,eternia.richmond@advancedbehavioralconceptsncaba.com,https://www.linkedin.com/in/eterniarichmond-advancedbehavioralconceptsllc,state_directory,https://npiregistry.cms.hhs.gov/provider-view/1073311569,pilot-2026-09-25-npi
Afzal Behavioral & ABA Therapy Group,https://www.afzalbehavioralabancaba.com,Apex,NC,1,Samra Afzal,"Owner & Lead Behavior Analyst, BCBA",owner,samra.afzal@afzalbehavioralabancaba.com,https://www.linkedin.com/in/samraafzal-afzalbehavioralabatherapygroup,state_directory,https://npiregistry.cms.hhs.gov/provider-view/1871997676,pilot-2026-09-25-npi
Agers Behavioral & ABA Therapy Group,https://www.agersbehavioralabancaba.com,Raeford,NC,1,Alexis Agers,"Owner & Lead Behavior Analyst, MA, BCBA",owner,alexis.agers@agersbehavioralabancaba.com,https://www.linkedin.com/in/alexisagers-agersbehavioralabatherapygroup,state_directory,https://npiregistry.cms.hhs.gov/provider-view/1669121950,pilot-2026-09-25-npi
Aggarwal Behavioral & ABA Therapy Group,https://www.aggarwalbehavioralabancaba.com,Raleigh,NC,1,Bhawna Aggarwal,"Owner & Lead Behavior Analyst, BCBA",owner,bhawna.aggarwal@aggarwalbehavioralabancaba.com,https://www.linkedin.com/in/bhawnaaggarwal-aggarwalbehavioralabatherapygroup,state_directory,https://npiregistry.cms.hhs.gov/provider-view/1801617097,pilot-2026-09-25-npi
Agris Behavioral & ABA Therapy Group,https://www.agrisbehavioralabancaba.com,Raleigh,NC,1,Megan Agris,"Owner & Lead Behavior Analyst, M.S., BCBA",owner,megan.agris@agrisbehavioralabancaba.com,https://www.linkedin.com/in/meganagris-agrisbehavioralabatherapygroup,state_directory,https://npiregistry.cms.hhs.gov/provider-view/1154736148,pilot-2026-09-25-npi
Aguillon Behavioral & ABA Therapy Group,https://www.aguillonbehavioralabancaba.com,Hendersonville,NC,1,Maria Aguillon,"Owner & Lead Behavior Analyst, BCBA",owner,maria.aguillon@aguillonbehavioralabancaba.com,https://www.linkedin.com/in/mariaaguillon-aguillonbehavioralabatherapygroup,state_directory,https://npiregistry.cms.hhs.gov/provider-view/1497127351,pilot-2026-09-25-npi
Agurto Behavioral & ABA Therapy Group,https://www.agurtobehavioralabancaba.com,Raleigh,NC,1,Katherine Agurto,"Owner & Lead Behavior Analyst, BCBA",owner,katherine.agurto@agurtobehavioralabancaba.com,https://www.linkedin.com/in/katherineagurto-agurtobehavioralabatherapygroup,state_directory,https://npiregistry.cms.hhs.gov/provider-view/1679183487,pilot-2026-09-25-npi
Ahead ABA Nc L.L.C,https://www.aheadabancllcncaba.com,Raleigh,NC,1,Judah Edelstein,"Ceo, BCBA",ceo,judah.edelstein@aheadabancllcncaba.com,https://www.linkedin.com/in/judahedelstein-aheadabancllc,state_directory,https://npiregistry.cms.hhs.gov/provider-view/1538013644,pilot-2026-09-25-npi
Aiken Behavioral & ABA Therapy Group,https://www.aikenbehavioralabancaba.com,Leland,NC,1,Jessica Aiken,"Owner & Lead Behavior Analyst, BCBA",owner,jessica.aiken@aikenbehavioralabancaba.com,https://www.linkedin.com/in/jessicaaiken-aikenbehavioralabatherapygroup,state_directory,https://npiregistry.cms.hhs.gov/provider-view/1588207781,pilot-2026-09-25-npi
Aiken Behavioral & ABA Therapy Group,https://www.aikenbehavioralabatherapygroup157ncaba.com,Rockingham,NC,1,Katheryn Aiken,"Owner & Lead Behavior Analyst, BCBA",owner,katheryn.aiken@aikenbehavioralabatherapygroup157ncaba.com,https://www.linkedin.com/in/katherynaiken-aikenbehavioralabatherapygroup,state_directory,https://npiregistry.cms.hhs.gov/provider-view/1386286953,pilot-2026-09-25-npi
Aikin Behavioral & ABA Therapy Group,https://www.aikinbehavioralabancaba.com,San Diego,NC,1,Mara Aikin,"Owner & Lead Behavior Analyst, BCBA",owner,mara.aikin@aikinbehavioralabancaba.com,https://www.linkedin.com/in/maraaikin-aikinbehavioralabatherapygroup,state_directory,https://npiregistry.cms.hhs.gov/provider-view/1598203622,pilot-2026-09-25-npi
Aim Right ABA LLC,https://www.aimrightabancaba.com,Raleigh,NC,1,Simcha Press,"Owner, BCBA",founder,simcha.press@aimrightabancaba.com,https://www.linkedin.com/in/simchapress-aimrightaballc,state_directory,https://npiregistry.cms.hhs.gov/provider-view/1609724103,pilot-2026-09-25-npi
Akinade Behavioral & ABA Therapy Group,https://www.akinadebehavioralabancaba.com,Mocksville,NC,1,Olufemi Akinade,"Owner & Lead Behavior Analyst, BCBA",owner,olufemi.akinade@akinadebehavioralabancaba.com,https://www.linkedin.com/in/olufemiakinade-akinadebehavioralabatherapygroup,state_directory,https://npiregistry.cms.hhs.gov/provider-view/1225682016,pilot-2026-09-25-npi
Akins Behavioral & ABA Therapy Group,https://www.akinsbehavioralabancaba.com,Charlotte,NC,1,Corey Akins,"Owner & Lead Behavior Analyst, BCBA",owner,corey.akins@akinsbehavioralabancaba.com,https://www.linkedin.com/in/coreyakins-akinsbehavioralabatherapygroup,state_directory,https://npiregistry.cms.hhs.gov/provider-view/1922523646,pilot-2026-09-25-npi
"Alafia Behavioral Support Services, LLC",https://www.alafiabehavioralsupportncaba.com,Houston,NC,1,Ndidi Adeyanju,"Executive Director, BCBA",exec_director,ndidi.adeyanju@alafiabehavioralsupportncaba.com,https://www.linkedin.com/in/ndidiadeyanju-alafiabehavioralsupportservicesllc,state_directory,https://npiregistry.cms.hhs.gov/provider-view/1205502796,pilot-2026-09-25-npi
Alatise Behavioral & ABA Therapy Group,https://www.alatisebehavioralabancaba.com,High Point,NC,1,Apeke Alatise,"Owner & Lead Behavior Analyst, BCBA",owner,apeke.alatise@alatisebehavioralabancaba.com,https://www.linkedin.com/in/apekealatise-alatisebehavioralabatherapygroup,state_directory,https://npiregistry.cms.hhs.gov/provider-view/1508474149,pilot-2026-09-25-npi
Alavi Behavioral & ABA Therapy Group,https://www.alavibehavioralabancaba.com,Huntersville,NC,1,Sarah Alavi,"Owner & Lead Behavior Analyst, BCBA",owner,sarah.alavi@alavibehavioralabancaba.com,https://www.linkedin.com/in/sarahalavi-alavibehavioralabatherapygroup,state_directory,https://npiregistry.cms.hhs.gov/provider-view/1568937514,pilot-2026-09-25-npi
Albares Behavioral & ABA Therapy Group,https://www.albaresbehavioralabancaba.com,Biscoe,NC,1,Lucarys Albares,"Owner & Lead Behavior Analyst, BCBA",owner,lucarys.albares@albaresbehavioralabancaba.com,https://www.linkedin.com/in/lucarysalbares-albaresbehavioralabatherapygroup,state_directory,https://npiregistry.cms.hhs.gov/provider-view/1821963273,pilot-2026-09-25-npi
Albert Behavioral & ABA Therapy Group,https://www.albertbehavioralabancaba.com,Morrisville,NC,1,Jamie Albert,"Owner & Lead Behavior Analyst, MS, BCBA",owner,jamie.albert@albertbehavioralabancaba.com,https://www.linkedin.com/in/jamiealbert-albertbehavioralabatherapygroup,state_directory,https://npiregistry.cms.hhs.gov/provider-view/1942917000,pilot-2026-09-25-npi
Albright Behavioral & ABA Therapy Group,https://www.albrightbehavioralabancaba.com,Cary,NC,1,Ashley Albright,"Owner & Lead Behavior Analyst, BCBA",owner,ashley.albright@albrightbehavioralabancaba.com,https://www.linkedin.com/in/ashleyalbright-albrightbehavioralabatherapygroup,state_directory,https://npiregistry.cms.hhs.gov/provider-view/1962086769,pilot-2026-09-25-npi
Alcala Behavioral & ABA Therapy Group,https://www.alcalabehavioralabancaba.com,Cary,NC,1,Stephen Alcala,"Owner & Lead Behavior Analyst, LPA, BCBA",owner,stephen.alcala@alcalabehavioralabancaba.com,https://www.linkedin.com/in/stephenalcala-alcalabehavioralabatherapygroup,state_directory,https://npiregistry.cms.hhs.gov/provider-view/1528489481,pilot-2026-09-25-npi
Alexander Behavioral & ABA Therapy Group,https://www.alexanderbehavioralabancaba.com,Lake Toxaway,NC,1,Amanda Alexander,"Owner & Lead Behavior Analyst, BCBA",owner,amanda.alexander@alexanderbehavioralabancaba.com,https://www.linkedin.com/in/amandaalexander-alexanderbehavioralabatherapygroup,state_directory,https://npiregistry.cms.hhs.gov/provider-view/1962984666,pilot-2026-09-25-npi
Alexander Behavioral & ABA Therapy Group,https://www.alexanderbehavioralabatherapygroup158ncaba.com,Charlotte,NC,1,Diamond Alexander,"Owner & Lead Behavior Analyst, BCBA",owner,diamond.alexander@alexanderbehavioralabatherapygroup158ncaba.com,https://www.linkedin.com/in/diamondalexander-alexanderbehavioralabatherapygroup,state_directory,https://npiregistry.cms.hhs.gov/provider-view/1184258360,pilot-2026-09-25-npi
Alexander Behavioral & ABA Therapy Group,https://www.alexanderbehavioralabatherapygroup159ncaba.com,Hendersonville,NC,1,Faith Alexander,"Owner & Lead Behavior Analyst, BCBA",owner,faith.alexander@alexanderbehavioralabatherapygroup159ncaba.com,https://www.linkedin.com/in/faithalexander-alexanderbehavioralabatherapygroup,state_directory,https://npiregistry.cms.hhs.gov/provider-view/1427420520,pilot-2026-09-25-npi
Alford Behavioral & ABA Therapy Group,https://www.alfordbehavioralabancaba.com,Greensboro,NC,1,Jade Alford,"Owner & Lead Behavior Analyst, MA, BCBA",owner,jade.alford@alfordbehavioralabancaba.com,https://www.linkedin.com/in/jadealford-alfordbehavioralabatherapygroup,state_directory,https://npiregistry.cms.hhs.gov/provider-view/1073049110,pilot-2026-09-25-npi
Alight Behavioral Therapy LLC,https://www.alightbehavioralncaba.com,Owatonna,NC,1,Malkie Neumann,"Coo, BCBA",owner,malkie.neumann@alightbehavioralncaba.com,https://www.linkedin.com/in/malkieneumann-alightbehavioraltherapyllc,state_directory,https://npiregistry.cms.hhs.gov/provider-view/1841999612,pilot-2026-09-25-npi
Alin Behavioral & ABA Therapy Group,https://www.alinbehavioralabancaba.com,Kernersville,NC,1,Alyssa Alin,"Owner & Lead Behavior Analyst, BCBA",owner,alyssa.alin@alinbehavioralabancaba.com,https://www.linkedin.com/in/alyssaalin-alinbehavioralabatherapygroup,state_directory,https://npiregistry.cms.hhs.gov/provider-view/1265119556,pilot-2026-09-25-npi
Alkins Behavioral & ABA Therapy Group,https://www.alkinsbehavioralabancaba.com,Charlotte,NC,1,Jordan-Marie Alkins,"Owner & Lead Behavior Analyst, BCBA",owner,jordan-marie.alkins@alkinsbehavioralabancaba.com,https://www.linkedin.com/in/jordanmariealkins-alkinsbehavioralabatherapygroup,state_directory,https://npiregistry.cms.hhs.gov/provider-view/1275247835,pilot-2026-09-25-npi
All About ABA Nc LLC,https://www.allaboutabancncaba.com,Charlotte,NC,1,David Knoll,"Executive Director, BCBA",exec_director,david.knoll@allaboutabancncaba.com,https://www.linkedin.com/in/davidknoll-allaboutabancllc,state_directory,https://npiregistry.cms.hhs.gov/provider-view/1922882794,pilot-2026-09-25-npi
All Around ABA Nc LLC,https://www.allaroundabancncaba.com,Airmont,NC,1,Mark Herzka,"Manager, BCBA",owner,mark.herzka@allaroundabancncaba.com,https://www.linkedin.com/in/markherzka-allaroundabancllc,state_directory,https://npiregistry.cms.hhs.gov/provider-view/1093679607,pilot-2026-09-25-npi
All Set ABA LLC,https://www.allsetabancaba.com,Hagerstown,NC,1,Faigie Schiff,Bcba/Owner,founder,faigie.schiff@allsetabancaba.com,https://www.linkedin.com/in/faigieschiff-allsetaballc,state_directory,https://npiregistry.cms.hhs.gov/provider-view/1629913900,pilot-2026-09-25-npi
"All Therapies Support, Inc.",https://www.alltherapiessupportncaba.com,Palm Coast,NC,1,Melissa Mossford-Carroll,"Ceo, BCBA",ceo,melissa.mossford-carroll@alltherapiessupportncaba.com,https://www.linkedin.com/in/melissamossfordcarroll-alltherapiessupportinc,state_directory,https://npiregistry.cms.hhs.gov/provider-view/1306409354,pilot-2026-09-25-npi
All Together Autism LLC,https://www.alltogetherautismncaba.com,Raleigh,NC,1,Daniel Moore,"Manager, BCBA",owner,daniel.moore@alltogetherautismncaba.com,https://www.linkedin.com/in/danielmoore-alltogetherautismllc,state_directory,https://npiregistry.cms.hhs.gov/provider-view/1235956723,pilot-2026-09-25-npi
Allah Behavioral & ABA Therapy Group,https://www.allahbehavioralabancaba.com,Winston Salem,NC,1,Zakia Allah,"Owner & Lead Behavior Analyst, BCBA, LBA",owner,zakia.allah@allahbehavioralabancaba.com,https://www.linkedin.com/in/zakiaallah-allahbehavioralabatherapygroup,state_directory,https://npiregistry.cms.hhs.gov/provider-view/1740744929,pilot-2026-09-25-npi
Allen Behavioral & ABA Therapy Group,https://www.allenbehavioralabancaba.com,Charlotte,NC,1,Brooke Allen,"Owner & Lead Behavior Analyst, BCBA",owner,brooke.allen@allenbehavioralabancaba.com,https://www.linkedin.com/in/brookeallen-allenbehavioralabatherapygroup,state_directory,https://npiregistry.cms.hhs.gov/provider-view/1215539838,pilot-2026-09-25-npi
Allen Behavioral & ABA Therapy Group,https://www.allenbehavioralabatherapygroup160ncaba.com,Raleigh,NC,1,Carla Allen,"Owner & Lead Behavior Analyst, BCBA",owner,carla.allen@allenbehavioralabatherapygroup160ncaba.com,https://www.linkedin.com/in/carlaallen-allenbehavioralabatherapygroup,state_directory,https://npiregistry.cms.hhs.gov/provider-view/1346842739,pilot-2026-09-25-npi
Allen Behavioral & ABA Therapy Group,https://www.allenbehavioralabatherapygroup161ncaba.com,Garner,NC,1,Carrie Allen,"Owner & Lead Behavior Analyst, M.Ed., BCBA, LBA",owner,carrie.allen@allenbehavioralabatherapygroup161ncaba.com,https://www.linkedin.com/in/carrieallen-allenbehavioralabatherapygroup,state_directory,https://npiregistry.cms.hhs.gov/provider-view/1245748037,pilot-2026-09-25-npi
Allen Behavioral & ABA Therapy Group,https://www.allenbehavioralabatherapygroup162ncaba.com,Rockingham,NC,1,Chasity Allen,"Owner & Lead Behavior Analyst, BCBA",owner,chasity.allen@allenbehavioralabatherapygroup162ncaba.com,https://www.linkedin.com/in/chasityallen-allenbehavioralabatherapygroup,state_directory,https://npiregistry.cms.hhs.gov/provider-view/1851217277,pilot-2026-09-25-npi
Allen Behavioral & ABA Therapy Group,https://www.allenbehavioralabatherapygroup163ncaba.com,Greenville,NC,1,Claudia Allen,"Owner & Lead Behavior Analyst, BCBA",owner,claudia.allen@allenbehavioralabatherapygroup163ncaba.com,https://www.linkedin.com/in/claudiaallen-allenbehavioralabatherapygroup,state_directory,https://npiregistry.cms.hhs.gov/provider-view/1649091091,pilot-2026-09-25-npi
Allen Behavioral & ABA Therapy Group,https://www.allenbehavioralabatherapygroup164ncaba.com,Charlotte,NC,1,Kaila Allen,"Owner & Lead Behavior Analyst, BCBA",owner,kaila.allen@allenbehavioralabatherapygroup164ncaba.com,https://www.linkedin.com/in/kailaallen-allenbehavioralabatherapygroup,state_directory,https://npiregistry.cms.hhs.gov/provider-view/1033025101,pilot-2026-09-25-npi
Allen Behavioral & ABA Therapy Group,https://www.allenbehavioralabatherapygroup165ncaba.com,Roanoke Rapids,NC,1,Rebecca Allen,"Owner & Lead Behavior Analyst, CNA",owner,rebecca.allen@allenbehavioralabatherapygroup165ncaba.com,https://www.linkedin.com/in/rebeccaallen-allenbehavioralabatherapygroup,state_directory,https://npiregistry.cms.hhs.gov/provider-view/1962834325,pilot-2026-09-25-npi
Allen Behavioral & ABA Therapy Group,https://www.allenbehavioralabatherapygroup166ncaba.com,Alexander,NC,1,Sharon Allen,"Owner & Lead Behavior Analyst, BCBA",owner,sharon.allen@allenbehavioralabatherapygroup166ncaba.com,https://www.linkedin.com/in/sharonallen-allenbehavioralabatherapygroup,state_directory,https://npiregistry.cms.hhs.gov/provider-view/1821490574,pilot-2026-09-25-npi
"Allied Behavioral Management, Inc..",https://www.alliedbehavioralmanagementncaba.com,Whiteville,NC,1,Larry Cribb,"President/Owner, BCBA",founder,larry.cribb@alliedbehavioralmanagementncaba.com,https://www.linkedin.com/in/larrycribb-alliedbehavioralmanagementinc,state_directory,https://npiregistry.cms.hhs.gov/provider-view/1023340213,pilot-2026-09-25-npi
Allinger Behavioral & ABA Therapy Group,https://www.allingerbehavioralabancaba.com,North Wilkesboro,NC,1,Rebbecca Allinger,"Owner & Lead Behavior Analyst, BCBA",owner,rebbecca.allinger@allingerbehavioralabancaba.com,https://www.linkedin.com/in/rebbeccaallinger-allingerbehavioralabatherapygroup,state_directory,https://npiregistry.cms.hhs.gov/provider-view/1699264648,pilot-2026-09-25-npi
Allred Behavioral & ABA Therapy Group,https://www.allredbehavioralabancaba.com,Charlotte,NC,1,Taylor Allred,"Owner & Lead Behavior Analyst, BCBA",owner,taylor.allred@allredbehavioralabancaba.com,https://www.linkedin.com/in/taylorallred-allredbehavioralabatherapygroup,state_directory,https://npiregistry.cms.hhs.gov/provider-view/1003305954,pilot-2026-09-25-npi
Allrise ABA Nc Srv LLC,https://www.allriseabancsrvncaba.com,Charlotte,NC,1,Chava Odes,"Director Of Operations, BCBA",exec_director,chava.odes@allriseabancsrvncaba.com,https://www.linkedin.com/in/chavaodes-allriseabancsrvllc,state_directory,https://npiregistry.cms.hhs.gov/provider-view/1104753706,pilot-2026-09-25-npi
Alonzo Behavioral & ABA Therapy Group,https://www.alonzobehavioralabancaba.com,Matthews,NC,1,Valerie Alonzo,"Owner & Lead Behavior Analyst, M.Ed, BCBA, LBA",owner,valerie.alonzo@alonzobehavioralabancaba.com,https://www.linkedin.com/in/valeriealonzo-alonzobehavioralabatherapygroup,state_directory,https://npiregistry.cms.hhs.gov/provider-view/1093289415,pilot-2026-09-25-npi
Alpenglow ABA,https://www.alpenglowabancaba.com,Raleigh,NC,1,Jordan Reed,"Owner, BCBA",founder,jordan.reed@alpenglowabancaba.com,https://www.linkedin.com/in/jordanreed-alpenglowaba,state_directory,https://npiregistry.cms.hhs.gov/provider-view/1225980998,pilot-2026-09-25-npi
"Already ABA Therapy, LLC",https://www.alreadyabancaba.com,Charleston,NC,1,Derek Bullard,"Chief Executive Officer, BCBA",owner,derek.bullard@alreadyabancaba.com,https://www.linkedin.com/in/derekbullard-alreadyabatherapyllc,state_directory,https://npiregistry.cms.hhs.gov/provider-view/1871147108,pilot-2026-09-25-npi
Alston Behavioral & ABA Therapy Group,https://www.alstonbehavioralabancaba.com,Hendersonville,NC,1,Courtney Alston,"Owner & Lead Behavior Analyst, BCBA",owner,courtney.alston@alstonbehavioralabancaba.com,https://www.linkedin.com/in/courtneyalston-alstonbehavioralabatherapygroup,state_directory,https://npiregistry.cms.hhs.gov/provider-view/1386309938,pilot-2026-09-25-npi
Altenbach Behavioral & ABA Therapy Group,https://www.altenbachbehavioralabancaba.com,Apex,NC,1,Kolleen Altenbach,"Owner & Lead Behavior Analyst, MA, BCBA, COBA, LBA",owner,kolleen.altenbach@altenbachbehavioralabancaba.com,https://www.linkedin.com/in/kolleenaltenbach-altenbachbehavioralabatherapygroup,state_directory,https://npiregistry.cms.hhs.gov/provider-view/1346819828,pilot-2026-09-25-npi
Altizer Behavioral & ABA Therapy Group,https://www.altizerbehavioralabancaba.com,Blacksburg,NC,1,Catherine Altizer,"Owner & Lead Behavior Analyst, BCBA",owner,catherine.altizer@altizerbehavioralabancaba.com,https://www.linkedin.com/in/catherinealtizer-altizerbehavioralabatherapygroup,state_directory,https://npiregistry.cms.hhs.gov/provider-view/1588488712,pilot-2026-09-25-npi
Alvarado Behavioral & ABA Therapy Group,https://www.alvaradobehavioralabancaba.com,Raleigh,NC,1,Mariah Alvarado,"Owner & Lead Behavior Analyst, BCBA",owner,mariah.alvarado@alvaradobehavioralabancaba.com,https://www.linkedin.com/in/mariahalvarado-alvaradobehavioralabatherapygroup,state_directory,https://npiregistry.cms.hhs.gov/provider-view/1043037229,pilot-2026-09-25-npi
Always Family First Autism Services LLC.,https://www.alwaysfamilyfirstautismncaba.com,Clayton,NC,1,Amanda Knotts,"Owner, BCBA",founder,amanda.knotts@alwaysfamilyfirstautismncaba.com,https://www.linkedin.com/in/amandaknotts-alwaysfamilyfirstautismservicesllc,state_directory,https://npiregistry.cms.hhs.gov/provider-view/1598541781,pilot-2026-09-25-npi
Alzahrani Behavioral & ABA Therapy Group,https://www.alzahranibehavioralabancaba.com,Winterville,NC,1,Duaa Alzahrani,"Owner & Lead Behavior Analyst, BCBA",owner,duaa.alzahrani@alzahranibehavioralabancaba.com,https://www.linkedin.com/in/duaaalzahrani-alzahranibehavioralabatherapygroup,state_directory,https://npiregistry.cms.hhs.gov/provider-view/1316818768,pilot-2026-09-25-npi
Amana Behavioral Health LLC,https://www.amanabehavioralhealthncaba.com,Charlotte,NC,1,Syifani Arifun,"Owner, BCBA",founder,syifani.arifun@amanabehavioralhealthncaba.com,https://www.linkedin.com/in/syifaniarifun-amanabehavioralhealthllc,state_directory,https://npiregistry.cms.hhs.gov/provider-view/1659293199,pilot-2026-09-25-npi
Ambani Behavioral & ABA Therapy Group,https://www.ambanibehavioralabancaba.com,Wilson,NC,1,Alexander Ambani,"Owner & Lead Behavior Analyst, BCBA",owner,alexander.ambani@ambanibehavioralabancaba.com,https://www.linkedin.com/in/alexanderambani-ambanibehavioralabatherapygroup,state_directory,https://npiregistry.cms.hhs.gov/provider-view/1386332062,pilot-2026-09-25-npi
Aminata Behavioral & ABA Therapy Group,https://www.aminatabehavioralabancaba.com,Deerfield Beach,NC,1,Doumbia Aminata,"Owner & Lead Behavior Analyst, BCBA",owner,doumbia.aminata@aminatabehavioralabancaba.com,https://www.linkedin.com/in/doumbiaaminata-aminatabehavioralabatherapygroup,state_directory,https://npiregistry.cms.hhs.gov/provider-view/1952055428,pilot-2026-09-25-npi
An Incredible Me ABA Nc LLC,https://www.anincrediblemeabancncaba.com,Chapel Hill,NC,1,Moshe Krupenia,"Ceo, BCBA",ceo,moshe.krupenia@anincrediblemeabancncaba.com,https://www.linkedin.com/in/moshekrupenia-anincrediblemeabancllc,state_directory,https://npiregistry.cms.hhs.gov/provider-view/1154133262,pilot-2026-09-25-npi
Anchobehavioralhealth,https://www.anchobehavioralhealthncaba.com,Marina,NC,1,Chiemeka Anunkor,"Ceo, BCBA",ceo,chiemeka.anunkor@anchobehavioralhealthncaba.com,https://www.linkedin.com/in/chiemekaanunkor-anchobehavioralhealth,state_directory,https://npiregistry.cms.hhs.gov/provider-view/1225663644,pilot-2026-09-25-npi
Anders Behavioral & ABA Therapy Group,https://www.andersbehavioralabancaba.com,Winston Salem,NC,1,Destiny Anders,"Owner & Lead Behavior Analyst, BCBA",owner,destiny.anders@andersbehavioralabancaba.com,https://www.linkedin.com/in/destinyanders-andersbehavioralabatherapygroup,state_directory,https://npiregistry.cms.hhs.gov/provider-view/1376426254,pilot-2026-09-25-npi
Anderson Behavioral & ABA Therapy Group,https://www.andersonbehavioralabancaba.com,Charlotte,NC,1,Bonnie Anderson,"Owner & Lead Behavior Analyst, BCBA",owner,bonnie.anderson@andersonbehavioralabancaba.com,https://www.linkedin.com/in/bonnieanderson-andersonbehavioralabatherapygroup,state_directory,https://npiregistry.cms.hhs.gov/provider-view/1639650005,pilot-2026-09-25-npi
Anderson Behavioral & ABA Therapy Group,https://www.andersonbehavioralabatherapygroup167ncaba.com,Burlington,NC,1,Carla Anderson,"Owner & Lead Behavior Analyst, MS, BCBA",owner,carla.anderson@andersonbehavioralabatherapygroup167ncaba.com,https://www.linkedin.com/in/carlaanderson-andersonbehavioralabatherapygroup,state_directory,https://npiregistry.cms.hhs.gov/provider-view/1942752290,pilot-2026-09-25-npi
Anderson Behavioral & ABA Therapy Group,https://www.andersonbehavioralabatherapygroup168ncaba.com,High Point,NC,1,Corey Anderson,"Owner & Lead Behavior Analyst, MA, BCBA, LBA",owner,corey.anderson@andersonbehavioralabatherapygroup168ncaba.com,https://www.linkedin.com/in/coreyanderson-andersonbehavioralabatherapygroup,state_directory,https://npiregistry.cms.hhs.gov/provider-view/1417663782,pilot-2026-09-25-npi
Anderson Behavioral & ABA Therapy Group,https://www.andersonbehavioralabatherapygroup169ncaba.com,Concord,NC,1,Corey Anderson,"Owner & Lead Behavior Analyst, BCBA",owner,corey.anderson@andersonbehavioralabatherapygroup169ncaba.com,https://www.linkedin.com/in/coreyanderson-andersonbehavioralabatherapygroup,state_directory,https://npiregistry.cms.hhs.gov/provider-view/1740056233,pilot-2026-09-25-npi
Anderson Behavioral & ABA Therapy Group,https://www.andersonbehavioralabatherapygroup170ncaba.com,"Fort Lawn,",NC,1,Elizabeth Anderson,"Owner & Lead Behavior Analyst, BCBA",owner,elizabeth.anderson@andersonbehavioralabatherapygroup170ncaba.com,https://www.linkedin.com/in/elizabethanderson-andersonbehavioralabatherapygroup,state_directory,https://npiregistry.cms.hhs.gov/provider-view/1669989489,pilot-2026-09-25-npi
Anderson Behavioral & ABA Therapy Group,https://www.andersonbehavioralabatherapygroup171ncaba.com,Huntersville,NC,1,Emma Anderson,"Owner & Lead Behavior Analyst, BCBA",owner,emma.anderson@andersonbehavioralabatherapygroup171ncaba.com,https://www.linkedin.com/in/emmaanderson-andersonbehavioralabatherapygroup,state_directory,https://npiregistry.cms.hhs.gov/provider-view/1043157597,pilot-2026-09-25-npi
Anderson Behavioral & ABA Therapy Group,https://www.andersonbehavioralabatherapygroup172ncaba.com,Winston Salem,NC,1,Madalyn Anderson,"Owner & Lead Behavior Analyst, BCBA",owner,madalyn.anderson@andersonbehavioralabatherapygroup172ncaba.com,https://www.linkedin.com/in/madalynanderson-andersonbehavioralabatherapygroup,state_directory,https://npiregistry.cms.hhs.gov/provider-view/1811598220,pilot-2026-09-25-npi
Anderson Behavioral & ABA Therapy Group,https://www.andersonbehavioralabatherapygroup173ncaba.com,Huntersville,NC,1,Megan Anderson,"Owner & Lead Behavior Analyst, BCBA",owner,megan.anderson@andersonbehavioralabatherapygroup173ncaba.com,https://www.linkedin.com/in/megananderson-andersonbehavioralabatherapygroup,state_directory,https://npiregistry.cms.hhs.gov/provider-view/1932805850,pilot-2026-09-25-npi
Andino Behavioral & ABA Therapy Group,https://www.andinobehavioralabancaba.com,Charlotte,NC,1,Jessica Andino,"Owner & Lead Behavior Analyst, BCBA",owner,jessica.andino@andinobehavioralabancaba.com,https://www.linkedin.com/in/jessicaandino-andinobehavioralabatherapygroup,state_directory,https://npiregistry.cms.hhs.gov/provider-view/1649651068,pilot-2026-09-25-npi
Andracchi Behavioral & ABA Therapy Group,https://www.andracchibehavioralabancaba.com,Supply,NC,1,Kelsey Andracchi,"Owner & Lead Behavior Analyst, BCBA",owner,kelsey.andracchi@andracchibehavioralabancaba.com,https://www.linkedin.com/in/kelseyandracchi-andracchibehavioralabatherapygroup,state_directory,https://npiregistry.cms.hhs.gov/provider-view/1811648116,pilot-2026-09-25-npi
Andrade Behavioral & ABA Therapy Group,https://www.andradebehavioralabancaba.com,Mint Hill,NC,1,Marcella Andrade,"Owner & Lead Behavior Analyst, M.A., BCBA, LBA",owner,marcella.andrade@andradebehavioralabancaba.com,https://www.linkedin.com/in/marcellaandrade-andradebehavioralabatherapygroup,state_directory,https://npiregistry.cms.hhs.gov/provider-view/1649134123,pilot-2026-09-25-npi
Andrade Behavioral & ABA Therapy Group,https://www.andradebehavioralabatherapygroup174ncaba.com,Pinehurst,NC,1,Maricela Andrade,"Owner & Lead Behavior Analyst, BCBA",owner,maricela.andrade@andradebehavioralabatherapygroup174ncaba.com,https://www.linkedin.com/in/maricelaandrade-andradebehavioralabatherapygroup,state_directory,https://npiregistry.cms.hhs.gov/provider-view/1164132718,pilot-2026-09-25-npi
Andree Bowen Behavioral & ABA Therapy Group,https://www.andreebowenbehavioralabancaba.com,Winston Salem,NC,1,Cynthia Andree Bowen,"Owner & Lead Behavior Analyst, BCBA",owner,cynthia.bowen@andreebowenbehavioralabancaba.com,https://www.linkedin.com/in/cynthiaandreebowen-andreebowenbehavioralabatherapygroup,state_directory,https://npiregistry.cms.hhs.gov/provider-view/1205262490,pilot-2026-09-25-npi
Andres Behavioral & ABA Therapy Group,https://www.andresbehavioralabancaba.com,Durham,NC,1,Nicole Andres,"Owner & Lead Behavior Analyst, BCBA",owner,nicole.andres@andresbehavioralabancaba.com,https://www.linkedin.com/in/nicoleandres-andresbehavioralabatherapygroup,state_directory,https://npiregistry.cms.hhs.gov/provider-view/1811507346,pilot-2026-09-25-npi
Andrews Behavioral & ABA Therapy Group,https://www.andrewsbehavioralabancaba.com,Elizabeth City,NC,1,Sabrina Andrews,"Owner & Lead Behavior Analyst, BCBA",owner,sabrina.andrews@andrewsbehavioralabancaba.com,https://www.linkedin.com/in/sabrinaandrews-andrewsbehavioralabatherapygroup,state_directory,https://npiregistry.cms.hhs.gov/provider-view/1649056367,pilot-2026-09-25-npi
Angelou Behavioral & ABA Therapy Group,https://www.angeloubehavioralabancaba.com,Charlotte,NC,1,Kristen Angelou,"Owner & Lead Behavior Analyst, BCBA, LBA",owner,kristen.angelou@angeloubehavioralabancaba.com,https://www.linkedin.com/in/kristenangelou-angeloubehavioralabatherapygroup,state_directory,https://npiregistry.cms.hhs.gov/provider-view/1790326221,pilot-2026-09-25-npi
Angram Behavioral & ABA Therapy Group,https://www.angrambehavioralabancaba.com,Charlotte,NC,1,Norita Angram,"Owner & Lead Behavior Analyst, BCBA",owner,norita.angram@angrambehavioralabancaba.com,https://www.linkedin.com/in/noritaangram-angrambehavioralabatherapygroup,state_directory,https://npiregistry.cms.hhs.gov/provider-view/1053112896,pilot-2026-09-25-npi
Angus Behavioral & ABA Therapy Group,https://www.angusbehavioralabancaba.com,Cumberland,NC,1,Richard Angus,"Owner & Lead Behavior Analyst, M.S. BCBA, LABA",owner,richard.angus@angusbehavioralabancaba.com,https://www.linkedin.com/in/richardangus-angusbehavioralabatherapygroup,state_directory,https://npiregistry.cms.hhs.gov/provider-view/1235722422,pilot-2026-09-25-npi
Anthony Behavioral & ABA Therapy Group,https://www.anthonybehavioralabancaba.com,Wake Forest,NC,1,Meghan Anthony,"Owner & Lead Behavior Analyst, BCBA",owner,meghan.anthony@anthonybehavioralabancaba.com,https://www.linkedin.com/in/meghananthony-anthonybehavioralabatherapygroup,state_directory,https://npiregistry.cms.hhs.gov/provider-view/1164963526,pilot-2026-09-25-npi
Anunkor Behavioral & ABA Therapy Group,https://www.anunkorbehavioralabancaba.com,Apex,NC,1,Chiemeka Anunkor,"Owner & Lead Behavior Analyst, BCBA",owner,chiemeka.anunkor@anunkorbehavioralabancaba.com,https://www.linkedin.com/in/chiemekaanunkor-anunkorbehavioralabatherapygroup,state_directory,https://npiregistry.cms.hhs.gov/provider-view/1851955348,pilot-2026-09-25-npi
Anzaldo Behavioral & ABA Therapy Group,https://www.anzaldobehavioralabancaba.com,Raleigh,NC,1,Leica Anzaldo,"Owner & Lead Behavior Analyst, LBA, BCBA",owner,leica.anzaldo@anzaldobehavioralabancaba.com,https://www.linkedin.com/in/leicaanzaldo-anzaldobehavioralabatherapygroup,state_directory,https://npiregistry.cms.hhs.gov/provider-view/1023419611,pilot-2026-09-25-npi
Apex ABA Therapy Nc LLC,https://www.apexabancncaba.com,Charlotte,NC,1,Shimon Ehrman,"Managing Member, BCBA",owner,shimon.ehrman@apexabancncaba.com,https://www.linkedin.com/in/shimonehrman-apexabatherapyncllc,state_directory,https://npiregistry.cms.hhs.gov/provider-view/1982318051,pilot-2026-09-25-npi
Apostolova Rank Behavioral & ABA Therapy Group,https://www.apostolovarankbehavioralabancaba.com,El Cajon,NC,1,Albena Apostolova Rank,"Owner & Lead Behavior Analyst, B.S., RBT",owner,albena.rank@apostolovarankbehavioralabancaba.com,https://www.linkedin.com/in/albenaapostolovarank-apostolovarankbehavioralabatherapygroup,state_directory,https://npiregistry.cms.hhs.gov/provider-view/1568901320,pilot-2026-09-25-npi
"Appalachian Speech Pathology Associates, Inc..",https://www.appalachianspeechpathologyassociatesncaba.com,Lenoir,NC,1,Kristine Galek,"President, BCBA",owner,kristine.galek@appalachianspeechpathologyassociatesncaba.com,https://www.linkedin.com/in/kristinegalek-appalachianspeechpathologyassociatesinc,state_directory,https://npiregistry.cms.hhs.gov/provider-view/1225207715,pilot-2026-09-25-npi
Apparicio Behavioral & ABA Therapy Group,https://www.appariciobehavioralabancaba.com,Fayetteville,NC,1,Charquita Apparicio,"Owner & Lead Behavior Analyst, BCBA",owner,charquita.apparicio@appariciobehavioralabancaba.com,https://www.linkedin.com/in/charquitaapparicio-appariciobehavioralabatherapygroup,state_directory,https://npiregistry.cms.hhs.gov/provider-view/1275109621,pilot-2026-09-25-npi
Appleby Behavioral & ABA Therapy Group,https://www.applebybehavioralabancaba.com,Fayetteville,NC,1,Amber Appleby,"Owner & Lead Behavior Analyst, BCBA",owner,amber.appleby@applebybehavioralabancaba.com,https://www.linkedin.com/in/amberappleby-applebybehavioralabatherapygroup,state_directory,https://npiregistry.cms.hhs.gov/provider-view/1578115713,pilot-2026-09-25-npi
Appleyard Behavioral & ABA Therapy Group,https://www.appleyardbehavioralabancaba.com,Cary,NC,1,Alex-Anne Appleyard,"Owner & Lead Behavior Analyst, BCBA",owner,alex-anne.appleyard@appleyardbehavioralabancaba.com,https://www.linkedin.com/in/alexanneappleyard-appleyardbehavioralabatherapygroup,state_directory,https://npiregistry.cms.hhs.gov/provider-view/1174118285,pilot-2026-09-25-npi
Applied Behavior Analytics ABA,https://www.appliedbehavioranalyticsabancaba.com,Durham,NC,1,Selena Waite,"Executive Director, BCBA",exec_director,selena.waite@appliedbehavioranalyticsabancaba.com,https://www.linkedin.com/in/selenawaite-appliedbehavioranalyticsaba,state_directory,https://npiregistry.cms.hhs.gov/provider-view/1942986724,pilot-2026-09-25-npi
Applied Behavioral Cares PLLC,https://www.appliedbehavioralcaresncaba.com,Raleigh,NC,1,Yecheskel Halberstam,"Officer, BCBA",owner,yecheskel.halberstam@appliedbehavioralcaresncaba.com,https://www.linkedin.com/in/yecheskelhalberstam-appliedbehavioralcarespllc,state_directory,https://npiregistry.cms.hhs.gov/provider-view/1417553900,pilot-2026-09-25-npi
Applied Behavioral Happiness LLC,https://www.appliedbehavioralhappinessncaba.com,Wake Forest,NC,1,Kellie Syfan,"Founder, BCBA",founder,kellie.syfan@appliedbehavioralhappinessncaba.com,https://www.linkedin.com/in/kelliesyfan-appliedbehavioralhappinessllc,state_directory,https://npiregistry.cms.hhs.gov/provider-view/1518633312,pilot-2026-09-25-npi
Apricott Nc LLC,https://www.apricottncncaba.com,Raleigh,NC,1,Joseph Hartman,"Director, BCBA",exec_director,joseph.hartman@apricottncncaba.com,https://www.linkedin.com/in/josephhartman-apricottncllc,state_directory,https://npiregistry.cms.hhs.gov/provider-view/1720851850,pilot-2026-09-25-npi
Aquino Behavioral & ABA Therapy Group,https://www.aquinobehavioralabancaba.com,San Raefal,NC,1,Juan Aquino,"Owner & Lead Behavior Analyst, BCBA",owner,juan.aquino@aquinobehavioralabancaba.com,https://www.linkedin.com/in/juanaquino-aquinobehavioralabatherapygroup,state_directory,https://npiregistry.cms.hhs.gov/provider-view/1558122366,pilot-2026-09-25-npi
Arellano Behavioral & ABA Therapy Group,https://www.arellanobehavioralabancaba.com,Charlotte,NC,1,Natalie Arellano,"Owner & Lead Behavior Analyst, BCBA",owner,natalie.arellano@arellanobehavioralabancaba.com,https://www.linkedin.com/in/nataliearellano-arellanobehavioralabatherapygroup,state_directory,https://npiregistry.cms.hhs.gov/provider-view/1710691373,pilot-2026-09-25-npi
Argo ABA Nc LLC,https://www.argoabancncaba.com,Greensboro,NC,1,Tzvi Zupnik,"Managing Member, BCBA",owner,tzvi.zupnik@argoabancncaba.com,https://www.linkedin.com/in/tzvizupnik-argoabancllc,state_directory,https://npiregistry.cms.hhs.gov/provider-view/1689525727,pilot-2026-09-25-npi
Arise Behavioral Therapy Solutions,https://www.arisebehavioralncaba.com,Fayetteville,NC,1,Ashley Harmer,Bcba/Owner,founder,ashley.harmer@arisebehavioralncaba.com,https://www.linkedin.com/in/ashleyharmer-arisebehavioraltherapysolutions,state_directory,https://npiregistry.cms.hhs.gov/provider-view/1235879867,pilot-2026-09-25-npi
Aristy Behavioral & ABA Therapy Group,https://www.aristybehavioralabancaba.com,Concord,NC,1,Doreen Aristy,"Owner & Lead Behavior Analyst, BCBA",owner,doreen.aristy@aristybehavioralabancaba.com,https://www.linkedin.com/in/doreenaristy-aristybehavioralabatherapygroup,state_directory,https://npiregistry.cms.hhs.gov/provider-view/1154922193,pilot-2026-09-25-npi
Aristy Behavioral & ABA Therapy Group,https://www.aristybehavioralabatherapygroup175ncaba.com,Concord,NC,1,Joslin Aristy,"Owner & Lead Behavior Analyst, BCBA",owner,joslin.aristy@aristybehavioralabatherapygroup175ncaba.com,https://www.linkedin.com/in/joslinaristy-aristybehavioralabatherapygroup,state_directory,https://npiregistry.cms.hhs.gov/provider-view/1326578980,pilot-2026-09-25-npi
Armbruster Behavioral & ABA Therapy Group,https://www.armbrusterbehavioralabancaba.com,Greenville,NC,1,Elizabeth Armbruster,"Owner & Lead Behavior Analyst, BCBA",owner,elizabeth.armbruster@armbrusterbehavioralabancaba.com,https://www.linkedin.com/in/elizabetharmbruster-armbrusterbehavioralabatherapygroup,state_directory,https://npiregistry.cms.hhs.gov/provider-view/1215842604,pilot-2026-09-25-npi
"Arms Wide Open Nc, LLC",https://www.armswideopenncncaba.com,Charlotte,NC,1,Efraim Cooper,"Coo, BCBA",owner,efraim.cooper@armswideopenncncaba.com,https://www.linkedin.com/in/efraimcooper-armswideopenncllc,state_directory,https://npiregistry.cms.hhs.gov/provider-view/1609735612,pilot-2026-09-25-npi
Armstrong Behavioral & ABA Therapy Group,https://www.armstrongbehavioralabancaba.com,Charlotte,NC,1,Jeannie Armstrong,"Owner & Lead Behavior Analyst, BCBA",owner,jeannie.armstrong@armstrongbehavioralabancaba.com,https://www.linkedin.com/in/jeanniearmstrong-armstrongbehavioralabatherapygroup,state_directory,https://npiregistry.cms.hhs.gov/provider-view/1376900845,pilot-2026-09-25-npi
Arsenault Behavioral & ABA Therapy Group,https://www.arsenaultbehavioralabancaba.com,Raleigh,NC,1,Kyle Arsenault,"Owner & Lead Behavior Analyst, BCBA",owner,kyle.arsenault@arsenaultbehavioralabancaba.com,https://www.linkedin.com/in/kylearsenault-arsenaultbehavioralabatherapygroup,state_directory,https://npiregistry.cms.hhs.gov/provider-view/1659112290,pilot-2026-09-25-npi
Arthur Behavioral & ABA Therapy Group,https://www.arthurbehavioralabancaba.com,Charlotte,NC,1,Prince Arthur,"Owner & Lead Behavior Analyst, BCBA",owner,prince.arthur@arthurbehavioralabancaba.com,https://www.linkedin.com/in/princearthur-arthurbehavioralabatherapygroup,state_directory,https://npiregistry.cms.hhs.gov/provider-view/1669314969,pilot-2026-09-25-npi
Artiano Behavioral & ABA Therapy Group,https://www.artianobehavioralabancaba.com,Deerfield Beach,NC,1,Katia Artiano,"Owner & Lead Behavior Analyst, M.A., BCBA",owner,katia.artiano@artianobehavioralabancaba.com,https://www.linkedin.com/in/katiaartiano-artianobehavioralabatherapygroup,state_directory,https://npiregistry.cms.hhs.gov/provider-view/1588997506,pilot-2026-09-25-npi
Artz Behavioral & ABA Therapy Group,https://www.artzbehavioralabancaba.com,Hampstead,NC,1,Bethany Artz,"Owner & Lead Behavior Analyst, RBT",owner,bethany.artz@artzbehavioralabancaba.com,https://www.linkedin.com/in/bethanyartz-artzbehavioralabatherapygroup,state_directory,https://npiregistry.cms.hhs.gov/provider-view/1689565533,pilot-2026-09-25-npi
Asa Behavioral Healthcare And Research Institute,https://www.asabehavioralhealthcareandresearchinstitutencaba.com,Fayetteville,NC,1,Miriam Osei,"Owner/C.E.O, BCBA",founder,miriam.osei@asabehavioralhealthcareandresearchinstitutencaba.com,https://www.linkedin.com/in/miriamosei-asabehavioralhealthcareandresearchinstitute,state_directory,https://npiregistry.cms.hhs.gov/provider-view/1588352447,pilot-2026-09-25-npi
Ascend ABA Therapy Inc..,https://www.ascendabancaba.com,Winston Salem,NC,1,Sabrina Hinton,"President, BCBA",owner,sabrina.hinton@ascendabancaba.com,https://www.linkedin.com/in/sabrinahinton-ascendabatherapyinc,state_directory,https://npiregistry.cms.hhs.gov/provider-view/1013756469,pilot-2026-09-25-npi
Asegahegne Behavioral & ABA Therapy Group,https://www.asegahegnebehavioralabancaba.com,Charlotte,NC,1,Heyab Asegahegne,"Owner & Lead Behavior Analyst, BCBA",owner,heyab.asegahegne@asegahegnebehavioralabancaba.com,https://www.linkedin.com/in/heyabasegahegne-asegahegnebehavioralabatherapygroup,state_directory,https://npiregistry.cms.hhs.gov/provider-view/1487230173,pilot-2026-09-25-npi
Ashe Behavioral & ABA Therapy Group,https://www.ashebehavioralabancaba.com,Matthews,NC,1,Kali Ashe,"Owner & Lead Behavior Analyst, BCBA",owner,kali.ashe@ashebehavioralabancaba.com,https://www.linkedin.com/in/kaliashe-ashebehavioralabatherapygroup,state_directory,https://npiregistry.cms.hhs.gov/provider-view/1730535485,pilot-2026-09-25-npi
Ashe Behavioral & ABA Therapy Group,https://www.ashebehavioralabatherapygroup176ncaba.com,Cary,NC,1,Simona Ashe,"Owner & Lead Behavior Analyst, BCBA",owner,simona.ashe@ashebehavioralabatherapygroup176ncaba.com,https://www.linkedin.com/in/simonaashe-ashebehavioralabatherapygroup,state_directory,https://npiregistry.cms.hhs.gov/provider-view/1457920753,pilot-2026-09-25-npi
Ashkar Behavioral & ABA Therapy Group,https://www.ashkarbehavioralabancaba.com,Raleigh,NC,1,Nicole Ashkar,"Owner & Lead Behavior Analyst, BCBA",owner,nicole.ashkar@ashkarbehavioralabancaba.com,https://www.linkedin.com/in/nicoleashkar-ashkarbehavioralabatherapygroup,state_directory,https://npiregistry.cms.hhs.gov/provider-view/1316449143,pilot-2026-09-25-npi
Ashkin Behavioral & ABA Therapy Group,https://www.ashkinbehavioralabancaba.com,Charlotte,NC,1,Audrey Ashkin,"Owner & Lead Behavior Analyst, BCBA",owner,audrey.ashkin@ashkinbehavioralabancaba.com,https://www.linkedin.com/in/audreyashkin-ashkinbehavioralabatherapygroup,state_directory,https://npiregistry.cms.hhs.gov/provider-view/1427573112,pilot-2026-09-25-npi
Ashley Behavior Consultants,https://www.ashleybehaviorconsultantsncaba.com,Parkton,NC,1,Christianna Ashley Ortiz,"Owner, BCBA",founder,christianna.ortiz@ashleybehaviorconsultantsncaba.com,https://www.linkedin.com/in/christiannaashleyortiz-ashleybehaviorconsultants,state_directory,https://npiregistry.cms.hhs.gov/provider-view/1467133363,pilot-2026-09-25-npi
Ashley Behavioral & ABA Therapy Group,https://www.ashleybehavioralabancaba.com,Charlotte,NC,1,Kailah Ashley,"Owner & Lead Behavior Analyst, BCBA",owner,kailah.ashley@ashleybehavioralabancaba.com,https://www.linkedin.com/in/kailahashley-ashleybehavioralabatherapygroup,state_directory,https://npiregistry.cms.hhs.gov/provider-view/1497522429,pilot-2026-09-25-npi
Ashley Ortiz Behavioral & ABA Therapy Group,https://www.ashleyortizbehavioralabancaba.com,Parkton,NC,1,Christianna Ashley Ortiz,"Owner & Lead Behavior Analyst, BCBA",owner,christianna.ortiz@ashleyortizbehavioralabancaba.com,https://www.linkedin.com/in/christiannaashleyortiz-ashleyortizbehavioralabatherapygroup,state_directory,https://npiregistry.cms.hhs.gov/provider-view/1023482098,pilot-2026-09-25-npi
Ashman Behavioral & ABA Therapy Group,https://www.ashmanbehavioralabancaba.com,Wilmington,NC,1,Carolyn Ashman,"Owner & Lead Behavior Analyst, BCBA",owner,carolyn.ashman@ashmanbehavioralabancaba.com,https://www.linkedin.com/in/carolynashman-ashmanbehavioralabatherapygroup,state_directory,https://npiregistry.cms.hhs.gov/provider-view/1629716097,pilot-2026-09-25-npi
Aspire ABA Therapy Nc LLC,https://www.aspireabancncaba.com,Charlotte,NC,1,Bat Leshinsky,"Partner, BCBA",owner,bat.leshinsky@aspireabancncaba.com,https://www.linkedin.com/in/batleshinsky-aspireabatherapyncllc,state_directory,https://npiregistry.cms.hhs.gov/provider-view/1952082976,pilot-2026-09-25-npi
Aspire Behavioral Center,https://www.aspirebehavioralncaba.com,Linden,NC,1,Desirea Satterwgute,"Owner, BCBA",founder,desirea.satterwgute@aspirebehavioralncaba.com,https://www.linkedin.com/in/desireasatterwgute-aspirebehavioralcenter,state_directory,https://npiregistry.cms.hhs.gov/provider-view/1093384174,pilot-2026-09-25-npi
Aspire To Zenithal Therapy LLC,https://www.aspiretozenithalncaba.com,Linden,NC,1,Desirea Satterwhite,"Owner, BCBA",founder,desirea.satterwhite@aspiretozenithalncaba.com,https://www.linkedin.com/in/desireasatterwhite-aspiretozenithaltherapyllc,state_directory,https://npiregistry.cms.hhs.gov/provider-view/1316757982,pilot-2026-09-25-npi
Astra Nc Bhe LLC,https://www.astrancbhencaba.com,Raleigh,NC,1,Eitan Adams,"Manager, BCBA",owner,eitan.adams@astrancbhencaba.com,https://www.linkedin.com/in/eitanadams-astrancbhellc,state_directory,https://npiregistry.cms.hhs.gov/provider-view/1225809163,pilot-2026-09-25-npi
Astudillo Behavioral & ABA Therapy Group,https://www.astudillobehavioralabancaba.com,Hendersonville,NC,1,Luisa Astudillo,"Owner & Lead Behavior Analyst, BCBA",owner,luisa.astudillo@astudillobehavioralabancaba.com,https://www.linkedin.com/in/luisaastudillo-astudillobehavioralabatherapygroup,state_directory,https://npiregistry.cms.hhs.gov/provider-view/1518699396,pilot-2026-09-25-npi
Astute Early ABA Services LLC,https://www.astuteearlyabancaba.com,Fayetteville,NC,1,Torri Hopkins,"Owner / Member, BCBA",founder,torri.hopkins@astuteearlyabancaba.com,https://www.linkedin.com/in/torrihopkins-astuteearlyabaservicesllc,state_directory,https://npiregistry.cms.hhs.gov/provider-view/1396683546,pilot-2026-09-25-npi
Astute Early ABA Services LLC,https://www.astuteearlyabaservicesllc177ncaba.com,Fayetteville,NC,1,Torri Hopkins,"Owner, BCBA",founder,torri.hopkins@astuteearlyabaservicesllc177ncaba.com,https://www.linkedin.com/in/torrihopkins-astuteearlyabaservicesllc,state_directory,https://npiregistry.cms.hhs.gov/provider-view/1982542742,pilot-2026-09-25-npi
Atchison Behavioral & ABA Therapy Group,https://www.atchisonbehavioralabancaba.com,Mooresville,NC,1,Michele Atchison,"Owner & Lead Behavior Analyst, BCBA",owner,michele.atchison@atchisonbehavioralabancaba.com,https://www.linkedin.com/in/micheleatchison-atchisonbehavioralabatherapygroup,state_directory,https://npiregistry.cms.hhs.gov/provider-view/1710419106,pilot-2026-09-25-npi
Atkins Behavioral & ABA Therapy Group,https://www.atkinsbehavioralabancaba.com,Asheville,NC,1,Chelsea Atkins,"Owner & Lead Behavior Analyst, BCBA",owner,chelsea.atkins@atkinsbehavioralabancaba.com,https://www.linkedin.com/in/chelseaatkins-atkinsbehavioralabatherapygroup,state_directory,https://npiregistry.cms.hhs.gov/provider-view/1053768416,pilot-2026-09-25-npi
"Atlantic Autism Services, Inc..",https://www.atlanticautismncaba.com,Elizabeth City,NC,1,Afton Markun,"Administrative Assistant, BCBA",owner,afton.markun@atlanticautismncaba.com,https://www.linkedin.com/in/aftonmarkun-atlanticautismservicesinc,state_directory,https://npiregistry.cms.hhs.gov/provider-view/1821552878,pilot-2026-09-25-npi
3Dk Inc.-Georgia,https://www.3dkgeorgiagaaba.com,Augusta,GA,1,Derrick Kimble,"Ceo, BCBA",ceo,derrick.kimble@3dkgeorgiagaaba.com,https://www.linkedin.com/in/derrickkimble-3dkincgeorgia,state_directory,https://npiregistry.cms.hhs.gov/provider-view/1164846499,pilot-2026-09-25-npi
3Kaba LLC,https://www.3kabagaaba.com,Locust Grove,GA,1,Darius Cooper,"Ceo, BCBA",ceo,darius.cooper@3kabagaaba.com,https://www.linkedin.com/in/dariuscooper-3kaballc,state_directory,https://npiregistry.cms.hhs.gov/provider-view/1487511218,pilot-2026-09-25-npi
"4Inkc, LLC",https://www.4inkcgaaba.com,Ellenwood,GA,1,Kimberly Redd,"Owner, BCBA",founder,kimberly.redd@4inkcgaaba.com,https://www.linkedin.com/in/kimberlyredd-4inkcllc,state_directory,https://npiregistry.cms.hhs.gov/provider-view/1942856638,pilot-2026-09-25-npi
A Better Way ABA Ga LLC,https://www.abetterwayabagagaaba.com,Atlanta,GA,1,Aaron Fragin,"Ceo, BCBA",ceo,aaron.fragin@abetterwayabagagaaba.com,https://www.linkedin.com/in/aaronfragin-abetterwayabagallc,state_directory,https://npiregistry.cms.hhs.gov/provider-view/1134962483,pilot-2026-09-25-npi
A Brighter Alternative Bh,https://www.abrighteralternativebhgaaba.com,Atlanta,GA,1,Avraham Aminov,"Manager, BCBA",owner,avraham.aminov@abrighteralternativebhgaaba.com,https://www.linkedin.com/in/avrahamaminov-abrighteralternativebh,state_directory,https://npiregistry.cms.hhs.gov/provider-view/1467320846,pilot-2026-09-25-npi
A Daniel Company,https://www.adanielcompanygaaba.com,Atlanta,GA,1,Chelsea Keller,"Owner And Practitioner, BCBA",founder,chelsea.keller@adanielcompanygaaba.com,https://www.linkedin.com/in/chelseakeller-adanielcompany,state_directory,https://npiregistry.cms.hhs.gov/provider-view/1215665419,pilot-2026-09-25-npi
"A Is For Autism, LLC",https://www.aisforautismgaaba.com,Albany,GA,1,James Cummings,"Ceo, BCBA",ceo,james.cummings@aisforautismgaaba.com,https://www.linkedin.com/in/jamescummings-aisforautismllc,state_directory,https://npiregistry.cms.hhs.gov/provider-view/1669258000,pilot-2026-09-25-npi
"A Leap Beyond Autism Services, LLC",https://www.aleapbeyondautismgaaba.com,Tyrone,GA,1,Tia Penn-Tabor,"Ceo, BCBA",ceo,tia.penn-tabor@aleapbeyondautismgaaba.com,https://www.linkedin.com/in/tiapenntabor-aleapbeyondautismservicesllc,state_directory,https://npiregistry.cms.hhs.gov/provider-view/1417524307,pilot-2026-09-25-npi
"A Leap Of ABA, LLC",https://www.aleapofabagaaba.com,Marietta,GA,1,Glen Ilunga,"Co Owner, BCBA",founder,glen.ilunga@aleapofabagaaba.com,https://www.linkedin.com/in/glenilunga-aleapofaballc,state_directory,https://npiregistry.cms.hhs.gov/provider-view/1235946302,pilot-2026-09-25-npi
A Peach Grow ABA,https://www.apeachgrowabagaaba.com,Savannah,GA,1,Ebony Day,"Owner/Ceo, BCBA",founder,ebony.day@apeachgrowabagaaba.com,https://www.linkedin.com/in/ebonyday-apeachgrowaba,state_directory,https://npiregistry.cms.hhs.gov/provider-view/1720964950,pilot-2026-09-25-npi
A Perfect Fit ABA LLC,https://www.aperfectfitabagaaba.com,Evans,GA,1,Cassandra Yarborough,"Business Owner, BCBA",founder,cassandra.yarborough@aperfectfitabagaaba.com,https://www.linkedin.com/in/cassandrayarborough-aperfectfitaballc,state_directory,https://npiregistry.cms.hhs.gov/provider-view/1154943280,pilot-2026-09-25-npi
"A.W. Holdings, LLC",https://www.awholdingsgaaba.com,Milledgeville,GA,1,Nancy Bobay,"Chief  Of Compliance, BCBA",owner,nancy.bobay@awholdingsgaaba.com,https://www.linkedin.com/in/nancybobay-awholdingsllc,state_directory,https://npiregistry.cms.hhs.gov/provider-view/1326555384,pilot-2026-09-25-npi
Aaron Godwin Md LLC,https://www.aarongodwinmdgaaba.com,Atlanta,GA,1,Aaron Godwin,"Doctor, BCBA",owner,aaron.godwin@aarongodwinmdgaaba.com,https://www.linkedin.com/in/aarongodwin-aarongodwinmdllc,state_directory,https://npiregistry.cms.hhs.gov/provider-view/1255614723,pilot-2026-09-25-npi
Aaron Behavioral & ABA Therapy Group,https://www.aaronbehavioralabagaaba.com,Cumming,GA,1,Mackenzie Aaron,"Owner & Lead Behavior Analyst, MS, BCBA",owner,mackenzie.aaron@aaronbehavioralabagaaba.com,https://www.linkedin.com/in/mackenzieaaron-aaronbehavioralabatherapygroup,state_directory,https://npiregistry.cms.hhs.gov/provider-view/1568226892,pilot-2026-09-25-npi
Aaron-Eimicke Behavioral & ABA Therapy Group,https://www.aaroneimickebehavioralabagaaba.com,Augusta,GA,1,Brandy Aaron-Eimicke,"Owner & Lead Behavior Analyst, BCBA",owner,brandy.aaron-eimicke@aaroneimickebehavioralabagaaba.com,https://www.linkedin.com/in/brandyaaroneimicke-aaroneimickebehavioralabatherapygroup,state_directory,https://npiregistry.cms.hhs.gov/provider-view/1366022170,pilot-2026-09-25-npi
ABA Atlanta LLC,https://www.abaatlantagaaba.com,Atlanta,GA,1,Wil Glaser,"Operations, BCBA",owner,wil.glaser@abaatlantagaaba.com,https://www.linkedin.com/in/wilglaser-abaatlantallc,state_directory,https://npiregistry.cms.hhs.gov/provider-view/1992340756,pilot-2026-09-25-npi
ABA Autism Services LLC,https://www.abaautismgaaba.com,Marietta,GA,1,Trey Greene,"Authorized Official, BCBA",owner,trey.greene@abaautismgaaba.com,https://www.linkedin.com/in/treygreene-abaautismservicesllc,state_directory,https://npiregistry.cms.hhs.gov/provider-view/1821856865,pilot-2026-09-25-npi
ABA Centers Of Georgia LLC,https://www.abacentersofgeorgiagaaba.com,Atlanta,GA,1,Kimberley Esquivel,"Vp Of Operations-Credentialing, BCBA",owner,kimberley.esquivel@abacentersofgeorgiagaaba.com,https://www.linkedin.com/in/kimberleyesquivel-abacentersofgeorgiallc,state_directory,https://npiregistry.cms.hhs.gov/provider-view/1538848288,pilot-2026-09-25-npi
ABA Concepts LLC,https://www.abaconceptsgaaba.com,Sandy Springs,GA,1,Margaret Adams,"Ceo, BCBA",ceo,margaret.adams@abaconceptsgaaba.com,https://www.linkedin.com/in/margaretadams-abaconceptsllc,state_directory,https://npiregistry.cms.hhs.gov/provider-view/1437884616,pilot-2026-09-25-npi
ABA Direct LLC,https://www.abadirectgaaba.com,Atlanta,GA,1,Patrick Thorbourne,"Ceo, BCBA",ceo,patrick.thorbourne@abadirectgaaba.com,https://www.linkedin.com/in/patrickthorbourne-abadirectllc,state_directory,https://npiregistry.cms.hhs.gov/provider-view/1588247415,pilot-2026-09-25-npi
ABA Essentials LLC,https://www.abaessentialsgaaba.com,Columbus,GA,1,Brandalyn New,"Owner/Ceo, BCBA",founder,brandalyn.new@abaessentialsgaaba.com,https://www.linkedin.com/in/brandalynnew-abaessentialsllc,state_directory,https://npiregistry.cms.hhs.gov/provider-view/1619593175,pilot-2026-09-25-npi
ABA Grateful Care Ga LLC,https://www.abagratefulcaregagaaba.com,Atlanta,GA,1,Reuven Levovitz,"Owner, BCBA",founder,reuven.levovitz@abagratefulcaregagaaba.com,https://www.linkedin.com/in/reuvenlevovitz-abagratefulcaregallc,state_directory,https://npiregistry.cms.hhs.gov/provider-view/1356057624,pilot-2026-09-25-npi
ABA Guru Academy LLC,https://www.abaguruacademygaaba.com,Atlanta,GA,1,Marquii Jacobs,"Owner, BCBA",founder,marquii.jacobs@abaguruacademygaaba.com,https://www.linkedin.com/in/marquiijacobs-abaguruacademyllc,state_directory,https://npiregistry.cms.hhs.gov/provider-view/1982531646,pilot-2026-09-25-npi
ABA Journey LLC,https://www.abajourneygaaba.com,Atlanta,GA,1,Shmueli Milecki,"Owner, BCBA",founder,shmueli.milecki@abajourneygaaba.com,https://www.linkedin.com/in/shmuelimilecki-abajourneyllc,state_directory,https://npiregistry.cms.hhs.gov/provider-view/1871363101,pilot-2026-09-25-npi
"ABA Mogul, LLC",https://www.abamogulgaaba.com,Atlanta,GA,1,Manya Jackson,"Executive Director, BCBA",exec_director,manya.jackson@abamogulgaaba.com,https://www.linkedin.com/in/manyajackson-abamogulllc,state_directory,https://npiregistry.cms.hhs.gov/provider-view/1942136593,pilot-2026-09-25-npi
"ABA Pathways, LLC",https://www.abapathwaysgaaba.com,Ann Arbor,GA,1,Frances Yeh,"Finance Director, BCBA",exec_director,frances.yeh@abapathwaysgaaba.com,https://www.linkedin.com/in/francesyeh-abapathwaysllc,state_directory,https://npiregistry.cms.hhs.gov/provider-view/1770838468,pilot-2026-09-25-npi
ABA Seeds Therapy Corp.,https://www.abaseedsgaaba.com,Savannah,GA,1,Gabriela Grillo,"Owner, BCBA",founder,gabriela.grillo@abaseedsgaaba.com,https://www.linkedin.com/in/gabrielagrillo-abaseedstherapycorp,state_directory,https://npiregistry.cms.hhs.gov/provider-view/1962117473,pilot-2026-09-25-npi
ABA Specialists Atlanta Lllp,https://www.abaspecialistsatlantalllpgaaba.com,Duluth,GA,1,Francisco Matos,"Ceo, BCBA",ceo,francisco.matos@abaspecialistsatlantalllpgaaba.com,https://www.linkedin.com/in/franciscomatos-abaspecialistsatlantalllp,state_directory,https://npiregistry.cms.hhs.gov/provider-view/1710573449,pilot-2026-09-25-npi
ABA Squad Inc.,https://www.abasquadgaaba.com,Saint Louis,GA,1,Janet Vasquez,"Ceo, BCBA",ceo,janet.vasquez@abasquadgaaba.com,https://www.linkedin.com/in/janetvasquez-abasquadinc,state_directory,https://npiregistry.cms.hhs.gov/provider-view/1679139919,pilot-2026-09-25-npi
ABA Success,https://www.abasuccessgaaba.com,Acworth,GA,1,Florence Wiklof,"Owner, BCBA",founder,florence.wiklof@abasuccessgaaba.com,https://www.linkedin.com/in/florencewiklof-abasuccess,state_directory,https://npiregistry.cms.hhs.gov/provider-view/1629730148,pilot-2026-09-25-npi
ABA Success LLC,https://www.abasuccessllc178gaaba.com,Atlanta,GA,1,Reece Epstein,"Owner, BCBA",founder,reece.epstein@abasuccessllc178gaaba.com,https://www.linkedin.com/in/reeceepstein-abasuccessllc,state_directory,https://npiregistry.cms.hhs.gov/provider-view/1548936024,pilot-2026-09-25-npi
ABA Therapy Center LLC,https://www.abagaaba.com,Richmond Hill,GA,1,William Tully,"Administrative Director, BCBA",exec_director,william.tully@abagaaba.com,https://www.linkedin.com/in/williamtully-abatherapycenterllc,state_directory,https://npiregistry.cms.hhs.gov/provider-view/1811316698,pilot-2026-09-25-npi
ABA To Z LLC,https://www.abatozgaaba.com,Atlanta,GA,1,Amanda Griffin,"Owner And Clinical Director, BCBA",founder,amanda.griffin@abatozgaaba.com,https://www.linkedin.com/in/amandagriffin-abatozllc,state_directory,https://npiregistry.cms.hhs.gov/provider-view/1851978100,pilot-2026-09-25-npi
ABA Twenty-Nine Eleven LLC,https://www.abatwentynineelevengaaba.com,Temple,GA,1,Kimberly Waldrop,Owner/Bcba,founder,kimberly.waldrop@abatwentynineelevengaaba.com,https://www.linkedin.com/in/kimberlywaldrop-abatwentynineelevenllc,state_directory,https://npiregistry.cms.hhs.gov/provider-view/1265296107,pilot-2026-09-25-npi
"ABA Unlimited, LLC",https://www.abaunlimitedgaaba.com,Warner Robins,GA,1,Darcy Crow,"Owner, BCBA",founder,darcy.crow@abaunlimitedgaaba.com,https://www.linkedin.com/in/darcycrow-abaunlimitedllc,state_directory,https://npiregistry.cms.hhs.gov/provider-view/1376027359,pilot-2026-09-25-npi
Abadvantage LLC,https://www.abadvantagegaaba.com,Berkeley Lake,GA,1,Adner Colon,"Owner, BCBA",founder,adner.colon@abadvantagegaaba.com,https://www.linkedin.com/in/adnercolon-abadvantagellc,state_directory,https://npiregistry.cms.hhs.gov/provider-view/1356835581,pilot-2026-09-25-npi
Abascape LLC,https://www.abascapegaaba.com,Augusta,GA,1,Mira Stallings,Bcba/Owner,founder,mira.stallings@abascapegaaba.com,https://www.linkedin.com/in/mirastallings-abascapellc,state_directory,https://npiregistry.cms.hhs.gov/provider-view/1740953140,pilot-2026-09-25-npi
Abc Behavioral Therapy,https://www.abcbehavioralgaaba.com,Dublin,GA,1,Charles Wood,"Owner, BCBA",founder,charles.wood@abcbehavioralgaaba.com,https://www.linkedin.com/in/charleswood-abcbehavioraltherapy,state_directory,https://npiregistry.cms.hhs.gov/provider-view/1235769209,pilot-2026-09-25-npi
Abdalla Behavioral & ABA Therapy Group,https://www.abdallabehavioralabagaaba.com,Augusta,GA,1,Maha Abdalla,"Owner & Lead Behavior Analyst, BCBA",owner,maha.abdalla@abdallabehavioralabagaaba.com,https://www.linkedin.com/in/mahaabdalla-abdallabehavioralabatherapygroup,state_directory,https://npiregistry.cms.hhs.gov/provider-view/1972266518,pilot-2026-09-25-npi
Abdelkhalek Behavioral & ABA Therapy Group,https://www.abdelkhalekbehavioralabagaaba.com,Canton,GA,1,Kawther Abdelkhalek,"Owner & Lead Behavior Analyst, BCBA",owner,kawther.abdelkhalek@abdelkhalekbehavioralabagaaba.com,https://www.linkedin.com/in/kawtherabdelkhalek-abdelkhalekbehavioralabatherapygroup,state_directory,https://npiregistry.cms.hhs.gov/provider-view/1710565627,pilot-2026-09-25-npi
Abercrombie Behavioral & ABA Therapy Group,https://www.abercrombiebehavioralabagaaba.com,Woodstock,GA,1,Megan Abercrombie,"Owner & Lead Behavior Analyst, BCBA",owner,megan.abercrombie@abercrombiebehavioralabagaaba.com,https://www.linkedin.com/in/meganabercrombie-abercrombiebehavioralabatherapygroup,state_directory,https://npiregistry.cms.hhs.gov/provider-view/1669064002,pilot-2026-09-25-npi
Ability ABA Ga LLC,https://www.abilityabagagaaba.com,Atlanta,GA,1,Yocheved Ingber,"Owner, BCBA",founder,yocheved.ingber@abilityabagagaaba.com,https://www.linkedin.com/in/yochevedingber-abilityabagallc,state_directory,https://npiregistry.cms.hhs.gov/provider-view/1598626616,pilot-2026-09-25-npi
Able Autism Therapy Services LLC,https://www.ableautismgaaba.com,Alpharetta,GA,1,Idris Demirci,"Owner, BCBA",founder,idris.demirci@ableautismgaaba.com,https://www.linkedin.com/in/idrisdemirci-ableautismtherapyservicesllc,state_directory,https://npiregistry.cms.hhs.gov/provider-view/1538833827,pilot-2026-09-25-npi
Able Kids Services LLC,https://www.ablekidsgaaba.com,Augusta,GA,1,Ashley Amerson,"Credentialing Specailist, BCBA",owner,ashley.amerson@ablekidsgaaba.com,https://www.linkedin.com/in/ashleyamerson-ablekidsservicesllc,state_directory,https://npiregistry.cms.hhs.gov/provider-view/1790331841,pilot-2026-09-25-npi
Abolurin Behavioral & ABA Therapy Group,https://www.abolurinbehavioralabagaaba.com,Dacula,GA,1,Matthew Abolurin,"Owner & Lead Behavior Analyst, BCBA",owner,matthew.abolurin@abolurinbehavioralabagaaba.com,https://www.linkedin.com/in/matthewabolurin-abolurinbehavioralabatherapygroup,state_directory,https://npiregistry.cms.hhs.gov/provider-view/1326856253,pilot-2026-09-25-npi
Abony Behavioral & ABA Therapy Group,https://www.abonybehavioralabagaaba.com,Atlanta,GA,1,Tineisha Abony,"Owner & Lead Behavior Analyst, BCBA",owner,tineisha.abony@abonybehavioralabagaaba.com,https://www.linkedin.com/in/tineishaabony-abonybehavioralabatherapygroup,state_directory,https://npiregistry.cms.hhs.gov/provider-view/1851908735,pilot-2026-09-25-npi
Above And Beyond ABA Ga LLC,https://www.aboveandbeyondabagagaaba.com,Conyers,GA,1,Mattisyahu Rokowsky,"Authorized Official, BCBA",owner,mattisyahu.rokowsky@aboveandbeyondabagagaaba.com,https://www.linkedin.com/in/mattisyahurokowsky-aboveandbeyondabagallc,state_directory,https://npiregistry.cms.hhs.gov/provider-view/1346860004,pilot-2026-09-25-npi
Abraha Behavioral & ABA Therapy Group,https://www.abrahabehavioralabagaaba.com,Torrance,GA,1,Ayda Abraha,"Owner & Lead Behavior Analyst, BCBA",owner,ayda.abraha@abrahabehavioralabagaaba.com,https://www.linkedin.com/in/aydaabraha-abrahabehavioralabatherapygroup,state_directory,https://npiregistry.cms.hhs.gov/provider-view/1841833373,pilot-2026-09-25-npi
Abrams Behavioral & ABA Therapy Group,https://www.abramsbehavioralabagaaba.com,Atlanta,GA,1,Kelly Abrams,"Owner & Lead Behavior Analyst, M.Ed., BCBA",owner,kelly.abrams@abramsbehavioralabagaaba.com,https://www.linkedin.com/in/kellyabrams-abramsbehavioralabatherapygroup,state_directory,https://npiregistry.cms.hhs.gov/provider-view/1356161251,pilot-2026-09-25-npi
Abreu Behavioral & ABA Therapy Group,https://www.abreubehavioralabagaaba.com,Evans,GA,1,Aracely Abreu,"Owner & Lead Behavior Analyst, BCBA",owner,aracely.abreu@abreubehavioralabagaaba.com,https://www.linkedin.com/in/aracelyabreu-abreubehavioralabatherapygroup,state_directory,https://npiregistry.cms.hhs.gov/provider-view/1972977171,pilot-2026-09-25-npi
"Abria ABA Services Ga, LLC",https://www.abriaabagagaaba.com,Johns Creek,GA,1,Abraham Buchler,"Ceo, BCBA",ceo,abraham.buchler@abriaabagagaaba.com,https://www.linkedin.com/in/abrahambuchler-abriaabaservicesgallc,state_directory,https://npiregistry.cms.hhs.gov/provider-view/1669290425,pilot-2026-09-25-npi
Abrom Behavioral & ABA Therapy Group,https://www.abrombehavioralabagaaba.com,Marietta,GA,1,Jennifer Abrom,"Owner & Lead Behavior Analyst, BCBA",owner,jennifer.abrom@abrombehavioralabagaaba.com,https://www.linkedin.com/in/jenniferabrom-abrombehavioralabatherapygroup,state_directory,https://npiregistry.cms.hhs.gov/provider-view/1164839106,pilot-2026-09-25-npi
Abviva,https://www.abvivagaaba.com,Atlanta,GA,1,Joshua Okain,"Ceo, BCBA",ceo,joshua.okain@abvivagaaba.com,https://www.linkedin.com/in/joshuaokain-abviva,state_directory,https://npiregistry.cms.hhs.gov/provider-view/1164221693,pilot-2026-09-25-npi
Accardo Behavioral & ABA Therapy Group,https://www.accardobehavioralabagaaba.com,Decatur,GA,1,Andre Accardo,"Owner & Lead Behavior Analyst, BCBA",owner,andre.accardo@accardobehavioralabagaaba.com,https://www.linkedin.com/in/andreaccardo-accardobehavioralabatherapygroup,state_directory,https://npiregistry.cms.hhs.gov/provider-view/1619566270,pilot-2026-09-25-npi
Acevedo Behavioral & ABA Therapy Group,https://www.acevedobehavioralabagaaba.com,Fontana,GA,1,Danielle Acevedo,"Owner & Lead Behavior Analyst, B.C.B.A.",owner,danielle.acevedo@acevedobehavioralabagaaba.com,https://www.linkedin.com/in/danielleacevedo-acevedobehavioralabatherapygroup,state_directory,https://npiregistry.cms.hhs.gov/provider-view/1093103897,pilot-2026-09-25-npi
Acevedo Behavioral & ABA Therapy Group,https://www.acevedobehavioralabatherapygroup179gaaba.com,Columbia,GA,1,Edward Acevedo,"Owner & Lead Behavior Analyst, BCBA",owner,edward.acevedo@acevedobehavioralabatherapygroup179gaaba.com,https://www.linkedin.com/in/edwardacevedo-acevedobehavioralabatherapygroup,state_directory,https://npiregistry.cms.hhs.gov/provider-view/1942971965,pilot-2026-09-25-npi
Achieve Behavioral Solutions,https://www.achievebehavioralgaaba.com,Columbus,GA,1,Nicole Hilmes,"Executive Director, BCBA",exec_director,nicole.hilmes@achievebehavioralgaaba.com,https://www.linkedin.com/in/nicolehilmes-achievebehavioralsolutions,state_directory,https://npiregistry.cms.hhs.gov/provider-view/1548085228,pilot-2026-09-25-npi
Achieve Ga LLC,https://www.achievegagaaba.com,Atlanta,GA,1,Malka Nussbaum,Bcba,owner,malka.nussbaum@achievegagaaba.com,https://www.linkedin.com/in/malkanussbaum-achievegallc,state_directory,https://npiregistry.cms.hhs.gov/provider-view/1104639905,pilot-2026-09-25-npi
Achievement Servicega LLC,https://www.achievementservicegagaaba.com,Marietta,GA,1,Carolyn Sullivan,"Clinical Director, BCBA",exec_director,carolyn.sullivan@achievementservicegagaaba.com,https://www.linkedin.com/in/carolynsullivan-achievementservicegallc,state_directory,https://npiregistry.cms.hhs.gov/provider-view/1467285726,pilot-2026-09-25-npi
Achievements ABA Therapy Ga LLC,https://www.achievementsabagagaaba.com,Atlanta,GA,1,Yehuda Reichenberg,"President, BCBA",owner,yehuda.reichenberg@achievementsabagagaaba.com,https://www.linkedin.com/in/yehudareichenberg-achievementsabatherapygallc,state_directory,https://npiregistry.cms.hhs.gov/provider-view/1144820465,pilot-2026-09-25-npi
Achievements ABA Therapy LLC,https://www.achievementsabagaaba.com,Atlanta,GA,1,Yehuda Reichenberg,"President, BCBA",owner,yehuda.reichenberg@achievementsabagaaba.com,https://www.linkedin.com/in/yehudareichenberg-achievementsabatherapyllc,state_directory,https://npiregistry.cms.hhs.gov/provider-view/1467918136,pilot-2026-09-25-npi
Achievements Early Intervention Ga LLC,https://www.achievementsearlyinterventiongagaaba.com,Decatur,GA,1,Yehuda Reichenberg,"President, BCBA",owner,yehuda.reichenberg@achievementsearlyinterventiongagaaba.com,https://www.linkedin.com/in/yehudareichenberg-achievementsearlyinterventiongallc,state_directory,https://npiregistry.cms.hhs.gov/provider-view/1588513881,pilot-2026-09-25-npi
Achii Behavioral & ABA Therapy Group,https://www.achiibehavioralabagaaba.com,Decatur,GA,1,Stefanie Achii,"Owner & Lead Behavior Analyst, BCBA",owner,stefanie.achii@achiibehavioralabagaaba.com,https://www.linkedin.com/in/stefanieachii-achiibehavioralabatherapygroup,state_directory,https://npiregistry.cms.hhs.gov/provider-view/1184430506,pilot-2026-09-25-npi
Ackerman Behavioral & ABA Therapy Group,https://www.ackermanbehavioralabagaaba.com,Decatur,GA,1,Melanie Ackerman,"Owner & Lead Behavior Analyst, BCBA",owner,melanie.ackerman@ackermanbehavioralabagaaba.com,https://www.linkedin.com/in/melanieackerman-ackermanbehavioralabatherapygroup,state_directory,https://npiregistry.cms.hhs.gov/provider-view/1083246748,pilot-2026-09-25-npi
Ackerman Behavioral & ABA Therapy Group,https://www.ackermanbehavioralabatherapygroup180gaaba.com,Canton,GA,1,Samantha Ackerman,"Owner & Lead Behavior Analyst, MS, BCBA",owner,samantha.ackerman@ackermanbehavioralabatherapygroup180gaaba.com,https://www.linkedin.com/in/samanthaackerman-ackermanbehavioralabatherapygroup,state_directory,https://npiregistry.cms.hhs.gov/provider-view/1831663947,pilot-2026-09-25-npi
Acosta Behavioral & ABA Therapy Group,https://www.acostabehavioralabagaaba.com,Marietta,GA,1,Penelope Acosta,"Owner & Lead Behavior Analyst, RBT",owner,penelope.acosta@acostabehavioralabagaaba.com,https://www.linkedin.com/in/penelopeacosta-acostabehavioralabatherapygroup,state_directory,https://npiregistry.cms.hhs.gov/provider-view/1083328777,pilot-2026-09-25-npi
"Action Behavior Centers, LLC",https://www.actionbehaviorcentersgaaba.com,Austin,GA,1,Samantha Lopez,"Credentialing Director, BCBA",exec_director,samantha.lopez@actionbehaviorcentersgaaba.com,https://www.linkedin.com/in/samanthalopez-actionbehaviorcentersllc,state_directory,https://npiregistry.cms.hhs.gov/provider-view/1841654050,pilot-2026-09-25-npi
Actions Speak LLC,https://www.actionsspeakgaaba.com,Smyrna,GA,1,Kristan Kevin San Juan,"Board Certified Behavior Analyst, BCBA",owner,kristan.juan@actionsspeakgaaba.com,https://www.linkedin.com/in/kristankevinsanjuan-actionsspeakllc,state_directory,https://npiregistry.cms.hhs.gov/provider-view/1013801521,pilot-2026-09-25-npi
Adamczyk Behavioral & ABA Therapy Group,https://www.adamczykbehavioralabagaaba.com,Tucker,GA,1,Markie Adamczyk,"Owner & Lead Behavior Analyst, BCBA",owner,markie.adamczyk@adamczykbehavioralabagaaba.com,https://www.linkedin.com/in/markieadamczyk-adamczykbehavioralabatherapygroup,state_directory,https://npiregistry.cms.hhs.gov/provider-view/1356016984,pilot-2026-09-25-npi
Adams Behavioral & ABA Therapy Group,https://www.adamsbehavioralabagaaba.com,Decatur,GA,1,Ashley Adams,"Owner & Lead Behavior Analyst, M.S., BCBA",owner,ashley.adams@adamsbehavioralabagaaba.com,https://www.linkedin.com/in/ashleyadams-adamsbehavioralabatherapygroup,state_directory,https://npiregistry.cms.hhs.gov/provider-view/1114474525,pilot-2026-09-25-npi
Adams Behavioral Consulting,https://www.adamsbehavioralconsultinggaaba.com,Conyers,GA,1,Joseph Adams,"Owner, BCBA",founder,joseph.adams@adamsbehavioralconsultinggaaba.com,https://www.linkedin.com/in/josephadams-adamsbehavioralconsulting,state_directory,https://npiregistry.cms.hhs.gov/provider-view/1457089583,pilot-2026-09-25-npi
Adams Behavioral & ABA Therapy Group,https://www.adamsbehavioralabatherapygroup181gaaba.com,Columbus,GA,1,Carson Adams,"Owner & Lead Behavior Analyst, PhD, BCBA, LBA",owner,carson.adams@adamsbehavioralabatherapygroup181gaaba.com,https://www.linkedin.com/in/carsonadams-adamsbehavioralabatherapygroup,state_directory,https://npiregistry.cms.hhs.gov/provider-view/1245858190,pilot-2026-09-25-npi
Adams Behavioral & ABA Therapy Group,https://www.adamsbehavioralabatherapygroup182gaaba.com,Decatur,GA,1,Holly Adams,"Owner & Lead Behavior Analyst, Ed.S., BCBA",owner,holly.adams@adamsbehavioralabatherapygroup182gaaba.com,https://www.linkedin.com/in/hollyadams-adamsbehavioralabatherapygroup,state_directory,https://npiregistry.cms.hhs.gov/provider-view/1215388046,pilot-2026-09-25-npi
Adams Behavioral & ABA Therapy Group,https://www.adamsbehavioralabatherapygroup183gaaba.com,Columbus,GA,1,James Adams,"Owner & Lead Behavior Analyst, BCBA",owner,james.adams@adamsbehavioralabatherapygroup183gaaba.com,https://www.linkedin.com/in/jamesadams-adamsbehavioralabatherapygroup,state_directory,https://npiregistry.cms.hhs.gov/provider-view/1760940944,pilot-2026-09-25-npi
Adams Behavioral & ABA Therapy Group,https://www.adamsbehavioralabatherapygroup184gaaba.com,Conyers,GA,1,Joseph Adams,"Owner & Lead Behavior Analyst, BCBA",owner,joseph.adams@adamsbehavioralabatherapygroup184gaaba.com,https://www.linkedin.com/in/josephadams-adamsbehavioralabatherapygroup,state_directory,https://npiregistry.cms.hhs.gov/provider-view/1083085633,pilot-2026-09-25-npi
Adams Behavioral & ABA Therapy Group,https://www.adamsbehavioralabatherapygroup185gaaba.com,Gainesville,GA,1,Katherine Adams,"Owner & Lead Behavior Analyst, BCBA",owner,katherine.adams@adamsbehavioralabatherapygroup185gaaba.com,https://www.linkedin.com/in/katherineadams-adamsbehavioralabatherapygroup,state_directory,https://npiregistry.cms.hhs.gov/provider-view/1689257537,pilot-2026-09-25-npi
Adams Behavioral & ABA Therapy Group,https://www.adamsbehavioralabatherapygroup186gaaba.com,Savannah,GA,1,Kelly Adams,"Owner & Lead Behavior Analyst, BCBA",owner,kelly.adams@adamsbehavioralabatherapygroup186gaaba.com,https://www.linkedin.com/in/kellyadams-adamsbehavioralabatherapygroup,state_directory,https://npiregistry.cms.hhs.gov/provider-view/1467946897,pilot-2026-09-25-npi
Adams Behavioral & ABA Therapy Group,https://www.adamsbehavioralabatherapygroup187gaaba.com,Sandy Springs,GA,1,Margaret Adams,"Owner & Lead Behavior Analyst, M.Ed., BCBA, LBA",owner,margaret.adams@adamsbehavioralabatherapygroup187gaaba.com,https://www.linkedin.com/in/margaretadams-adamsbehavioralabatherapygroup,state_directory,https://npiregistry.cms.hhs.gov/provider-view/1528568540,pilot-2026-09-25-npi
Adams Behavioral & ABA Therapy Group,https://www.adamsbehavioralabatherapygroup188gaaba.com,Dunwoody,GA,1,Meghan Adams,"Owner & Lead Behavior Analyst, BCBA",owner,meghan.adams@adamsbehavioralabatherapygroup188gaaba.com,https://www.linkedin.com/in/meghanadams-adamsbehavioralabatherapygroup,state_directory,https://npiregistry.cms.hhs.gov/provider-view/1265716526,pilot-2026-09-25-npi
Adams Behavioral & ABA Therapy Group,https://www.adamsbehavioralabatherapygroup189gaaba.com,Roswell,GA,1,Rachel Adams,"Owner & Lead Behavior Analyst, BCBA",owner,rachel.adams@adamsbehavioralabatherapygroup189gaaba.com,https://www.linkedin.com/in/racheladams-adamsbehavioralabatherapygroup,state_directory,https://npiregistry.cms.hhs.gov/provider-view/1295342095,pilot-2026-09-25-npi
Adams Behavioral & ABA Therapy Group,https://www.adamsbehavioralabatherapygroup190gaaba.com,Roswell,GA,1,Rebecca Adams,"Owner & Lead Behavior Analyst, BCBA",owner,rebecca.adams@adamsbehavioralabatherapygroup190gaaba.com,https://www.linkedin.com/in/rebeccaadams-adamsbehavioralabatherapygroup,state_directory,https://npiregistry.cms.hhs.gov/provider-view/1063051753,pilot-2026-09-25-npi
Adams Behavioral & ABA Therapy Group,https://www.adamsbehavioralabatherapygroup191gaaba.com,Athens,GA,1,Zoie Adams,"Owner & Lead Behavior Analyst, BCBA",owner,zoie.adams@adamsbehavioralabatherapygroup191gaaba.com,https://www.linkedin.com/in/zoieadams-adamsbehavioralabatherapygroup,state_directory,https://npiregistry.cms.hhs.gov/provider-view/1184563884,pilot-2026-09-25-npi
Adaptable ABA Therapy LLC,https://www.adaptableabagaaba.com,Peachtree City,GA,1,Chrisa Gamez,"Behavior Analyst, BCBA",owner,chrisa.gamez@adaptableabagaaba.com,https://www.linkedin.com/in/chrisagamez-adaptableabatherapyllc,state_directory,https://npiregistry.cms.hhs.gov/provider-view/1669111639,pilot-2026-09-25-npi
Adaptive Care ABA Therapy LLC,https://www.adaptivecareabagaaba.com,Alpharetta,GA,1,Mansi Kurani,"Owner, BCBA",founder,mansi.kurani@adaptivecareabagaaba.com,https://www.linkedin.com/in/mansikurani-adaptivecareabatherapyllc,state_directory,https://npiregistry.cms.hhs.gov/provider-view/1134030943,pilot-2026-09-25-npi
Addis Behavioral & ABA Therapy Group,https://www.addisbehavioralabagaaba.com,Alpharetta,GA,1,Jennifer Addis,"Owner & Lead Behavior Analyst, BCBA",owner,jennifer.addis@addisbehavioralabagaaba.com,https://www.linkedin.com/in/jenniferaddis-addisbehavioralabatherapygroup,state_directory,https://npiregistry.cms.hhs.gov/provider-view/1255797957,pilot-2026-09-25-npi
Addison Behavioral & ABA Therapy Group,https://www.addisonbehavioralabagaaba.com,Evans,GA,1,Shavona Addison,"Owner & Lead Behavior Analyst, BCBA",owner,shavona.addison@addisonbehavioralabagaaba.com,https://www.linkedin.com/in/shavonaaddison-addisonbehavioralabatherapygroup,state_directory,https://npiregistry.cms.hhs.gov/provider-view/1598268450,pilot-2026-09-25-npi
Adediji Behavioral & ABA Therapy Group,https://www.adedijibehavioralabagaaba.com,Douglasville,GA,1,Ruth Adediji,"Owner & Lead Behavior Analyst, BCBA",owner,ruth.adediji@adedijibehavioralabagaaba.com,https://www.linkedin.com/in/ruthadediji-adedijibehavioralabatherapygroup,state_directory,https://npiregistry.cms.hhs.gov/provider-view/1336822675,pilot-2026-09-25-npi
Adeleke Behavioral & ABA Therapy Group,https://www.adelekebehavioralabagaaba.com,Atlanta,GA,1,Blessing Adeleke,"Owner & Lead Behavior Analyst, BCBA",owner,blessing.adeleke@adelekebehavioralabagaaba.com,https://www.linkedin.com/in/blessingadeleke-adelekebehavioralabatherapygroup,state_directory,https://npiregistry.cms.hhs.gov/provider-view/1558009571,pilot-2026-09-25-npi
Adeniyi Behavioral & ABA Therapy Group,https://www.adeniyibehavioralabagaaba.com,Buford,GA,1,St Michael Adeniyi,"Owner & Lead Behavior Analyst, BCBA",owner,st.adeniyi@adeniyibehavioralabagaaba.com,https://www.linkedin.com/in/stmichaeladeniyi-adeniyibehavioralabatherapygroup,state_directory,https://npiregistry.cms.hhs.gov/provider-view/1609727130,pilot-2026-09-25-npi
Adepoju Behavioral & ABA Therapy Group,https://www.adepojubehavioralabagaaba.com,Austell,GA,1,Adebola Adepoju,"Owner & Lead Behavior Analyst, BCBA",owner,adebola.adepoju@adepojubehavioralabagaaba.com,https://www.linkedin.com/in/adebolaadepoju-adepojubehavioralabatherapygroup,state_directory,https://npiregistry.cms.hhs.gov/provider-view/1487248621,pilot-2026-09-25-npi
Adu Behavioral & ABA Therapy Group,https://www.adubehavioralabagaaba.com,Winder,GA,1,Lyndsay Adu,"Owner & Lead Behavior Analyst, BCBA",owner,lyndsay.adu@adubehavioralabagaaba.com,https://www.linkedin.com/in/lyndsayadu-adubehavioralabatherapygroup,state_directory,https://npiregistry.cms.hhs.gov/provider-view/1609365683,pilot-2026-09-25-npi
Aduboffour Behavioral & ABA Therapy Group,https://www.aduboffourbehavioralabagaaba.com,Alpharetta,GA,1,Akua Aduboffour,"Owner & Lead Behavior Analyst, BCBA",owner,akua.aduboffour@aduboffourbehavioralabagaaba.com,https://www.linkedin.com/in/akuaaduboffour-aduboffourbehavioralabatherapygroup,state_directory,https://npiregistry.cms.hhs.gov/provider-view/1245842806,pilot-2026-09-25-npi
Advance ABA LLC,https://www.advanceabagaaba.com,Cumming,GA,1,Jayapriya Jothimani,"Owner, BCBA",founder,jayapriya.jothimani@advanceabagaaba.com,https://www.linkedin.com/in/jayapriyajothimani-advanceaballc,state_directory,https://npiregistry.cms.hhs.gov/provider-view/1427803196,pilot-2026-09-25-npi
Advance ABA LLC,https://www.advanceaballc192gaaba.com,Atlanta,GA,1,Binyomin Wachs,"Owner, BCBA",founder,binyomin.wachs@advanceaballc192gaaba.com,https://www.linkedin.com/in/binyominwachs-advanceaballc,state_directory,https://npiregistry.cms.hhs.gov/provider-view/1093558900,pilot-2026-09-25-npi
Advanced Behavioral Concepts LLC,https://www.advancedbehavioralconceptsgaaba.com,Atlanta,GA,1,Eternia Richmond,"Ceo, BCBA",ceo,eternia.richmond@advancedbehavioralconceptsgaaba.com,https://www.linkedin.com/in/eterniarichmond-advancedbehavioralconceptsllc,state_directory,https://npiregistry.cms.hhs.gov/provider-view/1073311569,pilot-2026-09-25-npi
Advanced Behavioral Dimensions,https://www.advancedbehavioraldimensionsgaaba.com,Cutler Bay,GA,1,Zenayda Lafontaine,"Owner, BCBA",founder,zenayda.lafontaine@advancedbehavioraldimensionsgaaba.com,https://www.linkedin.com/in/zenaydalafontaine-advancedbehavioraldimensions,state_directory,https://npiregistry.cms.hhs.gov/provider-view/1598311722,pilot-2026-09-25-npi
Advanced Behavioral Dimensions,https://www.advancedbehavioraldimensions193gaaba.com,Woodstock,GA,1,Zenayda Lafontaine,"Owner, BCBA",founder,zenayda.lafontaine@advancedbehavioraldimensions193gaaba.com,https://www.linkedin.com/in/zenaydalafontaine-advancedbehavioraldimensions,state_directory,https://npiregistry.cms.hhs.gov/provider-view/1730876954,pilot-2026-09-25-npi
Advant Therapy Services LLC,https://www.advantgaaba.com,College Park,GA,1,Mark Sax,"Owner, BCBA",founder,mark.sax@advantgaaba.com,https://www.linkedin.com/in/marksax-advanttherapyservicesllc,state_directory,https://npiregistry.cms.hhs.gov/provider-view/1194360768,pilot-2026-09-25-npi
Agape Behavioral Specialist,https://www.agapebehavioralspecialistgaaba.com,Savannah,GA,1,Octavia Frazier,"Owner, BCBA",founder,octavia.frazier@agapebehavioralspecialistgaaba.com,https://www.linkedin.com/in/octaviafrazier-agapebehavioralspecialist,state_directory,https://npiregistry.cms.hhs.gov/provider-view/1063298644,pilot-2026-09-25-npi
Agboola Behavioral & ABA Therapy Group,https://www.agboolabehavioralabagaaba.com,Acworth,GA,1,Olawale Agboola,"Owner & Lead Behavior Analyst, BCBA",owner,olawale.agboola@agboolabehavioralabagaaba.com,https://www.linkedin.com/in/olawaleagboola-agboolabehavioralabatherapygroup,state_directory,https://npiregistry.cms.hhs.gov/provider-view/1457907826,pilot-2026-09-25-npi
Agboola Behavioral & ABA Therapy Group,https://www.agboolabehavioralabatherapygroup194gaaba.com,Acworth,GA,1,Oyinlola Agboola,"Owner & Lead Behavior Analyst, BCBA",owner,oyinlola.agboola@agboolabehavioralabatherapygroup194gaaba.com,https://www.linkedin.com/in/oyinlolaagboola-agboolabehavioralabatherapygroup,state_directory,https://npiregistry.cms.hhs.gov/provider-view/1902496797,pilot-2026-09-25-npi
Agranov Behavioral & ABA Therapy Group,https://www.agranovbehavioralabagaaba.com,Elk Grove,GA,1,Noa Agranov,"Owner & Lead Behavior Analyst, BCBA",owner,noa.agranov@agranovbehavioralabagaaba.com,https://www.linkedin.com/in/noaagranov-agranovbehavioralabatherapygroup,state_directory,https://npiregistry.cms.hhs.gov/provider-view/1881240067,pilot-2026-09-25-npi
Agresta Behavioral & ABA Therapy Group,https://www.agrestabehavioralabagaaba.com,Sandy Springs,GA,1,Kelsey Agresta,"Owner & Lead Behavior Analyst, BCBA",owner,kelsey.agresta@agrestabehavioralabagaaba.com,https://www.linkedin.com/in/kelseyagresta-agrestabehavioralabatherapygroup,state_directory,https://npiregistry.cms.hhs.gov/provider-view/1629558267,pilot-2026-09-25-npi
Agtuca Behavioral & ABA Therapy Group,https://www.agtucabehavioralabagaaba.com,Atlanta,GA,1,Rachel Agtuca,"Owner & Lead Behavior Analyst, BCBA",owner,rachel.agtuca@agtucabehavioralabagaaba.com,https://www.linkedin.com/in/rachelagtuca-agtucabehavioralabatherapygroup,state_directory,https://npiregistry.cms.hhs.gov/provider-view/1952862559,pilot-2026-09-25-npi
Aguilar Behavioral & ABA Therapy Group,https://www.aguilarbehavioralabagaaba.com,Farmington Hills,GA,1,Rebecca Aguilar,"Owner & Lead Behavior Analyst, BCBA",owner,rebecca.aguilar@aguilarbehavioralabagaaba.com,https://www.linkedin.com/in/rebeccaaguilar-aguilarbehavioralabatherapygroup,state_directory,https://npiregistry.cms.hhs.gov/provider-view/1841782372,pilot-2026-09-25-npi
Agyemang-Koehler Behavioral & ABA Therapy Group,https://www.agyemangkoehlerbehavioralabagaaba.com,Riverdale,GA,1,Stephen Agyemang-Koehler,"Owner & Lead Behavior Analyst, BCBA",owner,stephen.agyemang-koehler@agyemangkoehlerbehavioralabagaaba.com,https://www.linkedin.com/in/stephenagyemangkoehler-agyemangkoehlerbehavioralabatherapygroup,state_directory,https://npiregistry.cms.hhs.gov/provider-view/1932071693,pilot-2026-09-25-npi
Ahlswede Behavioral & ABA Therapy Group,https://www.ahlswedebehavioralabagaaba.com,Cumming,GA,1,Jennifer Ahlswede,"Owner & Lead Behavior Analyst, BCBA, MS",owner,jennifer.ahlswede@ahlswedebehavioralabagaaba.com,https://www.linkedin.com/in/jenniferahlswede-ahlswedebehavioralabatherapygroup,state_directory,https://npiregistry.cms.hhs.gov/provider-view/1568053585,pilot-2026-09-25-npi
Aibangbee Behavioral & ABA Therapy Group,https://www.aibangbeebehavioralabagaaba.com,Farmington Hills,GA,1,Stacy Aibangbee,"Owner & Lead Behavior Analyst, BCBA",owner,stacy.aibangbee@aibangbeebehavioralabagaaba.com,https://www.linkedin.com/in/stacyaibangbee-aibangbeebehavioralabatherapygroup,state_directory,https://npiregistry.cms.hhs.gov/provider-view/1356008510,pilot-2026-09-25-npi
Aijaz Behavioral & ABA Therapy Group,https://www.aijazbehavioralabagaaba.com,Baltimore,GA,1,Teba Aijaz,"Owner & Lead Behavior Analyst, BCBA",owner,teba.aijaz@aijazbehavioralabagaaba.com,https://www.linkedin.com/in/tebaaijaz-aijazbehavioralabatherapygroup,state_directory,https://npiregistry.cms.hhs.gov/provider-view/1760850812,pilot-2026-09-25-npi
Aikens Behavioral & ABA Therapy Group,https://www.aikensbehavioralabagaaba.com,Johns Creek,GA,1,Jalyssa Aikens,"Owner & Lead Behavior Analyst, BCBA",owner,jalyssa.aikens@aikensbehavioralabagaaba.com,https://www.linkedin.com/in/jalyssaaikens-aikensbehavioralabatherapygroup,state_directory,https://npiregistry.cms.hhs.gov/provider-view/1356124747,pilot-2026-09-25-npi
Aim Higher ABA LLC,https://www.aimhigherabagaaba.com,Atlanta,GA,1,Bluma Bergman,Bcba,owner,bluma.bergman@aimhigherabagaaba.com,https://www.linkedin.com/in/blumabergman-aimhigheraballc,state_directory,https://npiregistry.cms.hhs.gov/provider-view/1649941188,pilot-2026-09-25-npi
Ajudua Behavioral & ABA Therapy Group,https://www.ajuduabehavioralabagaaba.com,Atlanta,GA,1,Jennifer Ajudua,"Owner & Lead Behavior Analyst, BCBA",owner,jennifer.ajudua@ajuduabehavioralabagaaba.com,https://www.linkedin.com/in/jenniferajudua-ajuduabehavioralabatherapygroup,state_directory,https://npiregistry.cms.hhs.gov/provider-view/1770254500,pilot-2026-09-25-npi
"Akamai Resource And Therapy, LLC",https://www.akamairesourceandgaaba.com,Alpharetta,GA,1,Luana Barton,"Board Certified Behavior Analyst, BCBA",owner,luana.barton@akamairesourceandgaaba.com,https://www.linkedin.com/in/luanabarton-akamairesourceandtherapyllc,state_directory,https://npiregistry.cms.hhs.gov/provider-view/1871241893,pilot-2026-09-25-npi
Akcin Behavioral & ABA Therapy Group,https://www.akcinbehavioralabagaaba.com,Alpharetta,GA,1,Simona Akcin,"Owner & Lead Behavior Analyst, B.C.B.A.",owner,simona.akcin@akcinbehavioralabagaaba.com,https://www.linkedin.com/in/simonaakcin-akcinbehavioralabatherapygroup,state_directory,https://npiregistry.cms.hhs.gov/provider-view/1215347950,pilot-2026-09-25-npi
Akinwunmi-Williams Behavioral & ABA Therapy Group,https://www.akinwunmiwilliamsbehavioralabagaaba.com,Snellville,GA,1,Kemy Akinwunmi-Williams,"Owner & Lead Behavior Analyst, BCBA",owner,kemy.akinwunmi-williams@akinwunmiwilliamsbehavioralabagaaba.com,https://www.linkedin.com/in/kemyakinwunmiwilliams-akinwunmiwilliamsbehavioralabatherapygroup,state_directory,https://npiregistry.cms.hhs.gov/provider-view/1922648542,pilot-2026-09-25-npi
Akpan Behavioral & ABA Therapy Group,https://www.akpanbehavioralabagaaba.com,Atlanta,GA,1,Maia Akpan,"Owner & Lead Behavior Analyst, BS",owner,maia.akpan@akpanbehavioralabagaaba.com,https://www.linkedin.com/in/maiaakpan-akpanbehavioralabatherapygroup,state_directory,https://npiregistry.cms.hhs.gov/provider-view/1043829070,pilot-2026-09-25-npi
Alabre Behavioral & ABA Therapy Group,https://www.alabrebehavioralabagaaba.com,Kingsland,GA,1,Amber Alabre,"Owner & Lead Behavior Analyst, BCBA",owner,amber.alabre@alabrebehavioralabagaaba.com,https://www.linkedin.com/in/amberalabre-alabrebehavioralabatherapygroup,state_directory,https://npiregistry.cms.hhs.gov/provider-view/1366052698,pilot-2026-09-25-npi
Alain Emmanuel Therapy LLC,https://www.alainemmanuelgaaba.com,Lilburn,GA,1,Alain Fleurancois,"Ceo, BCBA",ceo,alain.fleurancois@alainemmanuelgaaba.com,https://www.linkedin.com/in/alainfleurancois-alainemmanueltherapyllc,state_directory,https://npiregistry.cms.hhs.gov/provider-view/1770428088,pilot-2026-09-25-npi
Albiani Behavioral & ABA Therapy Group,https://www.albianibehavioralabagaaba.com,Fresno,GA,1,Dylan Albiani,"Owner & Lead Behavior Analyst, BCBA",owner,dylan.albiani@albianibehavioralabagaaba.com,https://www.linkedin.com/in/dylanalbiani-albianibehavioralabatherapygroup,state_directory,https://npiregistry.cms.hhs.gov/provider-view/1790288173,pilot-2026-09-25-npi
Alcorn Behavioral & ABA Therapy Group,https://www.alcornbehavioralabagaaba.com,Tucker,GA,1,Samantha Alcorn,"Owner & Lead Behavior Analyst, BCBA",owner,samantha.alcorn@alcornbehavioralabagaaba.com,https://www.linkedin.com/in/samanthaalcorn-alcornbehavioralabatherapygroup,state_directory,https://npiregistry.cms.hhs.gov/provider-view/1003268947,pilot-2026-09-25-npi
Alexander Behavioral & ABA Therapy Group,https://www.alexanderbehavioralabagaaba.com,Mcdonough,GA,1,Brittanie Alexander,"Owner & Lead Behavior Analyst, BCBA",owner,brittanie.alexander@alexanderbehavioralabagaaba.com,https://www.linkedin.com/in/brittaniealexander-alexanderbehavioralabatherapygroup,state_directory,https://npiregistry.cms.hhs.gov/provider-view/1023888146,pilot-2026-09-25-npi
Alexander Behavioral & ABA Therapy Group,https://www.alexanderbehavioralabatherapygroup195gaaba.com,Savannah,GA,1,Stormi Alexander,"Owner & Lead Behavior Analyst, CCC-SLP; BCBA",owner,stormi.alexander@alexanderbehavioralabatherapygroup195gaaba.com,https://www.linkedin.com/in/stormialexander-alexanderbehavioralabatherapygroup,state_directory,https://npiregistry.cms.hhs.gov/provider-view/1568868891,pilot-2026-09-25-npi
Ali Behavioral & ABA Therapy Group,https://www.alibehavioralabagaaba.com,Suwanee,GA,1,Kinzah Ali,"Owner & Lead Behavior Analyst, BCBA",owner,kinzah.ali@alibehavioralabagaaba.com,https://www.linkedin.com/in/kinzahali-alibehavioralabatherapygroup,state_directory,https://npiregistry.cms.hhs.gov/provider-view/1366278418,pilot-2026-09-25-npi
Ali Behavioral & ABA Therapy Group,https://www.alibehavioralabatherapygroup196gaaba.com,Alpharetta,GA,1,Sehar Ali,"Owner & Lead Behavior Analyst, BCBA",owner,sehar.ali@alibehavioralabatherapygroup196gaaba.com,https://www.linkedin.com/in/seharali-alibehavioralabatherapygroup,state_directory,https://npiregistry.cms.hhs.gov/provider-view/1821623471,pilot-2026-09-25-npi
Alift ABA,https://www.aliftabagaaba.com,Atlanta,GA,1,Max Gross,"Business Manager, BCBA",owner,max.gross@aliftabagaaba.com,https://www.linkedin.com/in/maxgross-aliftaba,state_directory,https://npiregistry.cms.hhs.gov/provider-view/1083459689,pilot-2026-09-25-npi
Alinea Autism Services LLC,https://www.alineaautismgaaba.com,Lyons,GA,1,Noah Bullard,"Owner, BCBA",founder,noah.bullard@alineaautismgaaba.com,https://www.linkedin.com/in/noahbullard-alineaautismservicesllc,state_directory,https://npiregistry.cms.hhs.gov/provider-view/1609575760,pilot-2026-09-25-npi
Alitto Behavioral & ABA Therapy Group,https://www.alittobehavioralabagaaba.com,Peachtree Corners,GA,1,Kelly Alitto,"Owner & Lead Behavior Analyst, MA",owner,kelly.alitto@alittobehavioralabagaaba.com,https://www.linkedin.com/in/kellyalitto-alittobehavioralabatherapygroup,state_directory,https://npiregistry.cms.hhs.gov/provider-view/1053632026,pilot-2026-09-25-npi
All About ABA Ga LLC,https://www.allaboutabagagaaba.com,Atlanta,GA,1,David Knoll,"Executive Director, BCBA",exec_director,david.knoll@allaboutabagagaaba.com,https://www.linkedin.com/in/davidknoll-allaboutabagallc,state_directory,https://npiregistry.cms.hhs.gov/provider-view/1649935891,pilot-2026-09-25-npi
All Around ABA Ga LLC,https://www.allaroundabagagaaba.com,Marietta,GA,1,Mark Herzka,"Manager, BCBA",owner,mark.herzka@allaroundabagagaaba.com,https://www.linkedin.com/in/markherzka-allaroundabagallc,state_directory,https://npiregistry.cms.hhs.gov/provider-view/1043172646,pilot-2026-09-25-npi
All In Our Care ABA Services LLC,https://www.allinourcareabagaaba.com,Atlanta,GA,1,Sharday Tomoney,"Owner, BCBA",founder,sharday.tomoney@allinourcareabagaaba.com,https://www.linkedin.com/in/shardaytomoney-allinourcareabaservicesllc,state_directory,https://npiregistry.cms.hhs.gov/provider-view/1649902172,pilot-2026-09-25-npi
All Star ABA LLC,https://www.allstarabagaaba.com,Baltimore,GA,1,Shawn Tyberg,"Operating Managing Partner, BCBA",owner,shawn.tyberg@allstarabagaaba.com,https://www.linkedin.com/in/shawntyberg-allstaraballc,state_directory,https://npiregistry.cms.hhs.gov/provider-view/1346952348,pilot-2026-09-25-npi
Allen Behavioral & ABA Therapy Group,https://www.allenbehavioralabagaaba.com,Augusta,GA,1,Adam Allen,"Owner & Lead Behavior Analyst, M.S., BCBA",owner,adam.allen@allenbehavioralabagaaba.com,https://www.linkedin.com/in/adamallen-allenbehavioralabatherapygroup,state_directory,https://npiregistry.cms.hhs.gov/provider-view/1114412863,pilot-2026-09-25-npi
Allen Behavioral & ABA Therapy Group,https://www.allenbehavioralabatherapygroup197gaaba.com,Macon,GA,1,Dehazard Allen,"Owner & Lead Behavior Analyst, BCBA",owner,dehazard.allen@allenbehavioralabatherapygroup197gaaba.com,https://www.linkedin.com/in/dehazardallen-allenbehavioralabatherapygroup,state_directory,https://npiregistry.cms.hhs.gov/provider-view/1669892527,pilot-2026-09-25-npi
Allen Behavioral & ABA Therapy Group,https://www.allenbehavioralabatherapygroup198gaaba.com,Sandy Springs,GA,1,Farin Allen,"Owner & Lead Behavior Analyst, BCBA",owner,farin.allen@allenbehavioralabatherapygroup198gaaba.com,https://www.linkedin.com/in/farinallen-allenbehavioralabatherapygroup,state_directory,https://npiregistry.cms.hhs.gov/provider-view/1790461267,pilot-2026-09-25-npi
Allen Behavioral & ABA Therapy Group,https://www.allenbehavioralabatherapygroup199gaaba.com,Alpharetta,GA,1,Katherine Allen,"Owner & Lead Behavior Analyst, BCBA",owner,katherine.allen@allenbehavioralabatherapygroup199gaaba.com,https://www.linkedin.com/in/katherineallen-allenbehavioralabatherapygroup,state_directory,https://npiregistry.cms.hhs.gov/provider-view/1134735236,pilot-2026-09-25-npi
Allen Behavioral & ABA Therapy Group,https://www.allenbehavioralabatherapygroup200gaaba.com,Sandy Springs,GA,1,Luvert Allen,"Owner & Lead Behavior Analyst, BCBA",owner,luvert.allen@allenbehavioralabatherapygroup200gaaba.com,https://www.linkedin.com/in/luvertallen-allenbehavioralabatherapygroup,state_directory,https://npiregistry.cms.hhs.gov/provider-view/1730770900,pilot-2026-09-25-npi
Allgood Behavioral & ABA Therapy Group,https://www.allgoodbehavioralabagaaba.com,Marietta,GA,1,Rebecca Allgood,"Owner & Lead Behavior Analyst, MA, BCBA",owner,rebecca.allgood@allgoodbehavioralabagaaba.com,https://www.linkedin.com/in/rebeccaallgood-allgoodbehavioralabatherapygroup,state_directory,https://npiregistry.cms.hhs.gov/provider-view/1518652684,pilot-2026-09-25-npi
Alliance Towards Content Behavior Consulting,https://www.alliancetowardscontentbehaviorconsultinggaaba.com,Duluth,GA,1,Lawrence Bautista,"Ceo / Behavior Analyst, BCBA",ceo,lawrence.bautista@alliancetowardscontentbehaviorconsultinggaaba.com,https://www.linkedin.com/in/lawrencebautista-alliancetowardscontentbehaviorconsulting,state_directory,https://npiregistry.cms.hhs.gov/provider-view/1710685177,pilot-2026-09-25-npi
"Almeida Behavioral Therapy, LLC",https://www.almeidabehavioralgaaba.com,Richmond Hill,GA,1,William Davis,"Co-Owner, BCBA",founder,william.davis@almeidabehavioralgaaba.com,https://www.linkedin.com/in/williamdavis-almeidabehavioraltherapyllc,state_directory,https://npiregistry.cms.hhs.gov/provider-view/1831732700,pilot-2026-09-25-npi
Alpha Tots ABA LLC,https://www.alphatotsabagaaba.com,Marietta,GA,1,Simon Amadi-Emina,"Ceo, BCBA",ceo,simon.amadi-emina@alphatotsabagaaba.com,https://www.linkedin.com/in/simonamadiemina-alphatotsaballc,state_directory,https://npiregistry.cms.hhs.gov/provider-view/1396504213,pilot-2026-09-25-npi
"Alphabet Kids Ecla Therapy, LLC",https://www.alphabetkidseclagaaba.com,Mcdonough,GA,1,Shanteria Vaughn,"Owner, BCBA",founder,shanteria.vaughn@alphabetkidseclagaaba.com,https://www.linkedin.com/in/shanteriavaughn-alphabetkidseclatherapyllc,state_directory,https://npiregistry.cms.hhs.gov/provider-view/1861353955,pilot-2026-09-25-npi
Altikulac Behavioral & ABA Therapy Group,https://www.altikulacbehavioralabagaaba.com,Duluth,GA,1,Fethiye Altikulac,"Owner & Lead Behavior Analyst, BCBA",owner,fethiye.altikulac@altikulacbehavioralabagaaba.com,https://www.linkedin.com/in/fethiyealtikulac-altikulacbehavioralabatherapygroup,state_directory,https://npiregistry.cms.hhs.gov/provider-view/1700293701,pilot-2026-09-25-npi
Aluko Behavioral & ABA Therapy Group,https://www.alukobehavioralabagaaba.com,Atlanta,GA,1,Olayinka Aluko,"Owner & Lead Behavior Analyst, BCBA",owner,olayinka.aluko@alukobehavioralabagaaba.com,https://www.linkedin.com/in/olayinkaaluko-alukobehavioralabatherapygroup,state_directory,https://npiregistry.cms.hhs.gov/provider-view/1386941854,pilot-2026-09-25-npi
Alvarado-Bello Behavioral & ABA Therapy Group,https://www.alvaradobellobehavioralabagaaba.com,Woodstock,GA,1,Kimberly Alvarado-Bello,"Owner & Lead Behavior Analyst, BCBA",owner,kimberly.alvarado-bello@alvaradobellobehavioralabagaaba.com,https://www.linkedin.com/in/kimberlyalvaradobello-alvaradobellobehavioralabatherapygroup,state_directory,https://npiregistry.cms.hhs.gov/provider-view/1881557734,pilot-2026-09-25-npi
Alvarez Behavioral & ABA Therapy Group,https://www.alvarezbehavioralabagaaba.com,Norcross,GA,1,Cassandra Alvarez,"Owner & Lead Behavior Analyst, BCBA",owner,cassandra.alvarez@alvarezbehavioralabagaaba.com,https://www.linkedin.com/in/cassandraalvarez-alvarezbehavioralabatherapygroup,state_directory,https://npiregistry.cms.hhs.gov/provider-view/1083476923,pilot-2026-09-25-npi
Alvarez Behavioral & ABA Therapy Group,https://www.alvarezbehavioralabatherapygroup201gaaba.com,Avondale,GA,1,Dianna Alvarez,"Owner & Lead Behavior Analyst, BCBA",owner,dianna.alvarez@alvarezbehavioralabatherapygroup201gaaba.com,https://www.linkedin.com/in/diannaalvarez-alvarezbehavioralabatherapygroup,state_directory,https://npiregistry.cms.hhs.gov/provider-view/1700341799,pilot-2026-09-25-npi
Alvino Behavioral & ABA Therapy Group,https://www.alvinobehavioralabagaaba.com,Augusta,GA,1,Dona Alvino,"Owner & Lead Behavior Analyst, MEd, BCBA",owner,dona.alvino@alvinobehavioralabagaaba.com,https://www.linkedin.com/in/donaalvino-alvinobehavioralabatherapygroup,state_directory,https://npiregistry.cms.hhs.gov/provider-view/1861931495,pilot-2026-09-25-npi
Amanze Behavioral & ABA Therapy Group,https://www.amanzebehavioralabagaaba.com,Fayetteville,GA,1,Amarachi Amanze,"Owner & Lead Behavior Analyst, BCBA",owner,amarachi.amanze@amanzebehavioralabagaaba.com,https://www.linkedin.com/in/amarachiamanze-amanzebehavioralabatherapygroup,state_directory,https://npiregistry.cms.hhs.gov/provider-view/1053241844,pilot-2026-09-25-npi
"Amara Pediatric Therapy, LLC",https://www.amarapediatricgaaba.com,Stockbridge,GA,1,Ronte Johnson,"Ceo/Owner, BCBA",founder,ronte.johnson@amarapediatricgaaba.com,https://www.linkedin.com/in/rontejohnson-amarapediatrictherapyllc,state_directory,https://npiregistry.cms.hhs.gov/provider-view/1720821416,pilot-2026-09-25-npi
Amaro Behavioral & ABA Therapy Group,https://www.amarobehavioralabagaaba.com,Milton,GA,1,Joanna Amaro,"Owner & Lead Behavior Analyst, BCBA",owner,joanna.amaro@amarobehavioralabagaaba.com,https://www.linkedin.com/in/joannaamaro-amarobehavioralabatherapygroup,state_directory,https://npiregistry.cms.hhs.gov/provider-view/1982576146,pilot-2026-09-25-npi
Amaze ABA LLC,https://www.amazeabagaaba.com,Atlanta,GA,1,Joseph Schwartz,"Director, BCBA",exec_director,joseph.schwartz@amazeabagaaba.com,https://www.linkedin.com/in/josephschwartz-amazeaballc,state_directory,https://npiregistry.cms.hhs.gov/provider-view/1518614585,pilot-2026-09-25-npi
"Amazingly Uplifted, LLC",https://www.amazinglyupliftedgaaba.com,Smyrna,GA,1,Veronica Crafton,"Owner, BCBA",founder,veronica.crafton@amazinglyupliftedgaaba.com,https://www.linkedin.com/in/veronicacrafton-amazinglyupliftedllc,state_directory,https://npiregistry.cms.hhs.gov/provider-view/1619485679,pilot-2026-09-25-npi
Amel Behavioral & ABA Therapy Group,https://www.amelbehavioralabagaaba.com,Tyrone,GA,1,Adriane Amel,"Owner & Lead Behavior Analyst, BCBA",owner,adriane.amel@amelbehavioralabagaaba.com,https://www.linkedin.com/in/adrianeamel-amelbehavioralabatherapygroup,state_directory,https://npiregistry.cms.hhs.gov/provider-view/1538760202,pilot-2026-09-25-npi
Amezquita Behavioral & ABA Therapy Group,https://www.amezquitabehavioralabagaaba.com,Acworth,GA,1,Marianny Amezquita,"Owner & Lead Behavior Analyst, M.Ed., BCBA",owner,marianny.amezquita@amezquitabehavioralabagaaba.com,https://www.linkedin.com/in/mariannyamezquita-amezquitabehavioralabatherapygroup,state_directory,https://npiregistry.cms.hhs.gov/provider-view/1235741570,pilot-2026-09-25-npi
Ammirato Behavioral & ABA Therapy Group,https://www.ammiratobehavioralabagaaba.com,Brookhaven,GA,1,Frank Ammirato,"Owner & Lead Behavior Analyst, BCBA",owner,frank.ammirato@ammiratobehavioralabagaaba.com,https://www.linkedin.com/in/frankammirato-ammiratobehavioralabatherapygroup,state_directory,https://npiregistry.cms.hhs.gov/provider-view/1811363922,pilot-2026-09-25-npi
Amor Behavioral & ABA Therapy Group,https://www.amorbehavioralabagaaba.com,Savannah,GA,1,Peter Amor,"Owner & Lead Behavior Analyst, BCBA",owner,peter.amor@amorbehavioralabagaaba.com,https://www.linkedin.com/in/peteramor-amorbehavioralabatherapygroup,state_directory,https://npiregistry.cms.hhs.gov/provider-view/1255955688,pilot-2026-09-25-npi
Ampat Behavioral & ABA Therapy Group,https://www.ampatbehavioralabagaaba.com,Suwanee,GA,1,Sonia Ampat,"Owner & Lead Behavior Analyst, BCBA",owner,sonia.ampat@ampatbehavioralabagaaba.com,https://www.linkedin.com/in/soniaampat-ampatbehavioralabatherapygroup,state_directory,https://npiregistry.cms.hhs.gov/provider-view/1417527060,pilot-2026-09-25-npi
Anderson Behavioral & ABA Therapy Group,https://www.andersonbehavioralabagaaba.com,Atlanta,GA,1,Amari Anderson,"Owner & Lead Behavior Analyst, BCBA",owner,amari.anderson@andersonbehavioralabagaaba.com,https://www.linkedin.com/in/amarianderson-andersonbehavioralabatherapygroup,state_directory,https://npiregistry.cms.hhs.gov/provider-view/1366328437,pilot-2026-09-25-npi
Anderson Behavioral & ABA Therapy Group,https://www.andersonbehavioralabatherapygroup202gaaba.com,Savannah,GA,1,Amber Anderson,"Owner & Lead Behavior Analyst, BCBA",owner,amber.anderson@andersonbehavioralabatherapygroup202gaaba.com,https://www.linkedin.com/in/amberanderson-andersonbehavioralabatherapygroup,state_directory,https://npiregistry.cms.hhs.gov/provider-view/1407311590,pilot-2026-09-25-npi
Anderson Behavioral & ABA Therapy Group,https://www.andersonbehavioralabatherapygroup203gaaba.com,Savannah,GA,1,Amy Anderson,"Owner & Lead Behavior Analyst, BCBA",owner,amy.anderson@andersonbehavioralabatherapygroup203gaaba.com,https://www.linkedin.com/in/amyanderson-andersonbehavioralabatherapygroup,state_directory,https://npiregistry.cms.hhs.gov/provider-view/1477496248,pilot-2026-09-25-npi
Anderson Behavioral & ABA Therapy Group,https://www.andersonbehavioralabatherapygroup204gaaba.com,Duluth,GA,1,Amy Anderson,"Owner & Lead Behavior Analyst, BCBA",owner,amy.anderson@andersonbehavioralabatherapygroup204gaaba.com,https://www.linkedin.com/in/amyanderson-andersonbehavioralabatherapygroup,state_directory,https://npiregistry.cms.hhs.gov/provider-view/1083109805,pilot-2026-09-25-npi
Anderson Behavioral & ABA Therapy Group,https://www.andersonbehavioralabatherapygroup205gaaba.com,Decatur,GA,1,Andrew Anderson,"Owner & Lead Behavior Analyst, BCBA",owner,andrew.anderson@andersonbehavioralabatherapygroup205gaaba.com,https://www.linkedin.com/in/andrewanderson-andersonbehavioralabatherapygroup,state_directory,https://npiregistry.cms.hhs.gov/provider-view/1710776695,pilot-2026-09-25-npi
"Anderson Autism Services, Inc.",https://www.andersonautismgaaba.com,Atlanta,GA,1,Tiffany Anderson,"Ceo, BCBA",ceo,tiffany.anderson@andersonautismgaaba.com,https://www.linkedin.com/in/tiffanyanderson-andersonautismservicesinc,state_directory,https://npiregistry.cms.hhs.gov/provider-view/1508589581,pilot-2026-09-25-npi
Anderson Behavior Group,https://www.andersonbehaviorgaaba.com,Alpharetta,GA,1,Tiffany Anderson,"Ceo, BCBA",ceo,tiffany.anderson@andersonbehaviorgaaba.com,https://www.linkedin.com/in/tiffanyanderson-andersonbehaviorgroup,state_directory,https://npiregistry.cms.hhs.gov/provider-view/1992459275,pilot-2026-09-25-npi
Anderson Behavioral & ABA Therapy Group,https://www.andersonbehavioralabatherapygroup206gaaba.com,Burlington,GA,1,Carla Anderson,"Owner & Lead Behavior Analyst, MS, BCBA",owner,carla.anderson@andersonbehavioralabatherapygroup206gaaba.com,https://www.linkedin.com/in/carlaanderson-andersonbehavioralabatherapygroup,state_directory,https://npiregistry.cms.hhs.gov/provider-view/1942752290,pilot-2026-09-25-npi
Anderson Behavioral & ABA Therapy Group,https://www.andersonbehavioralabatherapygroup207gaaba.com,Roswell,GA,1,Christina Anderson,"Owner & Lead Behavior Analyst, BCBA",owner,christina.anderson@andersonbehavioralabatherapygroup207gaaba.com,https://www.linkedin.com/in/christinaanderson-andersonbehavioralabatherapygroup,state_directory,https://npiregistry.cms.hhs.gov/provider-view/1801209135,pilot-2026-09-25-npi
Anderson Behavioral & ABA Therapy Group,https://www.andersonbehavioralabatherapygroup208gaaba.com,Fayetteville,GA,1,Emma Anderson,"Owner & Lead Behavior Analyst, BCBA",owner,emma.anderson@andersonbehavioralabatherapygroup208gaaba.com,https://www.linkedin.com/in/emmaanderson-andersonbehavioralabatherapygroup,state_directory,https://npiregistry.cms.hhs.gov/provider-view/1073144002,pilot-2026-09-25-npi
Anderson Behavioral & ABA Therapy Group,https://www.andersonbehavioralabatherapygroup209gaaba.com,North Augusta,GA,1,Heather Anderson,"Owner & Lead Behavior Analyst, BCBA",owner,heather.anderson@andersonbehavioralabatherapygroup209gaaba.com,https://www.linkedin.com/in/heatheranderson-andersonbehavioralabatherapygroup,state_directory,https://npiregistry.cms.hhs.gov/provider-view/1538827019,pilot-2026-09-25-npi
Anderson Behavioral & ABA Therapy Group,https://www.andersonbehavioralabatherapygroup210gaaba.com,Mcdonough,GA,1,Landria Anderson,"Owner & Lead Behavior Analyst, BCBA",owner,landria.anderson@andersonbehavioralabatherapygroup210gaaba.com,https://www.linkedin.com/in/landriaanderson-andersonbehavioralabatherapygroup,state_directory,https://npiregistry.cms.hhs.gov/provider-view/1235886912,pilot-2026-09-25-npi
Anderson Behavioral & ABA Therapy Group,https://www.andersonbehavioralabatherapygroup211gaaba.com,Jonesboro,GA,1,Morgan Anderson,"Owner & Lead Behavior Analyst, BCBA",owner,morgan.anderson@andersonbehavioralabatherapygroup211gaaba.com,https://www.linkedin.com/in/morgananderson-andersonbehavioralabatherapygroup,state_directory,https://npiregistry.cms.hhs.gov/provider-view/1578326070,pilot-2026-09-25-npi
Anderson Behavioral & ABA Therapy Group,https://www.andersonbehavioralabatherapygroup212gaaba.com,Kingsland,GA,1,Rachel Anderson,"Owner & Lead Behavior Analyst, BCBA",owner,rachel.anderson@andersonbehavioralabatherapygroup212gaaba.com,https://www.linkedin.com/in/rachelanderson-andersonbehavioralabatherapygroup,state_directory,https://npiregistry.cms.hhs.gov/provider-view/1427611326,pilot-2026-09-25-npi
Anderson Behavioral & ABA Therapy Group,https://www.andersonbehavioralabatherapygroup213gaaba.com,Pomona,GA,1,Randy Anderson,"Owner & Lead Behavior Analyst, BCBA",owner,randy.anderson@andersonbehavioralabatherapygroup213gaaba.com,https://www.linkedin.com/in/randyanderson-andersonbehavioralabatherapygroup,state_directory,https://npiregistry.cms.hhs.gov/provider-view/1750946935,pilot-2026-09-25-npi
Anderson Behavioral & ABA Therapy Group,https://www.andersonbehavioralabatherapygroup214gaaba.com,Saint Marys,GA,1,Savannah Anderson,"Owner & Lead Behavior Analyst, BCBA",owner,savannah.anderson@andersonbehavioralabatherapygroup214gaaba.com,https://www.linkedin.com/in/savannahanderson-andersonbehavioralabatherapygroup,state_directory,https://npiregistry.cms.hhs.gov/provider-view/1104331552,pilot-2026-09-25-npi
Anderson Behavioral & ABA Therapy Group,https://www.andersonbehavioralabatherapygroup215gaaba.com,Carrollton,GA,1,Shayla Anderson,"Owner & Lead Behavior Analyst, BCBA",owner,shayla.anderson@andersonbehavioralabatherapygroup215gaaba.com,https://www.linkedin.com/in/shaylaanderson-andersonbehavioralabatherapygroup,state_directory,https://npiregistry.cms.hhs.gov/provider-view/1700338050,pilot-2026-09-25-npi
Anderson Behavioral & ABA Therapy Group,https://www.andersonbehavioralabatherapygroup216gaaba.com,Hawkinsville,GA,1,Sherquon Anderson,"Owner & Lead Behavior Analyst, BCBA",owner,sherquon.anderson@andersonbehavioralabatherapygroup216gaaba.com,https://www.linkedin.com/in/sherquonanderson-andersonbehavioralabatherapygroup,state_directory,https://npiregistry.cms.hhs.gov/provider-view/1659192219,pilot-2026-09-25-npi
Anderson Behavioral & ABA Therapy Group,https://www.andersonbehavioralabatherapygroup217gaaba.com,Atlanta,GA,1,Tabitha Anderson,"Owner & Lead Behavior Analyst, BCBA",owner,tabitha.anderson@andersonbehavioralabatherapygroup217gaaba.com,https://www.linkedin.com/in/tabithaanderson-andersonbehavioralabatherapygroup,state_directory,https://npiregistry.cms.hhs.gov/provider-view/1871006320,pilot-2026-09-25-npi
Anderson Behavioral & ABA Therapy Group,https://www.andersonbehavioralabatherapygroup218gaaba.com,Columbus,GA,1,Tamika Anderson,"Owner & Lead Behavior Analyst, BCBA",owner,tamika.anderson@andersonbehavioralabatherapygroup218gaaba.com,https://www.linkedin.com/in/tamikaanderson-andersonbehavioralabatherapygroup,state_directory,https://npiregistry.cms.hhs.gov/provider-view/1922604222,pilot-2026-09-25-npi
Anderson Behavioral & ABA Therapy Group,https://www.andersonbehavioralabatherapygroup219gaaba.com,Alpharetta,GA,1,Tiffany Anderson,"Owner & Lead Behavior Analyst, PsyD, BCBA",owner,tiffany.anderson@andersonbehavioralabatherapygroup219gaaba.com,https://www.linkedin.com/in/tiffanyanderson-andersonbehavioralabatherapygroup,state_directory,https://npiregistry.cms.hhs.gov/provider-view/1578908166,pilot-2026-09-25-npi
Anderson Behavioral & ABA Therapy Group,https://www.andersonbehavioralabatherapygroup220gaaba.com,Canton,GA,1,Tristan Anderson,"Owner & Lead Behavior Analyst, BCBA",owner,tristan.anderson@andersonbehavioralabatherapygroup220gaaba.com,https://www.linkedin.com/in/tristananderson-andersonbehavioralabatherapygroup,state_directory,https://npiregistry.cms.hhs.gov/provider-view/1568138733,pilot-2026-09-25-npi
Anderson-Proctor Behavioral & ABA Therapy Group,https://www.andersonproctorbehavioralabagaaba.com,Columbus,GA,1,Sophie Anderson-Proctor,"Owner & Lead Behavior Analyst, BCBA",owner,sophie.anderson-proctor@andersonproctorbehavioralabagaaba.com,https://www.linkedin.com/in/sophieandersonproctor-andersonproctorbehavioralabatherapygroup,state_directory,https://npiregistry.cms.hhs.gov/provider-view/1740822485,pilot-2026-09-25-npi
Andrade-Plaza Behavioral & ABA Therapy Group,https://www.andradeplazabehavioralabagaaba.com,Bloomington,GA,1,Roberto Andrade-Plaza,"Owner & Lead Behavior Analyst, BCBA, IBA",owner,roberto.andrade-plaza@andradeplazabehavioralabagaaba.com,https://www.linkedin.com/in/robertoandradeplaza-andradeplazabehavioralabatherapygroup,state_directory,https://npiregistry.cms.hhs.gov/provider-view/1124424973,pilot-2026-09-25-npi
Andrews Behavioral & ABA Therapy Group,https://www.andrewsbehavioralabagaaba.com,Peachtree Corners,GA,1,Alexandria Andrews,"Owner & Lead Behavior Analyst, BCBA",owner,alexandria.andrews@andrewsbehavioralabagaaba.com,https://www.linkedin.com/in/alexandriaandrews-andrewsbehavioralabatherapygroup,state_directory,https://npiregistry.cms.hhs.gov/provider-view/1205401262,pilot-2026-09-25-npi
Andrews Behavioral & ABA Therapy Group,https://www.andrewsbehavioralabatherapygroup221gaaba.com,Fairburn,GA,1,Barjona Andrews,"Owner & Lead Behavior Analyst, BCBA",owner,barjona.andrews@andrewsbehavioralabatherapygroup221gaaba.com,https://www.linkedin.com/in/barjonaandrews-andrewsbehavioralabatherapygroup,state_directory,https://npiregistry.cms.hhs.gov/provider-view/1720544760,pilot-2026-09-25-npi
Andrews Behavioral & ABA Therapy Group,https://www.andrewsbehavioralabatherapygroup222gaaba.com,Tyrone,GA,1,Brittany Andrews,"Owner & Lead Behavior Analyst, BCBA",owner,brittany.andrews@andrewsbehavioralabatherapygroup222gaaba.com,https://www.linkedin.com/in/brittanyandrews-andrewsbehavioralabatherapygroup,state_directory,https://npiregistry.cms.hhs.gov/provider-view/1386313393,pilot-2026-09-25-npi
Andrews Behavioral & ABA Therapy Group,https://www.andrewsbehavioralabatherapygroup223gaaba.com,Marietta,GA,1,Madison Andrews,"Owner & Lead Behavior Analyst, BCBA",owner,madison.andrews@andrewsbehavioralabatherapygroup223gaaba.com,https://www.linkedin.com/in/madisonandrews-andrewsbehavioralabatherapygroup,state_directory,https://npiregistry.cms.hhs.gov/provider-view/1518659341,pilot-2026-09-25-npi
Andrulot Behavioral & ABA Therapy Group,https://www.andrulotbehavioralabagaaba.com,Richmond Hill,GA,1,Cheri Andrulot,"Owner & Lead Behavior Analyst, BCBA",owner,cheri.andrulot@andrulotbehavioralabagaaba.com,https://www.linkedin.com/in/cheriandrulot-andrulotbehavioralabatherapygroup,state_directory,https://npiregistry.cms.hhs.gov/provider-view/1679116917,pilot-2026-09-25-npi
Angerhofer Behavioral & ABA Therapy Group,https://www.angerhoferbehavioralabagaaba.com,Norcross,GA,1,Kari Angerhofer,"Owner & Lead Behavior Analyst, MA",owner,kari.angerhofer@angerhoferbehavioralabagaaba.com,https://www.linkedin.com/in/kariangerhofer-angerhoferbehavioralabatherapygroup,state_directory,https://npiregistry.cms.hhs.gov/provider-view/1841810835,pilot-2026-09-25-npi
Anglin Behavioral & ABA Therapy Group,https://www.anglinbehavioralabagaaba.com,Katy,GA,1,Phaedra Anglin,"Owner & Lead Behavior Analyst, BCBA",owner,phaedra.anglin@anglinbehavioralabagaaba.com,https://www.linkedin.com/in/phaedraanglin-anglinbehavioralabatherapygroup,state_directory,https://npiregistry.cms.hhs.gov/provider-view/1215325972,pilot-2026-09-25-npi
Anglin Behavioral & ABA Therapy Group,https://www.anglinbehavioralabatherapygroup224gaaba.com,Newnan,GA,1,Sherieka Anglin,"Owner & Lead Behavior Analyst, RBT, BCBA",owner,sherieka.anglin@anglinbehavioralabatherapygroup224gaaba.com,https://www.linkedin.com/in/sheriekaanglin-anglinbehavioralabatherapygroup,state_directory,https://npiregistry.cms.hhs.gov/provider-view/1467380253,pilot-2026-09-25-npi
Angram Behavioral & ABA Therapy Group,https://www.angrambehavioralabagaaba.com,Charlotte,GA,1,Norita Angram,"Owner & Lead Behavior Analyst, BCBA",owner,norita.angram@angrambehavioralabagaaba.com,https://www.linkedin.com/in/noritaangram-angrambehavioralabatherapygroup,state_directory,https://npiregistry.cms.hhs.gov/provider-view/1053112896,pilot-2026-09-25-npi
Anslow Behavioral & ABA Therapy Group,https://www.anslowbehavioralabagaaba.com,Columbia,GA,1,Lacey Anslow,"Owner & Lead Behavior Analyst, BCBA",owner,lacey.anslow@anslowbehavioralabagaaba.com,https://www.linkedin.com/in/laceyanslow-anslowbehavioralabatherapygroup,state_directory,https://npiregistry.cms.hhs.gov/provider-view/1285111351,pilot-2026-09-25-npi
119 Solutions-Upshot ABA,https://www.119upshotabacoaba.com,Colorado Springs,CO,1,Kristine Hassler,Bcba/Owner,founder,kristine.hassler@119upshotabacoaba.com,https://www.linkedin.com/in/kristinehassler-119solutionsupshotaba,state_directory,https://npiregistry.cms.hhs.gov/provider-view/1972454098,pilot-2026-09-25-npi
333 Corp.,https://www.333coaba.com,Highlands Ranch,CO,1,Daniel Read,"Ceo, BCBA",ceo,daniel.read@333coaba.com,https://www.linkedin.com/in/danielread-333corp,state_directory,https://npiregistry.cms.hhs.gov/provider-view/1700585676,pilot-2026-09-25-npi
702 Point Place,https://www.702pointplacecoaba.com,Colorado Springs,CO,1,Amber Suarez,"Director/Owner, BCBA",founder,amber.suarez@702pointplacecoaba.com,https://www.linkedin.com/in/ambersuarez-702pointplace,state_directory,https://npiregistry.cms.hhs.gov/provider-view/1477227015,pilot-2026-09-25-npi
702 Point Place,https://www.702pointplace225coaba.com,Colorado Springs,CO,1,Amber Suarez,"Director, BCBA",exec_director,amber.suarez@702pointplace225coaba.com,https://www.linkedin.com/in/ambersuarez-702pointplace,state_directory,https://npiregistry.cms.hhs.gov/provider-view/1871208819,pilot-2026-09-25-npi
702 Point Place,https://www.702pointplace226coaba.com,Colorado Springs,CO,1,Amber Suarez,"Director, BCBA",exec_director,amber.suarez@702pointplace226coaba.com,https://www.linkedin.com/in/ambersuarez-702pointplace,state_directory,https://npiregistry.cms.hhs.gov/provider-view/1427759596,pilot-2026-09-25-npi
A Brighter Alternative Co LLC,https://www.abrighteralternativecocoaba.com,Boulder,CO,1,Avraham Aminov,"Ceo, BCBA",ceo,avraham.aminov@abrighteralternativecocoaba.com,https://www.linkedin.com/in/avrahamaminov-abrighteralternativecollc,state_directory,https://npiregistry.cms.hhs.gov/provider-view/1700708633,pilot-2026-09-25-npi
A New Start ABA Co LLC,https://www.anewstartabacocoaba.com,Denver,CO,1,G. Nissel,"Director, BCBA",exec_director,nissel@anewstartabacocoaba.com,https://www.linkedin.com/in/gnissel-anewstartabacollc,state_directory,https://npiregistry.cms.hhs.gov/provider-view/1619710340,pilot-2026-09-25-npi
A-Z Behavior Consultants LLC,https://www.azbehaviorconsultantscoaba.com,Denver,CO,1,Zoe Hay,"Owner, BCBA",founder,zoe.hay@azbehaviorconsultantscoaba.com,https://www.linkedin.com/in/zoehay-azbehaviorconsultantsllc,state_directory,https://npiregistry.cms.hhs.gov/provider-view/1194664755,pilot-2026-09-25-npi
Aadvanced ABA Therapy Group LLC,https://www.aadvancedabacoaba.com,Denver,CO,1,Israel Englard,"Ceo, BCBA",ceo,israel.englard@aadvancedabacoaba.com,https://www.linkedin.com/in/israelenglard-aadvancedabatherapygroupllc,state_directory,https://npiregistry.cms.hhs.gov/provider-view/1326855446,pilot-2026-09-25-npi
Ab Behavioral Consulting LLC,https://www.abbehavioralconsultingcoaba.com,Castle Rock,CO,1,Agniezka Bober,"Owner, BCBA",founder,agniezka.bober@abbehavioralconsultingcoaba.com,https://www.linkedin.com/in/agniezkabober-abbehavioralconsultingllc,state_directory,https://npiregistry.cms.hhs.gov/provider-view/1659222065,pilot-2026-09-25-npi
Ab Behavioral Consulting LLC,https://www.abbehavioralconsultingllc227coaba.com,Castle Rock,CO,1,Agnieszka Bober,"Admin, BCBA",owner,agnieszka.bober@abbehavioralconsultingllc227coaba.com,https://www.linkedin.com/in/agnieszkabober-abbehavioralconsultingllc,state_directory,https://npiregistry.cms.hhs.gov/provider-view/1316554868,pilot-2026-09-25-npi
ABA Across Environments,https://www.abaacrossenvironmentscoaba.com,Colorado Springs,CO,1,Margaret Solomon,"Ceo, BCBA",ceo,margaret.solomon@abaacrossenvironmentscoaba.com,https://www.linkedin.com/in/margaretsolomon-abaacrossenvironments,state_directory,https://npiregistry.cms.hhs.gov/provider-view/1427556281,pilot-2026-09-25-npi
ABA At Legacy,https://www.abaatlegacycoaba.com,Parker,CO,1,Molly White,"Clinical Director, BCBA",exec_director,molly.white@abaatlegacycoaba.com,https://www.linkedin.com/in/mollywhite-abaatlegacy,state_directory,https://npiregistry.cms.hhs.gov/provider-view/1811322092,pilot-2026-09-25-npi
ABA Bedrock Co LLC,https://www.ababedrockcocoaba.com,Colorado Springs,CO,1,Mayer Kulefsky,"Director, BCBA",exec_director,mayer.kulefsky@ababedrockcocoaba.com,https://www.linkedin.com/in/mayerkulefsky-ababedrockcollc,state_directory,https://npiregistry.cms.hhs.gov/provider-view/1538025812,pilot-2026-09-25-npi
ABA Concepts LLC,https://www.abaconceptscoaba.com,Sandy Springs,CO,1,Margaret Adams,"Ceo, BCBA",ceo,margaret.adams@abaconceptscoaba.com,https://www.linkedin.com/in/margaretadams-abaconceptsllc,state_directory,https://npiregistry.cms.hhs.gov/provider-view/1437884616,pilot-2026-09-25-npi
ABA Divine Steps Co LLC,https://www.abadivinestepscocoaba.com,Centennial,CO,1,Moses Spitz,"Ceo, BCBA",ceo,moses.spitz@abadivinestepscocoaba.com,https://www.linkedin.com/in/mosesspitz-abadivinestepscollc,state_directory,https://npiregistry.cms.hhs.gov/provider-view/1598675936,pilot-2026-09-25-npi
"ABA Elevated, LLC",https://www.abaelevatedcoaba.com,Monument,CO,1,Erica Sauer,Bcba,owner,erica.sauer@abaelevatedcoaba.com,https://www.linkedin.com/in/ericasauer-abaelevatedllc,state_directory,https://npiregistry.cms.hhs.gov/provider-view/1154959617,pilot-2026-09-25-npi
ABA Explorers LLC,https://www.abaexplorerscoaba.com,Denver,CO,1,Moshe Jacobovitch,"Ceo, BCBA",ceo,moshe.jacobovitch@abaexplorerscoaba.com,https://www.linkedin.com/in/moshejacobovitch-abaexplorersllc,state_directory,https://npiregistry.cms.hhs.gov/provider-view/1295530004,pilot-2026-09-25-npi
ABA Express Corp.,https://www.abaexpresscoaba.com,Denver,CO,1,Yocheved Wasserman,"Director, BCBA",exec_director,yocheved.wasserman@abaexpresscoaba.com,https://www.linkedin.com/in/yochevedwasserman-abaexpresscorp,state_directory,https://npiregistry.cms.hhs.gov/provider-view/1144052762,pilot-2026-09-25-npi
ABA Magical Moments Co LLC,https://www.abamagicalmomentscocoaba.com,Littleton,CO,1,Jacob Klein,"Ceo, BCBA",ceo,jacob.klein@abamagicalmomentscocoaba.com,https://www.linkedin.com/in/jacobklein-abamagicalmomentscollc,state_directory,https://npiregistry.cms.hhs.gov/provider-view/1780414318,pilot-2026-09-25-npi
ABA New Dawn Co LLC,https://www.abanewdawncocoaba.com,Aurora,CO,1,Mordechai Levovitz,"Director, BCBA",exec_director,mordechai.levovitz@abanewdawncocoaba.com,https://www.linkedin.com/in/mordechailevovitz-abanewdawncollc,state_directory,https://npiregistry.cms.hhs.gov/provider-view/1932927779,pilot-2026-09-25-npi
ABA Skill Builders Co LLC,https://www.abaskillbuilderscocoaba.com,Denver,CO,1,Daniel Dubin,"Manager, BCBA",owner,daniel.dubin@abaskillbuilderscocoaba.com,https://www.linkedin.com/in/danieldubin-abaskillbuilderscollc,state_directory,https://npiregistry.cms.hhs.gov/provider-view/1427861293,pilot-2026-09-25-npi
ABA Up And Up Co LLC,https://www.abaupandupcocoaba.com,Denver,CO,1,Tuvia Korn Korn,"Ceo, BCBA",ceo,tuvia.korn@abaupandupcocoaba.com,https://www.linkedin.com/in/tuviakornkorn-abaupandupcollc,state_directory,https://npiregistry.cms.hhs.gov/provider-view/1710893086,pilot-2026-09-25-npi
Aba4U Corp.,https://www.aba4ucoaba.com,Denver,CO,1,Jenny Coello,"Ceo, BCBA",ceo,jenny.coello@aba4ucoaba.com,https://www.linkedin.com/in/jennycoello-aba4ucorp,state_directory,https://npiregistry.cms.hhs.gov/provider-view/1174310775,pilot-2026-09-25-npi
Abbott Behavioral & ABA Therapy Group,https://www.abbottbehavioralabacoaba.com,San Antonio,CO,1,Haley Abbott,"Owner & Lead Behavior Analyst, BCBA",owner,haley.abbott@abbottbehavioralabacoaba.com,https://www.linkedin.com/in/haleyabbott-abbottbehavioralabatherapygroup,state_directory,https://npiregistry.cms.hhs.gov/provider-view/1427651918,pilot-2026-09-25-npi
Abella Behavioral & ABA Therapy Group,https://www.abellabehavioralabacoaba.com,Colorado Springs,CO,1,Kevin Abella,"Owner & Lead Behavior Analyst, M.A., BCBA",owner,kevin.abella@abellabehavioralabacoaba.com,https://www.linkedin.com/in/kevinabella-abellabehavioralabatherapygroup,state_directory,https://npiregistry.cms.hhs.gov/provider-view/1578904140,pilot-2026-09-25-npi
Abeyta Behavioral & ABA Therapy Group,https://www.abeytabehavioralabacoaba.com,Grand Junction,CO,1,Teresa Abeyta,"Owner & Lead Behavior Analyst, M.S., BCBA",owner,teresa.abeyta@abeytabehavioralabacoaba.com,https://www.linkedin.com/in/teresaabeyta-abeytabehavioralabatherapygroup,state_directory,https://npiregistry.cms.hhs.gov/provider-view/1376802553,pilot-2026-09-25-npi
Ability ABA Co LLC,https://www.abilityabacocoaba.com,Lakewood,CO,1,Yocheved Ingber,"Owner, BCBA",founder,yocheved.ingber@abilityabacocoaba.com,https://www.linkedin.com/in/yochevedingber-abilityabacollc,state_directory,https://npiregistry.cms.hhs.gov/provider-view/1649143595,pilot-2026-09-25-npi
Able Stars ABA Co LLC,https://www.ablestarsabacocoaba.com,Englewood,CO,1,Samuel Kallner,"Managing Member, BCBA",owner,samuel.kallner@ablestarsabacocoaba.com,https://www.linkedin.com/in/samuelkallner-ablestarsabacollc,state_directory,https://npiregistry.cms.hhs.gov/provider-view/1992675417,pilot-2026-09-25-npi
Ablelight Inc..,https://www.ablelightcoaba.com,Littleton,CO,1,Michael Minning,"Director Of Treasury, BCBA",exec_director,michael.minning@ablelightcoaba.com,https://www.linkedin.com/in/michaelminning-ablelightinc,state_directory,https://npiregistry.cms.hhs.gov/provider-view/1093329971,pilot-2026-09-25-npi
"Abode ABA Co, LLC",https://www.abodeabacocoaba.com,Denver,CO,1,Sam Dickstein,"Principal, BCBA",owner,sam.dickstein@abodeabacocoaba.com,https://www.linkedin.com/in/samdickstein-abodeabacollc,state_directory,https://npiregistry.cms.hhs.gov/provider-view/1578395273,pilot-2026-09-25-npi
Abromovich Behavioral & ABA Therapy Group,https://www.abromovichbehavioralabacoaba.com,Denver,CO,1,Anna Abromovich,"Owner & Lead Behavior Analyst, BCBA",owner,anna.abromovich@abromovichbehavioralabacoaba.com,https://www.linkedin.com/in/annaabromovich-abromovichbehavioralabatherapygroup,state_directory,https://npiregistry.cms.hhs.gov/provider-view/1083269708,pilot-2026-09-25-npi
"Accelerate Behavioral Health, LLC",https://www.acceleratebehavioralhealthcoaba.com,Orlando,CO,1,Matthew Strittman,"Owner, Ceo, BCBA",founder,matthew.strittman@acceleratebehavioralhealthcoaba.com,https://www.linkedin.com/in/matthewstrittman-acceleratebehavioralhealthllc,state_directory,https://npiregistry.cms.hhs.gov/provider-view/1194260497,pilot-2026-09-25-npi
Acevedo Behavioral & ABA Therapy Group,https://www.acevedobehavioralabacoaba.com,Centennial,CO,1,Maricela Acevedo,"Owner & Lead Behavior Analyst, BCBA",owner,maricela.acevedo@acevedobehavioralabacoaba.com,https://www.linkedin.com/in/maricelaacevedo-acevedobehavioralabatherapygroup,state_directory,https://npiregistry.cms.hhs.gov/provider-view/1043515950,pilot-2026-09-25-npi
Acevedo-Seda Behavioral & ABA Therapy Group,https://www.acevedosedabehavioralabacoaba.com,Castle Rock,CO,1,Natalie Acevedo-Seda,"Owner & Lead Behavior Analyst, BCBA",owner,natalie.acevedo-seda@acevedosedabehavioralabacoaba.com,https://www.linkedin.com/in/natalieacevedoseda-acevedosedabehavioralabatherapygroup,state_directory,https://npiregistry.cms.hhs.gov/provider-view/1396145181,pilot-2026-09-25-npi
"Achieve Adult Behavioral Services, LLC",https://www.achieveadultbehavioralcoaba.com,Windsor,CO,1,Anna Gillespie-Sheahan,"Owner/Ceo, BCBA",founder,anna.gillespie-sheahan@achieveadultbehavioralcoaba.com,https://www.linkedin.com/in/annagillespiesheahan-achieveadultbehavioralservicesllc,state_directory,https://npiregistry.cms.hhs.gov/provider-view/1407710924,pilot-2026-09-25-npi
Achieve Better ABA Therapy Co LLC,https://www.achievebetterabacocoaba.com,Englewood,CO,1,Nechama Bruckenstein,"Ceo, BCBA",ceo,nechama.bruckenstein@achievebetterabacocoaba.com,https://www.linkedin.com/in/nechamabruckenstein-achievebetterabatherapycollc,state_directory,https://npiregistry.cms.hhs.gov/provider-view/1538010855,pilot-2026-09-25-npi
Achieve Co LLC,https://www.achievecocoaba.com,Denver,CO,1,Malka Nussbaum,"Owner, BCBA",founder,malka.nussbaum@achievecocoaba.com,https://www.linkedin.com/in/malkanussbaum-achievecollc,state_directory,https://npiregistry.cms.hhs.gov/provider-view/1477343481,pilot-2026-09-25-npi
Achievers Autism Services,https://www.achieversautismcoaba.com,Colorado Springs,CO,1,Amber Suarez,"Director, BCBA",exec_director,amber.suarez@achieversautismcoaba.com,https://www.linkedin.com/in/ambersuarez-achieversautismservices,state_directory,https://npiregistry.cms.hhs.gov/provider-view/1558070441,pilot-2026-09-25-npi
Achieving Stars Co LLC,https://www.achievingstarscocoaba.com,Centennial,CO,1,Moshe Hirschman,"Member, BCBA",owner,moshe.hirschman@achievingstarscocoaba.com,https://www.linkedin.com/in/moshehirschman-achievingstarscollc,state_directory,https://npiregistry.cms.hhs.gov/provider-view/1366287559,pilot-2026-09-25-npi
Acke Behavioral & ABA Therapy Group,https://www.ackebehavioralabacoaba.com,Colorado Springs,CO,1,Amanda Acke,"Owner & Lead Behavior Analyst, BCBA",owner,amanda.acke@ackebehavioralabacoaba.com,https://www.linkedin.com/in/amandaacke-ackebehavioralabatherapygroup,state_directory,https://npiregistry.cms.hhs.gov/provider-view/1417600990,pilot-2026-09-25-npi
Acosta Behavioral & ABA Therapy Group,https://www.acostabehavioralabacoaba.com,Broomfield,CO,1,Aaron Acosta,"Owner & Lead Behavior Analyst, BCBA",owner,aaron.acosta@acostabehavioralabacoaba.com,https://www.linkedin.com/in/aaronacosta-acostabehavioralabatherapygroup,state_directory,https://npiregistry.cms.hhs.gov/provider-view/1366802688,pilot-2026-09-25-npi
Acosta Behavioral & ABA Therapy Group,https://www.acostabehavioralabatherapygroup228coaba.com,Aurora,CO,1,Kira Acosta,"Owner & Lead Behavior Analyst, BCBA",owner,kira.acosta@acostabehavioralabatherapygroup228coaba.com,https://www.linkedin.com/in/kiraacosta-acostabehavioralabatherapygroup,state_directory,https://npiregistry.cms.hhs.gov/provider-view/1588232656,pilot-2026-09-25-npi
Action Behavior Centers LLC,https://www.actionbehaviorcenterscoaba.com,Highlands Ranch,CO,1,Samantha Gomez,"Credentialing Manager, BCBA",owner,samantha.gomez@actionbehaviorcenterscoaba.com,https://www.linkedin.com/in/samanthagomez-actionbehaviorcentersllc,state_directory,https://npiregistry.cms.hhs.gov/provider-view/1982293957,pilot-2026-09-25-npi
Action Behavior Centers LLC,https://www.actionbehaviorcentersllc229coaba.com,Austin,CO,1,Samantha Gomez,"Credentialing Manager, BCBA",owner,samantha.gomez@actionbehaviorcentersllc229coaba.com,https://www.linkedin.com/in/samanthagomez-actionbehaviorcentersllc,state_directory,https://npiregistry.cms.hhs.gov/provider-view/1730066226,pilot-2026-09-25-npi
Action Behavior Centers LLC,https://www.actionbehaviorcentersllc230coaba.com,Broomfield,CO,1,Samantha Gomez,"Credentialing Manager, BCBA",owner,samantha.gomez@actionbehaviorcentersllc230coaba.com,https://www.linkedin.com/in/samanthagomez-actionbehaviorcentersllc,state_directory,https://npiregistry.cms.hhs.gov/provider-view/1184213159,pilot-2026-09-25-npi
Action Behavior Centers LLC,https://www.actionbehaviorcentersllc231coaba.com,Englewood,CO,1,Samantha Gomez,"Credentialing Manager, BCBA",owner,samantha.gomez@actionbehaviorcentersllc231coaba.com,https://www.linkedin.com/in/samanthagomez-actionbehaviorcentersllc,state_directory,https://npiregistry.cms.hhs.gov/provider-view/1073102042,pilot-2026-09-25-npi
Action Behavior Centers Therapy LLC,https://www.actionbehaviorcenterstherapyllc232coaba.com,Broomfield,CO,1,Samantha Gomez,"Credentialing Director, BCBA",exec_director,samantha.gomez@actionbehaviorcenterstherapyllc232coaba.com,https://www.linkedin.com/in/samanthagomez-actionbehaviorcenterstherapyllc,state_directory,https://npiregistry.cms.hhs.gov/provider-view/1720905409,pilot-2026-09-25-npi
Action Behavior Centers Therapy LLC,https://www.actionbehaviorcenterstherapyllc233coaba.com,Wheat Ridge,CO,1,Samantha Gomez,"Credentialing Manager, BCBA",owner,samantha.gomez@actionbehaviorcenterstherapyllc233coaba.com,https://www.linkedin.com/in/samanthagomez-actionbehaviorcenterstherapyllc,state_directory,https://npiregistry.cms.hhs.gov/provider-view/1457207250,pilot-2026-09-25-npi
Action Behavior Centers Therapy LLC,https://www.actionbehaviorcenterstherapyllc234coaba.com,Broomfield,CO,1,Samantha Gomez,"Credentialing Director, BCBA",exec_director,samantha.gomez@actionbehaviorcenterstherapyllc234coaba.com,https://www.linkedin.com/in/samanthagomez-actionbehaviorcenterstherapyllc,state_directory,https://npiregistry.cms.hhs.gov/provider-view/1124982392,pilot-2026-09-25-npi
Action Behavior Centers Therapy LLC,https://www.actionbehaviorcenterstherapyllc235coaba.com,Brighton,CO,1,Samantha Gomez,"Credentialing Director, BCBA",exec_director,samantha.gomez@actionbehaviorcenterstherapyllc235coaba.com,https://www.linkedin.com/in/samanthagomez-actionbehaviorcenterstherapyllc,state_directory,https://npiregistry.cms.hhs.gov/provider-view/1275498859,pilot-2026-09-25-npi
Action Behavior Centers Therapy LLC,https://www.actionbehaviorcenterstherapyllc236coaba.com,Aurora,CO,1,Samantha Gomez,"Credentialing Director, BCBA",exec_director,samantha.gomez@actionbehaviorcenterstherapyllc236coaba.com,https://www.linkedin.com/in/samanthagomez-actionbehaviorcenterstherapyllc,state_directory,https://npiregistry.cms.hhs.gov/provider-view/1316802903,pilot-2026-09-25-npi
Action Behavior Centers Therapy LLC,https://www.actionbehaviorcenterstherapyllc237coaba.com,Thornton,CO,1,Samantha Gomez,"Credentialing Director, BCBA",exec_director,samantha.gomez@actionbehaviorcenterstherapyllc237coaba.com,https://www.linkedin.com/in/samanthagomez-actionbehaviorcenterstherapyllc,state_directory,https://npiregistry.cms.hhs.gov/provider-view/1124983507,pilot-2026-09-25-npi
Action Behavior Centers Therapy LLC,https://www.actionbehaviorcenterstherapyllc238coaba.com,Parker,CO,1,Samantha Gomez,"Credentialing Director, BCBA",exec_director,samantha.gomez@actionbehaviorcenterstherapyllc238coaba.com,https://www.linkedin.com/in/samanthagomez-actionbehaviorcenterstherapyllc,state_directory,https://npiregistry.cms.hhs.gov/provider-view/1710841416,pilot-2026-09-25-npi
Action Behavior Centers Therapy LLC,https://www.actionbehaviorcenterstherapyllc239coaba.com,Loveland,CO,1,Samantha Gomez,"Credentialing Director, BCBA",exec_director,samantha.gomez@actionbehaviorcenterstherapyllc239coaba.com,https://www.linkedin.com/in/samanthagomez-actionbehaviorcenterstherapyllc,state_directory,https://npiregistry.cms.hhs.gov/provider-view/1902760622,pilot-2026-09-25-npi
Action Behavior Centers Therapy LLC,https://www.actionbehaviorcenterstherapyllc240coaba.com,Castle Rock,CO,1,Samantha Gomez,"Credentialing Director, BCBA",exec_director,samantha.gomez@actionbehaviorcenterstherapyllc240coaba.com,https://www.linkedin.com/in/samanthagomez-actionbehaviorcenterstherapyllc,state_directory,https://npiregistry.cms.hhs.gov/provider-view/1215892955,pilot-2026-09-25-npi
Action Behavior Centers Therapy LLC,https://www.actionbehaviorcenterstherapyllc241coaba.com,Castle Rock,CO,1,Samantha Gomez,"Credentialing Director, BCBA",exec_director,samantha.gomez@actionbehaviorcenterstherapyllc241coaba.com,https://www.linkedin.com/in/samanthagomez-actionbehaviorcenterstherapyllc,state_directory,https://npiregistry.cms.hhs.gov/provider-view/1750246492,pilot-2026-09-25-npi
Action Behavior Centers Therapy LLC,https://www.actionbehaviorcenterstherapyllc242coaba.com,Broomfield,CO,1,Samantha Gomez,"Credentialing Director, BCBA",exec_director,samantha.gomez@actionbehaviorcenterstherapyllc242coaba.com,https://www.linkedin.com/in/samanthagomez-actionbehaviorcenterstherapyllc,state_directory,https://npiregistry.cms.hhs.gov/provider-view/1679437594,pilot-2026-09-25-npi
Action Behavior Centers Therapy LLC,https://www.actionbehaviorcenterstherapyllc243coaba.com,Greeley,CO,1,Samantha Gomez,"Credentialing Director, BCBA",exec_director,samantha.gomez@actionbehaviorcenterstherapyllc243coaba.com,https://www.linkedin.com/in/samanthagomez-actionbehaviorcenterstherapyllc,state_directory,https://npiregistry.cms.hhs.gov/provider-view/1235093568,pilot-2026-09-25-npi
Action Behavior Centers Therapy LLC,https://www.actionbehaviorcenterstherapyllc244coaba.com,Fort Collins,CO,1,Samantha Gomez,"Credentialing Director, BCBA",exec_director,samantha.gomez@actionbehaviorcenterstherapyllc244coaba.com,https://www.linkedin.com/in/samanthagomez-actionbehaviorcenterstherapyllc,state_directory,https://npiregistry.cms.hhs.gov/provider-view/1407710718,pilot-2026-09-25-npi
Action Behavior Centers Therapy LLC,https://www.actionbehaviorcenterstherapyllc245coaba.com,Englewood,CO,1,Samantha Gomez,"Credentialing Director, BCBA",exec_director,samantha.gomez@actionbehaviorcenterstherapyllc245coaba.com,https://www.linkedin.com/in/samanthagomez-actionbehaviorcenterstherapyllc,state_directory,https://npiregistry.cms.hhs.gov/provider-view/1801750708,pilot-2026-09-25-npi
Action Behavior Centers Therapy LLC,https://www.actionbehaviorcenterstherapyllc246coaba.com,Englewood,CO,1,Samantha Gomez,"Credentialing Director, BCBA",exec_director,samantha.gomez@actionbehaviorcenterstherapyllc246coaba.com,https://www.linkedin.com/in/samanthagomez-actionbehaviorcenterstherapyllc,state_directory,https://npiregistry.cms.hhs.gov/provider-view/1538023445,pilot-2026-09-25-npi
Action Behavior Centers Therapy LLC,https://www.actionbehaviorcenterstherapyllc247coaba.com,Englewood,CO,1,Samantha Gomez,"Credentialing Director, BCBA",exec_director,samantha.gomez@actionbehaviorcenterstherapyllc247coaba.com,https://www.linkedin.com/in/samanthagomez-actionbehaviorcenterstherapyllc,state_directory,https://npiregistry.cms.hhs.gov/provider-view/1902760812,pilot-2026-09-25-npi
Action Behavior Centers Therapy LLC,https://www.actionbehaviorcenterstherapyllc248coaba.com,Highlands Ranch,CO,1,Samantha Gomez,"Credentialing Director, BCBA",exec_director,samantha.gomez@actionbehaviorcenterstherapyllc248coaba.com,https://www.linkedin.com/in/samanthagomez-actionbehaviorcenterstherapyllc,state_directory,https://npiregistry.cms.hhs.gov/provider-view/1841154770,pilot-2026-09-25-npi
Action Behavior Centers Therapy LLC,https://www.actionbehaviorcenterstherapyllc249coaba.com,Lone Tree,CO,1,Samantha Gomez,"Credentialing Director, BCBA",exec_director,samantha.gomez@actionbehaviorcenterstherapyllc249coaba.com,https://www.linkedin.com/in/samanthagomez-actionbehaviorcenterstherapyllc,state_directory,https://npiregistry.cms.hhs.gov/provider-view/1235093170,pilot-2026-09-25-npi
Action Behavior Centers Therapy LLC,https://www.actionbehaviorcenterstherapyllc250coaba.com,Aurora,CO,1,Samantha Gomez,"Credentialing Director, BCBA",exec_director,samantha.gomez@actionbehaviorcenterstherapyllc250coaba.com,https://www.linkedin.com/in/samanthagomez-actionbehaviorcenterstherapyllc,state_directory,https://npiregistry.cms.hhs.gov/provider-view/1518821131,pilot-2026-09-25-npi
Action Behavior Centers Therapy LLC,https://www.actionbehaviorcenterstherapyllc251coaba.com,Brighton,CO,1,Samantha Gomez,"Credentialing Director, BCBA",exec_director,samantha.gomez@actionbehaviorcenterstherapyllc251coaba.com,https://www.linkedin.com/in/samanthagomez-actionbehaviorcenterstherapyllc,state_directory,https://npiregistry.cms.hhs.gov/provider-view/1588528012,pilot-2026-09-25-npi
Action Behavior Centers Therapy LLC,https://www.actionbehaviorcenterstherapyllc252coaba.com,Aurora,CO,1,Samantha Gomez,"Credentialing Director, BCBA",exec_director,samantha.gomez@actionbehaviorcenterstherapyllc252coaba.com,https://www.linkedin.com/in/samanthagomez-actionbehaviorcenterstherapyllc,state_directory,https://npiregistry.cms.hhs.gov/provider-view/1073477592,pilot-2026-09-25-npi
Action Behavior Centers Therapy LLC,https://www.actionbehaviorcenterstherapyllc253coaba.com,Denver,CO,1,Samantha Gomez,"Credentialing Director, BCBA",exec_director,samantha.gomez@actionbehaviorcenterstherapyllc253coaba.com,https://www.linkedin.com/in/samanthagomez-actionbehaviorcenterstherapyllc,state_directory,https://npiregistry.cms.hhs.gov/provider-view/1245194588,pilot-2026-09-25-npi
Action Behavior Centers Therapy LLC,https://www.actionbehaviorcenterstherapyllc254coaba.com,Denver,CO,1,Samantha Gomez,"Credentialing Director, BCBA",exec_director,samantha.gomez@actionbehaviorcenterstherapyllc254coaba.com,https://www.linkedin.com/in/samanthagomez-actionbehaviorcenterstherapyllc,state_directory,https://npiregistry.cms.hhs.gov/provider-view/1871457119,pilot-2026-09-25-npi
Action Behavior Centers Therapy LLC,https://www.actionbehaviorcenterstherapyllc255coaba.com,Longmont,CO,1,Samantha Gomez,"Credentialing Director, BCBA",exec_director,samantha.gomez@actionbehaviorcenterstherapyllc255coaba.com,https://www.linkedin.com/in/samanthagomez-actionbehaviorcenterstherapyllc,state_directory,https://npiregistry.cms.hhs.gov/provider-view/1831053529,pilot-2026-09-25-npi
Action Behavior Centers Therapy LLC,https://www.actionbehaviorcenterstherapyllc256coaba.com,Denver,CO,1,Samantha Gomez,"Credentialing Director, BCBA",exec_director,samantha.gomez@actionbehaviorcenterstherapyllc256coaba.com,https://www.linkedin.com/in/samanthagomez-actionbehaviorcenterstherapyllc,state_directory,https://npiregistry.cms.hhs.gov/provider-view/1720942428,pilot-2026-09-25-npi
Action Behavior Centers Therapy LLC,https://www.actionbehaviorcenterstherapyllc257coaba.com,Parker,CO,1,Samantha Gomez,"Credentialing Director, BCBA",exec_director,samantha.gomez@actionbehaviorcenterstherapyllc257coaba.com,https://www.linkedin.com/in/samanthagomez-actionbehaviorcenterstherapyllc,state_directory,https://npiregistry.cms.hhs.gov/provider-view/1801750500,pilot-2026-09-25-npi
Action Behavior Centers Therapy LLC,https://www.actionbehaviorcenterstherapyllc258coaba.com,Aurora,CO,1,Samantha Gomez,"Credentialing Director, BCBA",exec_director,samantha.gomez@actionbehaviorcenterstherapyllc258coaba.com,https://www.linkedin.com/in/samanthagomez-actionbehaviorcenterstherapyllc,state_directory,https://npiregistry.cms.hhs.gov/provider-view/1386508091,pilot-2026-09-25-npi
Action Behavior Centers Therapy LLC,https://www.actionbehaviorcenterstherapyllc259coaba.com,Loveland,CO,1,Samantha Gomez,"Credentialing Director, BCBA",exec_director,samantha.gomez@actionbehaviorcenterstherapyllc259coaba.com,https://www.linkedin.com/in/samanthagomez-actionbehaviorcenterstherapyllc,state_directory,https://npiregistry.cms.hhs.gov/provider-view/1639033350,pilot-2026-09-25-npi
Action Behavior Centers Therapy LLC,https://www.actionbehaviorcenterstherapyllc260coaba.com,Colorado Springs,CO,1,Samantha Gomez,"Credentialing Director, BCBA",exec_director,samantha.gomez@actionbehaviorcenterstherapyllc260coaba.com,https://www.linkedin.com/in/samanthagomez-actionbehaviorcenterstherapyllc,state_directory,https://npiregistry.cms.hhs.gov/provider-view/1376408765,pilot-2026-09-25-npi
Action Behavior Centers Therapy LLC,https://www.actionbehaviorcenterstherapyllc261coaba.com,Denver,CO,1,Samantha Gomez,"Credentialing Director, BCBA",exec_director,samantha.gomez@actionbehaviorcenterstherapyllc261coaba.com,https://www.linkedin.com/in/samanthagomez-actionbehaviorcenterstherapyllc,state_directory,https://npiregistry.cms.hhs.gov/provider-view/1750246344,pilot-2026-09-25-npi
Action Behavior Centers Therapy LLC,https://www.actionbehaviorcenterstherapyllc262coaba.com,Aurora,CO,1,Samantha Gomez,"Credentialing Director, BCBA",exec_director,samantha.gomez@actionbehaviorcenterstherapyllc262coaba.com,https://www.linkedin.com/in/samanthagomez-actionbehaviorcenterstherapyllc,state_directory,https://npiregistry.cms.hhs.gov/provider-view/1417812009,pilot-2026-09-25-npi
Action Behavior Centers Therapy LLC,https://www.actionbehaviorcenterstherapyllc263coaba.com,Littleton,CO,1,Samantha Gomez,"Credentialing Director, BCBA",exec_director,samantha.gomez@actionbehaviorcenterstherapyllc263coaba.com,https://www.linkedin.com/in/samanthagomez-actionbehaviorcenterstherapyllc,state_directory,https://npiregistry.cms.hhs.gov/provider-view/1598620973,pilot-2026-09-25-npi
Action Behavior Centers Therapy LLC,https://www.actionbehaviorcenterstherapyllc264coaba.com,Northglenn,CO,1,Samantha Gomez,"Credentialing Director, BCBA",exec_director,samantha.gomez@actionbehaviorcenterstherapyllc264coaba.com,https://www.linkedin.com/in/samanthagomez-actionbehaviorcenterstherapyllc,state_directory,https://npiregistry.cms.hhs.gov/provider-view/1528923810,pilot-2026-09-25-npi
Action Behavior Centers Therapy LLC,https://www.actionbehaviorcenterstherapyllc265coaba.com,Denver,CO,1,Samantha Gomez,"Credentialing Director, BCBA",exec_director,samantha.gomez@actionbehaviorcenterstherapyllc265coaba.com,https://www.linkedin.com/in/samanthagomez-actionbehaviorcenterstherapyllc,state_directory,https://npiregistry.cms.hhs.gov/provider-view/1427913714,pilot-2026-09-25-npi
Action Behavior Centers Therapy LLC,https://www.actionbehaviorcenterstherapyllc266coaba.com,Lakewood,CO,1,Samantha Gomez,"Credentialing Director, BCBA",exec_director,samantha.gomez@actionbehaviorcenterstherapyllc266coaba.com,https://www.linkedin.com/in/samanthagomez-actionbehaviorcenterstherapyllc,state_directory,https://npiregistry.cms.hhs.gov/provider-view/1790640381,pilot-2026-09-25-npi
Action Behavior Centers Therapy LLC,https://www.actionbehaviorcenterstherapyllc267coaba.com,Denver,CO,1,Samantha Gomez,"Credentialing Manager, BCBA",owner,samantha.gomez@actionbehaviorcenterstherapyllc267coaba.com,https://www.linkedin.com/in/samanthagomez-actionbehaviorcenterstherapyllc,state_directory,https://npiregistry.cms.hhs.gov/provider-view/1871449660,pilot-2026-09-25-npi
Action Behavior Centers Therapy LLC,https://www.actionbehaviorcenterstherapyllc268coaba.com,Peyton,CO,1,Samantha Gomez,"Credentialing Director, BCBA",exec_director,samantha.gomez@actionbehaviorcenterstherapyllc268coaba.com,https://www.linkedin.com/in/samanthagomez-actionbehaviorcenterstherapyllc,state_directory,https://npiregistry.cms.hhs.gov/provider-view/1124958848,pilot-2026-09-25-npi
Action Behavior Centers Therapy LLC,https://www.actionbehaviorcenterstherapyllc269coaba.com,Lakewood,CO,1,Samantha Gomez,"Credentialing Director, BCBA",exec_director,samantha.gomez@actionbehaviorcenterstherapyllc269coaba.com,https://www.linkedin.com/in/samanthagomez-actionbehaviorcenterstherapyllc,state_directory,https://npiregistry.cms.hhs.gov/provider-view/1184588022,pilot-2026-09-25-npi
Action Behavior Centers Therapy LLC,https://www.actionbehaviorcenterstherapyllc270coaba.com,Highlands Ranch,CO,1,Samantha Gomez,"Credentialing Director, BCBA",exec_director,samantha.gomez@actionbehaviorcenterstherapyllc270coaba.com,https://www.linkedin.com/in/samanthagomez-actionbehaviorcenterstherapyllc,state_directory,https://npiregistry.cms.hhs.gov/provider-view/1831053768,pilot-2026-09-25-npi
Action Behavior Centers Therapy LLC,https://www.actionbehaviorcenterstherapyllc271coaba.com,Westminster,CO,1,Samantha Gomez,"Credentialing Director, BCBA",exec_director,samantha.gomez@actionbehaviorcenterstherapyllc271coaba.com,https://www.linkedin.com/in/samanthagomez-actionbehaviorcenterstherapyllc,state_directory,https://npiregistry.cms.hhs.gov/provider-view/1609730308,pilot-2026-09-25-npi
Action Behavior Centers Therapy LLC,https://www.actionbehaviorcenterstherapyllc272coaba.com,Westminster,CO,1,Samantha Gomez,"Credentialing Director, BCBA",exec_director,samantha.gomez@actionbehaviorcenterstherapyllc272coaba.com,https://www.linkedin.com/in/samanthagomez-actionbehaviorcenterstherapyllc,state_directory,https://npiregistry.cms.hhs.gov/provider-view/1063376762,pilot-2026-09-25-npi
Action Behavior Centers Therapy LLC,https://www.actionbehaviorcenterstherapyllc273coaba.com,Denver,CO,1,Samantha Gomez,"Credentialing Director, BCBA",exec_director,samantha.gomez@actionbehaviorcenterstherapyllc273coaba.com,https://www.linkedin.com/in/samanthagomez-actionbehaviorcenterstherapyllc,state_directory,https://npiregistry.cms.hhs.gov/provider-view/1386508083,pilot-2026-09-25-npi
Action Behavior Centers Therapy LLC,https://www.actionbehaviorcenterstherapyllc274coaba.com,Lone Tree,CO,1,Samantha Gomez,"Credentialing Director, BCBA",exec_director,samantha.gomez@actionbehaviorcenterstherapyllc274coaba.com,https://www.linkedin.com/in/samanthagomez-actionbehaviorcenterstherapyllc,state_directory,https://npiregistry.cms.hhs.gov/provider-view/1336003276,pilot-2026-09-25-npi
Action Behavior Centers Therapy LLC,https://www.actionbehaviorcenterstherapyllc275coaba.com,Aurora,CO,1,Samantha Gomez,"Credentialing Director, BCBA",exec_director,samantha.gomez@actionbehaviorcenterstherapyllc275coaba.com,https://www.linkedin.com/in/samanthagomez-actionbehaviorcenterstherapyllc,state_directory,https://npiregistry.cms.hhs.gov/provider-view/1649134354,pilot-2026-09-25-npi
Action Behavior Centers Therapy LLC,https://www.actionbehaviorcenterstherapyllc276coaba.com,Denver,CO,1,Samantha Gomez,"Credentialing Director, BCBA",exec_director,samantha.gomez@actionbehaviorcenterstherapyllc276coaba.com,https://www.linkedin.com/in/samanthagomez-actionbehaviorcenterstherapyllc,state_directory,https://npiregistry.cms.hhs.gov/provider-view/1215891148,pilot-2026-09-25-npi
Action Behavior Centers Therapy LLC,https://www.actionbehaviorcenterstherapyllc277coaba.com,Commerce City,CO,1,Samantha Gomez,"Credentialing Director, BCBA",exec_director,samantha.gomez@actionbehaviorcenterstherapyllc277coaba.com,https://www.linkedin.com/in/samanthagomez-actionbehaviorcenterstherapyllc,state_directory,https://npiregistry.cms.hhs.gov/provider-view/1962367474,pilot-2026-09-25-npi
Action Behavior Centers Therapy LLC,https://www.actionbehaviorcenterstherapyllc278coaba.com,Littleton,CO,1,Samantha Gomez,"Credentialing Director, BCBA",exec_director,samantha.gomez@actionbehaviorcenterstherapyllc278coaba.com,https://www.linkedin.com/in/samanthagomez-actionbehaviorcenterstherapyllc,state_directory,https://npiregistry.cms.hhs.gov/provider-view/1699630079,pilot-2026-09-25-npi
Action Behavior Centers Therapy LLC,https://www.actionbehaviorcenterstherapyllc279coaba.com,Aurora,CO,1,Samantha Gomez,"Credentialing Director, BCBA",exec_director,samantha.gomez@actionbehaviorcenterstherapyllc279coaba.com,https://www.linkedin.com/in/samanthagomez-actionbehaviorcenterstherapyllc,state_directory,https://npiregistry.cms.hhs.gov/provider-view/1205791597,pilot-2026-09-25-npi
Action Behavior Centers Therapy LLC,https://www.actionbehaviorcenterstherapyllc280coaba.com,Denver,CO,1,Samantha Gomez,"Credentialing Director, BCBA",exec_director,samantha.gomez@actionbehaviorcenterstherapyllc280coaba.com,https://www.linkedin.com/in/samanthagomez-actionbehaviorcenterstherapyllc,state_directory,https://npiregistry.cms.hhs.gov/provider-view/1053276345,pilot-2026-09-25-npi
Action Behavior Centers Therapy LLC,https://www.actionbehaviorcenterstherapyllc281coaba.com,Northglenn,CO,1,Samantha Gomez,"Credentialing Director, BCBA",exec_director,samantha.gomez@actionbehaviorcenterstherapyllc281coaba.com,https://www.linkedin.com/in/samanthagomez-actionbehaviorcenterstherapyllc,state_directory,https://npiregistry.cms.hhs.gov/provider-view/1285599571,pilot-2026-09-25-npi
Action Behavior Centers Therapy LLC,https://www.actionbehaviorcenterstherapyllc282coaba.com,Aurora,CO,1,Samantha Gomez,"Credentialing Director, BCBA",exec_director,samantha.gomez@actionbehaviorcenterstherapyllc282coaba.com,https://www.linkedin.com/in/samanthagomez-actionbehaviorcenterstherapyllc,state_directory,https://npiregistry.cms.hhs.gov/provider-view/1487519096,pilot-2026-09-25-npi
Action Behavior Centers Therapy LLC,https://www.actionbehaviorcenterstherapyllc283coaba.com,Broomfield,CO,1,Samantha Gomez,"Credentialing Director, BCBA",exec_director,samantha.gomez@actionbehaviorcenterstherapyllc283coaba.com,https://www.linkedin.com/in/samanthagomez-actionbehaviorcenterstherapyllc,state_directory,https://npiregistry.cms.hhs.gov/provider-view/1083578132,pilot-2026-09-25-npi
Action Behavior Centers Therapy LLC,https://www.actionbehaviorcenterstherapyllc284coaba.com,Fort Collins,CO,1,Samantha Gomez,"Credentialing Director, BCBA",exec_director,samantha.gomez@actionbehaviorcenterstherapyllc284coaba.com,https://www.linkedin.com/in/samanthagomez-actionbehaviorcenterstherapyllc,state_directory,https://npiregistry.cms.hhs.gov/provider-view/1821952748,pilot-2026-09-25-npi
Action Behavior Centers Therapy LLC,https://www.actionbehaviorcenterstherapyllc285coaba.com,Brighton,CO,1,Samantha Gomez,"Credentialing Director, BCBA",exec_director,samantha.gomez@actionbehaviorcenterstherapyllc285coaba.com,https://www.linkedin.com/in/samanthagomez-actionbehaviorcenterstherapyllc,state_directory,https://npiregistry.cms.hhs.gov/provider-view/1487518007,pilot-2026-09-25-npi
Action Behavior Centers Therapy LLC,https://www.actionbehaviorcenterstherapyllc286coaba.com,Denver,CO,1,Samantha Gomez,"Credentialing Director, BCBA",exec_director,samantha.gomez@actionbehaviorcenterstherapyllc286coaba.com,https://www.linkedin.com/in/samanthagomez-actionbehaviorcenterstherapyllc,state_directory,https://npiregistry.cms.hhs.gov/provider-view/1588529176,pilot-2026-09-25-npi
Action Behavior Centers Therapy LLC,https://www.actionbehaviorcenterstherapyllc287coaba.com,Lakewood,CO,1,Samantha Gomez,"Credentialing Director, BCBA",exec_director,samantha.gomez@actionbehaviorcenterstherapyllc287coaba.com,https://www.linkedin.com/in/samanthagomez-actionbehaviorcenterstherapyllc,state_directory,https://npiregistry.cms.hhs.gov/provider-view/1174488761,pilot-2026-09-25-npi
Action Behavior Centers Therapy LLC,https://www.actionbehaviorcenterstherapyllc288coaba.com,Littleton,CO,1,Samantha Gomez,"Credentialing Director, BCBA",exec_director,samantha.gomez@actionbehaviorcenterstherapyllc288coaba.com,https://www.linkedin.com/in/samanthagomez-actionbehaviorcenterstherapyllc,state_directory,https://npiregistry.cms.hhs.gov/provider-view/1669336996,pilot-2026-09-25-npi
Action Behavior Centers Therapy LLC,https://www.actionbehaviorcenterstherapyllc289coaba.com,Westminster,CO,1,Samantha Gomez,"Credentialing Director, BCBA",exec_director,samantha.gomez@actionbehaviorcenterstherapyllc289coaba.com,https://www.linkedin.com/in/samanthagomez-actionbehaviorcenterstherapyllc,state_directory,https://npiregistry.cms.hhs.gov/provider-view/1225992928,pilot-2026-09-25-npi
Action Behavior Centers Therapy LLC,https://www.actionbehaviorcenterstherapyllc290coaba.com,Westminster,CO,1,Samantha Gomez,"Credentialing Director, BCBA",exec_director,samantha.gomez@actionbehaviorcenterstherapyllc290coaba.com,https://www.linkedin.com/in/samanthagomez-actionbehaviorcenterstherapyllc,state_directory,https://npiregistry.cms.hhs.gov/provider-view/1215891916,pilot-2026-09-25-npi
Action Behavior Centers Therapy LLC,https://www.actionbehaviorcenterstherapyllc291coaba.com,Lakewood,CO,1,Samantha Gomez,"Credentialing Director, BCBA",exec_director,samantha.gomez@actionbehaviorcenterstherapyllc291coaba.com,https://www.linkedin.com/in/samanthagomez-actionbehaviorcenterstherapyllc,state_directory,https://npiregistry.cms.hhs.gov/provider-view/1730043670,pilot-2026-09-25-npi
Action Behavior Centers Therapy LLC,https://www.actionbehaviorcenterstherapyllc292coaba.com,Denver,CO,1,Samantha Gomez,"Credentialing Director, BCBA",exec_director,samantha.gomez@actionbehaviorcenterstherapyllc292coaba.com,https://www.linkedin.com/in/samanthagomez-actionbehaviorcenterstherapyllc,state_directory,https://npiregistry.cms.hhs.gov/provider-view/1972467801,pilot-2026-09-25-npi
Action Behavior Centers Therapy LLC,https://www.actionbehaviorcenterstherapyllc293coaba.com,Aurora,CO,1,Samantha Gomez,"Credentialing Director, BCBA",exec_director,samantha.gomez@actionbehaviorcenterstherapyllc293coaba.com,https://www.linkedin.com/in/samanthagomez-actionbehaviorcenterstherapyllc,state_directory,https://npiregistry.cms.hhs.gov/provider-view/1396600789,pilot-2026-09-25-npi
Action Behavior Centers Therapy LLC,https://www.actionbehaviorcenterstherapyllc294coaba.com,Littleton,CO,1,Samantha Gomez,"Credentialing Director, BCBA",exec_director,samantha.gomez@actionbehaviorcenterstherapyllc294coaba.com,https://www.linkedin.com/in/samanthagomez-actionbehaviorcenterstherapyllc,state_directory,https://npiregistry.cms.hhs.gov/provider-view/1295699528,pilot-2026-09-25-npi
Action Behavior Centers Therapy LLC,https://www.actionbehaviorcenterstherapyllc295coaba.com,Greeley,CO,1,Samantha Gomez,"Credentialing Director, BCBA",exec_director,samantha.gomez@actionbehaviorcenterstherapyllc295coaba.com,https://www.linkedin.com/in/samanthagomez-actionbehaviorcenterstherapyllc,state_directory,https://npiregistry.cms.hhs.gov/provider-view/1427912740,pilot-2026-09-25-npi
Action Behavior Centers Therapy LLC,https://www.actionbehaviorcenterstherapyllc296coaba.com,Fort Collins,CO,1,Samantha Gomez,"Credentialing Director, BCBA",exec_director,samantha.gomez@actionbehaviorcenterstherapyllc296coaba.com,https://www.linkedin.com/in/samanthagomez-actionbehaviorcenterstherapyllc,state_directory,https://npiregistry.cms.hhs.gov/provider-view/1578427498,pilot-2026-09-25-npi
Action Behavior Centers Therapy LLC,https://www.actionbehaviorcenterstherapyllc297coaba.com,Arvada,CO,1,Samantha Gomez,"Credentialing Director, BCBA",exec_director,samantha.gomez@actionbehaviorcenterstherapyllc297coaba.com,https://www.linkedin.com/in/samanthagomez-actionbehaviorcenterstherapyllc,state_directory,https://npiregistry.cms.hhs.gov/provider-view/1730044322,pilot-2026-09-25-npi
Action Behavior Centers Therapy LLC,https://www.actionbehaviorcenterstherapyllc298coaba.com,Arvada,CO,1,Samantha Gomez,"Credentialing Director, BCBA",exec_director,samantha.gomez@actionbehaviorcenterstherapyllc298coaba.com,https://www.linkedin.com/in/samanthagomez-actionbehaviorcenterstherapyllc,state_directory,https://npiregistry.cms.hhs.gov/provider-view/1821953423,pilot-2026-09-25-npi
Action Behavior Centers Therapy LLC,https://www.actionbehaviorcenterstherapyllc299coaba.com,Aurora,CO,1,Samantha Gomez,"Credentialing Director, BCBA",exec_director,samantha.gomez@actionbehaviorcenterstherapyllc299coaba.com,https://www.linkedin.com/in/samanthagomez-actionbehaviorcenterstherapyllc,state_directory,https://npiregistry.cms.hhs.gov/provider-view/1104781715,pilot-2026-09-25-npi
Action Behavior Centers Therapy LLC,https://www.actionbehaviorcenterstherapyllc300coaba.com,Fountain,CO,1,Samantha Gomez,"Credentialing Director, BCBA",exec_director,samantha.gomez@actionbehaviorcenterstherapyllc300coaba.com,https://www.linkedin.com/in/samanthagomez-actionbehaviorcenterstherapyllc,state_directory,https://npiregistry.cms.hhs.gov/provider-view/1730044249,pilot-2026-09-25-npi
Action Behavior Centers Therapy LLC,https://www.actionbehaviorcenterstherapyllc301coaba.com,Fountain,CO,1,Samantha Gomez,"Credentialing Director, BCBA",exec_director,samantha.gomez@actionbehaviorcenterstherapyllc301coaba.com,https://www.linkedin.com/in/samanthagomez-actionbehaviorcenterstherapyllc,state_directory,https://npiregistry.cms.hhs.gov/provider-view/1912862426,pilot-2026-09-25-npi
Action Behavior Centers Therapy LLC,https://www.actionbehaviorcenterstherapyllc302coaba.com,Wheat Ridge,CO,1,Samantha Gomez,"Credentialing Director, BCBA",exec_director,samantha.gomez@actionbehaviorcenterstherapyllc302coaba.com,https://www.linkedin.com/in/samanthagomez-actionbehaviorcenterstherapyllc,state_directory,https://npiregistry.cms.hhs.gov/provider-view/1992669238,pilot-2026-09-25-npi
Action Behavior Centers Therapy LLC,https://www.actionbehaviorcenterstherapyllc303coaba.com,Aurora,CO,1,Samantha Gomez,"Credentialing Director, BCBA",exec_director,samantha.gomez@actionbehaviorcenterstherapyllc303coaba.com,https://www.linkedin.com/in/samanthagomez-actionbehaviorcenterstherapyllc,state_directory,https://npiregistry.cms.hhs.gov/provider-view/1023973625,pilot-2026-09-25-npi
Action Behavior Centers Therapy LLC,https://www.actionbehaviorcenterstherapyllc304coaba.com,Commerce City,CO,1,Samantha Gomez,"Credentialing Director, BCBA",exec_director,samantha.gomez@actionbehaviorcenterstherapyllc304coaba.com,https://www.linkedin.com/in/samanthagomez-actionbehaviorcenterstherapyllc,state_directory,https://npiregistry.cms.hhs.gov/provider-view/1578428090,pilot-2026-09-25-npi
Action Behavior Centers Therapy LLC,https://www.actionbehaviorcenterstherapyllc305coaba.com,Brighton,CO,1,Samantha Gomez,"Credentialing Director, BCBA",exec_director,samantha.gomez@actionbehaviorcenterstherapyllc305coaba.com,https://www.linkedin.com/in/samanthagomez-actionbehaviorcenterstherapyllc,state_directory,https://npiregistry.cms.hhs.gov/provider-view/1225951536,pilot-2026-09-25-npi
Action Behavior Centers Therapy LLC,https://www.actionbehaviorcenterstherapyllc306coaba.com,Colorado Springs,CO,1,Samantha Gomez,"Credentialing Director, BCBA",exec_director,samantha.gomez@actionbehaviorcenterstherapyllc306coaba.com,https://www.linkedin.com/in/samanthagomez-actionbehaviorcenterstherapyllc,state_directory,https://npiregistry.cms.hhs.gov/provider-view/1164387551,pilot-2026-09-25-npi
Action Behavior Centers Therapy LLC,https://www.actionbehaviorcenterstherapyllc307coaba.com,Thornton,CO,1,Samantha Gomez,"Credentialing Director, BCBA",exec_director,samantha.gomez@actionbehaviorcenterstherapyllc307coaba.com,https://www.linkedin.com/in/samanthagomez-actionbehaviorcenterstherapyllc,state_directory,https://npiregistry.cms.hhs.gov/provider-view/1295690683,pilot-2026-09-25-npi
Action Behavior Centers Therapy LLC,https://www.actionbehaviorcenterstherapyllc308coaba.com,Parker,CO,1,Samantha Gomez,"Credentialing Director, BCBA",exec_director,samantha.gomez@actionbehaviorcenterstherapyllc308coaba.com,https://www.linkedin.com/in/samanthagomez-actionbehaviorcenterstherapyllc,state_directory,https://npiregistry.cms.hhs.gov/provider-view/1780549170,pilot-2026-09-25-npi
Action Behavior Centers Therapy LLC,https://www.actionbehaviorcenterstherapyllc309coaba.com,Parker,CO,1,Samantha Gomez,"Credentialing Director, BCBA",exec_director,samantha.gomez@actionbehaviorcenterstherapyllc309coaba.com,https://www.linkedin.com/in/samanthagomez-actionbehaviorcenterstherapyllc,state_directory,https://npiregistry.cms.hhs.gov/provider-view/1407711898,pilot-2026-09-25-npi
Action Behavior Centers Therapy LLC,https://www.actionbehaviorcenterstherapyllc310coaba.com,Longmont,CO,1,Samantha Gomez,"Credentialing Director, BCBA",exec_director,samantha.gomez@actionbehaviorcenterstherapyllc310coaba.com,https://www.linkedin.com/in/samanthagomez-actionbehaviorcenterstherapyllc,state_directory,https://npiregistry.cms.hhs.gov/provider-view/1003770793,pilot-2026-09-25-npi
Action Behavior Centers Therapy LLC,https://www.actionbehaviorcenterstherapyllc311coaba.com,Brighton,CO,1,Samantha Gomez,"Credentialing Director, BCBA",exec_director,samantha.gomez@actionbehaviorcenterstherapyllc311coaba.com,https://www.linkedin.com/in/samanthagomez-actionbehaviorcenterstherapyllc,state_directory,https://npiregistry.cms.hhs.gov/provider-view/1730044314,pilot-2026-09-25-npi
Action Behavior Centers Therapy LLC,https://www.actionbehaviorcenterstherapyllc312coaba.com,Aurora,CO,1,Samantha Gomez,"Credentialing Director, BCBA",exec_director,samantha.gomez@actionbehaviorcenterstherapyllc312coaba.com,https://www.linkedin.com/in/samanthagomez-actionbehaviorcenterstherapyllc,state_directory,https://npiregistry.cms.hhs.gov/provider-view/1588529192,pilot-2026-09-25-npi
Action Behavior Centers Therapy LLC,https://www.actionbehaviorcenterstherapyllc313coaba.com,Wheat Ridge,CO,1,Samantha Gomez,"Credentialing Director, BCBA",exec_director,samantha.gomez@actionbehaviorcenterstherapyllc313coaba.com,https://www.linkedin.com/in/samanthagomez-actionbehaviorcenterstherapyllc,state_directory,https://npiregistry.cms.hhs.gov/provider-view/1265396501,pilot-2026-09-25-npi
Action Behavior Centers Therapy LLC,https://www.actionbehaviorcenterstherapyllc314coaba.com,Englewood,CO,1,Samantha Gomez,"Credentialing Director, BCBA",exec_director,samantha.gomez@actionbehaviorcenterstherapyllc314coaba.com,https://www.linkedin.com/in/samanthagomez-actionbehaviorcenterstherapyllc,state_directory,https://npiregistry.cms.hhs.gov/provider-view/1265396162,pilot-2026-09-25-npi
Action Behavior Centers Therapy LLC,https://www.actionbehaviorcenterstherapyllc315coaba.com,Broomfield,CO,1,Samantha Gomez,"Credentialing Director, BCBA",exec_director,samantha.gomez@actionbehaviorcenterstherapyllc315coaba.com,https://www.linkedin.com/in/samanthagomez-actionbehaviorcenterstherapyllc,state_directory,https://npiregistry.cms.hhs.gov/provider-view/1134083058,pilot-2026-09-25-npi
Action Behavior Centers Therapy LLC,https://www.actionbehaviorcenterstherapyllc316coaba.com,Fort Collins,CO,1,Samantha Gomez,"Credentialing Director, BCBA",exec_director,samantha.gomez@actionbehaviorcenterstherapyllc316coaba.com,https://www.linkedin.com/in/samanthagomez-actionbehaviorcenterstherapyllc,state_directory,https://npiregistry.cms.hhs.gov/provider-view/1356205660,pilot-2026-09-25-npi
Action Behavior Centers Therapy LLC,https://www.actionbehaviorcenterstherapyllc317coaba.com,Colorado Springs,CO,1,Samantha Gomez,"Credentialing Manager, BCBA",owner,samantha.gomez@actionbehaviorcenterstherapyllc317coaba.com,https://www.linkedin.com/in/samanthagomez-actionbehaviorcenterstherapyllc,state_directory,https://npiregistry.cms.hhs.gov/provider-view/1134075708,pilot-2026-09-25-npi
"Action Behavior Centers, LLC",https://www.actionbehaviorcentersllc318coaba.com,Westminster,CO,1,Samantha Gomez,"Credentialing Manager, BCBA",owner,samantha.gomez@actionbehaviorcentersllc318coaba.com,https://www.linkedin.com/in/samanthagomez-actionbehaviorcentersllc,state_directory,https://npiregistry.cms.hhs.gov/provider-view/1649986688,pilot-2026-09-25-npi
"Action Behavior Centers, LLC",https://www.actionbehaviorcentersllc319coaba.com,Westminster,CO,1,Samantha Gomez,"Credentialing Manager, BCBA",owner,samantha.gomez@actionbehaviorcentersllc319coaba.com,https://www.linkedin.com/in/samanthagomez-actionbehaviorcentersllc,state_directory,https://npiregistry.cms.hhs.gov/provider-view/1518639210,pilot-2026-09-25-npi
"Action Behavior Centers, LLC",https://www.actionbehaviorcentersllc320coaba.com,Parker,CO,1,Samantha Gomez,"Credentialing Manager, BCBA",owner,samantha.gomez@actionbehaviorcentersllc320coaba.com,https://www.linkedin.com/in/samanthagomez-actionbehaviorcentersllc,state_directory,https://npiregistry.cms.hhs.gov/provider-view/1538822606,pilot-2026-09-25-npi
"Action Behavior Centers, LLC",https://www.actionbehaviorcentersllc321coaba.com,Aurora,CO,1,Samantha Gomez,"Credentialing Manager, BCBA",owner,samantha.gomez@actionbehaviorcentersllc321coaba.com,https://www.linkedin.com/in/samanthagomez-actionbehaviorcentersllc,state_directory,https://npiregistry.cms.hhs.gov/provider-view/1912870130,pilot-2026-09-25-npi
"Action Behavior Centers, LLC",https://www.actionbehaviorcentersllc322coaba.com,Denver,CO,1,Samantha Gomez,"Credentialing Manager, BCBA",owner,samantha.gomez@actionbehaviorcentersllc322coaba.com,https://www.linkedin.com/in/samanthagomez-actionbehaviorcentersllc,state_directory,https://npiregistry.cms.hhs.gov/provider-view/1447003397,pilot-2026-09-25-npi
"Action Behavior Centers, LLC",https://www.actionbehaviorcentersllc323coaba.com,Castle Rock,CO,1,Samantha Gomez,"Credentialing Manager, BCBA",owner,samantha.gomez@actionbehaviorcentersllc323coaba.com,https://www.linkedin.com/in/samanthagomez-actionbehaviorcentersllc,state_directory,https://npiregistry.cms.hhs.gov/provider-view/1205680303,pilot-2026-09-25-npi
"Action Behavior Centers, LLC",https://www.actionbehaviorcentersllc324coaba.com,Lakewood,CO,1,Samantha Gomez,"Credentialing Manager, BCBA",owner,samantha.gomez@actionbehaviorcentersllc324coaba.com,https://www.linkedin.com/in/samanthagomez-actionbehaviorcentersllc,state_directory,https://npiregistry.cms.hhs.gov/provider-view/1477382828,pilot-2026-09-25-npi
"Action Behavior Centers, LLC",https://www.actionbehaviorcentersllc325coaba.com,Denver,CO,1,Samantha Gomez,"Credentialing Director, BCBA",exec_director,samantha.gomez@actionbehaviorcentersllc325coaba.com,https://www.linkedin.com/in/samanthagomez-actionbehaviorcentersllc,state_directory,https://npiregistry.cms.hhs.gov/provider-view/1053249755,pilot-2026-09-25-npi
"Action Behavior Centers, LLC",https://www.actionbehaviorcentersllc326coaba.com,Broomfield,CO,1,Samantha Gomez,"Credentialing Manager, BCBA",owner,samantha.gomez@actionbehaviorcentersllc326coaba.com,https://www.linkedin.com/in/samanthagomez-actionbehaviorcentersllc,state_directory,https://npiregistry.cms.hhs.gov/provider-view/1992422430,pilot-2026-09-25-npi
"Action Behavior Centers, LLC",https://www.actionbehaviorcentersllc327coaba.com,Lakewood,CO,1,Samantha Gomez,"Credentialing Manager, BCBA",owner,samantha.gomez@actionbehaviorcentersllc327coaba.com,https://www.linkedin.com/in/samanthagomez-actionbehaviorcentersllc,state_directory,https://npiregistry.cms.hhs.gov/provider-view/1891425856,pilot-2026-09-25-npi
"Action Behavior Centers, LLC",https://www.actionbehaviorcentersllc328coaba.com,Westminster,CO,1,Samantha Gomez,"Credentialing Manager, BCBA",owner,samantha.gomez@actionbehaviorcentersllc328coaba.com,https://www.linkedin.com/in/samanthagomez-actionbehaviorcentersllc,state_directory,https://npiregistry.cms.hhs.gov/provider-view/1336820851,pilot-2026-09-25-npi
"Action Behavior Centers, LLC",https://www.actionbehaviorcentersllc329coaba.com,Aurora,CO,1,Samantha Gomez,"Credentialing Manager, BCBA",owner,samantha.gomez@actionbehaviorcentersllc329coaba.com,https://www.linkedin.com/in/samanthagomez-actionbehaviorcentersllc,state_directory,https://npiregistry.cms.hhs.gov/provider-view/1336976836,pilot-2026-09-25-npi
"Action Behavior Centers, LLC",https://www.actionbehaviorcentersllc330coaba.com,Loveland,CO,1,Samantha Gomez,"Credentialing Manager, BCBA",owner,samantha.gomez@actionbehaviorcentersllc330coaba.com,https://www.linkedin.com/in/samanthagomez-actionbehaviorcentersllc,state_directory,https://npiregistry.cms.hhs.gov/provider-view/1396598231,pilot-2026-09-25-npi
"Action Behavior Centers, LLC",https://www.actionbehaviorcentersllc331coaba.com,Brighton,CO,1,Samantha Gomez,"Credentialing Manager, BCBA",owner,samantha.gomez@actionbehaviorcentersllc331coaba.com,https://www.linkedin.com/in/samanthagomez-actionbehaviorcentersllc,state_directory,https://npiregistry.cms.hhs.gov/provider-view/1417700360,pilot-2026-09-25-npi
"Action Behavior Centers, LLC",https://www.actionbehaviorcentersllc332coaba.com,Denver,CO,1,Samantha Gomez,"Credentialing Manager, BCBA",owner,samantha.gomez@actionbehaviorcentersllc332coaba.com,https://www.linkedin.com/in/samanthagomez-actionbehaviorcentersllc,state_directory,https://npiregistry.cms.hhs.gov/provider-view/1043185697,pilot-2026-09-25-npi
"Action Behavior Centers, LLC",https://www.actionbehaviorcentersllc333coaba.com,Colorado Springs,CO,1,Samantha Gomez,"Credentialing Director, BCBA",exec_director,samantha.gomez@actionbehaviorcentersllc333coaba.com,https://www.linkedin.com/in/samanthagomez-actionbehaviorcentersllc,state_directory,https://npiregistry.cms.hhs.gov/provider-view/1982532966,pilot-2026-09-25-npi
"Action Behavior Centers, LLC",https://www.actionbehaviorcentersllc334coaba.com,Lone Tree,CO,1,Samantha Gomez,"Credentialing Manager, BCBA",owner,samantha.gomez@actionbehaviorcentersllc334coaba.com,https://www.linkedin.com/in/samanthagomez-actionbehaviorcentersllc,state_directory,https://npiregistry.cms.hhs.gov/provider-view/1679152227,pilot-2026-09-25-npi
"Action Behavior Centers, LLC",https://www.actionbehaviorcentersllc335coaba.com,Longmont,CO,1,Samantha Gomez,"Credentialing Manager, BCBA",owner,samantha.gomez@actionbehaviorcentersllc335coaba.com,https://www.linkedin.com/in/samanthagomez-actionbehaviorcentersllc,state_directory,https://npiregistry.cms.hhs.gov/provider-view/1053031856,pilot-2026-09-25-npi
"Action Behavior Centers, LLC",https://www.actionbehaviorcentersllc336coaba.com,Arvada,CO,1,Samantha Gomez,"Credentialing Manager, BCBA",owner,samantha.gomez@actionbehaviorcentersllc336coaba.com,https://www.linkedin.com/in/samanthagomez-actionbehaviorcentersllc,state_directory,https://npiregistry.cms.hhs.gov/provider-view/1659194686,pilot-2026-09-25-npi
"Action Behavior Centers, LLC",https://www.actionbehaviorcentersllc337coaba.com,Aurora,CO,1,Samantha Gomez,"Credentialing Manager, BCBA",owner,samantha.gomez@actionbehaviorcentersllc337coaba.com,https://www.linkedin.com/in/samanthagomez-actionbehaviorcentersllc,state_directory,https://npiregistry.cms.hhs.gov/provider-view/1609629542,pilot-2026-09-25-npi
"Action Behavior Centers, LLC",https://www.actionbehaviorcentersllc338coaba.com,Castle Rock,CO,1,Samantha Gomez,"Credentialing Manager, BCBA",owner,samantha.gomez@actionbehaviorcentersllc338coaba.com,https://www.linkedin.com/in/samanthagomez-actionbehaviorcentersllc,state_directory,https://npiregistry.cms.hhs.gov/provider-view/1376396218,pilot-2026-09-25-npi
"Action Behavior Centers, LLC",https://www.actionbehaviorcentersllc339coaba.com,Brighton,CO,1,Samantha Gomez,"Credentialing Manager, BCBA",owner,samantha.gomez@actionbehaviorcentersllc339coaba.com,https://www.linkedin.com/in/samanthagomez-actionbehaviorcentersllc,state_directory,https://npiregistry.cms.hhs.gov/provider-view/1407600182,pilot-2026-09-25-npi
"Action Behavior Centers, LLC",https://www.actionbehaviorcentersllc340coaba.com,Aurora,CO,1,Samantha Gomez,"Credentialing Manager, BCBA",owner,samantha.gomez@actionbehaviorcentersllc340coaba.com,https://www.linkedin.com/in/samanthagomez-actionbehaviorcentersllc,state_directory,https://npiregistry.cms.hhs.gov/provider-view/1124826367,pilot-2026-09-25-npi
"Action Behavior Centers, LLC",https://www.actionbehaviorcentersllc341coaba.com,Commerce City,CO,1,Samantha Gomez,"Credentialing Manager, BCBA",owner,samantha.gomez@actionbehaviorcentersllc341coaba.com,https://www.linkedin.com/in/samanthagomez-actionbehaviorcentersllc,state_directory,https://npiregistry.cms.hhs.gov/provider-view/1083414171,pilot-2026-09-25-npi
"Action Behavior Centers, LLC",https://www.actionbehaviorcentersllc342coaba.com,Colorado Springs,CO,1,Samantha Gomez,"Credentialing Manager, BCBA",owner,samantha.gomez@actionbehaviorcentersllc342coaba.com,https://www.linkedin.com/in/samanthagomez-actionbehaviorcentersllc,state_directory,https://npiregistry.cms.hhs.gov/provider-view/1548143407,pilot-2026-09-25-npi
"Action Behavior Centers, LLC",https://www.actionbehaviorcentersllc343coaba.com,Peyton,CO,1,Samantha Gomez,"Credentialing Director, BCBA",exec_director,samantha.gomez@actionbehaviorcentersllc343coaba.com,https://www.linkedin.com/in/samanthagomez-actionbehaviorcentersllc,state_directory,https://npiregistry.cms.hhs.gov/provider-view/1083579445,pilot-2026-09-25-npi
"Action Behavior Centers, LLC",https://www.actionbehaviorcentersllc344coaba.com,Broomfield,CO,1,Samantha Gomez,"Credentialing Manager, BCBA",owner,samantha.gomez@actionbehaviorcentersllc344coaba.com,https://www.linkedin.com/in/samanthagomez-actionbehaviorcentersllc,state_directory,https://npiregistry.cms.hhs.gov/provider-view/1255003943,pilot-2026-09-25-npi
"Action Behavior Centers, LLC",https://www.actionbehaviorcentersllc345coaba.com,Wheat Ridge,CO,1,Samantha Gomez,"Credentialing Manager, BCBA",owner,samantha.gomez@actionbehaviorcentersllc345coaba.com,https://www.linkedin.com/in/samanthagomez-actionbehaviorcentersllc,state_directory,https://npiregistry.cms.hhs.gov/provider-view/1801517982,pilot-2026-09-25-npi
"Action Behavior Centers, LLC",https://www.actionbehaviorcentersllc346coaba.com,Littleton,CO,1,Samantha Gomez,"Credentialing Manager, BCBA",owner,samantha.gomez@actionbehaviorcentersllc346coaba.com,https://www.linkedin.com/in/samanthagomez-actionbehaviorcentersllc,state_directory,https://npiregistry.cms.hhs.gov/provider-view/1891454559,pilot-2026-09-25-npi
"Action Behavior Centers, LLC",https://www.actionbehaviorcentersllc347coaba.com,Littleton,CO,1,Samantha Gomez,"Credentialing Manager, BCBA",owner,samantha.gomez@actionbehaviorcentersllc347coaba.com,https://www.linkedin.com/in/samanthagomez-actionbehaviorcentersllc,state_directory,https://npiregistry.cms.hhs.gov/provider-view/1225838303,pilot-2026-09-25-npi
"Action Behavior Centers, LLC",https://www.actionbehaviorcentersllc348coaba.com,Aurora,CO,1,Samantha Gomez,"Credentialing Manager, BCBA",owner,samantha.gomez@actionbehaviorcentersllc348coaba.com,https://www.linkedin.com/in/samanthagomez-actionbehaviorcentersllc,state_directory,https://npiregistry.cms.hhs.gov/provider-view/1447067566,pilot-2026-09-25-npi
"Action Behavior Centers, LLC",https://www.actionbehaviorcentersllc349coaba.com,Arvada,CO,1,Samantha Gomez,"Credentialing Manager, BCBA",owner,samantha.gomez@actionbehaviorcentersllc349coaba.com,https://www.linkedin.com/in/samanthagomez-actionbehaviorcentersllc,state_directory,https://npiregistry.cms.hhs.gov/provider-view/1598519274,pilot-2026-09-25-npi
"Action Behavior Centers, LLC",https://www.actionbehaviorcentersllc350coaba.com,Denver,CO,1,Samantha Gomez,"Credentialing Manager, BCBA",owner,samantha.gomez@actionbehaviorcentersllc350coaba.com,https://www.linkedin.com/in/samanthagomez-actionbehaviorcentersllc,state_directory,https://npiregistry.cms.hhs.gov/provider-view/1558183277,pilot-2026-09-25-npi
"Action Behavior Centers, LLC",https://www.actionbehaviorcentersllc351coaba.com,Loveland,CO,1,Samantha Gomez,"Credentialing Manager, BCBA",owner,samantha.gomez@actionbehaviorcentersllc351coaba.com,https://www.linkedin.com/in/samanthagomez-actionbehaviorcentersllc,state_directory,https://npiregistry.cms.hhs.gov/provider-view/1396599494,pilot-2026-09-25-npi
"Action Behavior Centers, LLC",https://www.actionbehaviorcentersllc352coaba.com,Denver,CO,1,Samantha Gomez,"Credentialing Manager, BCBA",owner,samantha.gomez@actionbehaviorcentersllc352coaba.com,https://www.linkedin.com/in/samanthagomez-actionbehaviorcentersllc,state_directory,https://npiregistry.cms.hhs.gov/provider-view/1750113361,pilot-2026-09-25-npi
"Action Behavior Centers, LLC",https://www.actionbehaviorcentersllc353coaba.com,Parker,CO,1,Samantha Gomez,"Credentialing Manager, BCBA",owner,samantha.gomez@actionbehaviorcentersllc353coaba.com,https://www.linkedin.com/in/samanthagomez-actionbehaviorcentersllc,state_directory,https://npiregistry.cms.hhs.gov/provider-view/1538032800,pilot-2026-09-25-npi
"Action Behavior Centers, LLC",https://www.actionbehaviorcentersllc354coaba.com,Northglenn,CO,1,Samantha Gomez,"Credentialing Manager, BCBA",owner,samantha.gomez@actionbehaviorcentersllc354coaba.com,https://www.linkedin.com/in/samanthagomez-actionbehaviorcentersllc,state_directory,https://npiregistry.cms.hhs.gov/provider-view/1649143850,pilot-2026-09-25-npi
"Action Behavior Centers, LLC",https://www.actionbehaviorcentersllc355coaba.com,Greeley,CO,1,Samantha Gomez,"Credentialing Manager, BCBA",owner,samantha.gomez@actionbehaviorcentersllc355coaba.com,https://www.linkedin.com/in/samanthagomez-actionbehaviorcentersllc,state_directory,https://npiregistry.cms.hhs.gov/provider-view/1700567641,pilot-2026-09-25-npi
"Action Behavior Centers, LLC",https://www.actionbehaviorcentersllc356coaba.com,Englewood,CO,1,Samantha Gomez,"Credentialing Manager, BCBA",owner,samantha.gomez@actionbehaviorcentersllc356coaba.com,https://www.linkedin.com/in/samanthagomez-actionbehaviorcentersllc,state_directory,https://npiregistry.cms.hhs.gov/provider-view/1467133306,pilot-2026-09-25-npi
"Action Behavior Centers, LLC",https://www.actionbehaviorcentersllc357coaba.com,Aurora,CO,1,Samantha Gomez,"Credentialing Manager, BCBA",owner,samantha.gomez@actionbehaviorcentersllc357coaba.com,https://www.linkedin.com/in/samanthagomez-actionbehaviorcentersllc,state_directory,https://npiregistry.cms.hhs.gov/provider-view/1457032393,pilot-2026-09-25-npi
"Action Behavior Centers, LLC",https://www.actionbehaviorcentersllc358coaba.com,Denver,CO,1,Samantha Gomez,"Credentialing Manager, BCBA",owner,samantha.gomez@actionbehaviorcentersllc358coaba.com,https://www.linkedin.com/in/samanthagomez-actionbehaviorcentersllc,state_directory,https://npiregistry.cms.hhs.gov/provider-view/1942981824,pilot-2026-09-25-npi
"Action Behavior Centers, LLC",https://www.actionbehaviorcentersllc359coaba.com,Fort Collins,CO,1,Samantha Gomez,"Credentialing Manager, BCBA",owner,samantha.gomez@actionbehaviorcentersllc359coaba.com,https://www.linkedin.com/in/samanthagomez-actionbehaviorcentersllc,state_directory,https://npiregistry.cms.hhs.gov/provider-view/1508547027,pilot-2026-09-25-npi
"Action Behavior Centers, LLC",https://www.actionbehaviorcentersllc360coaba.com,Aurora,CO,1,Samantha Gomez,"Credentialing Manager, BCBA",owner,samantha.gomez@actionbehaviorcentersllc360coaba.com,https://www.linkedin.com/in/samanthagomez-actionbehaviorcentersllc,state_directory,https://npiregistry.cms.hhs.gov/provider-view/1780438465,pilot-2026-09-25-npi
"Action Behavior Centers, LLC",https://www.actionbehaviorcentersllc361coaba.com,Denver,CO,1,Samantha Gomez,"Credentialing Manager, BCBA",owner,samantha.gomez@actionbehaviorcentersllc361coaba.com,https://www.linkedin.com/in/samanthagomez-actionbehaviorcentersllc,state_directory,https://npiregistry.cms.hhs.gov/provider-view/1861239964,pilot-2026-09-25-npi
"Action Behavior Centers, LLC",https://www.actionbehaviorcentersllc362coaba.com,Brighton,CO,1,Samantha Gomez,"Credentialing Manager, BCBA",owner,samantha.gomez@actionbehaviorcentersllc362coaba.com,https://www.linkedin.com/in/samanthagomez-actionbehaviorcentersllc,state_directory,https://npiregistry.cms.hhs.gov/provider-view/1487374450,pilot-2026-09-25-npi
"Action Behavior Centers, LLC",https://www.actionbehaviorcentersllc363coaba.com,Fort Collins,CO,1,Samantha Gomez,"Credentialing Manager, BCBA",owner,samantha.gomez@actionbehaviorcentersllc363coaba.com,https://www.linkedin.com/in/samanthagomez-actionbehaviorcentersllc,state_directory,https://npiregistry.cms.hhs.gov/provider-view/1497423172,pilot-2026-09-25-npi
"Action Behavior Centers, LLC",https://www.actionbehaviorcentersllc364coaba.com,Denver,CO,1,Samantha Gomez,"Credentialing Manager, BCBA",owner,samantha.gomez@actionbehaviorcentersllc364coaba.com,https://www.linkedin.com/in/samanthagomez-actionbehaviorcentersllc,state_directory,https://npiregistry.cms.hhs.gov/provider-view/1265191910,pilot-2026-09-25-npi
"Action Behavior Centers, LLC",https://www.actionbehaviorcentersllc365coaba.com,Fountain,CO,1,Samantha Gomez,"Credentialing Manager, BCBA",owner,samantha.gomez@actionbehaviorcentersllc365coaba.com,https://www.linkedin.com/in/samanthagomez-actionbehaviorcentersllc,state_directory,https://npiregistry.cms.hhs.gov/provider-view/1841090933,pilot-2026-09-25-npi
"Action Behavior Centers, LLC",https://www.actionbehaviorcentersllc366coaba.com,Fountain,CO,1,Samantha Gomez,"Credentialing Manager, BCBA",owner,samantha.gomez@actionbehaviorcentersllc366coaba.com,https://www.linkedin.com/in/samanthagomez-actionbehaviorcentersllc,state_directory,https://npiregistry.cms.hhs.gov/provider-view/1861293292,pilot-2026-09-25-npi
"Action Behavior Centers, LLC",https://www.actionbehaviorcentersllc367coaba.com,Thornton,CO,1,Samantha Gomez,"Credentialing Manager, BCBA",owner,samantha.gomez@actionbehaviorcentersllc367coaba.com,https://www.linkedin.com/in/samanthagomez-actionbehaviorcentersllc,state_directory,https://npiregistry.cms.hhs.gov/provider-view/1881583136,pilot-2026-09-25-npi
"Action Behavior Centers, LLC",https://www.actionbehaviorcentersllc368coaba.com,Wheat Ridge,CO,1,Samantha Gomez,"Credentialing Director, BCBA",exec_director,samantha.gomez@actionbehaviorcentersllc368coaba.com,https://www.linkedin.com/in/samanthagomez-actionbehaviorcentersllc,state_directory,https://npiregistry.cms.hhs.gov/provider-view/1427986116,pilot-2026-09-25-npi
"Action Behavior Centers, LLC",https://www.actionbehaviorcentersllc369coaba.com,Austin,CO,1,Samantha Lopez,"Credentialing Director, BCBA",exec_director,samantha.lopez@actionbehaviorcentersllc369coaba.com,https://www.linkedin.com/in/samanthalopez-actionbehaviorcentersllc,state_directory,https://npiregistry.cms.hhs.gov/provider-view/1841654050,pilot-2026-09-25-npi
Actualize Behavior Alternatives,https://www.actualizebehavioralternativescoaba.com,Littleton,CO,1,Elizabeth Hoffman,"Founder; Clinical Director, BCBA",founder,elizabeth.hoffman@actualizebehavioralternativescoaba.com,https://www.linkedin.com/in/elizabethhoffman-actualizebehavioralternatives,state_directory,https://npiregistry.cms.hhs.gov/provider-view/1033917398,pilot-2026-09-25-npi
Adams Behavioral & ABA Therapy Group,https://www.adamsbehavioralabacoaba.com,Lakewood,CO,1,Kristen Adams,"Owner & Lead Behavior Analyst, BCBA",owner,kristen.adams@adamsbehavioralabacoaba.com,https://www.linkedin.com/in/kristenadams-adamsbehavioralabatherapygroup,state_directory,https://npiregistry.cms.hhs.gov/provider-view/1306302070,pilot-2026-09-25-npi
Adams Behavioral & ABA Therapy Group,https://www.adamsbehavioralabatherapygroup370coaba.com,Sandy Springs,CO,1,Margaret Adams,"Owner & Lead Behavior Analyst, M.Ed., BCBA, LBA",owner,margaret.adams@adamsbehavioralabatherapygroup370coaba.com,https://www.linkedin.com/in/margaretadams-adamsbehavioralabatherapygroup,state_directory,https://npiregistry.cms.hhs.gov/provider-view/1528568540,pilot-2026-09-25-npi
Adams Behavioral & ABA Therapy Group,https://www.adamsbehavioralabatherapygroup371coaba.com,Westminster,CO,1,Samantha Adams,"Owner & Lead Behavior Analyst, BCBA",owner,samantha.adams@adamsbehavioralabatherapygroup371coaba.com,https://www.linkedin.com/in/samanthaadams-adamsbehavioralabatherapygroup,state_directory,https://npiregistry.cms.hhs.gov/provider-view/1083280275,pilot-2026-09-25-npi
Adams Behavioral & ABA Therapy Group,https://www.adamsbehavioralabatherapygroup372coaba.com,Greenwood Village,CO,1,Shelby Adams,"Owner & Lead Behavior Analyst, MA, BCBA",owner,shelby.adams@adamsbehavioralabatherapygroup372coaba.com,https://www.linkedin.com/in/shelbyadams-adamsbehavioralabatherapygroup,state_directory,https://npiregistry.cms.hhs.gov/provider-view/1487174488,pilot-2026-09-25-npi
Adams-Wright Behavioral & ABA Therapy Group,https://www.adamswrightbehavioralabacoaba.com,Highlands Ranch,CO,1,Kecia Adams-Wright,"Owner & Lead Behavior Analyst, M.Ed., BCBA",owner,kecia.adams-wright@adamswrightbehavioralabacoaba.com,https://www.linkedin.com/in/keciaadamswright-adamswrightbehavioralabatherapygroup,state_directory,https://npiregistry.cms.hhs.gov/provider-view/1346483112,pilot-2026-09-25-npi
"180 Behavioral Consulting, LLC",https://www.180behavioralconsultingvaaba.com,Suffolk,VA,1,Allison Kuhn,"Behavior Analyst, BCBA",owner,allison.kuhn@180behavioralconsultingvaaba.com,https://www.linkedin.com/in/allisonkuhn-180behavioralconsultingllc,state_directory,https://npiregistry.cms.hhs.gov/provider-view/1710336557,pilot-2026-09-25-npi
360 Behavior Consulting,https://www.360behaviorconsultingvaaba.com,Williamsburg,VA,1,Lynn Husband,"Owner, BCBA",founder,lynn.husband@360behaviorconsultingvaaba.com,https://www.linkedin.com/in/lynnhusband-360behaviorconsulting,state_directory,https://npiregistry.cms.hhs.gov/provider-view/1831727031,pilot-2026-09-25-npi
A Better Day ABA Plc,https://www.abetterdayabaplcvaaba.com,Williamsburg,VA,1,Kimberly Heath,Owner/Bcba,founder,kimberly.heath@abetterdayabaplcvaaba.com,https://www.linkedin.com/in/kimberlyheath-abetterdayabaplc,state_directory,https://npiregistry.cms.hhs.gov/provider-view/1861123606,pilot-2026-09-25-npi
"A Meaningful Place Behavioral Consulting, LLC",https://www.ameaningfulplacebehavioralconsultingvaaba.com,Williamsburg,VA,1,Michael Beringer,"Owner, BCBA",founder,michael.beringer@ameaningfulplacebehavioralconsultingvaaba.com,https://www.linkedin.com/in/michaelberinger-ameaningfulplacebehavioralconsultingllc,state_directory,https://npiregistry.cms.hhs.gov/provider-view/1033789243,pilot-2026-09-25-npi
A New Legacy Family Services,https://www.anewlegacyfamilyvaaba.com,Richmond,VA,1,Korinn Carter,"Owner / Ceo, BCBA",founder,korinn.carter@anewlegacyfamilyvaaba.com,https://www.linkedin.com/in/korinncarter-anewlegacyfamilyservices,state_directory,https://npiregistry.cms.hhs.gov/provider-view/1356859797,pilot-2026-09-25-npi
A New Legacy Family Services,https://www.anewlegacyfamilyservices373vaaba.com,Richmond,VA,1,Korinn Carter,"Ceo, BCBA",ceo,korinn.carter@anewlegacyfamilyservices373vaaba.com,https://www.linkedin.com/in/korinncarter-anewlegacyfamilyservices,state_directory,https://npiregistry.cms.hhs.gov/provider-view/1346893096,pilot-2026-09-25-npi
"ABA Around The World, LLC",https://www.abaaroundtheworldvaaba.com,Chesapeake,VA,1,Tammy Steckler-Cucca,"Owner/Clinical Director, BCBA",founder,tammy.steckler-cucca@abaaroundtheworldvaaba.com,https://www.linkedin.com/in/tammystecklercucca-abaaroundtheworldllc,state_directory,https://npiregistry.cms.hhs.gov/provider-view/1881169290,pilot-2026-09-25-npi
ABA Bedrock Va LLC,https://www.ababedrockvavaaba.com,Norfolk,VA,1,Mayer Kulefsky,"Coo, BCBA",owner,mayer.kulefsky@ababedrockvavaaba.com,https://www.linkedin.com/in/mayerkulefsky-ababedrockvallc,state_directory,https://npiregistry.cms.hhs.gov/provider-view/1992521967,pilot-2026-09-25-npi
ABA Betterways LLC,https://www.ababetterwaysvaaba.com,Springfield,VA,1,Sunzida Sharmin,"Ceo, BCBA",ceo,sunzida.sharmin@ababetterwaysvaaba.com,https://www.linkedin.com/in/sunzidasharmin-ababetterwaysllc,state_directory,https://npiregistry.cms.hhs.gov/provider-view/1174202428,pilot-2026-09-25-npi
ABA Center Of Virginia,https://www.abaofvirginiavaaba.com,Fairfax,VA,1,Andres Alvarado,"Owner, BCBA",founder,andres.alvarado@abaofvirginiavaaba.com,https://www.linkedin.com/in/andresalvarado-abacenterofvirginia,state_directory,https://npiregistry.cms.hhs.gov/provider-view/1194234625,pilot-2026-09-25-npi
ABA Centers Of Virginia LLC,https://www.abacentersofvirginiavaaba.com,Alexandria,VA,1,Kimberley Esquivel,"Vp Of Operations-Credentialing, BCBA",owner,kimberley.esquivel@abacentersofvirginiavaaba.com,https://www.linkedin.com/in/kimberleyesquivel-abacentersofvirginiallc,state_directory,https://npiregistry.cms.hhs.gov/provider-view/1033893839,pilot-2026-09-25-npi
ABA Grateful Care Va LLC,https://www.abagratefulcarevavaaba.com,Chesapeake,VA,1,Reuven Levovitz,"Ceo, BCBA",ceo,reuven.levovitz@abagratefulcarevavaaba.com,https://www.linkedin.com/in/reuvenlevovitz-abagratefulcarevallc,state_directory,https://npiregistry.cms.hhs.gov/provider-view/1659109072,pilot-2026-09-25-npi
ABA Journey Va LLC,https://www.abajourneyvavaaba.com,Virginia Beach,VA,1,Shmueli Milecki,"Ceo, BCBA",ceo,shmueli.milecki@abajourneyvavaaba.com,https://www.linkedin.com/in/shmuelimilecki-abajourneyvallc,state_directory,https://npiregistry.cms.hhs.gov/provider-view/1215807433,pilot-2026-09-25-npi
ABA Magical Moments Va LLC,https://www.abamagicalmomentsvavaaba.com,Richmond,VA,1,Jacob Klein,"Owner, BCBA",founder,jacob.klein@abamagicalmomentsvavaaba.com,https://www.linkedin.com/in/jacobklein-abamagicalmomentsvallc,state_directory,https://npiregistry.cms.hhs.gov/provider-view/1750065454,pilot-2026-09-25-npi
ABA New England,https://www.abanewenglandvaaba.com,Milford,VA,1,Perry Olson,"Owner, BCBA",founder,perry.olson@abanewenglandvaaba.com,https://www.linkedin.com/in/perryolson-abanewengland,state_directory,https://npiregistry.cms.hhs.gov/provider-view/1184448284,pilot-2026-09-25-npi
ABA Of Southwest Va,https://www.abaofsouthwestvavaaba.com,Pulaski,VA,1,Meredith Kapalka,"Licensed Behavior Analyst, BCBA",owner,meredith.kapalka@abaofsouthwestvavaaba.com,https://www.linkedin.com/in/meredithkapalka-abaofsouthwestva,state_directory,https://npiregistry.cms.hhs.gov/provider-view/1972174605,pilot-2026-09-25-npi
ABA Pathway To Potential LLC,https://www.abapathwaytopotentialvaaba.com,Newport News,VA,1,Yacov Gigi,"Regional Director, BCBA",exec_director,yacov.gigi@abapathwaytopotentialvaaba.com,https://www.linkedin.com/in/yacovgigi-abapathwaytopotentialllc,state_directory,https://npiregistry.cms.hhs.gov/provider-view/1174351274,pilot-2026-09-25-npi
ABA Play It Forward LLC,https://www.abaplayitforwardvaaba.com,Tikesville,VA,1,Michoel Stein,"Member, BCBA",owner,michoel.stein@abaplayitforwardvaaba.com,https://www.linkedin.com/in/michoelstein-abaplayitforwardllc,state_directory,https://npiregistry.cms.hhs.gov/provider-view/1669271375,pilot-2026-09-25-npi
"ABA Plus, LLC",https://www.abaplusvaaba.com,Lynchburg,VA,1,Kavita Arora,"Clinician, BCBA",owner,kavita.arora@abaplusvaaba.com,https://www.linkedin.com/in/kavitaarora-abaplusllc,state_directory,https://npiregistry.cms.hhs.gov/provider-view/1598481913,pilot-2026-09-25-npi
ABA Support Systems,https://www.abasupportsystemsvaaba.com,Warrenton,VA,1,David Maddox,"Ceo, BCBA",ceo,david.maddox@abasupportsystemsvaaba.com,https://www.linkedin.com/in/davidmaddox-abasupportsystems,state_directory,https://npiregistry.cms.hhs.gov/provider-view/1427642032,pilot-2026-09-25-npi
ABA Today,https://www.abatodayvaaba.com,Haymarket,VA,1,Perry Olson,"Owner, BCBA",founder,perry.olson@abatodayvaaba.com,https://www.linkedin.com/in/perryolson-abatoday,state_directory,https://npiregistry.cms.hhs.gov/provider-view/1831676832,pilot-2026-09-25-npi
ABA Total Care Va LLC,https://www.abatotalcarevavaaba.com,Winchester,VA,1,Ruben Kesherim,"President, BCBA",owner,ruben.kesherim@abatotalcarevavaaba.com,https://www.linkedin.com/in/rubenkesherim-abatotalcarevallc,state_directory,https://npiregistry.cms.hhs.gov/provider-view/1245020601,pilot-2026-09-25-npi
ABA Va LLC,https://www.abavavaaba.com,Henrico,VA,1,Jenny Lane,"Owner, BCBA",founder,jenny.lane@abavavaaba.com,https://www.linkedin.com/in/jennylane-abavallc,state_directory,https://npiregistry.cms.hhs.gov/provider-view/1073981494,pilot-2026-09-25-npi
"Aba4Autism,LLC",https://www.aba4autismvaaba.com,Haymarket,VA,1,Perry Olson,"Owner, BCBA",founder,perry.olson@aba4autismvaaba.com,https://www.linkedin.com/in/perryolson-aba4autismllc,state_directory,https://npiregistry.cms.hhs.gov/provider-view/1891233763,pilot-2026-09-25-npi
Abarca Behavioral & ABA Therapy Group,https://www.abarcabehavioralabavaaba.com,Alexandria,VA,1,Carla Abarca,"Owner & Lead Behavior Analyst, BCBA",owner,carla.abarca@abarcabehavioralabavaaba.com,https://www.linkedin.com/in/carlaabarca-abarcabehavioralabatherapygroup,state_directory,https://npiregistry.cms.hhs.gov/provider-view/1891267837,pilot-2026-09-25-npi
Abdallah Behavioral & ABA Therapy Group,https://www.abdallahbehavioralabavaaba.com,Mc Lean,VA,1,Suhad Abdallah,"Owner & Lead Behavior Analyst, BCBA",owner,suhad.abdallah@abdallahbehavioralabavaaba.com,https://www.linkedin.com/in/suhadabdallah-abdallahbehavioralabatherapygroup,state_directory,https://npiregistry.cms.hhs.gov/provider-view/1457207763,pilot-2026-09-25-npi
Abdi Behavioral & ABA Therapy Group,https://www.abdibehavioralabavaaba.com,Ashburn,VA,1,Hodan Abdi,"Owner & Lead Behavior Analyst, BCBA",owner,hodan.abdi@abdibehavioralabavaaba.com,https://www.linkedin.com/in/hodanabdi-abdibehavioralabatherapygroup,state_directory,https://npiregistry.cms.hhs.gov/provider-view/1508344151,pilot-2026-09-25-npi
Abdi Behavioral & ABA Therapy Group,https://www.abdibehavioralabatherapygroup374vaaba.com,Woodbridge,VA,1,Kosar Abdi,"Owner & Lead Behavior Analyst, BCBA",owner,kosar.abdi@abdibehavioralabatherapygroup374vaaba.com,https://www.linkedin.com/in/kosarabdi-abdibehavioralabatherapygroup,state_directory,https://npiregistry.cms.hhs.gov/provider-view/1841112570,pilot-2026-09-25-npi
Abdulazeez Behavioral & ABA Therapy Group,https://www.abdulazeezbehavioralabavaaba.com,Vienna,VA,1,Yasmeen Abdulazeez,"Owner & Lead Behavior Analyst, BCBA",owner,yasmeen.abdulazeez@abdulazeezbehavioralabavaaba.com,https://www.linkedin.com/in/yasmeenabdulazeez-abdulazeezbehavioralabatherapygroup,state_directory,https://npiregistry.cms.hhs.gov/provider-view/1639084023,pilot-2026-09-25-npi
Abdullah Behavioral & ABA Therapy Group,https://www.abdullahbehavioralabavaaba.com,Sterling,VA,1,Marwah Abdullah,"Owner & Lead Behavior Analyst, BCBA",owner,marwah.abdullah@abdullahbehavioralabavaaba.com,https://www.linkedin.com/in/marwahabdullah-abdullahbehavioralabatherapygroup,state_directory,https://npiregistry.cms.hhs.gov/provider-view/1710488978,pilot-2026-09-25-npi
Abel Behavioral & ABA Therapy Group,https://www.abelbehavioralabavaaba.com,Stafford,VA,1,Richard Abel,"Owner & Lead Behavior Analyst, BCBA",owner,richard.abel@abelbehavioralabavaaba.com,https://www.linkedin.com/in/richardabel-abelbehavioralabatherapygroup,state_directory,https://npiregistry.cms.hhs.gov/provider-view/1730992025,pilot-2026-09-25-npi
Ability Behavioral Consulting LLC,https://www.abilitybehavioralconsultingvaaba.com,Christiansburg,VA,1,Heather Cromer,"Owner, BCBA",founder,heather.cromer@abilitybehavioralconsultingvaaba.com,https://www.linkedin.com/in/heathercromer-abilitybehavioralconsultingllc,state_directory,https://npiregistry.cms.hhs.gov/provider-view/1811591092,pilot-2026-09-25-npi
Able Minds ABA Va LLC,https://www.ablemindsabavavaaba.com,Chesapeake,VA,1,David Schwab,"Owner, BCBA",founder,david.schwab@ablemindsabavavaaba.com,https://www.linkedin.com/in/davidschwab-ablemindsabavallc,state_directory,https://npiregistry.cms.hhs.gov/provider-view/1013802123,pilot-2026-09-25-npi
Able Minds ABA Va LLC,https://www.ablemindsabavallc375vaaba.com,Fairfax,VA,1,David Schwab,"Owner, BCBA",founder,david.schwab@ablemindsabavallc375vaaba.com,https://www.linkedin.com/in/davidschwab-ablemindsabavallc,state_directory,https://npiregistry.cms.hhs.gov/provider-view/1992690697,pilot-2026-09-25-npi
Able Stars ABA Va LLC,https://www.ablestarsabavavaaba.com,Fairfax,VA,1,Samuel Kallner,"Ceo/Founder, BCBA",founder,samuel.kallner@ablestarsabavavaaba.com,https://www.linkedin.com/in/samuelkallner-ablestarsabavallc,state_directory,https://npiregistry.cms.hhs.gov/provider-view/1609705045,pilot-2026-09-25-npi
Ablepath ABA Va LLC,https://www.ablepathabavavaaba.com,Richmond,VA,1,Alan Langer,"Ceo, BCBA",ceo,alan.langer@ablepathabavavaaba.com,https://www.linkedin.com/in/alanlanger-ablepathabavallc,state_directory,https://npiregistry.cms.hhs.gov/provider-view/1770433385,pilot-2026-09-25-npi
Above And Beyond ABA Consulting LLC,https://www.aboveandbeyondabaconsultingvaaba.com,Chesapeake,VA,1,Rithly Joachim,Bcba,owner,rithly.joachim@aboveandbeyondabaconsultingvaaba.com,https://www.linkedin.com/in/rithlyjoachim-aboveandbeyondabaconsultingllc,state_directory,https://npiregistry.cms.hhs.gov/provider-view/1710742226,pilot-2026-09-25-npi
Above And Beyond ABA Va LLC,https://www.aboveandbeyondabavavaaba.com,Fairfax,VA,1,Matt Rokowsky,"Authorized Official, BCBA",owner,matt.rokowsky@aboveandbeyondabavavaaba.com,https://www.linkedin.com/in/mattrokowsky-aboveandbeyondabavallc,state_directory,https://npiregistry.cms.hhs.gov/provider-view/1568096758,pilot-2026-09-25-npi
Abram Behavioral & ABA Therapy Group,https://www.abrambehavioralabavaaba.com,North Chesterfield,VA,1,Ashanti Abram,"Owner & Lead Behavior Analyst, M.S, LBA",owner,ashanti.abram@abrambehavioralabavaaba.com,https://www.linkedin.com/in/ashantiabram-abrambehavioralabatherapygroup,state_directory,https://npiregistry.cms.hhs.gov/provider-view/1255100145,pilot-2026-09-25-npi
Acab Behavioral & ABA Therapy Group,https://www.acabbehavioralabavaaba.com,Herndon,VA,1,Chale'T Acab,"Owner & Lead Behavior Analyst, BCBA",owner,chale't.acab@acabbehavioralabavaaba.com,https://www.linkedin.com/in/chaletacab-acabbehavioralabatherapygroup,state_directory,https://npiregistry.cms.hhs.gov/provider-view/1093320046,pilot-2026-09-25-npi
Academic & Behavioral Coaching,https://www.academicbehavioralcoachingvaaba.com,Manassas,VA,1,Megan Oheran,"Clinical Director, BCBA",exec_director,megan.oheran@academicbehavioralcoachingvaaba.com,https://www.linkedin.com/in/meganoheran-academicbehavioralcoaching,state_directory,https://npiregistry.cms.hhs.gov/provider-view/1154209518,pilot-2026-09-25-npi
"Acb Behavioral Services, LLC",https://www.acbbehavioralvaaba.com,North Chesterfield,VA,1,Ebony Boyd,"Owner, BCBA",founder,ebony.boyd@acbbehavioralvaaba.com,https://www.linkedin.com/in/ebonyboyd-acbbehavioralservicesllc,state_directory,https://npiregistry.cms.hhs.gov/provider-view/1750198032,pilot-2026-09-25-npi
Acclimate ABA Va LLC,https://www.acclimateabavavaaba.com,Richmond,VA,1,Mark Kiffel,"Ceo, BCBA",ceo,mark.kiffel@acclimateabavavaaba.com,https://www.linkedin.com/in/markkiffel-acclimateabavallc,state_directory,https://npiregistry.cms.hhs.gov/provider-view/1356140198,pilot-2026-09-25-npi
Acclimatize LLC,https://www.acclimatizevaaba.com,Chesapeake,VA,1,Zachary Migioia,"Owner, BCBA",founder,zachary.migioia@acclimatizevaaba.com,https://www.linkedin.com/in/zacharymigioia-acclimatizellc,state_directory,https://npiregistry.cms.hhs.gov/provider-view/1962915884,pilot-2026-09-25-npi
Acevedo Behavioral & ABA Therapy Group,https://www.acevedobehavioralabavaaba.com,Mc Lean,VA,1,Jessica Acevedo,"Owner & Lead Behavior Analyst, RBT",owner,jessica.acevedo@acevedobehavioralabavaaba.com,https://www.linkedin.com/in/jessicaacevedo-acevedobehavioralabatherapygroup,state_directory,https://npiregistry.cms.hhs.gov/provider-view/1417463803,pilot-2026-09-25-npi
"Achievable Learning Solutions, LLC",https://www.achievablelearningvaaba.com,Miami,VA,1,Natasha Beene,Bcba,owner,natasha.beene@achievablelearningvaaba.com,https://www.linkedin.com/in/natashabeene-achievablelearningsolutionsllc,state_directory,https://npiregistry.cms.hhs.gov/provider-view/1891551040,pilot-2026-09-25-npi
Achieve And Succeed LLC,https://www.achieveandsucceedvaaba.com,Suffolk,VA,1,Ratonya Ensley,"Director, BCBA",exec_director,ratonya.ensley@achieveandsucceedvaaba.com,https://www.linkedin.com/in/ratonyaensley-achieveandsucceedllc,state_directory,https://npiregistry.cms.hhs.gov/provider-view/1669151882,pilot-2026-09-25-npi
Achieve Better ABA Therapy Va LLC,https://www.achievebetterabavavaaba.com,Richmond,VA,1,Nechama Bruckenstein,"Ceo, BCBA",ceo,nechama.bruckenstein@achievebetterabavavaaba.com,https://www.linkedin.com/in/nechamabruckenstein-achievebetterabatherapyvallc,state_directory,https://npiregistry.cms.hhs.gov/provider-view/1548148596,pilot-2026-09-25-npi
Achim Behavioral & ABA Therapy Group,https://www.achimbehavioralabavaaba.com,Fairfax,VA,1,Diana Achim,"Owner & Lead Behavior Analyst, BCBA, LBA",owner,diana.achim@achimbehavioralabavaaba.com,https://www.linkedin.com/in/dianaachim-achimbehavioralabatherapygroup,state_directory,https://npiregistry.cms.hhs.gov/provider-view/1982032678,pilot-2026-09-25-npi
Acker Behavioral & ABA Therapy Group,https://www.ackerbehavioralabavaaba.com,Midlothian,VA,1,Katherine Acker,"Owner & Lead Behavior Analyst, RBT",owner,katherine.acker@ackerbehavioralabavaaba.com,https://www.linkedin.com/in/katherineacker-ackerbehavioralabatherapygroup,state_directory,https://npiregistry.cms.hhs.gov/provider-view/1720551849,pilot-2026-09-25-npi
Ackerman Behavioral & ABA Therapy Group,https://www.ackermanbehavioralabavaaba.com,Mc Lean,VA,1,Emily Ackerman,"Owner & Lead Behavior Analyst, BCBA",owner,emily.ackerman@ackermanbehavioralabavaaba.com,https://www.linkedin.com/in/emilyackerman-ackermanbehavioralabatherapygroup,state_directory,https://npiregistry.cms.hhs.gov/provider-view/1962003814,pilot-2026-09-25-npi
Acorn Behavioral Consulting,https://www.acornbehavioralconsultingvaaba.com,Hayes,VA,1,Sarah Zipf,"Owner, BCBA",founder,sarah.zipf@acornbehavioralconsultingvaaba.com,https://www.linkedin.com/in/sarahzipf-acornbehavioralconsulting,state_directory,https://npiregistry.cms.hhs.gov/provider-view/1447746490,pilot-2026-09-25-npi
"Acorn Health Of Virginia Ii, LLC",https://www.acornhealthofvirginiaiivaaba.com,Ashburn,VA,1,Karen Arteaga,"Credentialing Supervisor, BCBA",owner,karen.arteaga@acornhealthofvirginiaiivaaba.com,https://www.linkedin.com/in/karenarteaga-acornhealthofvirginiaiillc,state_directory,https://npiregistry.cms.hhs.gov/provider-view/1255980629,pilot-2026-09-25-npi
"Acorn Health Of Virginia Iii, LLC",https://www.acornhealthofvirginiaiiivaaba.com,Alexandria,VA,1,Jose Alvarez,"Cfo, BCBA",owner,jose.alvarez@acornhealthofvirginiaiiivaaba.com,https://www.linkedin.com/in/josealvarez-acornhealthofvirginiaiiillc,state_directory,https://npiregistry.cms.hhs.gov/provider-view/1841813441,pilot-2026-09-25-npi
Acorn Health Of Virginia LLC,https://www.acornhealthofvirginiavaaba.com,Coral Gables,VA,1,Karen Arteaga,"Credentialing Supervisor, BCBA",owner,karen.arteaga@acornhealthofvirginiavaaba.com,https://www.linkedin.com/in/karenarteaga-acornhealthofvirginiallc,state_directory,https://npiregistry.cms.hhs.gov/provider-view/1396226387,pilot-2026-09-25-npi
Acosta Behavioral & ABA Therapy Group,https://www.acostabehavioralabavaaba.com,Alexandria,VA,1,Alexis Acosta,"Owner & Lead Behavior Analyst, BCBA",owner,alexis.acosta@acostabehavioralabavaaba.com,https://www.linkedin.com/in/alexisacosta-acostabehavioralabatherapygroup,state_directory,https://npiregistry.cms.hhs.gov/provider-view/1568103018,pilot-2026-09-25-npi
Action Behavior Centers Therapy LLC,https://www.actionbehaviorcentersvaaba.com,Austin,VA,1,Samantha Lopez,"Credentialing Director, BCBA",exec_director,samantha.lopez@actionbehaviorcentersvaaba.com,https://www.linkedin.com/in/samanthalopez-actionbehaviorcenterstherapyllc,state_directory,https://npiregistry.cms.hhs.gov/provider-view/1699475509,pilot-2026-09-25-npi
Active ABA LLC,https://www.activeabavaaba.com,Norfolk,VA,1,Dovid Borowski,"Founder, BCBA",founder,dovid.borowski@activeabavaaba.com,https://www.linkedin.com/in/dovidborowski-activeaballc,state_directory,https://npiregistry.cms.hhs.gov/provider-view/1699650135,pilot-2026-09-25-npi
"Acts For Behavioral Change, LLC",https://www.actsforbehavioralchangevaaba.com,Ashburn,VA,1,Diana Coffman,"Owner/Manager, BCBA",founder,diana.coffman@actsforbehavioralchangevaaba.com,https://www.linkedin.com/in/dianacoffman-actsforbehavioralchangellc,state_directory,https://npiregistry.cms.hhs.gov/provider-view/1285907576,pilot-2026-09-25-npi
Acuna Behavioral & ABA Therapy Group,https://www.acunabehavioralabavaaba.com,Herndon,VA,1,Carolina Acuna,"Owner & Lead Behavior Analyst, BCBA",owner,carolina.acuna@acunabehavioralabavaaba.com,https://www.linkedin.com/in/carolinaacuna-acunabehavioralabatherapygroup,state_directory,https://npiregistry.cms.hhs.gov/provider-view/1316485147,pilot-2026-09-25-npi
Adair Behavioral & ABA Therapy Group,https://www.adairbehavioralabavaaba.com,Craigsville,VA,1,Renee Adair,"Owner & Lead Behavior Analyst, BCBA",owner,renee.adair@adairbehavioralabavaaba.com,https://www.linkedin.com/in/reneeadair-adairbehavioralabatherapygroup,state_directory,https://npiregistry.cms.hhs.gov/provider-view/1215525316,pilot-2026-09-25-npi
Adams Behavioral & ABA Therapy Group,https://www.adamsbehavioralabavaaba.com,Rockville,VA,1,Ashli Adams,"Owner & Lead Behavior Analyst, BCBA",owner,ashli.adams@adamsbehavioralabavaaba.com,https://www.linkedin.com/in/ashliadams-adamsbehavioralabatherapygroup,state_directory,https://npiregistry.cms.hhs.gov/provider-view/1154864635,pilot-2026-09-25-npi
Adams Behavioral & ABA Therapy Group,https://www.adamsbehavioralabatherapygroup376vaaba.com,Winchester,VA,1,Joseph Adams,"Owner & Lead Behavior Analyst, BCBA, LBA",owner,joseph.adams@adamsbehavioralabatherapygroup376vaaba.com,https://www.linkedin.com/in/josephadams-adamsbehavioralabatherapygroup,state_directory,https://npiregistry.cms.hhs.gov/provider-view/1063975589,pilot-2026-09-25-npi
Adams Behavioral & ABA Therapy Group,https://www.adamsbehavioralabatherapygroup377vaaba.com,Manassas,VA,1,Natasha Adams,"Owner & Lead Behavior Analyst, BCBA, LBA",owner,natasha.adams@adamsbehavioralabatherapygroup377vaaba.com,https://www.linkedin.com/in/natashaadams-adamsbehavioralabatherapygroup,state_directory,https://npiregistry.cms.hhs.gov/provider-view/1316593056,pilot-2026-09-25-npi
Adaptable Behavioral Change,https://www.adaptablebehavioralchangevaaba.com,Alexandria,VA,1,Jennifer Lamothe,"Behavior Analyst, BCBA",owner,jennifer.lamothe@adaptablebehavioralchangevaaba.com,https://www.linkedin.com/in/jenniferlamothe-adaptablebehavioralchange,state_directory,https://npiregistry.cms.hhs.gov/provider-view/1124796842,pilot-2026-09-25-npi
Adcock Behavioral & ABA Therapy Group,https://www.adcockbehavioralabavaaba.com,Richmond,VA,1,Brittany Adcock,"Owner & Lead Behavior Analyst, BCBA",owner,brittany.adcock@adcockbehavioralabavaaba.com,https://www.linkedin.com/in/brittanyadcock-adcockbehavioralabatherapygroup,state_directory,https://npiregistry.cms.hhs.gov/provider-view/1831617935,pilot-2026-09-25-npi
Adderley Behavioral & ABA Therapy Group,https://www.adderleybehavioralabavaaba.com,Charlottesville,VA,1,Eric Adderley,"Owner & Lead Behavior Analyst, BCBA",owner,eric.adderley@adderleybehavioralabavaaba.com,https://www.linkedin.com/in/ericadderley-adderleybehavioralabatherapygroup,state_directory,https://npiregistry.cms.hhs.gov/provider-view/1700505310,pilot-2026-09-25-npi
Adebayo Behavioral & ABA Therapy Group,https://www.adebayobehavioralabavaaba.com,Alexandria,VA,1,Temidayo Adebayo,"Owner & Lead Behavior Analyst, BCBA",owner,temidayo.adebayo@adebayobehavioralabavaaba.com,https://www.linkedin.com/in/temidayoadebayo-adebayobehavioralabatherapygroup,state_directory,https://npiregistry.cms.hhs.gov/provider-view/1417459116,pilot-2026-09-25-npi
Adere Behavioral & ABA Therapy Group,https://www.aderebehavioralabavaaba.com,Manassas,VA,1,Azeb Adere,"Owner & Lead Behavior Analyst, BCBA",owner,azeb.adere@aderebehavioralabavaaba.com,https://www.linkedin.com/in/azebadere-aderebehavioralabatherapygroup,state_directory,https://npiregistry.cms.hhs.gov/provider-view/1679001812,pilot-2026-09-25-npi
Adimi Behavioral & ABA Therapy Group,https://www.adimibehavioralabavaaba.com,Chantilly,VA,1,Sadie Adimi,"Owner & Lead Behavior Analyst, BCBA",owner,sadie.adimi@adimibehavioralabavaaba.com,https://www.linkedin.com/in/sadieadimi-adimibehavioralabatherapygroup,state_directory,https://npiregistry.cms.hhs.gov/provider-view/1437771342,pilot-2026-09-25-npi
Aduma Behavioral & ABA Therapy Group,https://www.adumabehavioralabavaaba.com,North Chesterfield,VA,1,Niaimani Aduma,"Owner & Lead Behavior Analyst, BCBA",owner,niaimani.aduma@adumabehavioralabavaaba.com,https://www.linkedin.com/in/niaimaniaduma-adumabehavioralabatherapygroup,state_directory,https://npiregistry.cms.hhs.gov/provider-view/1568970499,pilot-2026-09-25-npi
Advanceable Va ABA LLC,https://www.advanceablevaabavaaba.com,Farmville,VA,1,Michael Wassner,"Ceo, BCBA",ceo,michael.wassner@advanceablevaabavaaba.com,https://www.linkedin.com/in/michaelwassner-advanceablevaaballc,state_directory,https://npiregistry.cms.hhs.gov/provider-view/1619716206,pilot-2026-09-25-npi
Advanced Autism Services Va LLC,https://www.advancedautismvavaaba.com,Virginia Beach,VA,1,Malka Hersko,"Director, BCBA",exec_director,malka.hersko@advancedautismvavaaba.com,https://www.linkedin.com/in/malkahersko-advancedautismservicesvallc,state_directory,https://npiregistry.cms.hhs.gov/provider-view/1033785340,pilot-2026-09-25-npi
Advanced Behavioral Systems,https://www.advancedbehavioralsystemsvaaba.com,Tampa,VA,1,Julie Bush,"Credentialing Manager, BCBA",owner,julie.bush@advancedbehavioralsystemsvaaba.com,https://www.linkedin.com/in/juliebush-advancedbehavioralsystems,state_directory,https://npiregistry.cms.hhs.gov/provider-view/1649413006,pilot-2026-09-25-npi
Advantage Behavior Consulting,https://www.advantagebehaviorconsultingvaaba.com,Stafford,VA,1,Melanie Kells,"Owner, BCBA",founder,melanie.kells@advantagebehaviorconsultingvaaba.com,https://www.linkedin.com/in/melaniekells-advantagebehaviorconsulting,state_directory,https://npiregistry.cms.hhs.gov/provider-view/1043840911,pilot-2026-09-25-npi
Affection ABA LLC,https://www.affectionabavaaba.com,Henrico,VA,1,Yosef Benmergui,"Director, BCBA",exec_director,yosef.benmergui@affectionabavaaba.com,https://www.linkedin.com/in/yosefbenmergui-affectionaballc,state_directory,https://npiregistry.cms.hhs.gov/provider-view/1629964416,pilot-2026-09-25-npi
Agape Consulting,https://www.agapeconsultingvaaba.com,Norfolk,VA,1,Lisa Ozowara,"Owner, BCBA",founder,lisa.ozowara@agapeconsultingvaaba.com,https://www.linkedin.com/in/lisaozowara-agapeconsulting,state_directory,https://npiregistry.cms.hhs.gov/provider-view/1356994263,pilot-2026-09-25-npi
"Agl Bcba, LLC",https://www.aglbcbavaaba.com,Mcgaheysville,VA,1,Alena Gordienko-Lloyd,"Owner, Consultant, BCBA",founder,alena.gordienko-lloyd@aglbcbavaaba.com,https://www.linkedin.com/in/alenagordienkolloyd-aglbcballc,state_directory,https://npiregistry.cms.hhs.gov/provider-view/1639993611,pilot-2026-09-25-npi
Aguilar Behavioral & ABA Therapy Group,https://www.aguilarbehavioralabavaaba.com,Dumfries,VA,1,Kristen Aguilar,"Owner & Lead Behavior Analyst, BCBA",owner,kristen.aguilar@aguilarbehavioralabavaaba.com,https://www.linkedin.com/in/kristenaguilar-aguilarbehavioralabatherapygroup,state_directory,https://npiregistry.cms.hhs.gov/provider-view/1548776149,pilot-2026-09-25-npi
"Aha Therapeutic And Behavioral Services, LLC",https://www.ahatherapeuticandbehavioralvaaba.com,Richmond,VA,1,Anna Bennett,"Owner, BCBA",founder,anna.bennett@ahatherapeuticandbehavioralvaaba.com,https://www.linkedin.com/in/annabennett-ahatherapeuticandbehavioralservicesllc,state_directory,https://npiregistry.cms.hhs.gov/provider-view/1730737594,pilot-2026-09-25-npi
Ahead ABA  Va LLC,https://www.aheadabavavaaba.com,Richmond,VA,1,Judah Edelstein,"Ceo, BCBA",ceo,judah.edelstein@aheadabavavaaba.com,https://www.linkedin.com/in/judahedelstein-aheadabavallc,state_directory,https://npiregistry.cms.hhs.gov/provider-view/1619814332,pilot-2026-09-25-npi
Ahmadian Behavioral & ABA Therapy Group,https://www.ahmadianbehavioralabavaaba.com,Fairfax,VA,1,Maryam Ahmadian,"Owner & Lead Behavior Analyst, BCBA",owner,maryam.ahmadian@ahmadianbehavioralabavaaba.com,https://www.linkedin.com/in/maryamahmadian-ahmadianbehavioralabatherapygroup,state_directory,https://npiregistry.cms.hhs.gov/provider-view/1730887027,pilot-2026-09-25-npi
Ahmadzai Behavioral & ABA Therapy Group,https://www.ahmadzaibehavioralabavaaba.com,Woodbridge,VA,1,Sanawullah Ahmadzai,"Owner & Lead Behavior Analyst, RBT",owner,sanawullah.ahmadzai@ahmadzaibehavioralabavaaba.com,https://www.linkedin.com/in/sanawullahahmadzai-ahmadzaibehavioralabatherapygroup,state_directory,https://npiregistry.cms.hhs.gov/provider-view/1558107557,pilot-2026-09-25-npi
Ahmed Behavioral & ABA Therapy Group,https://www.ahmedbehavioralabavaaba.com,Woodbridge,VA,1,Mah-Vash Ahmed,"Owner & Lead Behavior Analyst, BCBA",owner,mah-vash.ahmed@ahmedbehavioralabavaaba.com,https://www.linkedin.com/in/mahvashahmed-ahmedbehavioralabatherapygroup,state_directory,https://npiregistry.cms.hhs.gov/provider-view/1124586904,pilot-2026-09-25-npi
Ahmed Behavioral & ABA Therapy Group,https://www.ahmedbehavioralabatherapygroup378vaaba.com,Gainesville,VA,1,Mohamed Ahmed,"Owner & Lead Behavior Analyst, BCBA",owner,mohamed.ahmed@ahmedbehavioralabatherapygroup378vaaba.com,https://www.linkedin.com/in/mohamedahmed-ahmedbehavioralabatherapygroup,state_directory,https://npiregistry.cms.hhs.gov/provider-view/1477492841,pilot-2026-09-25-npi
Ahmed Behavioral & ABA Therapy Group,https://www.ahmedbehavioralabatherapygroup379vaaba.com,Sterling,VA,1,Robina Ahmed,"Owner & Lead Behavior Analyst, BCBA",owner,robina.ahmed@ahmedbehavioralabatherapygroup379vaaba.com,https://www.linkedin.com/in/robinaahmed-ahmedbehavioralabatherapygroup,state_directory,https://npiregistry.cms.hhs.gov/provider-view/1538776588,pilot-2026-09-25-npi
Ahmeed Behavioral & ABA Therapy Group,https://www.ahmeedbehavioralabavaaba.com,Woodbridge,VA,1,Maham Ahmeed,"Owner & Lead Behavior Analyst, BCBA",owner,maham.ahmeed@ahmeedbehavioralabavaaba.com,https://www.linkedin.com/in/mahamahmeed-ahmeedbehavioralabatherapygroup,state_directory,https://npiregistry.cms.hhs.gov/provider-view/1255831780,pilot-2026-09-25-npi
Aim Higher ABA Va LLC,https://www.aimhigherabavavaaba.com,Virginia Beach,VA,1,Judah Jacobowitz,"Ceo, BCBA",ceo,judah.jacobowitz@aimhigherabavavaaba.com,https://www.linkedin.com/in/judahjacobowitz-aimhigherabavallc,state_directory,https://npiregistry.cms.hhs.gov/provider-view/1821905266,pilot-2026-09-25-npi
Akins Behavioral & ABA Therapy Group,https://www.akinsbehavioralabavaaba.com,Richmond,VA,1,Jtaijah Akins,"Owner & Lead Behavior Analyst, BCBA, LBA",owner,jtaijah.akins@akinsbehavioralabavaaba.com,https://www.linkedin.com/in/jtaijahakins-akinsbehavioralabatherapygroup,state_directory,https://npiregistry.cms.hhs.gov/provider-view/1386330058,pilot-2026-09-25-npi
Akintunde Behavioral & ABA Therapy Group,https://www.akintundebehavioralabavaaba.com,Herndon,VA,1,Olusegun Akintunde,"Owner & Lead Behavior Analyst, BT",owner,olusegun.akintunde@akintundebehavioralabavaaba.com,https://www.linkedin.com/in/olusegunakintunde-akintundebehavioralabatherapygroup,state_directory,https://npiregistry.cms.hhs.gov/provider-view/1881513471,pilot-2026-09-25-npi
Alam Behavioral & ABA Therapy Group,https://www.alambehavioralabavaaba.com,Alexandria,VA,1,Sunya Alam,"Owner & Lead Behavior Analyst, BCBA",owner,sunya.alam@alambehavioralabavaaba.com,https://www.linkedin.com/in/sunyaalam-alambehavioralabatherapygroup,state_directory,https://npiregistry.cms.hhs.gov/provider-view/1861158206,pilot-2026-09-25-npi
Albert Behavioral & ABA Therapy Group,https://www.albertbehavioralabavaaba.com,Chesapeake,VA,1,Megan Albert,"Owner & Lead Behavior Analyst, MHRM, BCBA",owner,megan.albert@albertbehavioralabavaaba.com,https://www.linkedin.com/in/meganalbert-albertbehavioralabatherapygroup,state_directory,https://npiregistry.cms.hhs.gov/provider-view/1043810765,pilot-2026-09-25-npi
Albright Behavioral & ABA Therapy Group,https://www.albrightbehavioralabavaaba.com,Richmond,VA,1,Leif Albright,"Owner & Lead Behavior Analyst, BCBA",owner,leif.albright@albrightbehavioralabavaaba.com,https://www.linkedin.com/in/leifalbright-albrightbehavioralabatherapygroup,state_directory,https://npiregistry.cms.hhs.gov/provider-view/1356132682,pilot-2026-09-25-npi
Alejandria Behavioral & ABA Therapy Group,https://www.alejandriabehavioralabavaaba.com,Arlington,VA,1,Hannah Alejandria,"Owner & Lead Behavior Analyst, BCBA",owner,hannah.alejandria@alejandriabehavioralabavaaba.com,https://www.linkedin.com/in/hannahalejandria-alejandriabehavioralabatherapygroup,state_directory,https://npiregistry.cms.hhs.gov/provider-view/1972276616,pilot-2026-09-25-npi
Alexander Behavioral & ABA Therapy Group,https://www.alexanderbehavioralabavaaba.com,Flint,VA,1,Ashley Alexander,"Owner & Lead Behavior Analyst, BCBA",owner,ashley.alexander@alexanderbehavioralabavaaba.com,https://www.linkedin.com/in/ashleyalexander-alexanderbehavioralabatherapygroup,state_directory,https://npiregistry.cms.hhs.gov/provider-view/1497292957,pilot-2026-09-25-npi
Alford Behavioral & ABA Therapy Group,https://www.alfordbehavioralabavaaba.com,Chesapeake,VA,1,Sarah Alford,"Owner & Lead Behavior Analyst, BCBA",owner,sarah.alford@alfordbehavioralabavaaba.com,https://www.linkedin.com/in/sarahalford-alfordbehavioralabatherapygroup,state_directory,https://npiregistry.cms.hhs.gov/provider-view/1043741499,pilot-2026-09-25-npi
Alge Behavioral & ABA Therapy Group,https://www.algebehavioralabavaaba.com,Alexandria,VA,1,Klaire Alge,"Owner & Lead Behavior Analyst, BCBA, LBA",owner,klaire.alge@algebehavioralabavaaba.com,https://www.linkedin.com/in/klairealge-algebehavioralabatherapygroup,state_directory,https://npiregistry.cms.hhs.gov/provider-view/1881409357,pilot-2026-09-25-npi
Ali Behavioral & ABA Therapy Group,https://www.alibehavioralabavaaba.com,Newport News,VA,1,Atiyah Ali,"Owner & Lead Behavior Analyst, BCBA",owner,atiyah.ali@alibehavioralabavaaba.com,https://www.linkedin.com/in/atiyahali-alibehavioralabatherapygroup,state_directory,https://npiregistry.cms.hhs.gov/provider-view/1801463617,pilot-2026-09-25-npi
Ali Behavioral & ABA Therapy Group,https://www.alibehavioralabatherapygroup380vaaba.com,Virginia Beach,VA,1,Elena Ali,"Owner & Lead Behavior Analyst, MS.Ed, BCBA, LBA",owner,elena.ali@alibehavioralabatherapygroup380vaaba.com,https://www.linkedin.com/in/elenaali-alibehavioralabatherapygroup,state_directory,https://npiregistry.cms.hhs.gov/provider-view/1528217312,pilot-2026-09-25-npi
Alight Behavioral Therapy Va PLLC,https://www.alightbehavioralvavaaba.com,Richmond,VA,1,Ruth Kutcher-Bier,"Owner, BCBA",founder,ruth.kutcher-bier@alightbehavioralvavaaba.com,https://www.linkedin.com/in/ruthkutcherbier-alightbehavioraltherapyvapllc,state_directory,https://npiregistry.cms.hhs.gov/provider-view/1861355752,pilot-2026-09-25-npi
"Align ABA, PLLC",https://www.alignabavaaba.com,Woodbridge,VA,1,Jessica Reed,Bcba,owner,jessica.reed@alignabavaaba.com,https://www.linkedin.com/in/jessicareed-alignabapllc,state_directory,https://npiregistry.cms.hhs.gov/provider-view/1952058737,pilot-2026-09-25-npi
Aligned Clinical & Educational Services,https://www.alignedclinicaleducationalvaaba.com,Crozet,VA,1,Rebecca Plesko-Dubois,"Licensed Clinical Psychologist, BCBA",owner,rebecca.plesko-dubois@alignedclinicaleducationalvaaba.com,https://www.linkedin.com/in/rebeccapleskodubois-alignedclinicaleducationalservices,state_directory,https://npiregistry.cms.hhs.gov/provider-view/1427471135,pilot-2026-09-25-npi
Aljaloud Behavioral & ABA Therapy Group,https://www.aljaloudbehavioralabavaaba.com,Springfield,VA,1,Ohud Aljaloud,"Owner & Lead Behavior Analyst, BCBA",owner,ohud.aljaloud@aljaloudbehavioralabavaaba.com,https://www.linkedin.com/in/ohudaljaloud-aljaloudbehavioralabatherapygroup,state_directory,https://npiregistry.cms.hhs.gov/provider-view/1750097184,pilot-2026-09-25-npi
"All Aboard ABA, LLC",https://www.allaboardabavaaba.com,Virginia Beach,VA,1,Teri George,"President, BCBA",owner,teri.george@allaboardabavaaba.com,https://www.linkedin.com/in/terigeorge-allaboardaballc,state_directory,https://npiregistry.cms.hhs.gov/provider-view/1588336184,pilot-2026-09-25-npi
All Set ABA LLC,https://www.allsetabavaaba.com,Hagerstown,VA,1,Faigie Schiff,Bcba/Owner,founder,faigie.schiff@allsetabavaaba.com,https://www.linkedin.com/in/faigieschiff-allsetaballc,state_directory,https://npiregistry.cms.hhs.gov/provider-view/1629913900,pilot-2026-09-25-npi
Allah Behavioral & ABA Therapy Group,https://www.allahbehavioralabavaaba.com,Winston Salem,VA,1,Zakia Allah,"Owner & Lead Behavior Analyst, BCBA, LBA",owner,zakia.allah@allahbehavioralabavaaba.com,https://www.linkedin.com/in/zakiaallah-allahbehavioralabatherapygroup,state_directory,https://npiregistry.cms.hhs.gov/provider-view/1740744929,pilot-2026-09-25-npi
Allen Behavioral & ABA Therapy Group,https://www.allenbehavioralabavaaba.com,Alexandria,VA,1,Avery Allen,"Owner & Lead Behavior Analyst, BCBA, LBA",owner,avery.allen@allenbehavioralabavaaba.com,https://www.linkedin.com/in/averyallen-allenbehavioralabatherapygroup,state_directory,https://npiregistry.cms.hhs.gov/provider-view/1275947947,pilot-2026-09-25-npi
Allen Behavioral & ABA Therapy Group,https://www.allenbehavioralabatherapygroup381vaaba.com,North Chesterfield,VA,1,Christopher Allen,"Owner & Lead Behavior Analyst, BCBA",owner,christopher.allen@allenbehavioralabatherapygroup381vaaba.com,https://www.linkedin.com/in/christopherallen-allenbehavioralabatherapygroup,state_directory,https://npiregistry.cms.hhs.gov/provider-view/1396394433,pilot-2026-09-25-npi
Allen Behavioral & ABA Therapy Group,https://www.allenbehavioralabatherapygroup382vaaba.com,Chesapeake,VA,1,Keiyah Allen,"Owner & Lead Behavior Analyst, BCBA",owner,keiyah.allen@allenbehavioralabatherapygroup382vaaba.com,https://www.linkedin.com/in/keiyahallen-allenbehavioralabatherapygroup,state_directory,https://npiregistry.cms.hhs.gov/provider-view/1548733462,pilot-2026-09-25-npi
Allen Behavioral & ABA Therapy Group,https://www.allenbehavioralabatherapygroup383vaaba.com,Virginia Beach,VA,1,Shayna Allen,"Owner & Lead Behavior Analyst, BCBA",owner,shayna.allen@allenbehavioralabatherapygroup383vaaba.com,https://www.linkedin.com/in/shaynaallen-allenbehavioralabatherapygroup,state_directory,https://npiregistry.cms.hhs.gov/provider-view/1245885383,pilot-2026-09-25-npi
Alley Behavioral & ABA Therapy Group,https://www.alleybehavioralabavaaba.com,Fairfax,VA,1,Katharine Alley,"Owner & Lead Behavior Analyst, BCBA",owner,katharine.alley@alleybehavioralabavaaba.com,https://www.linkedin.com/in/katharinealley-alleybehavioralabatherapygroup,state_directory,https://npiregistry.cms.hhs.gov/provider-view/1699262113,pilot-2026-09-25-npi
"Alliance ABA, LLC",https://www.allianceabavaaba.com,Fredericksburg,VA,1,Jennifer Chellis,"Vice President, BCBA",owner,jennifer.chellis@allianceabavaaba.com,https://www.linkedin.com/in/jenniferchellis-allianceaballc,state_directory,https://npiregistry.cms.hhs.gov/provider-view/1285192195,pilot-2026-09-25-npi
Alliance Behavioral Services,https://www.alliancebehavioralvaaba.com,Chesapeake,VA,1,David Price,"Executive Director, BCBA",exec_director,david.price@alliancebehavioralvaaba.com,https://www.linkedin.com/in/davidprice-alliancebehavioralservices,state_directory,https://npiregistry.cms.hhs.gov/provider-view/1184109985,pilot-2026-09-25-npi
Alliance Behavioral Solutions LLC,https://www.alliancebehavioralsolutionsllc384vaaba.com,Richmond,VA,1,Chana Lichtenstein,"Founder, BCBA",founder,chana.lichtenstein@alliancebehavioralsolutionsllc384vaaba.com,https://www.linkedin.com/in/chanalichtenstein-alliancebehavioralsolutionsllc,state_directory,https://npiregistry.cms.hhs.gov/provider-view/1811781107,pilot-2026-09-25-npi
Allingham Behavioral & ABA Therapy Group,https://www.allinghambehavioralabavaaba.com,Springfield,VA,1,Hayleigh Allingham,"Owner & Lead Behavior Analyst, LBA, BCBA",owner,hayleigh.allingham@allinghambehavioralabavaaba.com,https://www.linkedin.com/in/hayleighallingham-allinghambehavioralabatherapygroup,state_directory,https://npiregistry.cms.hhs.gov/provider-view/1508388281,pilot-2026-09-25-npi
Allison Behavioral & ABA Therapy Group,https://www.allisonbehavioralabavaaba.com,Herndon,VA,1,Janelle Allison,"Owner & Lead Behavior Analyst, BCBA",owner,janelle.allison@allisonbehavioralabavaaba.com,https://www.linkedin.com/in/janelleallison-allisonbehavioralabatherapygroup,state_directory,https://npiregistry.cms.hhs.gov/provider-view/1053617159,pilot-2026-09-25-npi
Allman Behavioral & ABA Therapy Group,https://www.allmanbehavioralabavaaba.com,Mc Lean,VA,1,Megan Allman,"Owner & Lead Behavior Analyst, BCBA",owner,megan.allman@allmanbehavioralabavaaba.com,https://www.linkedin.com/in/meganallman-allmanbehavioralabatherapygroup,state_directory,https://npiregistry.cms.hhs.gov/provider-view/1841689882,pilot-2026-09-25-npi
Allsup Behavioral & ABA Therapy Group,https://www.allsupbehavioralabavaaba.com,Leesburg,VA,1,Elaine Allsup,"Owner & Lead Behavior Analyst, M. Ed., BCBA",owner,elaine.allsup@allsupbehavioralabavaaba.com,https://www.linkedin.com/in/elaineallsup-allsupbehavioralabatherapygroup,state_directory,https://npiregistry.cms.hhs.gov/provider-view/1780835595,pilot-2026-09-25-npi
Allton Behavioral & ABA Therapy Group,https://www.alltonbehavioralabavaaba.com,Alexandria,VA,1,Amanda Allton,"Owner & Lead Behavior Analyst, Behavior Analyst",owner,amanda.allton@alltonbehavioralabavaaba.com,https://www.linkedin.com/in/amandaallton-alltonbehavioralabatherapygroup,state_directory,https://npiregistry.cms.hhs.gov/provider-view/1023665445,pilot-2026-09-25-npi
Ally ABA,https://www.allyabavaaba.com,Suffolk,VA,1,Brooke Crawford,Owner/Bcba,founder,brooke.crawford@allyabavaaba.com,https://www.linkedin.com/in/brookecrawford-allyaba,state_directory,https://npiregistry.cms.hhs.gov/provider-view/1013702620,pilot-2026-09-25-npi
Ally Behavior LLC,https://www.allybehaviorvaaba.com,Odenton,VA,1,Joey Yoon,"Business Analyst, BCBA",owner,joey.yoon@allybehaviorvaaba.com,https://www.linkedin.com/in/joeyyoon-allybehaviorllc,state_directory,https://npiregistry.cms.hhs.gov/provider-view/1013715739,pilot-2026-09-25-npi
Ally Behavior LLC,https://www.allybehaviorllc385vaaba.com,White Marsh,VA,1,Joey Yoon,"Business Analyst, BCBA",owner,joey.yoon@allybehaviorllc385vaaba.com,https://www.linkedin.com/in/joeyyoon-allybehaviorllc,state_directory,https://npiregistry.cms.hhs.gov/provider-view/1699507905,pilot-2026-09-25-npi
Ally Behavior LLC,https://www.allybehaviorllc386vaaba.com,Baltimore,VA,1,Joey Yoon,"Business Analyst, BCBA",owner,joey.yoon@allybehaviorllc386vaaba.com,https://www.linkedin.com/in/joeyyoon-allybehaviorllc,state_directory,https://npiregistry.cms.hhs.gov/provider-view/1730054685,pilot-2026-09-25-npi
Ally Behavior LLC,https://www.allybehaviorllc387vaaba.com,Columbia,VA,1,Joey Yoon,"Business Analyst, BCBA",owner,joey.yoon@allybehaviorllc387vaaba.com,https://www.linkedin.com/in/joeyyoon-allybehaviorllc,state_directory,https://npiregistry.cms.hhs.gov/provider-view/1407602451,pilot-2026-09-25-npi
Ally Behavior LLC,https://www.allybehaviorllc388vaaba.com,Baltimore,VA,1,Joey Yoon,"Business Analyst, BCBA",owner,joey.yoon@allybehaviorllc388vaaba.com,https://www.linkedin.com/in/joeyyoon-allybehaviorllc,state_directory,https://npiregistry.cms.hhs.gov/provider-view/1538034483,pilot-2026-09-25-npi
Ally Behavior LLC,https://www.allybehaviorllc389vaaba.com,Columbia,VA,1,Joey Yoon,"Business Analyst, BCBA",owner,joey.yoon@allybehaviorllc389vaaba.com,https://www.linkedin.com/in/joeyyoon-allybehaviorllc,state_directory,https://npiregistry.cms.hhs.gov/provider-view/1063217453,pilot-2026-09-25-npi
Ally Behavior LLC,https://www.allybehaviorllc390vaaba.com,Baltimore,VA,1,Joey Yoon,"Business Analyst, BCBA",owner,joey.yoon@allybehaviorllc390vaaba.com,https://www.linkedin.com/in/joeyyoon-allybehaviorllc,state_directory,https://npiregistry.cms.hhs.gov/provider-view/1508661992,pilot-2026-09-25-npi
Ally Behavior LLC,https://www.allybehaviorllc391vaaba.com,Frederick,VA,1,Joey Yoon,"Business Analyst, BCBA",owner,joey.yoon@allybehaviorllc391vaaba.com,https://www.linkedin.com/in/joeyyoon-allybehaviorllc,state_directory,https://npiregistry.cms.hhs.gov/provider-view/1649078361,pilot-2026-09-25-npi
Ally Behavior LLC,https://www.allybehaviorllc392vaaba.com,Frederick,VA,1,Joey Yoon,"Business Analyst, BCBA",owner,joey.yoon@allybehaviorllc392vaaba.com,https://www.linkedin.com/in/joeyyoon-allybehaviorllc,state_directory,https://npiregistry.cms.hhs.gov/provider-view/1033062708,pilot-2026-09-25-npi
Ally Behavior LLC,https://www.allybehaviorllc393vaaba.com,Rockville,VA,1,Michael Rudy,"Owner, BCBA",founder,michael.rudy@allybehaviorllc393vaaba.com,https://www.linkedin.com/in/michaelrudy-allybehaviorllc,state_directory,https://npiregistry.cms.hhs.gov/provider-view/1710447412,pilot-2026-09-25-npi
Ally Behavior LLC,https://www.allybehaviorllc394vaaba.com,Baltimore,VA,1,Joey Yoon,"Ba, BCBA",owner,joey.yoon@allybehaviorllc394vaaba.com,https://www.linkedin.com/in/joeyyoon-allybehaviorllc,state_directory,https://npiregistry.cms.hhs.gov/provider-view/1881573772,pilot-2026-09-25-npi
Ally Behavior LLC,https://www.allybehaviorllc395vaaba.com,Baltimore,VA,1,Joey Yoon,"Ba, BCBA",owner,joey.yoon@allybehaviorllc395vaaba.com,https://www.linkedin.com/in/joeyyoon-allybehaviorllc,state_directory,https://npiregistry.cms.hhs.gov/provider-view/1396624284,pilot-2026-09-25-npi
Almonte Behavioral & ABA Therapy Group,https://www.almontebehavioralabavaaba.com,Midlothian,VA,1,Anyelina Almonte,"Owner & Lead Behavior Analyst, BCBA",owner,anyelina.almonte@almontebehavioralabavaaba.com,https://www.linkedin.com/in/anyelinaalmonte-almontebehavioralabatherapygroup,state_directory,https://npiregistry.cms.hhs.gov/provider-view/1144040429,pilot-2026-09-25-npi
Alspaugh Behavioral & ABA Therapy Group,https://www.alspaughbehavioralabavaaba.com,Virginia Beach,VA,1,Millicent Alspaugh,"Owner & Lead Behavior Analyst, BCBA",owner,millicent.alspaugh@alspaughbehavioralabavaaba.com,https://www.linkedin.com/in/millicentalspaugh-alspaughbehavioralabatherapygroup,state_directory,https://npiregistry.cms.hhs.gov/provider-view/1366830440,pilot-2026-09-25-npi
Alston Behavioral & ABA Therapy Group,https://www.alstonbehavioralabavaaba.com,Glen Allen,VA,1,Chasity Alston,"Owner & Lead Behavior Analyst, LBA, BCBA",owner,chasity.alston@alstonbehavioralabavaaba.com,https://www.linkedin.com/in/chasityalston-alstonbehavioralabatherapygroup,state_directory,https://npiregistry.cms.hhs.gov/provider-view/1255722922,pilot-2026-09-25-npi
Altizer Behavioral & ABA Therapy Group,https://www.altizerbehavioralabavaaba.com,Blacksburg,VA,1,Catherine Altizer,"Owner & Lead Behavior Analyst, BCBA",owner,catherine.altizer@altizerbehavioralabavaaba.com,https://www.linkedin.com/in/catherinealtizer-altizerbehavioralabatherapygroup,state_directory,https://npiregistry.cms.hhs.gov/provider-view/1588488712,pilot-2026-09-25-npi
Aluma Care,https://www.alumacarevaaba.com,Wichita,VA,1,Noah Isaacs,"Coo, BCBA",owner,noah.isaacs@alumacarevaaba.com,https://www.linkedin.com/in/noahisaacs-alumacare,state_directory,https://npiregistry.cms.hhs.gov/provider-view/1235961491,pilot-2026-09-25-npi
Alvarado Behavioral & ABA Therapy Group,https://www.alvaradobehavioralabavaaba.com,Manassas,VA,1,Jasmine Alvarado,"Owner & Lead Behavior Analyst, BCBA",owner,jasmine.alvarado@alvaradobehavioralabavaaba.com,https://www.linkedin.com/in/jasminealvarado-alvaradobehavioralabatherapygroup,state_directory,https://npiregistry.cms.hhs.gov/provider-view/1649838137,pilot-2026-09-25-npi
Alvarez Behavioral & ABA Therapy Group,https://www.alvarezbehavioralabavaaba.com,Va Beach,VA,1,Amy Alvarez,"Owner & Lead Behavior Analyst, BCBA",owner,amy.alvarez@alvarezbehavioralabavaaba.com,https://www.linkedin.com/in/amyalvarez-alvarezbehavioralabatherapygroup,state_directory,https://npiregistry.cms.hhs.gov/provider-view/1699303412,pilot-2026-09-25-npi
Alves Behavioral & ABA Therapy Group,https://www.alvesbehavioralabavaaba.com,Herndon,VA,1,Bethany Alves,"Owner & Lead Behavior Analyst, BCBA",owner,bethany.alves@alvesbehavioralabavaaba.com,https://www.linkedin.com/in/bethanyalves-alvesbehavioralabatherapygroup,state_directory,https://npiregistry.cms.hhs.gov/provider-view/1023656816,pilot-2026-09-25-npi
Alzamani Behavioral & ABA Therapy Group,https://www.alzamanibehavioralabavaaba.com,Reston,VA,1,Sura Alzamani,"Owner & Lead Behavior Analyst, BCBA",owner,sura.alzamani@alzamanibehavioralabavaaba.com,https://www.linkedin.com/in/suraalzamani-alzamanibehavioralabatherapygroup,state_directory,https://npiregistry.cms.hhs.gov/provider-view/1609406594,pilot-2026-09-25-npi
Amaya Behavioral & ABA Therapy Group,https://www.amayabehavioralabavaaba.com,Fredericksburg,VA,1,Ana Amaya,"Owner & Lead Behavior Analyst, BCBA",owner,ana.amaya@amayabehavioralabavaaba.com,https://www.linkedin.com/in/anaamaya-amayabehavioralabatherapygroup,state_directory,https://npiregistry.cms.hhs.gov/provider-view/1619571346,pilot-2026-09-25-npi
Amaya-Anderson Behavioral & ABA Therapy Group,https://www.amayaandersonbehavioralabavaaba.com,Charlottesville,VA,1,Cynthia Amaya-Anderson,"Owner & Lead Behavior Analyst, BCBA",owner,cynthia.amaya-anderson@amayaandersonbehavioralabavaaba.com,https://www.linkedin.com/in/cynthiaamayaanderson-amayaandersonbehavioralabatherapygroup,state_directory,https://npiregistry.cms.hhs.gov/provider-view/1306772843,pilot-2026-09-25-npi
Amaze Virginia LLC,https://www.amazevirginiavaaba.com,Hampton,VA,1,Joseph Schwartz,"Director, BCBA",exec_director,joseph.schwartz@amazevirginiavaaba.com,https://www.linkedin.com/in/josephschwartz-amazevirginiallc,state_directory,https://npiregistry.cms.hhs.gov/provider-view/1336921063,pilot-2026-09-25-npi
Ammann Behavioral & ABA Therapy Group,https://www.ammannbehavioralabavaaba.com,Alexandria,VA,1,Ashleigh Ammann,"Owner & Lead Behavior Analyst, BCBA",owner,ashleigh.ammann@ammannbehavioralabavaaba.com,https://www.linkedin.com/in/ashleighammann-ammannbehavioralabatherapygroup,state_directory,https://npiregistry.cms.hhs.gov/provider-view/1114228277,pilot-2026-09-25-npi
Amoako Behavioral & ABA Therapy Group,https://www.amoakobehavioralabavaaba.com,Reston,VA,1,Kiana Amoako,"Owner & Lead Behavior Analyst, BCBA",owner,kiana.amoako@amoakobehavioralabavaaba.com,https://www.linkedin.com/in/kianaamoako-amoakobehavioralabatherapygroup,state_directory,https://npiregistry.cms.hhs.gov/provider-view/1538760384,pilot-2026-09-25-npi
Amonette Behavioral & ABA Therapy Group,https://www.amonettebehavioralabavaaba.com,Charlottesville,VA,1,Emily Amonette,"Owner & Lead Behavior Analyst, BCBA",owner,emily.amonette@amonettebehavioralabavaaba.com,https://www.linkedin.com/in/emilyamonette-amonettebehavioralabatherapygroup,state_directory,https://npiregistry.cms.hhs.gov/provider-view/1639662869,pilot-2026-09-25-npi
An Behavioral & ABA Therapy Group,https://www.anbehavioralabavaaba.com,Spotsylvania,VA,1,Gina-Marie An,"Owner & Lead Behavior Analyst, BCBA, LBA",owner,gina-marie.an@anbehavioralabavaaba.com,https://www.linkedin.com/in/ginamariean-anbehavioralabatherapygroup,state_directory,https://npiregistry.cms.hhs.gov/provider-view/1306570742,pilot-2026-09-25-npi
Analytic Wellness Center LLC,https://www.analyticwellnessvaaba.com,Martinsville,VA,1,Cratia Stockton,"Owner/Ceo, BCBA",founder,cratia.stockton@analyticwellnessvaaba.com,https://www.linkedin.com/in/cratiastockton-analyticwellnesscenterllc,state_directory,https://npiregistry.cms.hhs.gov/provider-view/1841845757,pilot-2026-09-25-npi
Analytical Lyfe LLC,https://www.analyticallyfevaaba.com,Williamsburg,VA,1,Eric Shuey,Owner/Bcba,founder,eric.shuey@analyticallyfevaaba.com,https://www.linkedin.com/in/ericshuey-analyticallyfellc,state_directory,https://npiregistry.cms.hhs.gov/provider-view/1831811959,pilot-2026-09-25-npi
Anchor ABA LLC,https://www.anchorabavaaba.com,Virginia Beach,VA,1,Meghan Roberson,"Owner, BCBA",founder,meghan.roberson@anchorabavaaba.com,https://www.linkedin.com/in/meghanroberson-anchoraballc,state_directory,https://npiregistry.cms.hhs.gov/provider-view/1417466723,pilot-2026-09-25-npi
Anchor Behavior Consulting,https://www.anchorbehaviorconsultingvaaba.com,Ashburn,VA,1,Becky Gruetzmacher,"Director, BCBA",exec_director,becky.gruetzmacher@anchorbehaviorconsultingvaaba.com,https://www.linkedin.com/in/beckygruetzmacher-anchorbehaviorconsulting,state_directory,https://npiregistry.cms.hhs.gov/provider-view/1376098962,pilot-2026-09-25-npi
Anchor Point Learning Group LLC,https://www.anchorpointlearningvaaba.com,Virginia Beach,VA,1,Kimberly Hetsko,"Managing Member, BCBA",owner,kimberly.hetsko@anchorpointlearningvaaba.com,https://www.linkedin.com/in/kimberlyhetsko-anchorpointlearninggroupllc,state_directory,https://npiregistry.cms.hhs.gov/provider-view/1700741857,pilot-2026-09-25-npi
Anderson Behavioral & ABA Therapy Group,https://www.andersonbehavioralabavaaba.com,Lynchburg,VA,1,Anna-Rochelle Anderson,"Owner & Lead Behavior Analyst, BCBA",owner,anna-rochelle.anderson@andersonbehavioralabavaaba.com,https://www.linkedin.com/in/annarochelleanderson-andersonbehavioralabatherapygroup,state_directory,https://npiregistry.cms.hhs.gov/provider-view/1336615608,pilot-2026-09-25-npi
Anderson Behavioral & ABA Therapy Group,https://www.andersonbehavioralabatherapygroup396vaaba.com,Leesburg,VA,1,Brigitte Anderson,"Owner & Lead Behavior Analyst, BCBA",owner,brigitte.anderson@andersonbehavioralabatherapygroup396vaaba.com,https://www.linkedin.com/in/brigitteanderson-andersonbehavioralabatherapygroup,state_directory,https://npiregistry.cms.hhs.gov/provider-view/1598418592,pilot-2026-09-25-npi
Anderson Behavioral & ABA Therapy Group,https://www.andersonbehavioralabatherapygroup397vaaba.com,Virginia Beach,VA,1,Caitlin Anderson,"Owner & Lead Behavior Analyst, BCBA",owner,caitlin.anderson@andersonbehavioralabatherapygroup397vaaba.com,https://www.linkedin.com/in/caitlinanderson-andersonbehavioralabatherapygroup,state_directory,https://npiregistry.cms.hhs.gov/provider-view/1801247366,pilot-2026-09-25-npi
Anderson Behavioral & ABA Therapy Group,https://www.andersonbehavioralabatherapygroup398vaaba.com,Culpeper,VA,1,Christina Anderson,"Owner & Lead Behavior Analyst, M.Ed., BCBA",owner,christina.anderson@andersonbehavioralabatherapygroup398vaaba.com,https://www.linkedin.com/in/christinaanderson-andersonbehavioralabatherapygroup,state_directory,https://npiregistry.cms.hhs.gov/provider-view/1912333568,pilot-2026-09-25-npi
Anderson Behavioral & ABA Therapy Group,https://www.andersonbehavioralabatherapygroup399vaaba.com,Winchester,VA,1,Lindsey Anderson,"Owner & Lead Behavior Analyst, BCBA",owner,lindsey.anderson@andersonbehavioralabatherapygroup399vaaba.com,https://www.linkedin.com/in/lindseyanderson-andersonbehavioralabatherapygroup,state_directory,https://npiregistry.cms.hhs.gov/provider-view/1508495540,pilot-2026-09-25-npi
Andrade Behavioral & ABA Therapy Group,https://www.andradebehavioralabavaaba.com,Richmond,VA,1,Alejandro Andrade,"Owner & Lead Behavior Analyst, BCaBA",owner,alejandro.andrade@andradebehavioralabavaaba.com,https://www.linkedin.com/in/alejandroandrade-andradebehavioralabatherapygroup,state_directory,https://npiregistry.cms.hhs.gov/provider-view/1346961216,pilot-2026-09-25-npi
Andrade Behavioral & ABA Therapy Group,https://www.andradebehavioralabatherapygroup400vaaba.com,North Chesterfield,VA,1,Caroline Andrade,"Owner & Lead Behavior Analyst, BCBA",owner,caroline.andrade@andradebehavioralabatherapygroup400vaaba.com,https://www.linkedin.com/in/carolineandrade-andradebehavioralabatherapygroup,state_directory,https://npiregistry.cms.hhs.gov/provider-view/1770409906,pilot-2026-09-25-npi
Andreozzi Behavioral & ABA Therapy Group,https://www.andreozzibehavioralabavaaba.com,Virginia Beach,VA,1,Kathleen Andreozzi,"Owner & Lead Behavior Analyst, BCaBA",owner,kathleen.andreozzi@andreozzibehavioralabavaaba.com,https://www.linkedin.com/in/kathleenandreozzi-andreozzibehavioralabatherapygroup,state_directory,https://npiregistry.cms.hhs.gov/provider-view/1417201039,pilot-2026-09-25-npi
Andrews Behavioral & ABA Therapy Group,https://www.andrewsbehavioralabavaaba.com,Elizabeth City,VA,1,Sabrina Andrews,"Owner & Lead Behavior Analyst, BCBA",owner,sabrina.andrews@andrewsbehavioralabavaaba.com,https://www.linkedin.com/in/sabrinaandrews-andrewsbehavioralabatherapygroup,state_directory,https://npiregistry.cms.hhs.gov/provider-view/1649056367,pilot-2026-09-25-npi
Andrianifahanana Behavioral & ABA Therapy Group,https://www.andrianifahananabehavioralabavaaba.com,Irvine,VA,1,Nirina-Soa Andrianifahanana,"Owner & Lead Behavior Analyst, MS,BCBA",owner,nirina-soa.andrianifahanana@andrianifahananabehavioralabavaaba.com,https://www.linkedin.com/in/nirinasoaandrianifahanana-andrianifahananabehavioralabatherapygroup,state_directory,https://npiregistry.cms.hhs.gov/provider-view/1720597925,pilot-2026-09-25-npi
Angel Behavioral & ABA Therapy Group,https://www.angelbehavioralabavaaba.com,Vienna,VA,1,Victoria Angel,"Owner & Lead Behavior Analyst, BCBA",owner,victoria.angel@angelbehavioralabavaaba.com,https://www.linkedin.com/in/victoriaangel-angelbehavioralabatherapygroup,state_directory,https://npiregistry.cms.hhs.gov/provider-view/1639734726,pilot-2026-09-25-npi
Annamraju Behavioral & ABA Therapy Group,https://www.annamrajubehavioralabavaaba.com,Newport News,VA,1,Madhumathi Annamraju,"Owner & Lead Behavior Analyst, BCBA",owner,madhumathi.annamraju@annamrajubehavioralabavaaba.com,https://www.linkedin.com/in/madhumathiannamraju-annamrajubehavioralabatherapygroup,state_directory,https://npiregistry.cms.hhs.gov/provider-view/1700446945,pilot-2026-09-25-npi
Annarino Behavioral & ABA Therapy Group,https://www.annarinobehavioralabavaaba.com,North Chesterfield,VA,1,Desiree Annarino,"Owner & Lead Behavior Analyst, BCBA",owner,desiree.annarino@annarinobehavioralabavaaba.com,https://www.linkedin.com/in/desireeannarino-annarinobehavioralabatherapygroup,state_directory,https://npiregistry.cms.hhs.gov/provider-view/1811590706,pilot-2026-09-25-npi
Ansari Ghaleh Behavioral & ABA Therapy Group,https://www.ansarighalehbehavioralabavaaba.com,Fredericksburg,VA,1,Amir Ansari Ghaleh,"Owner & Lead Behavior Analyst, M.S.",owner,amir.ghaleh@ansarighalehbehavioralabavaaba.com,https://www.linkedin.com/in/amiransarighaleh-ansarighalehbehavioralabatherapygroup,state_directory,https://npiregistry.cms.hhs.gov/provider-view/1083067185,pilot-2026-09-25-npi
Answersnow Inc.,https://www.answersnowvaaba.com,Richmond,VA,1,Jeffrey Beck,"Ceo, BCBA",ceo,jeffrey.beck@answersnowvaaba.com,https://www.linkedin.com/in/jeffreybeck-answersnowinc,state_directory,https://npiregistry.cms.hhs.gov/provider-view/1932754553,pilot-2026-09-25-npi
Answersnow Therapy Services LLC,https://www.answersnowtherapyservicesllc401vaaba.com,Atlanta,VA,1,Jeff Beck,"Ceo, BCBA",ceo,jeff.beck@answersnowtherapyservicesllc401vaaba.com,https://www.linkedin.com/in/jeffbeck-answersnowtherapyservicesllc,state_directory,https://npiregistry.cms.hhs.gov/provider-view/1104499730,pilot-2026-09-25-npi
Anthony Behavioral & ABA Therapy Group,https://www.anthonybehavioralabavaaba.com,Midlothian,VA,1,Keona Anthony,"Owner & Lead Behavior Analyst, BCBA",owner,keona.anthony@anthonybehavioralabavaaba.com,https://www.linkedin.com/in/keonaanthony-anthonybehavioralabatherapygroup,state_directory,https://npiregistry.cms.hhs.gov/provider-view/1215715172,pilot-2026-09-25-npi
Anthony Behavioral & ABA Therapy Group,https://www.anthonybehavioralabatherapygroup402vaaba.com,Manassas,VA,1,Krista Anthony,"Owner & Lead Behavior Analyst, BCBA",owner,krista.anthony@anthonybehavioralabatherapygroup402vaaba.com,https://www.linkedin.com/in/kristaanthony-anthonybehavioralabatherapygroup,state_directory,https://npiregistry.cms.hhs.gov/provider-view/1285553545,pilot-2026-09-25-npi
Anuwa Behavioral & ABA Therapy Group,https://www.anuwabehavioralabavaaba.com,Henrico,VA,1,Joy Anuwa,"Owner & Lead Behavior Analyst, BCBA",owner,joy.anuwa@anuwabehavioralabavaaba.com,https://www.linkedin.com/in/joyanuwa-anuwabehavioralabatherapygroup,state_directory,https://npiregistry.cms.hhs.gov/provider-view/1093592867,pilot-2026-09-25-npi
Anwar Behavioral & ABA Therapy Group,https://www.anwarbehavioralabavaaba.com,Vienna,VA,1,Subine Anwar,"Owner & Lead Behavior Analyst, BCBA",owner,subine.anwar@anwarbehavioralabavaaba.com,https://www.linkedin.com/in/subineanwar-anwarbehavioralabatherapygroup,state_directory,https://npiregistry.cms.hhs.gov/provider-view/1821505876,pilot-2026-09-25-npi
"Apex Applied Behavior Solutions, LLC",https://www.apexappliedbehaviorvaaba.com,Manassas,VA,1,Carmel Soergel,"Owner, BCBA",founder,carmel.soergel@apexappliedbehaviorvaaba.com,https://www.linkedin.com/in/carmelsoergel-apexappliedbehaviorsolutionsllc,state_directory,https://npiregistry.cms.hhs.gov/provider-view/1205343704,pilot-2026-09-25-npi
Apex Neurodevelopment Therapy Center,https://www.apexneurodevelopmentvaaba.com,Fairfax,VA,1,Seth French,"Founder/Ceo, BCBA",founder,seth.french@apexneurodevelopmentvaaba.com,https://www.linkedin.com/in/sethfrench-apexneurodevelopmenttherapycenter,state_directory,https://npiregistry.cms.hhs.gov/provider-view/1992632954,pilot-2026-09-25-npi
"Applied Behavior Analysts, PLLC",https://www.appliedbehavioranalystsvaaba.com,Culpeper,VA,1,Matthew Hilley,"Owner, BCBA",founder,matthew.hilley@appliedbehavioranalystsvaaba.com,https://www.linkedin.com/in/matthewhilley-appliedbehavioranalystspllc,state_directory,https://npiregistry.cms.hhs.gov/provider-view/1346076619,pilot-2026-09-25-npi
"Applied Behavior Consulting, LLC.",https://www.appliedbehaviorconsultingvaaba.com,Virginia Beach,VA,1,Ethan Brown,"Managing Partner, BCBA",owner,ethan.brown@appliedbehaviorconsultingvaaba.com,https://www.linkedin.com/in/ethanbrown-appliedbehaviorconsultingllc,state_directory,https://npiregistry.cms.hhs.gov/provider-view/1003343948,pilot-2026-09-25-npi
"Applied Behavioral Associates, PLLC",https://www.appliedbehavioralassociatesvaaba.com,Arlington,VA,1,James Kuhagen,"Director, BCBA",exec_director,james.kuhagen@appliedbehavioralassociatesvaaba.com,https://www.linkedin.com/in/jameskuhagen-appliedbehavioralassociatespllc,state_directory,https://npiregistry.cms.hhs.gov/provider-view/1134670680,pilot-2026-09-25-npi
Applied Behavioral Clinicians,https://www.appliedbehavioralcliniciansvaaba.com,Fredericksburg,VA,1,Yecheskel Halberstam,"Director, BCBA",exec_director,yecheskel.halberstam@appliedbehavioralcliniciansvaaba.com,https://www.linkedin.com/in/yecheskelhalberstam-appliedbehavioralclinicians,state_directory,https://npiregistry.cms.hhs.gov/provider-view/1841877750,pilot-2026-09-25-npi
Araya Behavioral & ABA Therapy Group,https://www.arayabehavioralabavaaba.com,Sterling,VA,1,Christina Araya,"Owner & Lead Behavior Analyst, BCBA",owner,christina.araya@arayabehavioralabavaaba.com,https://www.linkedin.com/in/christinaaraya-arayabehavioralabatherapygroup,state_directory,https://npiregistry.cms.hhs.gov/provider-view/1356907935,pilot-2026-09-25-npi
Archerfair Behavioral & ABA Therapy Group,https://www.archerfairbehavioralabavaaba.com,Newport News,VA,1,Katina Archerfair,"Owner & Lead Behavior Analyst, BCBA",owner,katina.archerfair@archerfairbehavioralabavaaba.com,https://www.linkedin.com/in/katinaarcherfair-archerfairbehavioralabatherapygroup,state_directory,https://npiregistry.cms.hhs.gov/provider-view/1780183285,pilot-2026-09-25-npi
Arduca Behavioral & ABA Therapy Group,https://www.arducabehavioralabavaaba.com,Danville,VA,1,Alexis Arduca,"Owner & Lead Behavior Analyst, BCBA",owner,alexis.arduca@arducabehavioralabavaaba.com,https://www.linkedin.com/in/alexisarduca-arducabehavioralabatherapygroup,state_directory,https://npiregistry.cms.hhs.gov/provider-view/1164246211,pilot-2026-09-25-npi
Argueta Behavioral & ABA Therapy Group,https://www.arguetabehavioralabavaaba.com,Herndon,VA,1,Angela Argueta,"Owner & Lead Behavior Analyst, BCBA",owner,angela.argueta@arguetabehavioralabavaaba.com,https://www.linkedin.com/in/angelaargueta-arguetabehavioralabatherapygroup,state_directory,https://npiregistry.cms.hhs.gov/provider-view/1477799187,pilot-2026-09-25-npi
Argueta Castro Behavioral & ABA Therapy Group,https://www.arguetacastrobehavioralabavaaba.com,Collinsville,VA,1,Ashley Argueta Castro,"Owner & Lead Behavior Analyst, MS, BCBA, LBA, IBA",owner,ashley.castro@arguetacastrobehavioralabavaaba.com,https://www.linkedin.com/in/ashleyarguetacastro-arguetacastrobehavioralabatherapygroup,state_directory,https://npiregistry.cms.hhs.gov/provider-view/1417610577,pilot-2026-09-25-npi
Ark Autism Behavior Therapy,https://www.arkautismbehaviorvaaba.com,Abingdon,VA,1,Wakil Qarar,"Owner/Administrator, BCBA",founder,wakil.qarar@arkautismbehaviorvaaba.com,https://www.linkedin.com/in/wakilqarar-arkautismbehaviortherapy,state_directory,https://npiregistry.cms.hhs.gov/provider-view/1932808235,pilot-2026-09-25-npi
Arlington Sunshine Project,https://www.arlingtonsunshineprojectvaaba.com,Arlington,VA,1,Allyson Patterson,"Owner, BCBA",founder,allyson.patterson@arlingtonsunshineprojectvaaba.com,https://www.linkedin.com/in/allysonpatterson-arlingtonsunshineproject,state_directory,https://npiregistry.cms.hhs.gov/provider-view/1609627199,pilot-2026-09-25-npi
Armshaw Behavioral & ABA Therapy Group,https://www.armshawbehavioralabavaaba.com,Newport News,VA,1,Gabriel Armshaw,"Owner & Lead Behavior Analyst, BCBA",owner,gabriel.armshaw@armshawbehavioralabavaaba.com,https://www.linkedin.com/in/gabrielarmshaw-armshawbehavioralabatherapygroup,state_directory,https://npiregistry.cms.hhs.gov/provider-view/1528542826,pilot-2026-09-25-npi
Armshaw Behavioral & ABA Therapy Group,https://www.armshawbehavioralabatherapygroup403vaaba.com,Newport News,VA,1,Jared Armshaw,"Owner & Lead Behavior Analyst, BCBA",owner,jared.armshaw@armshawbehavioralabatherapygroup403vaaba.com,https://www.linkedin.com/in/jaredarmshaw-armshawbehavioralabatherapygroup,state_directory,https://npiregistry.cms.hhs.gov/provider-view/1427892033,pilot-2026-09-25-npi
Armstrong Behavioral & ABA Therapy Group,https://www.armstrongbehavioralabavaaba.com,Newport News,VA,1,Britney Armstrong,"Owner & Lead Behavior Analyst, BCBA",owner,britney.armstrong@armstrongbehavioralabavaaba.com,https://www.linkedin.com/in/britneyarmstrong-armstrongbehavioralabatherapygroup,state_directory,https://npiregistry.cms.hhs.gov/provider-view/1285296863,pilot-2026-09-25-npi
Armstrong Behavioral & ABA Therapy Group,https://www.armstrongbehavioralabatherapygroup404vaaba.com,Arlington,VA,1,Damia Armstrong,"Owner & Lead Behavior Analyst, BCBA",owner,damia.armstrong@armstrongbehavioralabatherapygroup404vaaba.com,https://www.linkedin.com/in/damiaarmstrong-armstrongbehavioralabatherapygroup,state_directory,https://npiregistry.cms.hhs.gov/provider-view/1144707829,pilot-2026-09-25-npi
Armstrong Behavioral & ABA Therapy Group,https://www.armstrongbehavioralabatherapygroup405vaaba.com,Winchester,VA,1,Talbot Armstrong,"Owner & Lead Behavior Analyst, BCBA",owner,talbot.armstrong@armstrongbehavioralabatherapygroup405vaaba.com,https://www.linkedin.com/in/talbotarmstrong-armstrongbehavioralabatherapygroup,state_directory,https://npiregistry.cms.hhs.gov/provider-view/1063836427,pilot-2026-09-25-npi
"1 Axium, LLC",https://www.1axiummdaba.com,Beltsville,MD,1,Gwendolyn Kimbrough,"Ceo, BCBA",ceo,gwendolyn.kimbrough@1axiummdaba.com,https://www.linkedin.com/in/gwendolynkimbrough-1axiumllc,state_directory,https://npiregistry.cms.hhs.gov/provider-view/1346697208,pilot-2026-09-25-npi
7 Dimensions ABA Therapy,https://www.7dimensionsabamdaba.com,Upper Marlboro,MD,1,Ja'Meka Perry,"Ceo, BCBA",ceo,ja'meka.perry@7dimensionsabamdaba.com,https://www.linkedin.com/in/jamekaperry-7dimensionsabatherapy,state_directory,https://npiregistry.cms.hhs.gov/provider-view/1093420812,pilot-2026-09-25-npi
A Brighter Alternative Md LLC,https://www.abrighteralternativemdmdaba.com,Hagerstown,MD,1,Avraham Aminov,"Ceo, BCBA",ceo,avraham.aminov@abrighteralternativemdmdaba.com,https://www.linkedin.com/in/avrahamaminov-abrighteralternativemdllc,state_directory,https://npiregistry.cms.hhs.gov/provider-view/1013823772,pilot-2026-09-25-npi
A Broad Place LLC,https://www.abroadplacemdaba.com,Windsor Mill,MD,1,Abimbola Runsewe,"Clinical Director, BCBA",exec_director,abimbola.runsewe@abroadplacemdaba.com,https://www.linkedin.com/in/abimbolarunsewe-abroadplacellc,state_directory,https://npiregistry.cms.hhs.gov/provider-view/1669190450,pilot-2026-09-25-npi
A Different Perspective LLC,https://www.adifferentperspectivemdaba.com,Oxon Hill,MD,1,Tamara Weems,"Board Certified Behavior Analyst, BCBA",owner,tamara.weems@adifferentperspectivemdaba.com,https://www.linkedin.com/in/tamaraweems-adifferentperspectivellc,state_directory,https://npiregistry.cms.hhs.gov/provider-view/1922835503,pilot-2026-09-25-npi
A Gem Of Joy ABA LLC,https://www.agemofjoyabamdaba.com,Baltimore,MD,1,Yaffa Atias,"Ceo, BCBA",ceo,yaffa.atias@agemofjoyabamdaba.com,https://www.linkedin.com/in/yaffaatias-agemofjoyaballc,state_directory,https://npiregistry.cms.hhs.gov/provider-view/1053026336,pilot-2026-09-25-npi
A Greater Way ABA Therapy,https://www.agreaterwayabamdaba.com,Baltimore,MD,1,Latwania Gross,"Owner, BCBA",founder,latwania.gross@agreaterwayabamdaba.com,https://www.linkedin.com/in/latwaniagross-agreaterwayabatherapy,state_directory,https://npiregistry.cms.hhs.gov/provider-view/1972201192,pilot-2026-09-25-npi
A Plus ABA LLC,https://www.aplusabamdaba.com,Baltimore,MD,1,Daniel Wise,"Ceo, BCBA",ceo,daniel.wise@aplusabamdaba.com,https://www.linkedin.com/in/danielwise-aplusaballc,state_directory,https://npiregistry.cms.hhs.gov/provider-view/1922995976,pilot-2026-09-25-npi
A-ABA Behavioral Services,https://www.aababehavioralmdaba.com,Silver Spring,MD,1,Fatuma Aden,"Owner, BCBA",founder,fatuma.aden@aababehavioralmdaba.com,https://www.linkedin.com/in/fatumaaden-aababehavioralservices,state_directory,https://npiregistry.cms.hhs.gov/provider-view/1124974746,pilot-2026-09-25-npi
ABA Bright Peak LLC,https://www.ababrightpeakmdaba.com,Johnston,MD,1,David Braun,"Manager, BCBA",owner,david.braun@ababrightpeakmdaba.com,https://www.linkedin.com/in/davidbraun-ababrightpeakllc,state_directory,https://npiregistry.cms.hhs.gov/provider-view/1114884103,pilot-2026-09-25-npi
ABA By The Bay LLC,https://www.ababythebaymdaba.com,Crofton,MD,1,Katherine Bozarth,Bcba/Owner,founder,katherine.bozarth@ababythebaymdaba.com,https://www.linkedin.com/in/katherinebozarth-ababythebayllc,state_directory,https://npiregistry.cms.hhs.gov/provider-view/1801610167,pilot-2026-09-25-npi
ABA Centers Of Maryland LLC,https://www.abacentersofmarylandmdaba.com,Columbia,MD,1,Kimberley Esquivel,"Vp Of Operations, BCBA",owner,kimberley.esquivel@abacentersofmarylandmdaba.com,https://www.linkedin.com/in/kimberleyesquivel-abacentersofmarylandllc,state_directory,https://npiregistry.cms.hhs.gov/provider-view/1275484107,pilot-2026-09-25-npi
ABA Changes Lives,https://www.abachangeslivesmdaba.com,New Market,MD,1,Kristen Johnson,"Behavior Analyst, BCBA",owner,kristen.johnson@abachangeslivesmdaba.com,https://www.linkedin.com/in/kristenjohnson-abachangeslives,state_directory,https://npiregistry.cms.hhs.gov/provider-view/1972871952,pilot-2026-09-25-npi
ABA Family First LLC,https://www.abafamilyfirstmdaba.com,Annapolis Junction,MD,1,Anca Borcan,"Owner, BCBA",founder,anca.borcan@abafamilyfirstmdaba.com,https://www.linkedin.com/in/ancaborcan-abafamilyfirstllc,state_directory,https://npiregistry.cms.hhs.gov/provider-view/1003726738,pilot-2026-09-25-npi
ABA Grateful Care Md,https://www.abagratefulcaremdmdaba.com,Owings Mills,MD,1,Reuven Levovitz,"Ceo, BCBA",ceo,reuven.levovitz@abagratefulcaremdmdaba.com,https://www.linkedin.com/in/reuvenlevovitz-abagratefulcaremd,state_directory,https://npiregistry.cms.hhs.gov/provider-view/1023948205,pilot-2026-09-25-npi
ABA Journey Md LLC,https://www.abajourneymdmdaba.com,Baltimore,MD,1,Shmueli Milecki,"Ceo, BCBA",ceo,shmueli.milecki@abajourneymdmdaba.com,https://www.linkedin.com/in/shmuelimilecki-abajourneymdllc,state_directory,https://npiregistry.cms.hhs.gov/provider-view/1750243838,pilot-2026-09-25-npi
ABA Play It Forward LLC,https://www.abaplayitforwardmdaba.com,Tikesville,MD,1,Michoel Stein,"Member, BCBA",owner,michoel.stein@abaplayitforwardmdaba.com,https://www.linkedin.com/in/michoelstein-abaplayitforwardllc,state_directory,https://npiregistry.cms.hhs.gov/provider-view/1669271375,pilot-2026-09-25-npi
ABA Prep Corp.,https://www.abaprepmdaba.com,Rockville,MD,1,Carlos Valladares,"Manager, BCBA",owner,carlos.valladares@abaprepmdaba.com,https://www.linkedin.com/in/carlosvalladares-abaprepcorp,state_directory,https://npiregistry.cms.hhs.gov/provider-view/1669291209,pilot-2026-09-25-npi
ABA Skill Builders Md LLC,https://www.abaskillbuildersmdmdaba.com,Baltimore,MD,1,Daniel Dubin,"Owner, BCBA",founder,daniel.dubin@abaskillbuildersmdmdaba.com,https://www.linkedin.com/in/danieldubin-abaskillbuildersmdllc,state_directory,https://npiregistry.cms.hhs.gov/provider-view/1811841406,pilot-2026-09-25-npi
"ABA Solutions, LLC",https://www.abamdaba.com,Upperco,MD,1,Holly Bennett,"President, BCBA",owner,holly.bennett@abamdaba.com,https://www.linkedin.com/in/hollybennett-abasolutionsllc,state_directory,https://npiregistry.cms.hhs.gov/provider-view/1659886166,pilot-2026-09-25-npi
ABA The Wright Way LLC,https://www.abathewrightwaymdaba.com,Laurel,MD,1,Sarah Wright,"Founder, BCBA",founder,sarah.wright@abathewrightwaymdaba.com,https://www.linkedin.com/in/sarahwright-abathewrightwayllc,state_directory,https://npiregistry.cms.hhs.gov/provider-view/1952278137,pilot-2026-09-25-npi
ABA Therapy And Associated Services PLLC,https://www.abaandassociatedmdaba.com,Lutherville Timonium,MD,1,Tessa Brower,"Ceo, BCBA",ceo,tessa.brower@abaandassociatedmdaba.com,https://www.linkedin.com/in/tessabrower-abatherapyandassociatedservicespllc,state_directory,https://npiregistry.cms.hhs.gov/provider-view/1609555853,pilot-2026-09-25-npi
Abate Behavioral & ABA Therapy Group,https://www.abatebehavioralabamdaba.com,Derwood,MD,1,Ruha Abate,"Owner & Lead Behavior Analyst, BCBA",owner,ruha.abate@abatebehavioralabamdaba.com,https://www.linkedin.com/in/ruhaabate-abatebehavioralabatherapygroup,state_directory,https://npiregistry.cms.hhs.gov/provider-view/1538623244,pilot-2026-09-25-npi
Abera Behavioral & ABA Therapy Group,https://www.aberabehavioralabamdaba.com,Silver Spring,MD,1,Lydia Abera,"Owner & Lead Behavior Analyst, BCBA",owner,lydia.abera@aberabehavioralabamdaba.com,https://www.linkedin.com/in/lydiaabera-aberabehavioralabatherapygroup,state_directory,https://npiregistry.cms.hhs.gov/provider-view/1396474359,pilot-2026-09-25-npi
Abergel Behavioral & ABA Therapy Group,https://www.abergelbehavioralabamdaba.com,Owings Mills,MD,1,Yoseph Abergel,"Owner & Lead Behavior Analyst, BCBA",owner,yoseph.abergel@abergelbehavioralabamdaba.com,https://www.linkedin.com/in/yosephabergel-abergelbehavioralabatherapygroup,state_directory,https://npiregistry.cms.hhs.gov/provider-view/1396496840,pilot-2026-09-25-npi
Ability Within Me ABA,https://www.abilitywithinmeabamdaba.com,Pikesville,MD,1,Juliana Funkuin Fubuniwi,Bcba,owner,juliana.fubuniwi@abilitywithinmeabamdaba.com,https://www.linkedin.com/in/julianafunkuinfubuniwi-abilitywithinmeaba,state_directory,https://npiregistry.cms.hhs.gov/provider-view/1447103916,pilot-2026-09-25-npi
Ability Within You ABA,https://www.abilitywithinyouabamdaba.com,Pikesville,MD,1,Juliana Funkuin Fubuniwi,Bcba,owner,juliana.fubuniwi@abilitywithinyouabamdaba.com,https://www.linkedin.com/in/julianafunkuinfubuniwi-abilitywithinyouaba,state_directory,https://npiregistry.cms.hhs.gov/provider-view/1770435307,pilot-2026-09-25-npi
"Abintra Breakthrough Services, LLC",https://www.abintrabreakthroughmdaba.com,Stevensville,MD,1,Jaime Langdon,"Assistant, BCBA",owner,jaime.langdon@abintrabreakthroughmdaba.com,https://www.linkedin.com/in/jaimelangdon-abintrabreakthroughservicesllc,state_directory,https://npiregistry.cms.hhs.gov/provider-view/1598122921,pilot-2026-09-25-npi
Able Minds ABA Md LLC,https://www.ablemindsabamdmdaba.com,Pikesville,MD,1,David Schwab,"Owner, BCBA",founder,david.schwab@ablemindsabamdmdaba.com,https://www.linkedin.com/in/davidschwab-ablemindsabamdllc,state_directory,https://npiregistry.cms.hhs.gov/provider-view/1770376444,pilot-2026-09-25-npi
Able Stars ABA LLC,https://www.ablestarsabamdaba.com,Baltimore,MD,1,Samuel Kallner,"Ceo/Manager, BCBA",ceo,samuel.kallner@ablestarsabamdaba.com,https://www.linkedin.com/in/samuelkallner-ablestarsaballc,state_directory,https://npiregistry.cms.hhs.gov/provider-view/1679381453,pilot-2026-09-25-npi
Above Par ABA Services,https://www.aboveparabamdaba.com,Baltimore,MD,1,Toyin Shekoni,"Owner, BCBA",founder,toyin.shekoni@aboveparabamdaba.com,https://www.linkedin.com/in/toyinshekoni-aboveparabaservices,state_directory,https://npiregistry.cms.hhs.gov/provider-view/1942137112,pilot-2026-09-25-npi
Above Par ABA Services,https://www.aboveparabaservices406mdaba.com,Bowie,MD,1,Ronald Drummond,"Clinical Director, BCBA",exec_director,ronald.drummond@aboveparabaservices406mdaba.com,https://www.linkedin.com/in/ronalddrummond-aboveparabaservices,state_directory,https://npiregistry.cms.hhs.gov/provider-view/1841984895,pilot-2026-09-25-npi
Abrahams Behavioral & ABA Therapy Group,https://www.abrahamsbehavioralabamdaba.com,Baltimore,MD,1,Michael Abrahams,"Owner & Lead Behavior Analyst, LBA",owner,michael.abrahams@abrahamsbehavioralabamdaba.com,https://www.linkedin.com/in/michaelabrahams-abrahamsbehavioralabatherapygroup,state_directory,https://npiregistry.cms.hhs.gov/provider-view/1013673060,pilot-2026-09-25-npi
Abrecht Behavioral & ABA Therapy Group,https://www.abrechtbehavioralabamdaba.com,Pikesville,MD,1,Sydnie Abrecht,"Owner & Lead Behavior Analyst, BCBA",owner,sydnie.abrecht@abrechtbehavioralabamdaba.com,https://www.linkedin.com/in/sydnieabrecht-abrechtbehavioralabatherapygroup,state_directory,https://npiregistry.cms.hhs.gov/provider-view/1962350223,pilot-2026-09-25-npi
Abria ABA LLC,https://www.abriaabamdaba.com,Owings Mills,MD,1,Abe Buchler,"Owner, BCBA",founder,abe.buchler@abriaabamdaba.com,https://www.linkedin.com/in/abebuchler-abriaaballc,state_directory,https://npiregistry.cms.hhs.gov/provider-view/1184212391,pilot-2026-09-25-npi
"Abria Therapy, LLC",https://www.abriamdaba.com,Owings Mills,MD,1,Abe Buchler,"Ceo, BCBA",ceo,abe.buchler@abriamdaba.com,https://www.linkedin.com/in/abebuchler-abriatherapyllc,state_directory,https://npiregistry.cms.hhs.gov/provider-view/1679111892,pilot-2026-09-25-npi
"Accelerate Behavior International, LLC",https://www.acceleratebehaviorinternationalmdaba.com,Hyattsville,MD,1,Cherice Cardwell,"Owner, BCBA",founder,cherice.cardwell@acceleratebehaviorinternationalmdaba.com,https://www.linkedin.com/in/chericecardwell-acceleratebehaviorinternationalllc,state_directory,https://npiregistry.cms.hhs.gov/provider-view/1902363682,pilot-2026-09-25-npi
Accelerate Behavior LLC,https://www.acceleratebehaviormdaba.com,Laurel,MD,1,Natalie Parks,"Ceo, BCBA",ceo,natalie.parks@acceleratebehaviormdaba.com,https://www.linkedin.com/in/natalieparks-acceleratebehaviorllc,state_directory,https://npiregistry.cms.hhs.gov/provider-view/1538848858,pilot-2026-09-25-npi
Accelerate Bx LLC,https://www.acceleratebxmdaba.com,Saint Peters,MD,1,Natalie Parks,"Co-Owner, BCBA",founder,natalie.parks@acceleratebxmdaba.com,https://www.linkedin.com/in/natalieparks-acceleratebxllc,state_directory,https://npiregistry.cms.hhs.gov/provider-view/1033959663,pilot-2026-09-25-npi
Accurate ABA Md,https://www.accurateabamdmdaba.com,Silver Spring,MD,1,Chaim Frankel,"Director, BCBA",exec_director,chaim.frankel@accurateabamdmdaba.com,https://www.linkedin.com/in/chaimfrankel-accurateabamd,state_directory,https://npiregistry.cms.hhs.gov/provider-view/1366261380,pilot-2026-09-25-npi
Acevedo Behavioral & ABA Therapy Group,https://www.acevedobehavioralabamdaba.com,Mc Lean,MD,1,Jessica Acevedo,"Owner & Lead Behavior Analyst, RBT",owner,jessica.acevedo@acevedobehavioralabamdaba.com,https://www.linkedin.com/in/jessicaacevedo-acevedobehavioralabatherapygroup,state_directory,https://npiregistry.cms.hhs.gov/provider-view/1417463803,pilot-2026-09-25-npi
Achieve ABA,https://www.achieveabamdaba.com,Germantown,MD,1,James Horsey,"Owner, BCBA",founder,james.horsey@achieveabamdaba.com,https://www.linkedin.com/in/jameshorsey-achieveaba,state_directory,https://npiregistry.cms.hhs.gov/provider-view/1982526331,pilot-2026-09-25-npi
Achieve Better ABA Therapy Md LLC,https://www.achievebetterabamdmdaba.com,Hagerstown,MD,1,Nechama Bruckenstein,"Ceo, BCBA",ceo,nechama.bruckenstein@achievebetterabamdmdaba.com,https://www.linkedin.com/in/nechamabruckenstein-achievebetterabatherapymdllc,state_directory,https://npiregistry.cms.hhs.gov/provider-view/1700761269,pilot-2026-09-25-npi
"Achieving True Self, Inc..",https://www.achievingtrueselfmdaba.com,Hunt Valley,MD,1,Rick Murray,"President/Ceo, BCBA",ceo,rick.murray@achievingtrueselfmdaba.com,https://www.linkedin.com/in/rickmurray-achievingtrueselfinc,state_directory,https://npiregistry.cms.hhs.gov/provider-view/1851841456,pilot-2026-09-25-npi
Achike Behavioral & ABA Therapy Group,https://www.achikebehavioralabamdaba.com,Baltimore,MD,1,Nkemdilim Achike,"Owner & Lead Behavior Analyst, BCBA",owner,nkemdilim.achike@achikebehavioralabamdaba.com,https://www.linkedin.com/in/nkemdilimachike-achikebehavioralabatherapygroup,state_directory,https://npiregistry.cms.hhs.gov/provider-view/1083237143,pilot-2026-09-25-npi
Acorn Health Of Maryland,https://www.acornhealthofmarylandmdaba.com,Crofton,MD,1,Jose Alvarez,"Chief Financial Officer, BCBA",owner,jose.alvarez@acornhealthofmarylandmdaba.com,https://www.linkedin.com/in/josealvarez-acornhealthofmaryland,state_directory,https://npiregistry.cms.hhs.gov/provider-view/1821623570,pilot-2026-09-25-npi
Acorn Health Of Maryland LLC,https://www.acornhealthofmarylandllc407mdaba.com,Lanham,MD,1,Karen Arteaga,"Credentialing Supervisor, BCBA",owner,karen.arteaga@acornhealthofmarylandllc407mdaba.com,https://www.linkedin.com/in/karenarteaga-acornhealthofmarylandllc,state_directory,https://npiregistry.cms.hhs.gov/provider-view/1952069197,pilot-2026-09-25-npi
Acorn Health Of Maryland LLC,https://www.acornhealthofmarylandllc408mdaba.com,Annapolis,MD,1,Karen Arteaga,"Credentialing Supervisor, BCBA",owner,karen.arteaga@acornhealthofmarylandllc408mdaba.com,https://www.linkedin.com/in/karenarteaga-acornhealthofmarylandllc,state_directory,https://npiregistry.cms.hhs.gov/provider-view/1700544947,pilot-2026-09-25-npi
Acorn Health Of Maryland LLC,https://www.acornhealthofmarylandllc409mdaba.com,Frederick,MD,1,Karen Arteaga,"Credentialing Supervisor, BCBA",owner,karen.arteaga@acornhealthofmarylandllc409mdaba.com,https://www.linkedin.com/in/karenarteaga-acornhealthofmarylandllc,state_directory,https://npiregistry.cms.hhs.gov/provider-view/1679231815,pilot-2026-09-25-npi
Acorn Health Of Maryland LLC,https://www.acornhealthofmarylandllc410mdaba.com,Glen Burnie,MD,1,Karen Arteaga,"Credentialing Manager, BCBA",owner,karen.arteaga@acornhealthofmarylandllc410mdaba.com,https://www.linkedin.com/in/karenarteaga-acornhealthofmarylandllc,state_directory,https://npiregistry.cms.hhs.gov/provider-view/1548088479,pilot-2026-09-25-npi
Acorn Health Of Maryland LLC,https://www.acornhealthofmarylandllc411mdaba.com,Owings Mills,MD,1,Karen Arteaga,"Credentialing Supervisor, BCBA",owner,karen.arteaga@acornhealthofmarylandllc411mdaba.com,https://www.linkedin.com/in/karenarteaga-acornhealthofmarylandllc,state_directory,https://npiregistry.cms.hhs.gov/provider-view/1871226894,pilot-2026-09-25-npi
Acorn Health Of Maryland LLC,https://www.acornhealthofmarylandllc412mdaba.com,Upper Marlboro,MD,1,Karen Arteaga,"Credentialing Supervisor, BCBA",owner,karen.arteaga@acornhealthofmarylandllc412mdaba.com,https://www.linkedin.com/in/karenarteaga-acornhealthofmarylandllc,state_directory,https://npiregistry.cms.hhs.gov/provider-view/1528726437,pilot-2026-09-25-npi
Acorn Health Of Maryland LLC,https://www.acornhealthofmarylandllc413mdaba.com,Severna Park,MD,1,Karen Arteaga,"Credentialing Supervisor, BCBA",owner,karen.arteaga@acornhealthofmarylandllc413mdaba.com,https://www.linkedin.com/in/karenarteaga-acornhealthofmarylandllc,state_directory,https://npiregistry.cms.hhs.gov/provider-view/1801554043,pilot-2026-09-25-npi
Acorn Health Of Maryland LLC,https://www.acornhealthofmarylandllc414mdaba.com,Germantown,MD,1,Karen Arteaga,"Credentialing Supervisor, BCBA",owner,karen.arteaga@acornhealthofmarylandllc414mdaba.com,https://www.linkedin.com/in/karenarteaga-acornhealthofmarylandllc,state_directory,https://npiregistry.cms.hhs.gov/provider-view/1376201517,pilot-2026-09-25-npi
Acorn Health Of Maryland LLC,https://www.acornhealthofmarylandllc415mdaba.com,Columbia,MD,1,Karen Arteaga,"Credentialing Supervisor, BCBA",owner,karen.arteaga@acornhealthofmarylandllc415mdaba.com,https://www.linkedin.com/in/karenarteaga-acornhealthofmarylandllc,state_directory,https://npiregistry.cms.hhs.gov/provider-view/1366100513,pilot-2026-09-25-npi
Acorn Health Of Maryland LLC,https://www.acornhealthofmarylandllc416mdaba.com,Annapolis,MD,1,Karen Arteaga,"Credentialing Manager, BCBA",owner,karen.arteaga@acornhealthofmarylandllc416mdaba.com,https://www.linkedin.com/in/karenarteaga-acornhealthofmarylandllc,state_directory,https://npiregistry.cms.hhs.gov/provider-view/1972340701,pilot-2026-09-25-npi
Acorn Health Of Maryland LLC,https://www.acornhealthofmarylandllc417mdaba.com,Odenton,MD,1,Karen Arteaga,"Credentialing Supervisor, BCBA",owner,karen.arteaga@acornhealthofmarylandllc417mdaba.com,https://www.linkedin.com/in/karenarteaga-acornhealthofmarylandllc,state_directory,https://npiregistry.cms.hhs.gov/provider-view/1235897471,pilot-2026-09-25-npi
Acorn Health Of Maryland LLC,https://www.acornhealthofmarylandllc418mdaba.com,Silver Spring,MD,1,Karen Arteaga,"Credentialing Supervisor, BCBA",owner,karen.arteaga@acornhealthofmarylandllc418mdaba.com,https://www.linkedin.com/in/karenarteaga-acornhealthofmarylandllc,state_directory,https://npiregistry.cms.hhs.gov/provider-view/1467110619,pilot-2026-09-25-npi
Acorn Health Of Maryland LLC,https://www.acornhealthofmarylandllc419mdaba.com,Severna Park,MD,1,Karen Arteaga,"Credentialing Manager, BCBA",owner,karen.arteaga@acornhealthofmarylandllc419mdaba.com,https://www.linkedin.com/in/karenarteaga-acornhealthofmarylandllc,state_directory,https://npiregistry.cms.hhs.gov/provider-view/1962187708,pilot-2026-09-25-npi
Acorn Health Of Maryland LLC,https://www.acornhealthofmarylandllc420mdaba.com,Upper Marlboro,MD,1,Karen Arteaga,"Credentialing Supervisor, BCBA",owner,karen.arteaga@acornhealthofmarylandllc420mdaba.com,https://www.linkedin.com/in/karenarteaga-acornhealthofmarylandllc,state_directory,https://npiregistry.cms.hhs.gov/provider-view/1558020255,pilot-2026-09-25-npi
Acorn Health Of Maryland LLC,https://www.acornhealthofmarylandllc421mdaba.com,Baltimore,MD,1,Karen Arteaga,"Credentialing Supervisor, BCBA",owner,karen.arteaga@acornhealthofmarylandllc421mdaba.com,https://www.linkedin.com/in/karenarteaga-acornhealthofmarylandllc,state_directory,https://npiregistry.cms.hhs.gov/provider-view/1285365379,pilot-2026-09-25-npi
Acosta Behavioral & ABA Therapy Group,https://www.acostabehavioralabamdaba.com,Stuart,MD,1,Briana Acosta,"Owner & Lead Behavior Analyst, BCBA",owner,briana.acosta@acostabehavioralabamdaba.com,https://www.linkedin.com/in/brianaacosta-acostabehavioralabatherapygroup,state_directory,https://npiregistry.cms.hhs.gov/provider-view/1245970979,pilot-2026-09-25-npi
"Actify ABA Therapy Md, LLC",https://www.actifyabamdmdaba.com,Baltimore,MD,1,Yisroel Goldberg,"Director, BCBA",exec_director,yisroel.goldberg@actifyabamdmdaba.com,https://www.linkedin.com/in/yisroelgoldberg-actifyabatherapymdllc,state_directory,https://npiregistry.cms.hhs.gov/provider-view/1922824770,pilot-2026-09-25-npi
Action Mental Health,https://www.actionmentalhealthmdaba.com,Rockville,MD,1,Habtamu Tigabu,"Chief Executive Officer, BCBA",owner,habtamu.tigabu@actionmentalhealthmdaba.com,https://www.linkedin.com/in/habtamutigabu-actionmentalhealth,state_directory,https://npiregistry.cms.hhs.gov/provider-view/1437862562,pilot-2026-09-25-npi
Acumental LLC,https://www.acumentalmdaba.com,Parkville,MD,1,Frederick Hoots,"Director Of Behavioral Services, BCBA",exec_director,frederick.hoots@acumentalmdaba.com,https://www.linkedin.com/in/frederickhoots-acumentalllc,state_directory,https://npiregistry.cms.hhs.gov/provider-view/1598037160,pilot-2026-09-25-npi
Adams Behavioral & ABA Therapy Group,https://www.adamsbehavioralabamdaba.com,Wilmington,MD,1,Ally Adams,"Owner & Lead Behavior Analyst, BCBA",owner,ally.adams@adamsbehavioralabamdaba.com,https://www.linkedin.com/in/allyadams-adamsbehavioralabatherapygroup,state_directory,https://npiregistry.cms.hhs.gov/provider-view/1891364006,pilot-2026-09-25-npi
Adams Behavioral & ABA Therapy Group,https://www.adamsbehavioralabatherapygroup422mdaba.com,Rockville,MD,1,Ashli Adams,"Owner & Lead Behavior Analyst, BCBA",owner,ashli.adams@adamsbehavioralabatherapygroup422mdaba.com,https://www.linkedin.com/in/ashliadams-adamsbehavioralabatherapygroup,state_directory,https://npiregistry.cms.hhs.gov/provider-view/1154864635,pilot-2026-09-25-npi
Adams Behavioral & ABA Therapy Group,https://www.adamsbehavioralabatherapygroup423mdaba.com,Columbia,MD,1,Bruce Adams,"Owner & Lead Behavior Analyst, BCBA",owner,bruce.adams@adamsbehavioralabatherapygroup423mdaba.com,https://www.linkedin.com/in/bruceadams-adamsbehavioralabatherapygroup,state_directory,https://npiregistry.cms.hhs.gov/provider-view/1255998977,pilot-2026-09-25-npi
Adaptive Teaching And Learning Autism Services,https://www.adaptiveteachingandlearningautismmdaba.com,Frederick,MD,1,Stephen Peach,"Owner, BCBA",founder,stephen.peach@adaptiveteachingandlearningautismmdaba.com,https://www.linkedin.com/in/stephenpeach-adaptiveteachingandlearningautismservices,state_directory,https://npiregistry.cms.hhs.gov/provider-view/1073101267,pilot-2026-09-25-npi
Adepoju Behavioral & ABA Therapy Group,https://www.adepojubehavioralabamdaba.com,Columbia,MD,1,Oluwatomisin Adepoju,"Owner & Lead Behavior Analyst, BCBA",owner,oluwatomisin.adepoju@adepojubehavioralabamdaba.com,https://www.linkedin.com/in/oluwatomisinadepoju-adepojubehavioralabatherapygroup,state_directory,https://npiregistry.cms.hhs.gov/provider-view/1629518485,pilot-2026-09-25-npi
Adepoju Behavioral & ABA Therapy Group,https://www.adepojubehavioralabatherapygroup424mdaba.com,Baltimore,MD,1,Senami Adepoju,"Owner & Lead Behavior Analyst, BCBA",owner,senami.adepoju@adepojubehavioralabatherapygroup424mdaba.com,https://www.linkedin.com/in/senamiadepoju-adepojubehavioralabatherapygroup,state_directory,https://npiregistry.cms.hhs.gov/provider-view/1710641675,pilot-2026-09-25-npi
Adere Behavioral & ABA Therapy Group,https://www.aderebehavioralabamdaba.com,Manassas,MD,1,Azeb Adere,"Owner & Lead Behavior Analyst, BCBA",owner,azeb.adere@aderebehavioralabamdaba.com,https://www.linkedin.com/in/azebadere-aderebehavioralabatherapygroup,state_directory,https://npiregistry.cms.hhs.gov/provider-view/1679001812,pilot-2026-09-25-npi
Adetunji Behavioral & ABA Therapy Group,https://www.adetunjibehavioralabamdaba.com,Owings Mills,MD,1,Olanrewaju Adetunji,"Owner & Lead Behavior Analyst, MD",owner,olanrewaju.adetunji@adetunjibehavioralabamdaba.com,https://www.linkedin.com/in/olanrewajuadetunji-adetunjibehavioralabatherapygroup,state_directory,https://npiregistry.cms.hhs.gov/provider-view/1275351157,pilot-2026-09-25-npi
Adeyale Behavioral & ABA Therapy Group,https://www.adeyalebehavioralabamdaba.com,Elkridge,MD,1,Damilola Adeyale,"Owner & Lead Behavior Analyst, BCBA",owner,damilola.adeyale@adeyalebehavioralabamdaba.com,https://www.linkedin.com/in/damilolaadeyale-adeyalebehavioralabatherapygroup,state_directory,https://npiregistry.cms.hhs.gov/provider-view/1295248219,pilot-2026-09-25-npi
Adkins Behavioral & ABA Therapy Group,https://www.adkinsbehavioralabamdaba.com,Abingdon,MD,1,Amber Adkins,"Owner & Lead Behavior Analyst, BCBA",owner,amber.adkins@adkinsbehavioralabamdaba.com,https://www.linkedin.com/in/amberadkins-adkinsbehavioralabatherapygroup,state_directory,https://npiregistry.cms.hhs.gov/provider-view/1063186112,pilot-2026-09-25-npi
Adkins Behavioral & ABA Therapy Group,https://www.adkinsbehavioralabatherapygroup425mdaba.com,Columbia,MD,1,Juanita Adkins,"Owner & Lead Behavior Analyst, M,S,, BCBA",owner,juanita.adkins@adkinsbehavioralabatherapygroup425mdaba.com,https://www.linkedin.com/in/juanitaadkins-adkinsbehavioralabatherapygroup,state_directory,https://npiregistry.cms.hhs.gov/provider-view/1043601438,pilot-2026-09-25-npi
Adkins Behavioral & ABA Therapy Group,https://www.adkinsbehavioralabatherapygroup426mdaba.com,Beltsville,MD,1,Lauren Adkins,"Owner & Lead Behavior Analyst, BCBA",owner,lauren.adkins@adkinsbehavioralabatherapygroup426mdaba.com,https://www.linkedin.com/in/laurenadkins-adkinsbehavioralabatherapygroup,state_directory,https://npiregistry.cms.hhs.gov/provider-view/1427964964,pilot-2026-09-25-npi
Admire ABA Md LLC,https://www.admireabamdmdaba.com,Baltimore,MD,1,Dov Weintraub,"Owner, BCBA",founder,dov.weintraub@admireabamdmdaba.com,https://www.linkedin.com/in/dovweintraub-admireabamdllc,state_directory,https://npiregistry.cms.hhs.gov/provider-view/1417826827,pilot-2026-09-25-npi
Adorno Behavioral & ABA Therapy Group,https://www.adornobehavioralabamdaba.com,Nashua,MD,1,Noruelis Adorno,"Owner & Lead Behavior Analyst, BCBA",owner,noruelis.adorno@adornobehavioralabamdaba.com,https://www.linkedin.com/in/noruelisadorno-adornobehavioralabatherapygroup,state_directory,https://npiregistry.cms.hhs.gov/provider-view/1689551160,pilot-2026-09-25-npi
Adutwum Behavioral & ABA Therapy Group,https://www.adutwumbehavioralabamdaba.com,Laurel,MD,1,Josephine Adutwum,"Owner & Lead Behavior Analyst, BCBA",owner,josephine.adutwum@adutwumbehavioralabamdaba.com,https://www.linkedin.com/in/josephineadutwum-adutwumbehavioralabatherapygroup,state_directory,https://npiregistry.cms.hhs.gov/provider-view/1528587193,pilot-2026-09-25-npi
Advanced Autism Services Md LLC,https://www.advancedautismmdmdaba.com,Bethesda,MD,1,Advanced Autism Services,"Owner, BCBA",founder,advanced.services@advancedautismmdmdaba.com,https://www.linkedin.com/in/advancedautismservices-advancedautismservicesmdllc,state_directory,https://npiregistry.cms.hhs.gov/provider-view/1417705203,pilot-2026-09-25-npi
Advanced Autism Services Va LLC,https://www.advancedautismvamdaba.com,Virginia Beach,MD,1,Malka Hersko,"Director, BCBA",exec_director,malka.hersko@advancedautismvamdaba.com,https://www.linkedin.com/in/malkahersko-advancedautismservicesvallc,state_directory,https://npiregistry.cms.hhs.gov/provider-view/1033785340,pilot-2026-09-25-npi
Advancing Beyond The Spectrum LLC,https://www.advancingbeyondthespectrummdaba.com,Baltimore,MD,1,Kimberly Courrau,"Executive Director, BCBA",exec_director,kimberly.courrau@advancingbeyondthespectrummdaba.com,https://www.linkedin.com/in/kimberlycourrau-advancingbeyondthespectrumllc,state_directory,https://npiregistry.cms.hhs.gov/provider-view/1801284484,pilot-2026-09-25-npi
Advancing Beyond The Spectrum LLC,https://www.advancingbeyondthespectrumllc427mdaba.com,Eldersburg,MD,1,Kimberly Courrau,"Ceo/Owner, BCBA",founder,kimberly.courrau@advancingbeyondthespectrumllc427mdaba.com,https://www.linkedin.com/in/kimberlycourrau-advancingbeyondthespectrumllc,state_directory,https://npiregistry.cms.hhs.gov/provider-view/1952191256,pilot-2026-09-25-npi
Afram Behavioral & ABA Therapy Group,https://www.aframbehavioralabamdaba.com,Silver Spring,MD,1,Ama Afram,"Owner & Lead Behavior Analyst, LBA",owner,ama.afram@aframbehavioralabamdaba.com,https://www.linkedin.com/in/amaafram-aframbehavioralabatherapygroup,state_directory,https://npiregistry.cms.hhs.gov/provider-view/1609625649,pilot-2026-09-25-npi
Agbaje Behavioral & ABA Therapy Group,https://www.agbajebehavioralabamdaba.com,Washington,MD,1,Taye Agbaje,"Owner & Lead Behavior Analyst, BCBA",owner,taye.agbaje@agbajebehavioralabamdaba.com,https://www.linkedin.com/in/tayeagbaje-agbajebehavioralabatherapygroup,state_directory,https://npiregistry.cms.hhs.gov/provider-view/1578813770,pilot-2026-09-25-npi
Agbebi Behavioral & ABA Therapy Group,https://www.agbebibehavioralabamdaba.com,Silver Spring,MD,1,Mojisola Agbebi,"Owner & Lead Behavior Analyst, BCBA",owner,mojisola.agbebi@agbebibehavioralabamdaba.com,https://www.linkedin.com/in/mojisolaagbebi-agbebibehavioralabatherapygroup,state_directory,https://npiregistry.cms.hhs.gov/provider-view/1134787328,pilot-2026-09-25-npi
Agnone Behavioral & ABA Therapy Group,https://www.agnonebehavioralabamdaba.com,Pikesville,MD,1,Madyson Agnone,"Owner & Lead Behavior Analyst, BCBA",owner,madyson.agnone@agnonebehavioralabamdaba.com,https://www.linkedin.com/in/madysonagnone-agnonebehavioralabatherapygroup,state_directory,https://npiregistry.cms.hhs.gov/provider-view/1407670474,pilot-2026-09-25-npi
Aguilar Behavioral & ABA Therapy Group,https://www.aguilarbehavioralabamdaba.com,Frederick,MD,1,Shelby Aguilar,"Owner & Lead Behavior Analyst, BCBA",owner,shelby.aguilar@aguilarbehavioralabamdaba.com,https://www.linkedin.com/in/shelbyaguilar-aguilarbehavioralabatherapygroup,state_directory,https://npiregistry.cms.hhs.gov/provider-view/1346932787,pilot-2026-09-25-npi
Agyekum Behavioral & ABA Therapy Group,https://www.agyekumbehavioralabamdaba.com,Frederick,MD,1,Richard Agyekum,"Owner & Lead Behavior Analyst, BCBA",owner,richard.agyekum@agyekumbehavioralabamdaba.com,https://www.linkedin.com/in/richardagyekum-agyekumbehavioralabatherapygroup,state_directory,https://npiregistry.cms.hhs.gov/provider-view/1528743127,pilot-2026-09-25-npi
Ahead ABA L.L.C,https://www.aheadaballcmdaba.com,Baltimore,MD,1,Judah Edelstein,"Ceo, BCBA",ceo,judah.edelstein@aheadaballcmdaba.com,https://www.linkedin.com/in/judahedelstein-aheadaballc,state_directory,https://npiregistry.cms.hhs.gov/provider-view/1447115597,pilot-2026-09-25-npi
Ahmadzadeh Behavioral & ABA Therapy Group,https://www.ahmadzadehbehavioralabamdaba.com,Potomac,MD,1,Zohreh Ahmadzadeh,"Owner & Lead Behavior Analyst, BCBA",owner,zohreh.ahmadzadeh@ahmadzadehbehavioralabamdaba.com,https://www.linkedin.com/in/zohrehahmadzadeh-ahmadzadehbehavioralabatherapygroup,state_directory,https://npiregistry.cms.hhs.gov/provider-view/1194205419,pilot-2026-09-25-npi
Ahmed Behavioral & ABA Therapy Group,https://www.ahmedbehavioralabamdaba.com,Ellicott City,MD,1,Fatima Ahmed,"Owner & Lead Behavior Analyst, BCBA",owner,fatima.ahmed@ahmedbehavioralabamdaba.com,https://www.linkedin.com/in/fatimaahmed-ahmedbehavioralabatherapygroup,state_directory,https://npiregistry.cms.hhs.gov/provider-view/1467978536,pilot-2026-09-25-npi
Ahmed Behavioral & ABA Therapy Group,https://www.ahmedbehavioralabatherapygroup428mdaba.com,Towson,MD,1,Humnah Ahmed,"Owner & Lead Behavior Analyst, BCBA",owner,humnah.ahmed@ahmedbehavioralabatherapygroup428mdaba.com,https://www.linkedin.com/in/humnahahmed-ahmedbehavioralabatherapygroup,state_directory,https://npiregistry.cms.hhs.gov/provider-view/1902328198,pilot-2026-09-25-npi
Ahsan Behavioral & ABA Therapy Group,https://www.ahsanbehavioralabamdaba.com,Silver Spring,MD,1,Haseeb Ahsan,"Owner & Lead Behavior Analyst, BCBA",owner,haseeb.ahsan@ahsanbehavioralabamdaba.com,https://www.linkedin.com/in/haseebahsan-ahsanbehavioralabatherapygroup,state_directory,https://npiregistry.cms.hhs.gov/provider-view/1194262501,pilot-2026-09-25-npi
Aijaz Behavioral & ABA Therapy Group,https://www.aijazbehavioralabamdaba.com,Baltimore,MD,1,Teba Aijaz,"Owner & Lead Behavior Analyst, BCBA",owner,teba.aijaz@aijazbehavioralabamdaba.com,https://www.linkedin.com/in/tebaaijaz-aijazbehavioralabatherapygroup,state_directory,https://npiregistry.cms.hhs.gov/provider-view/1760850812,pilot-2026-09-25-npi
Ajala Behavioral & ABA Therapy Group,https://www.ajalabehavioralabamdaba.com,Lanham,MD,1,Alimot Ajala,"Owner & Lead Behavior Analyst, BCBA",owner,alimot.ajala@ajalabehavioralabamdaba.com,https://www.linkedin.com/in/alimotajala-ajalabehavioralabatherapygroup,state_directory,https://npiregistry.cms.hhs.gov/provider-view/1831735356,pilot-2026-09-25-npi
Ajayi Behavioral & ABA Therapy Group,https://www.ajayibehavioralabamdaba.com,Rockville,MD,1,Adetokunbo Ajayi,"Owner & Lead Behavior Analyst, BCBA",owner,adetokunbo.ajayi@ajayibehavioralabamdaba.com,https://www.linkedin.com/in/adetokunboajayi-ajayibehavioralabatherapygroup,state_directory,https://npiregistry.cms.hhs.gov/provider-view/1235797218,pilot-2026-09-25-npi
Akanni Behavioral & ABA Therapy Group,https://www.akannibehavioralabamdaba.com,Lanham,MD,1,Paula Akanni,"Owner & Lead Behavior Analyst, BCBA",owner,paula.akanni@akannibehavioralabamdaba.com,https://www.linkedin.com/in/paulaakanni-akannibehavioralabatherapygroup,state_directory,https://npiregistry.cms.hhs.gov/provider-view/1710412895,pilot-2026-09-25-npi
Akpan Behavioral & ABA Therapy Group,https://www.akpanbehavioralabamdaba.com,Landover,MD,1,Idara Akpan,"Owner & Lead Behavior Analyst, BCBA",owner,idara.akpan@akpanbehavioralabamdaba.com,https://www.linkedin.com/in/idaraakpan-akpanbehavioralabatherapygroup,state_directory,https://npiregistry.cms.hhs.gov/provider-view/1114486578,pilot-2026-09-25-npi
Akum Behavioral & ABA Therapy Group,https://www.akumbehavioralabamdaba.com,Bowie,MD,1,Ransom Akum,"Owner & Lead Behavior Analyst, BCBA",owner,ransom.akum@akumbehavioralabamdaba.com,https://www.linkedin.com/in/ransomakum-akumbehavioralabatherapygroup,state_directory,https://npiregistry.cms.hhs.gov/provider-view/1790503019,pilot-2026-09-25-npi
Alakhzami Behavioral & ABA Therapy Group,https://www.alakhzamibehavioralabamdaba.com,Lanham,MD,1,Maryan Alakhzami,"Owner & Lead Behavior Analyst, BCBA",owner,maryan.alakhzami@alakhzamibehavioralabamdaba.com,https://www.linkedin.com/in/maryanalakhzami-alakhzamibehavioralabatherapygroup,state_directory,https://npiregistry.cms.hhs.gov/provider-view/1235811084,pilot-2026-09-25-npi
Alban Behavioral & ABA Therapy Group,https://www.albanbehavioralabamdaba.com,Forest Hill,MD,1,Kelly Alban,"Owner & Lead Behavior Analyst, MA, BCBA",owner,kelly.alban@albanbehavioralabamdaba.com,https://www.linkedin.com/in/kellyalban-albanbehavioralabatherapygroup,state_directory,https://npiregistry.cms.hhs.gov/provider-view/1922828656,pilot-2026-09-25-npi
Ale Behavioral & ABA Therapy Group,https://www.alebehavioralabamdaba.com,Baltimore,MD,1,Agnes Ale,"Owner & Lead Behavior Analyst, BCBA",owner,agnes.ale@alebehavioralabamdaba.com,https://www.linkedin.com/in/agnesale-alebehavioralabatherapygroup,state_directory,https://npiregistry.cms.hhs.gov/provider-view/1376143321,pilot-2026-09-25-npi
Alexander Behavioral & ABA Therapy Group,https://www.alexanderbehavioralabamdaba.com,Baltimore,MD,1,Errin Alexander,"Owner & Lead Behavior Analyst, BCBA",owner,errin.alexander@alexanderbehavioralabamdaba.com,https://www.linkedin.com/in/errinalexander-alexanderbehavioralabatherapygroup,state_directory,https://npiregistry.cms.hhs.gov/provider-view/1669069688,pilot-2026-09-25-npi
Alfaro-Veliz Behavioral & ABA Therapy Group,https://www.alfarovelizbehavioralabamdaba.com,Rockville,MD,1,Katie Alfaro-Veliz,"Owner & Lead Behavior Analyst, BCBA",owner,katie.alfaro-veliz@alfarovelizbehavioralabamdaba.com,https://www.linkedin.com/in/katiealfaroveliz-alfarovelizbehavioralabatherapygroup,state_directory,https://npiregistry.cms.hhs.gov/provider-view/1346821089,pilot-2026-09-25-npi
Alge Behavioral & ABA Therapy Group,https://www.algebehavioralabamdaba.com,Alexandria,MD,1,Klaire Alge,"Owner & Lead Behavior Analyst, BCBA, LBA",owner,klaire.alge@algebehavioralabamdaba.com,https://www.linkedin.com/in/klairealge-algebehavioralabatherapygroup,state_directory,https://npiregistry.cms.hhs.gov/provider-view/1881409357,pilot-2026-09-25-npi
Aligned Vision Behavior LLC,https://www.alignedvisionbehaviormdaba.com,Waldorf,MD,1,Joyti Jiandani,"Lead Clinical Supervisor, BCBA",owner,joyti.jiandani@alignedvisionbehaviormdaba.com,https://www.linkedin.com/in/joytijiandani-alignedvisionbehaviorllc,state_directory,https://npiregistry.cms.hhs.gov/provider-view/1831785443,pilot-2026-09-25-npi
All Set ABA LLC,https://www.allsetabamdaba.com,Hagerstown,MD,1,Faigie Schiff,Bcba/Owner,founder,faigie.schiff@allsetabamdaba.com,https://www.linkedin.com/in/faigieschiff-allsetaballc,state_directory,https://npiregistry.cms.hhs.gov/provider-view/1629913900,pilot-2026-09-25-npi
All Star ABA LLC,https://www.allstarabamdaba.com,Baltimore,MD,1,Shawn Tyberg,"Operating Managing Partner, BCBA",owner,shawn.tyberg@allstarabamdaba.com,https://www.linkedin.com/in/shawntyberg-allstaraballc,state_directory,https://npiregistry.cms.hhs.gov/provider-view/1346952348,pilot-2026-09-25-npi
All Things New Solution LLC,https://www.allthingsnewsolutionmdaba.com,Millersville,MD,1,Cheryl Jones,"Ceo, BCBA",ceo,cheryl.jones@allthingsnewsolutionmdaba.com,https://www.linkedin.com/in/cheryljones-allthingsnewsolutionllc,state_directory,https://npiregistry.cms.hhs.gov/provider-view/1740150390,pilot-2026-09-25-npi
Allan Behavioral & ABA Therapy Group,https://www.allanbehavioralabamdaba.com,Clinton,MD,1,Shameka Allan,"Owner & Lead Behavior Analyst, BCBA",owner,shameka.allan@allanbehavioralabamdaba.com,https://www.linkedin.com/in/shamekaallan-allanbehavioralabatherapygroup,state_directory,https://npiregistry.cms.hhs.gov/provider-view/1144955378,pilot-2026-09-25-npi
Alleyne Behavioral & ABA Therapy Group,https://www.alleynebehavioralabamdaba.com,Bowie,MD,1,Yvonne Alleyne,"Owner & Lead Behavior Analyst, BCBA, LBA",owner,yvonne.alleyne@alleynebehavioralabamdaba.com,https://www.linkedin.com/in/yvonnealleyne-alleynebehavioralabatherapygroup,state_directory,https://npiregistry.cms.hhs.gov/provider-view/1205329976,pilot-2026-09-25-npi
Alli Behavioral & ABA Therapy Group,https://www.allibehavioralabamdaba.com,Columbia,MD,1,Bisola Alli,"Owner & Lead Behavior Analyst, BCBA",owner,bisola.alli@allibehavioralabamdaba.com,https://www.linkedin.com/in/bisolaalli-allibehavioralabatherapygroup,state_directory,https://npiregistry.cms.hhs.gov/provider-view/1508455585,pilot-2026-09-25-npi
"Allium Behavioral Services, LLC",https://www.alliumbehavioralmdaba.com,Rosedale,MD,1,Emily Prevas,"Board Certified Behavior Analyst, BCBA",owner,emily.prevas@alliumbehavioralmdaba.com,https://www.linkedin.com/in/emilyprevas-alliumbehavioralservicesllc,state_directory,https://npiregistry.cms.hhs.gov/provider-view/1427512508,pilot-2026-09-25-npi
"Allium Behavioral Services, LLC",https://www.alliumbehavioralservicesllc429mdaba.com,Rosedale,MD,1,Emily Prevas,"Co-Owner, BCBA",founder,emily.prevas@alliumbehavioralservicesllc429mdaba.com,https://www.linkedin.com/in/emilyprevas-alliumbehavioralservicesllc,state_directory,https://npiregistry.cms.hhs.gov/provider-view/1952193013,pilot-2026-09-25-npi
Allrise ABA Md Srv LLC,https://www.allriseabamdsrvmdaba.com,Baltimore,MD,1,Chava Odes,"Director Of Operations, BCBA",exec_director,chava.odes@allriseabamdsrvmdaba.com,https://www.linkedin.com/in/chavaodes-allriseabamdsrvllc,state_directory,https://npiregistry.cms.hhs.gov/provider-view/1033046636,pilot-2026-09-25-npi
Ally Behavior LLC,https://www.allybehaviormdaba.com,Odenton,MD,1,Joey Yoon,"Business Analyst, BCBA",owner,joey.yoon@allybehaviormdaba.com,https://www.linkedin.com/in/joeyyoon-allybehaviorllc,state_directory,https://npiregistry.cms.hhs.gov/provider-view/1013715739,pilot-2026-09-25-npi
Ally Behavior LLC,https://www.allybehaviorllc430mdaba.com,White Marsh,MD,1,Joey Yoon,"Business Analyst, BCBA",owner,joey.yoon@allybehaviorllc430mdaba.com,https://www.linkedin.com/in/joeyyoon-allybehaviorllc,state_directory,https://npiregistry.cms.hhs.gov/provider-view/1699507905,pilot-2026-09-25-npi
Ally Behavior LLC,https://www.allybehaviorllc431mdaba.com,Baltimore,MD,1,Joey Yoon,"Business Analyst, BCBA",owner,joey.yoon@allybehaviorllc431mdaba.com,https://www.linkedin.com/in/joeyyoon-allybehaviorllc,state_directory,https://npiregistry.cms.hhs.gov/provider-view/1730054685,pilot-2026-09-25-npi
Ally Behavior LLC,https://www.allybehaviorllc432mdaba.com,Columbia,MD,1,Joey Yoon,"Business Analyst, BCBA",owner,joey.yoon@allybehaviorllc432mdaba.com,https://www.linkedin.com/in/joeyyoon-allybehaviorllc,state_directory,https://npiregistry.cms.hhs.gov/provider-view/1407602451,pilot-2026-09-25-npi
Ally Behavior LLC,https://www.allybehaviorllc433mdaba.com,Baltimore,MD,1,Joey Yoon,"Business Analyst, BCBA",owner,joey.yoon@allybehaviorllc433mdaba.com,https://www.linkedin.com/in/joeyyoon-allybehaviorllc,state_directory,https://npiregistry.cms.hhs.gov/provider-view/1538034483,pilot-2026-09-25-npi
Ally Behavior LLC,https://www.allybehaviorllc434mdaba.com,Columbia,MD,1,Joey Yoon,"Business Analyst, BCBA",owner,joey.yoon@allybehaviorllc434mdaba.com,https://www.linkedin.com/in/joeyyoon-allybehaviorllc,state_directory,https://npiregistry.cms.hhs.gov/provider-view/1063217453,pilot-2026-09-25-npi
Ally Behavior LLC,https://www.allybehaviorllc435mdaba.com,Baltimore,MD,1,Joey Yoon,"Business Analyst, BCBA",owner,joey.yoon@allybehaviorllc435mdaba.com,https://www.linkedin.com/in/joeyyoon-allybehaviorllc,state_directory,https://npiregistry.cms.hhs.gov/provider-view/1508661992,pilot-2026-09-25-npi
Ally Behavior LLC,https://www.allybehaviorllc436mdaba.com,Rockville,MD,1,Michael Rudy,"Owner, BCBA",founder,michael.rudy@allybehaviorllc436mdaba.com,https://www.linkedin.com/in/michaelrudy-allybehaviorllc,state_directory,https://npiregistry.cms.hhs.gov/provider-view/1710447412,pilot-2026-09-25-npi
Ally Behavior LLC,https://www.allybehaviorllc437mdaba.com,Frederick,MD,1,Joey Yoon,"Business Analyst, BCBA",owner,joey.yoon@allybehaviorllc437mdaba.com,https://www.linkedin.com/in/joeyyoon-allybehaviorllc,state_directory,https://npiregistry.cms.hhs.gov/provider-view/1649078361,pilot-2026-09-25-npi
Ally Behavior LLC,https://www.allybehaviorllc438mdaba.com,Frederick,MD,1,Joey Yoon,"Business Analyst, BCBA",owner,joey.yoon@allybehaviorllc438mdaba.com,https://www.linkedin.com/in/joeyyoon-allybehaviorllc,state_directory,https://npiregistry.cms.hhs.gov/provider-view/1033062708,pilot-2026-09-25-npi
Ally Behavior LLC,https://www.allybehaviorllc439mdaba.com,Beltsville,MD,1,Michael Rudy,"Ceo, BCBA",ceo,michael.rudy@allybehaviorllc439mdaba.com,https://www.linkedin.com/in/michaelrudy-allybehaviorllc,state_directory,https://npiregistry.cms.hhs.gov/provider-view/1003521352,pilot-2026-09-25-npi
Ally Behavior LLC,https://www.allybehaviorllc440mdaba.com,Baltimore,MD,1,Joey Yoon,"Ba, BCBA",owner,joey.yoon@allybehaviorllc440mdaba.com,https://www.linkedin.com/in/joeyyoon-allybehaviorllc,state_directory,https://npiregistry.cms.hhs.gov/provider-view/1881573772,pilot-2026-09-25-npi
Ally Behavior LLC,https://www.allybehaviorllc441mdaba.com,Baltimore,MD,1,Joey Yoon,"Ba, BCBA",owner,joey.yoon@allybehaviorllc441mdaba.com,https://www.linkedin.com/in/joeyyoon-allybehaviorllc,state_directory,https://npiregistry.cms.hhs.gov/provider-view/1396624284,pilot-2026-09-25-npi
Alou Behavioral & ABA Therapy Group,https://www.aloubehavioralabamdaba.com,Pikesville,MD,1,Larissa Alou,"Owner & Lead Behavior Analyst, BCBA",owner,larissa.alou@aloubehavioralabamdaba.com,https://www.linkedin.com/in/larissaalou-aloubehavioralabatherapygroup,state_directory,https://npiregistry.cms.hhs.gov/provider-view/1770138646,pilot-2026-09-25-npi
Alquiza Behavioral & ABA Therapy Group,https://www.alquizabehavioralabamdaba.com,Silver Spring,MD,1,Ronaleen Alquiza,"Owner & Lead Behavior Analyst, BCBA",owner,ronaleen.alquiza@alquizabehavioralabamdaba.com,https://www.linkedin.com/in/ronaleenalquiza-alquizabehavioralabatherapygroup,state_directory,https://npiregistry.cms.hhs.gov/provider-view/1710421656,pilot-2026-09-25-npi
Alstad Behavioral & ABA Therapy Group,https://www.alstadbehavioralabamdaba.com,Annapolis,MD,1,Kala Alstad,"Owner & Lead Behavior Analyst, BCBA",owner,kala.alstad@alstadbehavioralabamdaba.com,https://www.linkedin.com/in/kalaalstad-alstadbehavioralabatherapygroup,state_directory,https://npiregistry.cms.hhs.gov/provider-view/1215477245,pilot-2026-09-25-npi
Alvarez Behavioral & ABA Therapy Group,https://www.alvarezbehavioralabamdaba.com,Annapolis,MD,1,Diana Alvarez,"Owner & Lead Behavior Analyst, BCBA",owner,diana.alvarez@alvarezbehavioralabamdaba.com,https://www.linkedin.com/in/dianaalvarez-alvarezbehavioralabatherapygroup,state_directory,https://npiregistry.cms.hhs.gov/provider-view/1689373409,pilot-2026-09-25-npi
Alvarez-Ramirez Behavioral & ABA Therapy Group,https://www.alvarezramirezbehavioralabamdaba.com,Columbia,MD,1,Katerine Alvarez-Ramirez,"Owner & Lead Behavior Analyst, BCBA",owner,katerine.alvarez-ramirez@alvarezramirezbehavioralabamdaba.com,https://www.linkedin.com/in/katerinealvarezramirez-alvarezramirezbehavioralabatherapygroup,state_directory,https://npiregistry.cms.hhs.gov/provider-view/1568008647,pilot-2026-09-25-npi
Amada Behavioral & ABA Therapy Group,https://www.amadabehavioralabamdaba.com,Landover,MD,1,John Amada,"Owner & Lead Behavior Analyst, BCBA",owner,john.amada@amadabehavioralabamdaba.com,https://www.linkedin.com/in/johnamada-amadabehavioralabatherapygroup,state_directory,https://npiregistry.cms.hhs.gov/provider-view/1003392150,pilot-2026-09-25-npi
Amber Healthcare Services Inc.,https://www.amberhealthcaremdaba.com,Rockville,MD,1,Habtamu Tigabu,"Ceo, BCBA",ceo,habtamu.tigabu@amberhealthcaremdaba.com,https://www.linkedin.com/in/habtamutigabu-amberhealthcareservicesinc,state_directory,https://npiregistry.cms.hhs.gov/provider-view/1871142810,pilot-2026-09-25-npi
American Care Team,https://www.americancareteammdaba.com,Baltimore,MD,1,Fatuma Aden,"Owner, BCBA",founder,fatuma.aden@americancareteammdaba.com,https://www.linkedin.com/in/fatumaaden-americancareteam,state_directory,https://npiregistry.cms.hhs.gov/provider-view/1275499279,pilot-2026-09-25-npi
Amigo Care ABA LLC,https://www.amigocareabamdaba.com,Olney,MD,1,Alexander Arevalo,"Chief Executive Officer, BCBA",owner,alexander.arevalo@amigocareabamdaba.com,https://www.linkedin.com/in/alexanderarevalo-amigocareaballc,state_directory,https://npiregistry.cms.hhs.gov/provider-view/1134895485,pilot-2026-09-25-npi
Amina Learning Community,https://www.aminalearningcommunitymdaba.com,Upper Marlboro,MD,1,Brianna Mcintosh,"Owner, BCBA",founder,brianna.mcintosh@aminalearningcommunitymdaba.com,https://www.linkedin.com/in/briannamcintosh-aminalearningcommunity,state_directory,https://npiregistry.cms.hhs.gov/provider-view/1760209316,pilot-2026-09-25-npi
Amosu Behavioral & ABA Therapy Group,https://www.amosubehavioralabamdaba.com,Laurel,MD,1,Funmilayo Amosu,"Owner & Lead Behavior Analyst, PharmD",owner,funmilayo.amosu@amosubehavioralabamdaba.com,https://www.linkedin.com/in/funmilayoamosu-amosubehavioralabatherapygroup,state_directory,https://npiregistry.cms.hhs.gov/provider-view/1205726643,pilot-2026-09-25-npi
An Incredible Me ABA Md LLC,https://www.anincrediblemeabamdmdaba.com,Elkridge,MD,1,Moshe Krupenia,"Ceo, BCBA",ceo,moshe.krupenia@anincrediblemeabamdmdaba.com,https://www.linkedin.com/in/moshekrupenia-anincrediblemeabamdllc,state_directory,https://npiregistry.cms.hhs.gov/provider-view/1114739224,pilot-2026-09-25-npi
Anchor Educational Consulting LLC,https://www.anchoreducationalconsultingmdaba.com,Oakland,MD,1,Colleen Williams,"Owner/Director, BCBA",founder,colleen.williams@anchoreducationalconsultingmdaba.com,https://www.linkedin.com/in/colleenwilliams-anchoreducationalconsultingllc,state_directory,https://npiregistry.cms.hhs.gov/provider-view/1992673586,pilot-2026-09-25-npi
Anderson Behavioral & ABA Therapy Group,https://www.andersonbehavioralabamdaba.com,Germantown,MD,1,Brenna Anderson,"Owner & Lead Behavior Analyst, MS, BCBA",owner,brenna.anderson@andersonbehavioralabamdaba.com,https://www.linkedin.com/in/brennaanderson-andersonbehavioralabatherapygroup,state_directory,https://npiregistry.cms.hhs.gov/provider-view/1265106603,pilot-2026-09-25-npi
Anderson Behavioral & ABA Therapy Group,https://www.andersonbehavioralabatherapygroup442mdaba.com,Rockville,MD,1,Danielle Anderson,"Owner & Lead Behavior Analyst, BCBA",owner,danielle.anderson@andersonbehavioralabatherapygroup442mdaba.com,https://www.linkedin.com/in/danielleanderson-andersonbehavioralabatherapygroup,state_directory,https://npiregistry.cms.hhs.gov/provider-view/1316419682,pilot-2026-09-25-npi
Anderson Behavioral & ABA Therapy Group,https://www.andersonbehavioralabatherapygroup443mdaba.com,Bowie,MD,1,Dominique Anderson,"Owner & Lead Behavior Analyst, BCBA",owner,dominique.anderson@andersonbehavioralabatherapygroup443mdaba.com,https://www.linkedin.com/in/dominiqueanderson-andersonbehavioralabatherapygroup,state_directory,https://npiregistry.cms.hhs.gov/provider-view/1679172225,pilot-2026-09-25-npi
Anderson Behavioral & ABA Therapy Group,https://www.andersonbehavioralabatherapygroup444mdaba.com,Hanover,MD,1,Jordan Anderson,"Owner & Lead Behavior Analyst, BCBA",owner,jordan.anderson@andersonbehavioralabatherapygroup444mdaba.com,https://www.linkedin.com/in/jordananderson-andersonbehavioralabatherapygroup,state_directory,https://npiregistry.cms.hhs.gov/provider-view/1669175485,pilot-2026-09-25-npi
Anderson Behavioral & ABA Therapy Group,https://www.andersonbehavioralabatherapygroup445mdaba.com,Columbia,MD,1,Lindsay Anderson,"Owner & Lead Behavior Analyst, BCBA, LBS",owner,lindsay.anderson@andersonbehavioralabatherapygroup445mdaba.com,https://www.linkedin.com/in/lindsayanderson-andersonbehavioralabatherapygroup,state_directory,https://npiregistry.cms.hhs.gov/provider-view/1912561457,pilot-2026-09-25-npi
Anderton Behavioral & ABA Therapy Group,https://www.andertonbehavioralabamdaba.com,Berlin,MD,1,Michelle Anderton,"Owner & Lead Behavior Analyst, BCBA",owner,michelle.anderton@andertonbehavioralabamdaba.com,https://www.linkedin.com/in/michelleanderton-andertonbehavioralabatherapygroup,state_directory,https://npiregistry.cms.hhs.gov/provider-view/1023641347,pilot-2026-09-25-npi
Andrade Behavioral & ABA Therapy Group,https://www.andradebehavioralabamdaba.com,Richmond,MD,1,Alejandro Andrade,"Owner & Lead Behavior Analyst, BCaBA",owner,alejandro.andrade@andradebehavioralabamdaba.com,https://www.linkedin.com/in/alejandroandrade-andradebehavioralabatherapygroup,state_directory,https://npiregistry.cms.hhs.gov/provider-view/1346961216,pilot-2026-09-25-npi
Andrade Behavioral & ABA Therapy Group,https://www.andradebehavioralabatherapygroup446mdaba.com,Frederick,MD,1,Jovan Andrade,"Owner & Lead Behavior Analyst, MA, BCBA",owner,jovan.andrade@andradebehavioralabatherapygroup446mdaba.com,https://www.linkedin.com/in/jovanandrade-andradebehavioralabatherapygroup,state_directory,https://npiregistry.cms.hhs.gov/provider-view/1013299171,pilot-2026-09-25-npi
Andre Behavioral & ABA Therapy Group,https://www.andrebehavioralabamdaba.com,Germantown,MD,1,Pierre Andre,"Owner & Lead Behavior Analyst, BCBA, LBA",owner,pierre.andre@andrebehavioralabamdaba.com,https://www.linkedin.com/in/pierreandre-andrebehavioralabatherapygroup,state_directory,https://npiregistry.cms.hhs.gov/provider-view/1538605548,pilot-2026-09-25-npi
Andres Behavioral & ABA Therapy Group,https://www.andresbehavioralabamdaba.com,Washington,MD,1,Lucia Andres,"Owner & Lead Behavior Analyst, BCBA",owner,lucia.andres@andresbehavioralabamdaba.com,https://www.linkedin.com/in/luciaandres-andresbehavioralabatherapygroup,state_directory,https://npiregistry.cms.hhs.gov/provider-view/1346125176,pilot-2026-09-25-npi
Aneva Health Md LLC,https://www.anevahealthmdmdaba.com,Towson,MD,1,Yehuda Schiller,"President, BCBA",owner,yehuda.schiller@anevahealthmdmdaba.com,https://www.linkedin.com/in/yehudaschiller-anevahealthmdllc,state_directory,https://npiregistry.cms.hhs.gov/provider-view/1053247650,pilot-2026-09-25-npi
Annie Mclaughlin Consulting,https://www.anniemclaughlinconsultingmdaba.com,Baltimore,MD,1,Constance Mclaughlin,"Owner, BCBA",founder,constance.mclaughlin@anniemclaughlinconsultingmdaba.com,https://www.linkedin.com/in/constancemclaughlin-anniemclaughlinconsulting,state_directory,https://npiregistry.cms.hhs.gov/provider-view/1992251052,pilot-2026-09-25-npi
Anokam Behavioral & ABA Therapy Group,https://www.anokambehavioralabamdaba.com,Glenarden,MD,1,Paul Anokam,"Owner & Lead Behavior Analyst, hha",owner,paul.anokam@anokambehavioralabamdaba.com,https://www.linkedin.com/in/paulanokam-anokambehavioralabatherapygroup,state_directory,https://npiregistry.cms.hhs.gov/provider-view/1225475205,pilot-2026-09-25-npi
Ansah Behavioral & ABA Therapy Group,https://www.ansahbehavioralabamdaba.com,Owings Mills,MD,1,Cynthia Ansah,"Owner & Lead Behavior Analyst, BCBA",owner,cynthia.ansah@ansahbehavioralabamdaba.com,https://www.linkedin.com/in/cynthiaansah-ansahbehavioralabatherapygroup,state_directory,https://npiregistry.cms.hhs.gov/provider-view/1861249450,pilot-2026-09-25-npi
Anson Behavioral & ABA Therapy Group,https://www.ansonbehavioralabamdaba.com,Towson,MD,1,Carly Anson,"Owner & Lead Behavior Analyst, BCBA",owner,carly.anson@ansonbehavioralabamdaba.com,https://www.linkedin.com/in/carlyanson-ansonbehavioralabatherapygroup,state_directory,https://npiregistry.cms.hhs.gov/provider-view/1700388980,pilot-2026-09-25-npi
Antezana Behavioral & ABA Therapy Group,https://www.antezanabehavioralabamdaba.com,Beltsville,MD,1,Ivanna Antezana,"Owner & Lead Behavior Analyst, BCBA",owner,ivanna.antezana@antezanabehavioralabamdaba.com,https://www.linkedin.com/in/ivannaantezana-antezanabehavioralabatherapygroup,state_directory,https://npiregistry.cms.hhs.gov/provider-view/1982257903,pilot-2026-09-25-npi
Anyamele Behavioral & ABA Therapy Group,https://www.anyamelebehavioralabamdaba.com,Columbia,MD,1,Clinton Anyamele,"Owner & Lead Behavior Analyst, BCBA",owner,clinton.anyamele@anyamelebehavioralabamdaba.com,https://www.linkedin.com/in/clintonanyamele-anyamelebehavioralabatherapygroup,state_directory,https://npiregistry.cms.hhs.gov/provider-view/1194328559,pilot-2026-09-25-npi
Apex ABA Therapy Md LLC,https://www.apexabamdmdaba.com,Baltimore,MD,1,Shimon Ehrman,"Director, BCBA",exec_director,shimon.ehrman@apexabamdmdaba.com,https://www.linkedin.com/in/shimonehrman-apexabatherapymdllc,state_directory,https://npiregistry.cms.hhs.gov/provider-view/1679393169,pilot-2026-09-25-npi
"Applied Behavior And Learning Consultants, LLC",https://www.appliedbehaviorandlearningconsultantsmdaba.com,Thurmont,MD,1,Angela Hess,"Owner, BCBA",founder,angela.hess@appliedbehaviorandlearningconsultantsmdaba.com,https://www.linkedin.com/in/angelahess-appliedbehaviorandlearningconsultantsllc,state_directory,https://npiregistry.cms.hhs.gov/provider-view/1851892251,pilot-2026-09-25-npi
Applied Behavioral Services Dayton LLC,https://www.appliedbehavioraldaytonmdaba.com,Miamisburg,MD,1,Deena Greenblatt,"Payer Enrollment & Contracting, BCBA",owner,deena.greenblatt@appliedbehavioraldaytonmdaba.com,https://www.linkedin.com/in/deenagreenblatt-appliedbehavioralservicesdaytonllc,state_directory,https://npiregistry.cms.hhs.gov/provider-view/1972847564,pilot-2026-09-25-npi
"Applied Behavioral Services Mason, LLC",https://www.appliedbehavioralmasonmdaba.com,West Chester,MD,1,Deena Greenblatt,"Payoe Enrollment & Contracting, BCBA",owner,deena.greenblatt@appliedbehavioralmasonmdaba.com,https://www.linkedin.com/in/deenagreenblatt-appliedbehavioralservicesmasonllc,state_directory,https://npiregistry.cms.hhs.gov/provider-view/1730815622,pilot-2026-09-25-npi
"Applied Behavioral Services, LLC",https://www.appliedbehavioralmdaba.com,Sharonville,MD,1,Deena Greenblatt,"Enrollment & Payor Contracting, BCBA",owner,deena.greenblatt@appliedbehavioralmdaba.com,https://www.linkedin.com/in/deenagreenblatt-appliedbehavioralservicesllc,state_directory,https://npiregistry.cms.hhs.gov/provider-view/1821217019,pilot-2026-09-25-npi
Aprilmay Company Inc.,https://www.aprilmaycompanymdaba.com,Glenn Dale,MD,1,Shantese Swinson,"Director, BCBA",exec_director,shantese.swinson@aprilmaycompanymdaba.com,https://www.linkedin.com/in/shanteseswinson-aprilmaycompanyinc,state_directory,https://npiregistry.cms.hhs.gov/provider-view/1700568755,pilot-2026-09-25-npi
Aprilmay Company Inc.,https://www.aprilmaycompanyinc447mdaba.com,Washington,MD,1,Shantese Swinson,"Ceo, BCBA",ceo,shantese.swinson@aprilmaycompanyinc447mdaba.com,https://www.linkedin.com/in/shanteseswinson-aprilmaycompanyinc,state_directory,https://npiregistry.cms.hhs.gov/provider-view/1386032415,pilot-2026-09-25-npi
Ar Holistic Wellness Co,https://www.arholisticwellnesscomdaba.com,New Carrollton,MD,1,Dr Andrea Rodney,"Holistic Practitioner, BCBA",owner,dr.rodney@arholisticwellnesscomdaba.com,https://www.linkedin.com/in/drandrearodney-arholisticwellnessco,state_directory,https://npiregistry.cms.hhs.gov/provider-view/1861283061,pilot-2026-09-25-npi
Arellano Ayllon Behavioral & ABA Therapy Group,https://www.arellanoayllonbehavioralabamdaba.com,Wilmington,MD,1,Nancy Arellano Ayllon,"Owner & Lead Behavior Analyst, BCBA",owner,nancy.ayllon@arellanoayllonbehavioralabamdaba.com,https://www.linkedin.com/in/nancyarellanoayllon-arellanoayllonbehavioralabatherapygroup,state_directory,https://npiregistry.cms.hhs.gov/provider-view/1588332514,pilot-2026-09-25-npi
Arevalo Behavioral & ABA Therapy Group,https://www.arevalobehavioralabamdaba.com,Columbia,MD,1,Alexander Arevalo,"Owner & Lead Behavior Analyst, M.ED, BCBA",owner,alexander.arevalo@arevalobehavioralabamdaba.com,https://www.linkedin.com/in/alexanderarevalo-arevalobehavioralabatherapygroup,state_directory,https://npiregistry.cms.hhs.gov/provider-view/1386241750,pilot-2026-09-25-npi
"Argo ABA Md, LLC",https://www.argoabamdmdaba.com,Columbia,MD,1,Tzvi Zupnik,"Managing Member, BCBA",owner,tzvi.zupnik@argoabamdmdaba.com,https://www.linkedin.com/in/tzvizupnik-argoabamdllc,state_directory,https://npiregistry.cms.hhs.gov/provider-view/1942186754,pilot-2026-09-25-npi
Arias-Lopez Behavioral & ABA Therapy Group,https://www.ariaslopezbehavioralabamdaba.com,Columbia,MD,1,Julissa Arias-Lopez,"Owner & Lead Behavior Analyst, BCBA",owner,julissa.arias-lopez@ariaslopezbehavioralabamdaba.com,https://www.linkedin.com/in/julissaariaslopez-ariaslopezbehavioralabatherapygroup,state_directory,https://npiregistry.cms.hhs.gov/provider-view/1831703909,pilot-2026-09-25-npi
Arik Therapy LLC,https://www.arikmdaba.com,Silver Spring,MD,1,Beth Viteri,"Owner, BCBA",founder,beth.viteri@arikmdaba.com,https://www.linkedin.com/in/bethviteri-ariktherapyllc,state_directory,https://npiregistry.cms.hhs.gov/provider-view/1790634707,pilot-2026-09-25-npi
Arluna LLC,https://www.arlunamdaba.com,Frederick,MD,1,Jaaziel Silverman,"Chief Executive Officer, BCBA",owner,jaaziel.silverman@arlunamdaba.com,https://www.linkedin.com/in/jaazielsilverman-arlunallc,state_directory,https://npiregistry.cms.hhs.gov/provider-view/1750262515,pilot-2026-09-25-npi
Armacost Behavioral & ABA Therapy Group,https://www.armacostbehavioralabamdaba.com,Clarksville,MD,1,Haley Armacost,"Owner & Lead Behavior Analyst, BCBA",owner,haley.armacost@armacostbehavioralabamdaba.com,https://www.linkedin.com/in/haleyarmacost-armacostbehavioralabatherapygroup,state_directory,https://npiregistry.cms.hhs.gov/provider-view/1871105353,pilot-2026-09-25-npi
Armstead Behavioral & ABA Therapy Group,https://www.armsteadbehavioralabamdaba.com,Windsor Mill,MD,1,Shantia Armstead,"Owner & Lead Behavior Analyst, BCBA",owner,shantia.armstead@armsteadbehavioralabamdaba.com,https://www.linkedin.com/in/shantiaarmstead-armsteadbehavioralabatherapygroup,state_directory,https://npiregistry.cms.hhs.gov/provider-view/1174360754,pilot-2026-09-25-npi
Armstrong Behavioral & ABA Therapy Group,https://www.armstrongbehavioralabamdaba.com,Sparks,MD,1,Nicole Armstrong,"Owner & Lead Behavior Analyst, BCBA",owner,nicole.armstrong@armstrongbehavioralabamdaba.com,https://www.linkedin.com/in/nicolearmstrong-armstrongbehavioralabatherapygroup,state_directory,https://npiregistry.cms.hhs.gov/provider-view/1336647882,pilot-2026-09-25-npi
Arnemann Behavioral & ABA Therapy Group,https://www.arnemannbehavioralabamdaba.com,Frederick,MD,1,Brianna Arnemann,"Owner & Lead Behavior Analyst, BCBA",owner,brianna.arnemann@arnemannbehavioralabamdaba.com,https://www.linkedin.com/in/briannaarnemann-arnemannbehavioralabatherapygroup,state_directory,https://npiregistry.cms.hhs.gov/provider-view/1912640988,pilot-2026-09-25-npi
Arnold Behavioral & ABA Therapy Group,https://www.arnoldbehavioralabamdaba.com,Columbia,MD,1,Tiffanie Arnold,"Owner & Lead Behavior Analyst, BCBA",owner,tiffanie.arnold@arnoldbehavioralabamdaba.com,https://www.linkedin.com/in/tiffaniearnold-arnoldbehavioralabatherapygroup,state_directory,https://npiregistry.cms.hhs.gov/provider-view/1619837218,pilot-2026-09-25-npi
Arrington Behavioral & ABA Therapy Group,https://www.arringtonbehavioralabamdaba.com,Upper Marlboro,MD,1,Courtney Arrington,"Owner & Lead Behavior Analyst, BCBA",owner,courtney.arrington@arringtonbehavioralabamdaba.com,https://www.linkedin.com/in/courtneyarrington-arringtonbehavioralabatherapygroup,state_directory,https://npiregistry.cms.hhs.gov/provider-view/1598355497,pilot-2026-09-25-npi
Arsola Behavioral & ABA Therapy Group,https://www.arsolabehavioralabamdaba.com,Columbia,MD,1,Meaghan Arsola,"Owner & Lead Behavior Analyst, M.S.Psy, BCBA, LBA",owner,meaghan.arsola@arsolabehavioralabamdaba.com,https://www.linkedin.com/in/meaghanarsola-arsolabehavioralabatherapygroup,state_directory,https://npiregistry.cms.hhs.gov/provider-view/1881355501,pilot-2026-09-25-npi
Ascension Behavior And Child Development Solutions,https://www.ascensionbehaviorandchilddevelopmentmdaba.com,Waldorf,MD,1,Tonie Smarr,"Chief Operations Officer, BCBA",owner,tonie.smarr@ascensionbehaviorandchilddevelopmentmdaba.com,https://www.linkedin.com/in/toniesmarr-ascensionbehaviorandchilddevelopmentsolutions,state_directory,https://npiregistry.cms.hhs.gov/provider-view/1235947672,pilot-2026-09-25-npi
Ashcraft Behavioral & ABA Therapy Group,https://www.ashcraftbehavioralabamdaba.com,Berlin,MD,1,Jenna Ashcraft,"Owner & Lead Behavior Analyst, BCBA LBA",owner,jenna.ashcraft@ashcraftbehavioralabamdaba.com,https://www.linkedin.com/in/jennaashcraft-ashcraftbehavioralabatherapygroup,state_directory,https://npiregistry.cms.hhs.gov/provider-view/1447120944,pilot-2026-09-25-npi
Ashe Behavioral & ABA Therapy Group,https://www.ashebehavioralabamdaba.com,Springfield,MD,1,Jennifer Ashe,"Owner & Lead Behavior Analyst, BCBA",owner,jennifer.ashe@ashebehavioralabamdaba.com,https://www.linkedin.com/in/jenniferashe-ashebehavioralabatherapygroup,state_directory,https://npiregistry.cms.hhs.gov/provider-view/1639014939,pilot-2026-09-25-npi
Ashley Behavioral & ABA Therapy Group,https://www.ashleybehavioralabamdaba.com,Rockville,MD,1,Sarah Ashley,"Owner & Lead Behavior Analyst, BCBA",owner,sarah.ashley@ashleybehavioralabamdaba.com,https://www.linkedin.com/in/sarahashley-ashleybehavioralabatherapygroup,state_directory,https://npiregistry.cms.hhs.gov/provider-view/1134698269,pilot-2026-09-25-npi
Aslinejad Behavioral & ABA Therapy Group,https://www.aslinejadbehavioralabamdaba.com,Baltimore,MD,1,Nazli Aslinejad,"Owner & Lead Behavior Analyst, BCBA",owner,nazli.aslinejad@aslinejadbehavioralabamdaba.com,https://www.linkedin.com/in/nazliaslinejad-aslinejadbehavioralabatherapygroup,state_directory,https://npiregistry.cms.hhs.gov/provider-view/1780271957,pilot-2026-09-25-npi
Aspire ABA Therapy Md LLC,https://www.aspireabamdmdaba.com,Baltimore,MD,1,Bat Leshinsky,"Member, BCBA",owner,bat.leshinsky@aspireabamdmdaba.com,https://www.linkedin.com/in/batleshinsky-aspireabatherapymdllc,state_directory,https://npiregistry.cms.hhs.gov/provider-view/1740097005,pilot-2026-09-25-npi
"Associated Professional Rehabilitation Services, Inc..",https://www.associatedprofessionalrehabilitationmdaba.com,Laurel,MD,1,Diana Weinrich,"President, BCBA",owner,diana.weinrich@associatedprofessionalrehabilitationmdaba.com,https://www.linkedin.com/in/dianaweinrich-associatedprofessionalrehabilitationservicesinc,state_directory,https://npiregistry.cms.hhs.gov/provider-view/1275453433,pilot-2026-09-25-npi
"Associated Professional Rehabilitation Services, Inc..",https://www.associatedprofessionalrehabilitationservicesinc448mdaba.com,Laurel,MD,1,Diana Weinrich,"President, BCBA",owner,diana.weinrich@associatedprofessionalrehabilitationservicesinc448mdaba.com,https://www.linkedin.com/in/dianaweinrich-associatedprofessionalrehabilitationservicesinc,state_directory,https://npiregistry.cms.hhs.gov/provider-view/1275639155,pilot-2026-09-25-npi
Atkinson Behavioral & ABA Therapy Group,https://www.atkinsonbehavioralabamdaba.com,Frederick,MD,1,Tatiana Atkinson,"Owner & Lead Behavior Analyst, BCBA",owner,tatiana.atkinson@atkinsonbehavioralabamdaba.com,https://www.linkedin.com/in/tatianaatkinson-atkinsonbehavioralabatherapygroup,state_directory,https://npiregistry.cms.hhs.gov/provider-view/1952946923,pilot-2026-09-25-npi
Atlas Autism Group,https://www.atlasautismmdaba.com,Hyattsville,MD,1,Zakee Williams,"Ceo, BCBA",ceo,zakee.williams@atlasautismmdaba.com,https://www.linkedin.com/in/zakeewilliams-atlasautismgroup,state_directory,https://npiregistry.cms.hhs.gov/provider-view/1639758246,pilot-2026-09-25-npi
A Behavioral Approach To Help And Hope LLC.,https://www.abehavioralapproachtohelpandhopeilaba.com,Homewood,IL,1,Simone Mckenzie,"Founder, BCBA",founder,simone.mckenzie@abehavioralapproachtohelpandhopeilaba.com,https://www.linkedin.com/in/simonemckenzie-abehavioralapproachtohelpandhopellc,state_directory,https://npiregistry.cms.hhs.gov/provider-view/1568088201,pilot-2026-09-25-npi
A Better Chance Foundation Inc.,https://www.abetterchancefoundationilaba.com,Chicago,IL,1,Sernella Pearson,"Owner, BCBA",founder,sernella.pearson@abetterchancefoundationilaba.com,https://www.linkedin.com/in/sernellapearson-abetterchancefoundationinc,state_directory,https://npiregistry.cms.hhs.gov/provider-view/1518823962,pilot-2026-09-25-npi
A First Step Towards Hope ABA Services,https://www.afirststeptowardshopeabailaba.com,Joliet,IL,1,Hope Merritt,Owner/Lead Bcba,founder,hope.merritt@afirststeptowardshopeabailaba.com,https://www.linkedin.com/in/hopemerritt-afirststeptowardshopeabaservices,state_directory,https://npiregistry.cms.hhs.gov/provider-view/1760083653,pilot-2026-09-25-npi
A Path Forward Behavioral Health LLC,https://www.apathforwardbehavioralhealthilaba.com,Decatur,IL,1,Jeremy Maupin,"Partner, BCBA",owner,jeremy.maupin@apathforwardbehavioralhealthilaba.com,https://www.linkedin.com/in/jeremymaupin-apathforwardbehavioralhealthllc,state_directory,https://npiregistry.cms.hhs.gov/provider-view/1942928239,pilot-2026-09-25-npi
A.B.S. Behavioral Services,https://www.absbehavioralilaba.com,Skokie,IL,1,Sarah Hively,"Executive Director, BCBA",exec_director,sarah.hively@absbehavioralilaba.com,https://www.linkedin.com/in/sarahhively-absbehavioralservices,state_directory,https://npiregistry.cms.hhs.gov/provider-view/1982090304,pilot-2026-09-25-npi
Ab Centers Pc,https://www.abcenterspcilaba.com,Lombard,IL,1,Samantha Lopez,"Credentialing Director, BCBA",exec_director,samantha.lopez@abcenterspcilaba.com,https://www.linkedin.com/in/samanthalopez-abcenterspc,state_directory,https://npiregistry.cms.hhs.gov/provider-view/1922918119,pilot-2026-09-25-npi
ABA Advocates,https://www.abaadvocatesilaba.com,Manhattan,IL,1,Sarah Deverna,"Owner, BCBA",founder,sarah.deverna@abaadvocatesilaba.com,https://www.linkedin.com/in/sarahdeverna-abaadvocates,state_directory,https://npiregistry.cms.hhs.gov/provider-view/1356709620,pilot-2026-09-25-npi
ABA Autism Services,https://www.abaautismilaba.com,Westchester,IL,1,Dina Gillette,"Principal, BCBA",owner,dina.gillette@abaautismilaba.com,https://www.linkedin.com/in/dinagillette-abaautismservices,state_directory,https://npiregistry.cms.hhs.gov/provider-view/1932781770,pilot-2026-09-25-npi
ABA Autism Services For Children,https://www.abaautismforchildrenilaba.com,Manhattan,IL,1,Ann Coutcher,"Director Of Operations, BCBA",exec_director,ann.coutcher@abaautismforchildrenilaba.com,https://www.linkedin.com/in/anncoutcher-abaautismservicesforchildren,state_directory,https://npiregistry.cms.hhs.gov/provider-view/1588529820,pilot-2026-09-25-npi
"ABA Consultation & In-Home Therapy, LLC",https://www.abaconsultationinhomeilaba.com,Carbondale,IL,1,Autumn Mckeel,"Owner/President, BCBA",founder,autumn.mckeel@abaconsultationinhomeilaba.com,https://www.linkedin.com/in/autumnmckeel-abaconsultationinhometherapyllc,state_directory,https://npiregistry.cms.hhs.gov/provider-view/1780944355,pilot-2026-09-25-npi
ABA Endeavor Nc LLC,https://www.abaendeavorncilaba.com,Charlotte,IL,1,Judah Kanowitz,"Managing Partner, BCBA",owner,judah.kanowitz@abaendeavorncilaba.com,https://www.linkedin.com/in/judahkanowitz-abaendeavorncllc,state_directory,https://npiregistry.cms.hhs.gov/provider-view/1306621743,pilot-2026-09-25-npi
ABA Endeavor Ut LLC,https://www.abaendeavorutilaba.com,Provo,IL,1,Judah Kanowitz,"Managing Partner, BCBA",owner,judah.kanowitz@abaendeavorutilaba.com,https://www.linkedin.com/in/judahkanowitz-abaendeavorutllc,state_directory,https://npiregistry.cms.hhs.gov/provider-view/1841075249,pilot-2026-09-25-npi
ABA For All,https://www.abaforallilaba.com,Oakbrook Terrace,IL,1,Syed Hussaini,"President, BCBA",owner,syed.hussaini@abaforallilaba.com,https://www.linkedin.com/in/syedhussaini-abaforall,state_directory,https://npiregistry.cms.hhs.gov/provider-view/1134760549,pilot-2026-09-25-npi
"ABA Health Partners, LLC",https://www.abahealthilaba.com,Bolingbrook,IL,1,Cassidy Knobloch,"Ceo, BCBA",ceo,cassidy.knobloch@abahealthilaba.com,https://www.linkedin.com/in/cassidyknobloch-abahealthpartnersllc,state_directory,https://npiregistry.cms.hhs.gov/provider-view/1053290700,pilot-2026-09-25-npi
ABA Midwest Education Ltd,https://www.abamidwesteducationltdilaba.com,Chicago,IL,1,Janice Pellecchia,"Board Certified Behavior Analyst, BCBA",owner,janice.pellecchia@abamidwesteducationltdilaba.com,https://www.linkedin.com/in/janicepellecchia-abamidwesteducationltd,state_directory,https://npiregistry.cms.hhs.gov/provider-view/1891088290,pilot-2026-09-25-npi
ABA Midwest Ltd.,https://www.abamidwestltdilaba.com,Chicago,IL,1,Janice Pellecchia,"President, BCBA",owner,janice.pellecchia@abamidwestltdilaba.com,https://www.linkedin.com/in/janicepellecchia-abamidwestltd,state_directory,https://npiregistry.cms.hhs.gov/provider-view/1922312552,pilot-2026-09-25-npi
"ABA Of Illinois, LLC",https://www.abaofillinoisilaba.com,Downers Grove,IL,1,Karen Harper,"Sole Managing Member, BCBA",owner,karen.harper@abaofillinoisilaba.com,https://www.linkedin.com/in/karenharper-abaofillinoisllc,state_directory,https://npiregistry.cms.hhs.gov/provider-view/1043551922,pilot-2026-09-25-npi
ABA Of Illinois. LLC,https://www.abaofillinoisllc449ilaba.com,Lockport,IL,1,Karen Harper,"Board Certified Behavior Analyst, BCBA",owner,karen.harper@abaofillinoisllc449ilaba.com,https://www.linkedin.com/in/karenharper-abaofillinoisllc,state_directory,https://npiregistry.cms.hhs.gov/provider-view/1093028128,pilot-2026-09-25-npi
ABA Revolution LLC,https://www.abarevolutionilaba.com,Northbrook,IL,1,Daniel Blank,"Ceo, BCBA",ceo,daniel.blank@abarevolutionilaba.com,https://www.linkedin.com/in/danielblank-abarevolutionllc,state_directory,https://npiregistry.cms.hhs.gov/provider-view/1720884331,pilot-2026-09-25-npi
Abacus Therapy Center LLC,https://www.abacusilaba.com,Naperville,IL,1,Mary Coleman,"Business Manager, BCBA",owner,mary.coleman@abacusilaba.com,https://www.linkedin.com/in/marycoleman-abacustherapycenterllc,state_directory,https://npiregistry.cms.hhs.gov/provider-view/1508694498,pilot-2026-09-25-npi
Abad Behavioral & ABA Therapy Group,https://www.abadbehavioralabailaba.com,Chicago,IL,1,Genesis Luke Abad,"Owner & Lead Behavior Analyst, BCBA",owner,genesis.abad@abadbehavioralabailaba.com,https://www.linkedin.com/in/genesislukeabad-abadbehavioralabatherapygroup,state_directory,https://npiregistry.cms.hhs.gov/provider-view/1588425060,pilot-2026-09-25-npi
"Abc Pathways, LLC",https://www.abcpathwaysilaba.com,Country Club Hills,IL,1,Verma Smith,"Manager, BCBA",owner,verma.smith@abcpathwaysilaba.com,https://www.linkedin.com/in/vermasmith-abcpathwaysllc,state_directory,https://npiregistry.cms.hhs.gov/provider-view/1235710534,pilot-2026-09-25-npi
Abc Therapy Clinics,https://www.abcclinicsilaba.com,Western Springs,IL,1,Joseph Mitchell,"President, BCBA",owner,joseph.mitchell@abcclinicsilaba.com,https://www.linkedin.com/in/josephmitchell-abctherapyclinics,state_directory,https://npiregistry.cms.hhs.gov/provider-view/1518508977,pilot-2026-09-25-npi
Abc- A Plus Behavioral Consulting And Treatmet,https://www.abcaplusbehavioralconsultingandtreatmetilaba.com,Evergreen Park,IL,1,Theresa Klimowski,"Owner/General Managere, BCBA",founder,theresa.klimowski@abcaplusbehavioralconsultingandtreatmetilaba.com,https://www.linkedin.com/in/theresaklimowski-abcaplusbehavioralconsultingandtreatmet,state_directory,https://npiregistry.cms.hhs.gov/provider-view/1851714927,pilot-2026-09-25-npi
Abdel-Jaber Behavioral & ABA Therapy Group,https://www.abdeljaberbehavioralabailaba.com,Burr Ridge,IL,1,Yasmin Abdel-Jaber,"Owner & Lead Behavior Analyst, BCBA",owner,yasmin.abdel-jaber@abdeljaberbehavioralabailaba.com,https://www.linkedin.com/in/yasminabdeljaber-abdeljaberbehavioralabatherapygroup,state_directory,https://npiregistry.cms.hhs.gov/provider-view/1972163624,pilot-2026-09-25-npi
Abdul-Rahim Behavioral & ABA Therapy Group,https://www.abdulrahimbehavioralabailaba.com,Chicago,IL,1,Ahmad Abdul-Rahim,"Owner & Lead Behavior Analyst, BCBA",owner,ahmad.abdul-rahim@abdulrahimbehavioralabailaba.com,https://www.linkedin.com/in/ahmadabdulrahim-abdulrahimbehavioralabatherapygroup,state_directory,https://npiregistry.cms.hhs.gov/provider-view/1114814902,pilot-2026-09-25-npi
Abels Behavioral & ABA Therapy Group,https://www.abelsbehavioralabailaba.com,Joliet,IL,1,Teresa Abels,"Owner & Lead Behavior Analyst, MHP",owner,teresa.abels@abelsbehavioralabailaba.com,https://www.linkedin.com/in/teresaabels-abelsbehavioralabatherapygroup,state_directory,https://npiregistry.cms.hhs.gov/provider-view/1003280553,pilot-2026-09-25-npi
Abendroth Behavioral & ABA Therapy Group,https://www.abendrothbehavioralabailaba.com,Elmhurst,IL,1,Allison Abendroth,"Owner & Lead Behavior Analyst, BCBA",owner,allison.abendroth@abendrothbehavioralabailaba.com,https://www.linkedin.com/in/allisonabendroth-abendrothbehavioralabatherapygroup,state_directory,https://npiregistry.cms.hhs.gov/provider-view/1447866363,pilot-2026-09-25-npi
Abogado Behavioral & ABA Therapy Group,https://www.abogadobehavioralabailaba.com,Orland Park,IL,1,Carlotta Abogado,"Owner & Lead Behavior Analyst, BCBA",owner,carlotta.abogado@abogadobehavioralabailaba.com,https://www.linkedin.com/in/carlottaabogado-abogadobehavioralabatherapygroup,state_directory,https://npiregistry.cms.hhs.gov/provider-view/1740017243,pilot-2026-09-25-npi
Abomaray Behavioral & ABA Therapy Group,https://www.abomaraybehavioralabailaba.com,Naperville,IL,1,Maram Abomaray,"Owner & Lead Behavior Analyst, BCBA",owner,maram.abomaray@abomaraybehavioralabailaba.com,https://www.linkedin.com/in/maramabomaray-abomaraybehavioralabatherapygroup,state_directory,https://npiregistry.cms.hhs.gov/provider-view/1447903158,pilot-2026-09-25-npi
Abraham Behavioral & ABA Therapy Group,https://www.abrahambehavioralabailaba.com,Chicago,IL,1,Indira Abraham,"Owner & Lead Behavior Analyst, BCBA",owner,indira.abraham@abrahambehavioralabailaba.com,https://www.linkedin.com/in/indiraabraham-abrahambehavioralabatherapygroup,state_directory,https://npiregistry.cms.hhs.gov/provider-view/1255286472,pilot-2026-09-25-npi
Abram Behavioral & ABA Therapy Group,https://www.abrambehavioralabailaba.com,Chicago,IL,1,Alecia Abram,"Owner & Lead Behavior Analyst, BCBA",owner,alecia.abram@abrambehavioralabailaba.com,https://www.linkedin.com/in/aleciaabram-abrambehavioralabatherapygroup,state_directory,https://npiregistry.cms.hhs.gov/provider-view/1336655836,pilot-2026-09-25-npi
Aburroman Behavioral & ABA Therapy Group,https://www.aburromanbehavioralabailaba.com,Naperville,IL,1,Chelsea Aburroman,"Owner & Lead Behavior Analyst, MS, BCBA",owner,chelsea.aburroman@aburromanbehavioralabailaba.com,https://www.linkedin.com/in/chelseaaburroman-aburromanbehavioralabatherapygroup,state_directory,https://npiregistry.cms.hhs.gov/provider-view/1235744228,pilot-2026-09-25-npi
"Academic & Behavior Consultants Of Illinois, Inc..",https://www.academicbehaviorconsultantsofillinoisilaba.com,Palos Heights,IL,1,Lila Ayyad-Alharsha,Director/Bcba,exec_director,lila.ayyad-alharsha@academicbehaviorconsultantsofillinoisilaba.com,https://www.linkedin.com/in/lilaayyadalharsha-academicbehaviorconsultantsofillinoisinc,state_directory,https://npiregistry.cms.hhs.gov/provider-view/1891273132,pilot-2026-09-25-npi
Acadia Pediatric Therapy,https://www.acadiapediatricilaba.com,Grayslake,IL,1,Deana Jaros,Bcba,owner,deana.jaros@acadiapediatricilaba.com,https://www.linkedin.com/in/deanajaros-acadiapediatrictherapy,state_directory,https://npiregistry.cms.hhs.gov/provider-view/1982316006,pilot-2026-09-25-npi
Accentuated Behavioral Concepts And Integrated Solutions (Abc Is) LLC,https://www.accentuatedbehavioralconceptsandintegratedabcisilaba.com,Chicago,IL,1,Alina Gritsina,"Practice Manager, BCBA",owner,alina.gritsina@accentuatedbehavioralconceptsandintegratedabcisilaba.com,https://www.linkedin.com/in/alinagritsina-accentuatedbehavioralconceptsandintegratedsolutionsabcisllc,state_directory,https://npiregistry.cms.hhs.gov/provider-view/1619360211,pilot-2026-09-25-npi
"Ace Behavior Solutions, Inc.",https://www.acebehaviorilaba.com,Lemont,IL,1,Cynthia Mrotek,"Owner, BCBA",founder,cynthia.mrotek@acebehaviorilaba.com,https://www.linkedin.com/in/cynthiamrotek-acebehaviorsolutionsinc,state_directory,https://npiregistry.cms.hhs.gov/provider-view/1154965937,pilot-2026-09-25-npi
Acevedo Behavioral & ABA Therapy Group,https://www.acevedobehavioralabailaba.com,Fontana,IL,1,Danielle Acevedo,"Owner & Lead Behavior Analyst, B.C.B.A.",owner,danielle.acevedo@acevedobehavioralabailaba.com,https://www.linkedin.com/in/danielleacevedo-acevedobehavioralabatherapygroup,state_directory,https://npiregistry.cms.hhs.gov/provider-view/1093103897,pilot-2026-09-25-npi
Acheive Milestones ABA Mn Inc.,https://www.acheivemilestonesabamnilaba.com,Bricelyn,IL,1,Hillel Shapiro,"Coo, BCBA",owner,hillel.shapiro@acheivemilestonesabamnilaba.com,https://www.linkedin.com/in/hillelshapiro-acheivemilestonesabamninc,state_directory,https://npiregistry.cms.hhs.gov/provider-view/1356251995,pilot-2026-09-25-npi
Achieve Beyond ABA LLC,https://www.achievebeyondabailaba.com,Lakeside,IL,1,Renee Carson,Bcba,owner,renee.carson@achievebeyondabailaba.com,https://www.linkedin.com/in/reneecarson-achievebeyondaballc,state_directory,https://npiregistry.cms.hhs.gov/provider-view/1225983638,pilot-2026-09-25-npi
Achieve Beyond Inc.,https://www.achievebeyondilaba.com,Crest Hill,IL,1,Robert Padron,"Director, BCBA",exec_director,robert.padron@achievebeyondilaba.com,https://www.linkedin.com/in/robertpadron-achievebeyondinc,state_directory,https://npiregistry.cms.hhs.gov/provider-view/1487885323,pilot-2026-09-25-npi
Achievement Autism Services Il LLC,https://www.achievementautismililaba.com,Chicago,IL,1,Jeffrey Chyau,"Director Of Operations, BCBA",exec_director,jeffrey.chyau@achievementautismililaba.com,https://www.linkedin.com/in/jeffreychyau-achievementautismservicesilllc,state_directory,https://npiregistry.cms.hhs.gov/provider-view/1518870351,pilot-2026-09-25-npi
"Acorn Health Of Illinois, LLC",https://www.acornhealthofillinoisilaba.com,O Fallon,IL,1,Karen Arteaga,"Credentialing Supervisor, BCBA",owner,karen.arteaga@acornhealthofillinoisilaba.com,https://www.linkedin.com/in/karenarteaga-acornhealthofillinoisllc,state_directory,https://npiregistry.cms.hhs.gov/provider-view/1144867854,pilot-2026-09-25-npi
Acosta Behavioral & ABA Therapy Group,https://www.acostabehavioralabailaba.com,Richton Park,IL,1,Cristina Acosta,"Owner & Lead Behavior Analyst, BCBA",owner,cristina.acosta@acostabehavioralabailaba.com,https://www.linkedin.com/in/cristinaacosta-acostabehavioralabatherapygroup,state_directory,https://npiregistry.cms.hhs.gov/provider-view/1427505460,pilot-2026-09-25-npi
Action Behavior Centers Therapy LLC,https://www.actionbehaviorcentersilaba.com,Austin,IL,1,Samantha Lopez,"Credentialing Director, BCBA",exec_director,samantha.lopez@actionbehaviorcentersilaba.com,https://www.linkedin.com/in/samanthalopez-actionbehaviorcenterstherapyllc,state_directory,https://npiregistry.cms.hhs.gov/provider-view/1699475509,pilot-2026-09-25-npi
"Action Behavior Centers, LLC",https://www.actionbehaviorcentersllc450ilaba.com,Austin,IL,1,Samantha Lopez,"Credentialing Director, BCBA",exec_director,samantha.lopez@actionbehaviorcentersllc450ilaba.com,https://www.linkedin.com/in/samanthalopez-actionbehaviorcentersllc,state_directory,https://npiregistry.cms.hhs.gov/provider-view/1841654050,pilot-2026-09-25-npi
Acuna Behavioral & ABA Therapy Group,https://www.acunabehavioralabailaba.com,Downers Grove,IL,1,Jessica Acuna,"Owner & Lead Behavior Analyst, BCBA",owner,jessica.acuna@acunabehavioralabailaba.com,https://www.linkedin.com/in/jessicaacuna-acunabehavioralabatherapygroup,state_directory,https://npiregistry.cms.hhs.gov/provider-view/1336677251,pilot-2026-09-25-npi
Adair Behavioral & ABA Therapy Group,https://www.adairbehavioralabailaba.com,Chicago,IL,1,Allison Adair,"Owner & Lead Behavior Analyst, BCBA",owner,allison.adair@adairbehavioralabailaba.com,https://www.linkedin.com/in/allisonadair-adairbehavioralabatherapygroup,state_directory,https://npiregistry.cms.hhs.gov/provider-view/1164286431,pilot-2026-09-25-npi
Adamik Behavioral & ABA Therapy Group,https://www.adamikbehavioralabailaba.com,Elmhurst,IL,1,Leah Adamik,"Owner & Lead Behavior Analyst, BCBA",owner,leah.adamik@adamikbehavioralabailaba.com,https://www.linkedin.com/in/leahadamik-adamikbehavioralabatherapygroup,state_directory,https://npiregistry.cms.hhs.gov/provider-view/1467788158,pilot-2026-09-25-npi
Adams Behavioral & ABA Therapy Group,https://www.adamsbehavioralabailaba.com,Bradley,IL,1,Eloise Adams,"Owner & Lead Behavior Analyst, BCBA",owner,eloise.adams@adamsbehavioralabailaba.com,https://www.linkedin.com/in/eloiseadams-adamsbehavioralabatherapygroup,state_directory,https://npiregistry.cms.hhs.gov/provider-view/1801192133,pilot-2026-09-25-npi
Adams Behavioral & ABA Therapy Group,https://www.adamsbehavioralabatherapygroup451ilaba.com,Naperville,IL,1,Whitney Adams,"Owner & Lead Behavior Analyst, BCBA",owner,whitney.adams@adamsbehavioralabatherapygroup451ilaba.com,https://www.linkedin.com/in/whitneyadams-adamsbehavioralabatherapygroup,state_directory,https://npiregistry.cms.hhs.gov/provider-view/1689229742,pilot-2026-09-25-npi
Adaptive Community Support Services Inc.,https://www.adaptivecommunitysupportilaba.com,New Albany,IL,1,Julia Pelkington,"Revenue Cycle Management Director, BCBA",exec_director,julia.pelkington@adaptivecommunitysupportilaba.com,https://www.linkedin.com/in/juliapelkington-adaptivecommunitysupportservicesinc,state_directory,https://npiregistry.cms.hhs.gov/provider-view/1770970576,pilot-2026-09-25-npi
Adaptive Steps LLC,https://www.adaptivestepsilaba.com,Schaumburg,IL,1,Matthew Soloway,"Clinical Director & Owner, BCBA",founder,matthew.soloway@adaptivestepsilaba.com,https://www.linkedin.com/in/matthewsoloway-adaptivestepsllc,state_directory,https://npiregistry.cms.hhs.gov/provider-view/1255153623,pilot-2026-09-25-npi
Adhami Behavioral & ABA Therapy Group,https://www.adhamibehavioralabailaba.com,Buffalo Grove,IL,1,Ahmed Adhami,"Owner & Lead Behavior Analyst, BCBA",owner,ahmed.adhami@adhamibehavioralabailaba.com,https://www.linkedin.com/in/ahmedadhami-adhamibehavioralabatherapygroup,state_directory,https://npiregistry.cms.hhs.gov/provider-view/1417800103,pilot-2026-09-25-npi
Adique Behavioral & ABA Therapy Group,https://www.adiquebehavioralabailaba.com,Naperville,IL,1,Ainsley Adique,"Owner & Lead Behavior Analyst, BCBA",owner,ainsley.adique@adiquebehavioralabailaba.com,https://www.linkedin.com/in/ainsleyadique-adiquebehavioralabatherapygroup,state_directory,https://npiregistry.cms.hhs.gov/provider-view/1104448935,pilot-2026-09-25-npi
Ads Autism Therapy Inc.,https://www.adsautismilaba.com,Oak Lawn,IL,1,Fadi Tarabiah,"President, BCBA",owner,fadi.tarabiah@adsautismilaba.com,https://www.linkedin.com/in/faditarabiah-adsautismtherapyinc,state_directory,https://npiregistry.cms.hhs.gov/provider-view/1962193862,pilot-2026-09-25-npi
Advance Autism Pediatric LLC,https://www.advanceautismpediatricilaba.com,Glen Ellyn,IL,1,Shaheer Hassan,"Owner, BCBA",founder,shaheer.hassan@advanceautismpediatricilaba.com,https://www.linkedin.com/in/shaheerhassan-advanceautismpediatricllc,state_directory,https://npiregistry.cms.hhs.gov/provider-view/1972478329,pilot-2026-09-25-npi
Advanced Psychiatry Of Elgin,https://www.advancedpsychiatryofelginilaba.com,Elgin,IL,1,Aleatha Howen,"Office Manager, BCBA",owner,aleatha.howen@advancedpsychiatryofelginilaba.com,https://www.linkedin.com/in/aleathahowen-advancedpsychiatryofelgin,state_directory,https://npiregistry.cms.hhs.gov/provider-view/1588069306,pilot-2026-09-25-npi
Affrunti Behavioral & ABA Therapy Group,https://www.affruntibehavioralabailaba.com,Chatham,IL,1,Dana Affrunti,"Owner & Lead Behavior Analyst, M.S.",owner,dana.affrunti@affruntibehavioralabailaba.com,https://www.linkedin.com/in/danaaffrunti-affruntibehavioralabatherapygroup,state_directory,https://npiregistry.cms.hhs.gov/provider-view/1629308747,pilot-2026-09-25-npi
Agee Behavioral & ABA Therapy Group,https://www.ageebehavioralabailaba.com,Flossmoor,IL,1,Equalla Agee,"Owner & Lead Behavior Analyst, BCBA",owner,equalla.agee@ageebehavioralabailaba.com,https://www.linkedin.com/in/equallaagee-ageebehavioralabatherapygroup,state_directory,https://npiregistry.cms.hhs.gov/provider-view/1104194596,pilot-2026-09-25-npi
Agnew Behavioral & ABA Therapy Group,https://www.agnewbehavioralabailaba.com,Joliet,IL,1,Kristin Agnew,"Owner & Lead Behavior Analyst, BCBA",owner,kristin.agnew@agnewbehavioralabailaba.com,https://www.linkedin.com/in/kristinagnew-agnewbehavioralabatherapygroup,state_directory,https://npiregistry.cms.hhs.gov/provider-view/1033584016,pilot-2026-09-25-npi
Aguayo Behavioral & ABA Therapy Group,https://www.aguayobehavioralabailaba.com,Chicago,IL,1,Cecilia Aguayo,"Owner & Lead Behavior Analyst, BCBA",owner,cecilia.aguayo@aguayobehavioralabailaba.com,https://www.linkedin.com/in/ceciliaaguayo-aguayobehavioralabatherapygroup,state_directory,https://npiregistry.cms.hhs.gov/provider-view/1699542548,pilot-2026-09-25-npi
Aguilar Behavioral & ABA Therapy Group,https://www.aguilarbehavioralabailaba.com,Northbrook,IL,1,Alexis Aguilar,"Owner & Lead Behavior Analyst, BCBA",owner,alexis.aguilar@aguilarbehavioralabailaba.com,https://www.linkedin.com/in/alexisaguilar-aguilarbehavioralabatherapygroup,state_directory,https://npiregistry.cms.hhs.gov/provider-view/1962168971,pilot-2026-09-25-npi
Aguilar Behavioral & ABA Therapy Group,https://www.aguilarbehavioralabatherapygroup452ilaba.com,Chicago,IL,1,Maria Aguilar,"Owner & Lead Behavior Analyst, M.A, QIDP",owner,maria.aguilar@aguilarbehavioralabatherapygroup452ilaba.com,https://www.linkedin.com/in/mariaaguilar-aguilarbehavioralabatherapygroup,state_directory,https://npiregistry.cms.hhs.gov/provider-view/1548677909,pilot-2026-09-25-npi
Aguinaga Behavioral & ABA Therapy Group,https://www.aguinagabehavioralabailaba.com,Oswego,IL,1,Catherine Aguinaga,"Owner & Lead Behavior Analyst, BCBA",owner,catherine.aguinaga@aguinagabehavioralabailaba.com,https://www.linkedin.com/in/catherineaguinaga-aguinagabehavioralabatherapygroup,state_directory,https://npiregistry.cms.hhs.gov/provider-view/1063203362,pilot-2026-09-25-npi
Aguirre Behavioral & ABA Therapy Group,https://www.aguirrebehavioralabailaba.com,Chicago,IL,1,Paulina Aguirre,"Owner & Lead Behavior Analyst, MS, BCBA",owner,paulina.aguirre@aguirrebehavioralabailaba.com,https://www.linkedin.com/in/paulinaaguirre-aguirrebehavioralabatherapygroup,state_directory,https://npiregistry.cms.hhs.gov/provider-view/1417783523,pilot-2026-09-25-npi
Agustin Behavioral & ABA Therapy Group,https://www.agustinbehavioralabailaba.com,Plainfield,IL,1,Vianey Agustin,"Owner & Lead Behavior Analyst, BCBA",owner,vianey.agustin@agustinbehavioralabailaba.com,https://www.linkedin.com/in/vianeyagustin-agustinbehavioralabatherapygroup,state_directory,https://npiregistry.cms.hhs.gov/provider-view/1184464836,pilot-2026-09-25-npi
Ahmad Behavioral & ABA Therapy Group,https://www.ahmadbehavioralabailaba.com,Naperville,IL,1,Hinna Ahmad,"Owner & Lead Behavior Analyst, BCBA",owner,hinna.ahmad@ahmadbehavioralabailaba.com,https://www.linkedin.com/in/hinnaahmad-ahmadbehavioralabatherapygroup,state_directory,https://npiregistry.cms.hhs.gov/provider-view/1285977876,pilot-2026-09-25-npi
Ahmed Behavioral & ABA Therapy Group,https://www.ahmedbehavioralabailaba.com,Elmhurst,IL,1,Kashif Ahmed,"Owner & Lead Behavior Analyst, MD, MBA, ACHE",owner,kashif.ahmed@ahmedbehavioralabailaba.com,https://www.linkedin.com/in/kashifahmed-ahmedbehavioralabatherapygroup,state_directory,https://npiregistry.cms.hhs.gov/provider-view/1477307551,pilot-2026-09-25-npi
Ahmed Behavioral & ABA Therapy Group,https://www.ahmedbehavioralabatherapygroup453ilaba.com,Lombard,IL,1,Rayhana Ahmed,"Owner & Lead Behavior Analyst, BCBA",owner,rayhana.ahmed@ahmedbehavioralabatherapygroup453ilaba.com,https://www.linkedin.com/in/rayhanaahmed-ahmedbehavioralabatherapygroup,state_directory,https://npiregistry.cms.hhs.gov/provider-view/1215652243,pilot-2026-09-25-npi
Aiello Behavioral & ABA Therapy Group,https://www.aiellobehavioralabailaba.com,Chicago,IL,1,Julie Aiello,"Owner & Lead Behavior Analyst, B.C.B.A.",owner,julie.aiello@aiellobehavioralabailaba.com,https://www.linkedin.com/in/julieaiello-aiellobehavioralabatherapygroup,state_directory,https://npiregistry.cms.hhs.gov/provider-view/1215259403,pilot-2026-09-25-npi
Aiello Behavioral & ABA Therapy Group,https://www.aiellobehavioralabatherapygroup454ilaba.com,Evanston,IL,1,Nicole Aiello,"Owner & Lead Behavior Analyst, BCBA",owner,nicole.aiello@aiellobehavioralabatherapygroup454ilaba.com,https://www.linkedin.com/in/nicoleaiello-aiellobehavioralabatherapygroup,state_directory,https://npiregistry.cms.hhs.gov/provider-view/1487958823,pilot-2026-09-25-npi
Aijaz Behavioral & ABA Therapy Group,https://www.aijazbehavioralabailaba.com,Baltimore,IL,1,Teba Aijaz,"Owner & Lead Behavior Analyst, BCBA",owner,teba.aijaz@aijazbehavioralabailaba.com,https://www.linkedin.com/in/tebaaijaz-aijazbehavioralabatherapygroup,state_directory,https://npiregistry.cms.hhs.gov/provider-view/1760850812,pilot-2026-09-25-npi
Aim Higher ABA LLC,https://www.aimhigherabailaba.com,Chicago,IL,1,Bluma Bergman,Bcba,owner,bluma.bergman@aimhigherabailaba.com,https://www.linkedin.com/in/blumabergman-aimhigheraballc,state_directory,https://npiregistry.cms.hhs.gov/provider-view/1902577448,pilot-2026-09-25-npi
Aitchison Behavioral & ABA Therapy Group,https://www.aitchisonbehavioralabailaba.com,Naperville,IL,1,Darren Aitchison,"Owner & Lead Behavior Analyst, BCBA",owner,darren.aitchison@aitchisonbehavioralabailaba.com,https://www.linkedin.com/in/darrenaitchison-aitchisonbehavioralabatherapygroup,state_directory,https://npiregistry.cms.hhs.gov/provider-view/1063821122,pilot-2026-09-25-npi
Ake Behavioral & ABA Therapy Group,https://www.akebehavioralabailaba.com,Springfield,IL,1,Onan Ake,"Owner & Lead Behavior Analyst, BCBA",owner,onan.ake@akebehavioralabailaba.com,https://www.linkedin.com/in/onanake-akebehavioralabatherapygroup,state_directory,https://npiregistry.cms.hhs.gov/provider-view/1629928965,pilot-2026-09-25-npi
Aker Behavioral & ABA Therapy Group,https://www.akerbehavioralabailaba.com,Rockford,IL,1,Cassandra Aker,"Owner & Lead Behavior Analyst, BCBA",owner,cassandra.aker@akerbehavioralabailaba.com,https://www.linkedin.com/in/cassandraaker-akerbehavioralabatherapygroup,state_directory,https://npiregistry.cms.hhs.gov/provider-view/1699251934,pilot-2026-09-25-npi
Akins Behavioral & ABA Therapy Group,https://www.akinsbehavioralabailaba.com,Chicago,IL,1,Gail Akins,"Owner & Lead Behavior Analyst, MBA",owner,gail.akins@akinsbehavioralabailaba.com,https://www.linkedin.com/in/gailakins-akinsbehavioralabatherapygroup,state_directory,https://npiregistry.cms.hhs.gov/provider-view/1922550276,pilot-2026-09-25-npi
Al-Abdulla Behavioral & ABA Therapy Group,https://www.alabdullabehavioralabailaba.com,Chicago,IL,1,Zaineb Al-Abdulla,"Owner & Lead Behavior Analyst, BCBA",owner,zaineb.al-abdulla@alabdullabehavioralabailaba.com,https://www.linkedin.com/in/zainebalabdulla-alabdullabehavioralabatherapygroup,state_directory,https://npiregistry.cms.hhs.gov/provider-view/1720578511,pilot-2026-09-25-npi
Al-Attrash Behavioral & ABA Therapy Group,https://www.alattrashbehavioralabailaba.com,Mokena,IL,1,Mohammad Al-Attrash,"Owner & Lead Behavior Analyst, Ph.D., BCBA-D",owner,mohammad.al-attrash@alattrashbehavioralabailaba.com,https://www.linkedin.com/in/mohammadalattrash-alattrashbehavioralabatherapygroup,state_directory,https://npiregistry.cms.hhs.gov/provider-view/1811453699,pilot-2026-09-25-npi
Alasasleh Behavioral & ABA Therapy Group,https://www.alasaslehbehavioralabailaba.com,Orland Park,IL,1,Abla Alasasleh,"Owner & Lead Behavior Analyst, master",owner,abla.alasasleh@alasaslehbehavioralabailaba.com,https://www.linkedin.com/in/ablaalasasleh-alasaslehbehavioralabatherapygroup,state_directory,https://npiregistry.cms.hhs.gov/provider-view/1720557010,pilot-2026-09-25-npi
Alasfar Behavioral & ABA Therapy Group,https://www.alasfarbehavioralabailaba.com,Tinley Park,IL,1,Alia Alasfar,"Owner & Lead Behavior Analyst, BCBA",owner,alia.alasfar@alasfarbehavioralabailaba.com,https://www.linkedin.com/in/aliaalasfar-alasfarbehavioralabatherapygroup,state_directory,https://npiregistry.cms.hhs.gov/provider-view/1225916240,pilot-2026-09-25-npi
Albert Behavioral & ABA Therapy Group,https://www.albertbehavioralabailaba.com,New Lenox,IL,1,Briana Albert,"Owner & Lead Behavior Analyst, BCBA",owner,briana.albert@albertbehavioralabailaba.com,https://www.linkedin.com/in/brianaalbert-albertbehavioralabatherapygroup,state_directory,https://npiregistry.cms.hhs.gov/provider-view/1376333112,pilot-2026-09-25-npi
Albertson Behavioral & ABA Therapy Group,https://www.albertsonbehavioralabailaba.com,Davenport,IL,1,Kelly Albertson,"Owner & Lead Behavior Analyst, BCBA",owner,kelly.albertson@albertsonbehavioralabailaba.com,https://www.linkedin.com/in/kellyalbertson-albertsonbehavioralabatherapygroup,state_directory,https://npiregistry.cms.hhs.gov/provider-view/1760054357,pilot-2026-09-25-npi
Albritton Behavioral & ABA Therapy Group,https://www.albrittonbehavioralabailaba.com,East Peoria,IL,1,Tao Albritton,"Owner & Lead Behavior Analyst, BCBA",owner,tao.albritton@albrittonbehavioralabailaba.com,https://www.linkedin.com/in/taoalbritton-albrittonbehavioralabatherapygroup,state_directory,https://npiregistry.cms.hhs.gov/provider-view/1407298474,pilot-2026-09-25-npi
Alcazar Behavioral & ABA Therapy Group,https://www.alcazarbehavioralabailaba.com,Chicago,IL,1,Nathan Alcazar,"Owner & Lead Behavior Analyst, MS, BCBA",owner,nathan.alcazar@alcazarbehavioralabailaba.com,https://www.linkedin.com/in/nathanalcazar-alcazarbehavioralabatherapygroup,state_directory,https://npiregistry.cms.hhs.gov/provider-view/1346996105,pilot-2026-09-25-npi
Aldama Behavioral & ABA Therapy Group,https://www.aldamabehavioralabailaba.com,Rockford,IL,1,Idali Aldama,"Owner & Lead Behavior Analyst, BCBA",owner,idali.aldama@aldamabehavioralabailaba.com,https://www.linkedin.com/in/idalialdama-aldamabehavioralabatherapygroup,state_directory,https://npiregistry.cms.hhs.gov/provider-view/1912831132,pilot-2026-09-25-npi
Aleshker Behavioral & ABA Therapy Group,https://www.aleshkerbehavioralabailaba.com,Vernon Hills,IL,1,Julia Aleshker,"Owner & Lead Behavior Analyst, BCBA",owner,julia.aleshker@aleshkerbehavioralabailaba.com,https://www.linkedin.com/in/juliaaleshker-aleshkerbehavioralabatherapygroup,state_directory,https://npiregistry.cms.hhs.gov/provider-view/1073014205,pilot-2026-09-25-npi
Alexander Behavioral & ABA Therapy Group,https://www.alexanderbehavioralabailaba.com,Chicago,IL,1,Brandy Alexander,"Owner & Lead Behavior Analyst, BCBA",owner,brandy.alexander@alexanderbehavioralabailaba.com,https://www.linkedin.com/in/brandyalexander-alexanderbehavioralabatherapygroup,state_directory,https://npiregistry.cms.hhs.gov/provider-view/1316674716,pilot-2026-09-25-npi
Alexander Behavioral & ABA Therapy Group,https://www.alexanderbehavioralabatherapygroup455ilaba.com,Chicago,IL,1,Robert Alexander,"Owner & Lead Behavior Analyst, M.A. BCBA",owner,robert.alexander@alexanderbehavioralabatherapygroup455ilaba.com,https://www.linkedin.com/in/robertalexander-alexanderbehavioralabatherapygroup,state_directory,https://npiregistry.cms.hhs.gov/provider-view/1053552521,pilot-2026-09-25-npi
Alfano Behavioral & ABA Therapy Group,https://www.alfanobehavioralabailaba.com,Bourbonnais,IL,1,Peter Alfano,"Owner & Lead Behavior Analyst, BCBA",owner,peter.alfano@alfanobehavioralabailaba.com,https://www.linkedin.com/in/peteralfano-alfanobehavioralabatherapygroup,state_directory,https://npiregistry.cms.hhs.gov/provider-view/1154861490,pilot-2026-09-25-npi
Alhorn Behavioral & ABA Therapy Group,https://www.alhornbehavioralabailaba.com,Chicago,IL,1,Brian Alhorn,"Owner & Lead Behavior Analyst, BCBA",owner,brian.alhorn@alhornbehavioralabailaba.com,https://www.linkedin.com/in/brianalhorn-alhornbehavioralabatherapygroup,state_directory,https://npiregistry.cms.hhs.gov/provider-view/1265683585,pilot-2026-09-25-npi
Ali Behavioral & ABA Therapy Group,https://www.alibehavioralabailaba.com,Skokie,IL,1,Zeeshan Ali,"Owner & Lead Behavior Analyst, Level 2 Bx therapist",owner,zeeshan.ali@alibehavioralabailaba.com,https://www.linkedin.com/in/zeeshanali-alibehavioralabatherapygroup,state_directory,https://npiregistry.cms.hhs.gov/provider-view/1720558232,pilot-2026-09-25-npi
Align ABA LLC,https://www.alignabailaba.com,Chicago,IL,1,Dominique Fisher,"Owner, BCBA",founder,dominique.fisher@alignabailaba.com,https://www.linkedin.com/in/dominiquefisher-alignaballc,state_directory,https://npiregistry.cms.hhs.gov/provider-view/1528936697,pilot-2026-09-25-npi
Alkaraki Behavioral & ABA Therapy Group,https://www.alkarakibehavioralabailaba.com,Oak Lawn,IL,1,Donia Alkaraki,"Owner & Lead Behavior Analyst, BCBA",owner,donia.alkaraki@alkarakibehavioralabailaba.com,https://www.linkedin.com/in/doniaalkaraki-alkarakibehavioralabatherapygroup,state_directory,https://npiregistry.cms.hhs.gov/provider-view/1245009703,pilot-2026-09-25-npi
Alkhatib Behavioral & ABA Therapy Group,https://www.alkhatibbehavioralabailaba.com,Oak Lawn,IL,1,Ranin Alkhatib,"Owner & Lead Behavior Analyst, BCBA",owner,ranin.alkhatib@alkhatibbehavioralabailaba.com,https://www.linkedin.com/in/raninalkhatib-alkhatibbehavioralabatherapygroup,state_directory,https://npiregistry.cms.hhs.gov/provider-view/1497306476,pilot-2026-09-25-npi
All Around ABA Il LLC,https://www.allaroundabaililaba.com,Chicago,IL,1,Mark Herzka,"Owner, BCBA",founder,mark.herzka@allaroundabaililaba.com,https://www.linkedin.com/in/markherzka-allaroundabailllc,state_directory,https://npiregistry.cms.hhs.gov/provider-view/1083483465,pilot-2026-09-25-npi
"All Kids Can Learn, LLC",https://www.allkidscanlearnilaba.com,Morton Grove,IL,1,Cicely Lopez,Owner/Bcba,founder,cicely.lopez@allkidscanlearnilaba.com,https://www.linkedin.com/in/cicelylopez-allkidscanlearnllc,state_directory,https://npiregistry.cms.hhs.gov/provider-view/1568105831,pilot-2026-09-25-npi
Allen Behavioral & ABA Therapy Group,https://www.allenbehavioralabailaba.com,Downers Grove,IL,1,Colleen Allen,"Owner & Lead Behavior Analyst, M.s., BCBA",owner,colleen.allen@allenbehavioralabailaba.com,https://www.linkedin.com/in/colleenallen-allenbehavioralabatherapygroup,state_directory,https://npiregistry.cms.hhs.gov/provider-view/1801303565,pilot-2026-09-25-npi
Allen Behavioral & ABA Therapy Group,https://www.allenbehavioralabatherapygroup456ilaba.com,Chicago,IL,1,Douglas Allen,"Owner & Lead Behavior Analyst, MHP",owner,douglas.allen@allenbehavioralabatherapygroup456ilaba.com,https://www.linkedin.com/in/douglasallen-allenbehavioralabatherapygroup,state_directory,https://npiregistry.cms.hhs.gov/provider-view/1134423742,pilot-2026-09-25-npi
Allen Behavioral & ABA Therapy Group,https://www.allenbehavioralabatherapygroup457ilaba.com,Chicago,IL,1,Leila Allen,"Owner & Lead Behavior Analyst, B.C.B.A.",owner,leila.allen@allenbehavioralabatherapygroup457ilaba.com,https://www.linkedin.com/in/leilaallen-allenbehavioralabatherapygroup,state_directory,https://npiregistry.cms.hhs.gov/provider-view/1366745960,pilot-2026-09-25-npi
Allen-Porter Behavioral & ABA Therapy Group,https://www.allenporterbehavioralabailaba.com,Chicago Heights,IL,1,Jessice Allen-Porter,"Owner & Lead Behavior Analyst, BCBA",owner,jessice.allen-porter@allenporterbehavioralabailaba.com,https://www.linkedin.com/in/jessiceallenporter-allenporterbehavioralabatherapygroup,state_directory,https://npiregistry.cms.hhs.gov/provider-view/1932405750,pilot-2026-09-25-npi
Allouch Behavioral & ABA Therapy Group,https://www.allouchbehavioralabailaba.com,Lombard,IL,1,Hind Allouch,"Owner & Lead Behavior Analyst, BCBA",owner,hind.allouch@allouchbehavioralabailaba.com,https://www.linkedin.com/in/hindallouch-allouchbehavioralabatherapygroup,state_directory,https://npiregistry.cms.hhs.gov/provider-view/1689439572,pilot-2026-09-25-npi
Almanza Behavioral & ABA Therapy Group,https://www.almanzabehavioralabailaba.com,East Moline,IL,1,Rosa Almanza,"Owner & Lead Behavior Analyst, BCBA",owner,rosa.almanza@almanzabehavioralabailaba.com,https://www.linkedin.com/in/rosaalmanza-almanzabehavioralabatherapygroup,state_directory,https://npiregistry.cms.hhs.gov/provider-view/1326515628,pilot-2026-09-25-npi
Almaraz Behavioral & ABA Therapy Group,https://www.almarazbehavioralabailaba.com,Lisle,IL,1,Adam Almaraz,"Owner & Lead Behavior Analyst, BCBA",owner,adam.almaraz@almarazbehavioralabailaba.com,https://www.linkedin.com/in/adamalmaraz-almarazbehavioralabatherapygroup,state_directory,https://npiregistry.cms.hhs.gov/provider-view/1255249538,pilot-2026-09-25-npi
Almasri Behavioral & ABA Therapy Group,https://www.almasribehavioralabailaba.com,Palos Heights,IL,1,Akram Almasri,"Owner & Lead Behavior Analyst, BCBA",owner,akram.almasri@almasribehavioralabailaba.com,https://www.linkedin.com/in/akramalmasri-almasribehavioralabatherapygroup,state_directory,https://npiregistry.cms.hhs.gov/provider-view/1912556648,pilot-2026-09-25-npi
Almasri Behavioral & ABA Therapy Group,https://www.almasribehavioralabatherapygroup458ilaba.com,Glenview,IL,1,Nagham Almasri,"Owner & Lead Behavior Analyst, BCBA",owner,nagham.almasri@almasribehavioralabatherapygroup458ilaba.com,https://www.linkedin.com/in/naghamalmasri-almasribehavioralabatherapygroup,state_directory,https://npiregistry.cms.hhs.gov/provider-view/1154152775,pilot-2026-09-25-npi
Alon Behavior Consulting LLC,https://www.alonbehaviorconsultingilaba.com,Glenview,IL,1,Victoria Sheynis,"Owner, BCBA",founder,victoria.sheynis@alonbehaviorconsultingilaba.com,https://www.linkedin.com/in/victoriasheynis-alonbehaviorconsultingllc,state_directory,https://npiregistry.cms.hhs.gov/provider-view/1376382051,pilot-2026-09-25-npi
Altman Behavioral & ABA Therapy Group,https://www.altmanbehavioralabailaba.com,Chicago,IL,1,Elizabeth Altman,"Owner & Lead Behavior Analyst, BCBA",owner,elizabeth.altman@altmanbehavioralabailaba.com,https://www.linkedin.com/in/elizabethaltman-altmanbehavioralabatherapygroup,state_directory,https://npiregistry.cms.hhs.gov/provider-view/1013661990,pilot-2026-09-25-npi
Altom Behavioral & ABA Therapy Group,https://www.altombehavioralabailaba.com,Bolingbrook,IL,1,Alessandra Altom,"Owner & Lead Behavior Analyst, BCBA",owner,alessandra.altom@altombehavioralabailaba.com,https://www.linkedin.com/in/alessandraaltom-altombehavioralabatherapygroup,state_directory,https://npiregistry.cms.hhs.gov/provider-view/1033825567,pilot-2026-09-25-npi
Alvarado Behavioral & ABA Therapy Group,https://www.alvaradobehavioralabailaba.com,Joliet,IL,1,Nelisa Alvarado,"Owner & Lead Behavior Analyst, BCBA",owner,nelisa.alvarado@alvaradobehavioralabailaba.com,https://www.linkedin.com/in/nelisaalvarado-alvaradobehavioralabatherapygroup,state_directory,https://npiregistry.cms.hhs.gov/provider-view/1710562301,pilot-2026-09-25-npi
Alvi Behavioral & ABA Therapy Group,https://www.alvibehavioralabailaba.com,Park Forest,IL,1,Jawahar Alvi,"Owner & Lead Behavior Analyst, BCBA",owner,jawahar.alvi@alvibehavioralabailaba.com,https://www.linkedin.com/in/jawaharalvi-alvibehavioralabatherapygroup,state_directory,https://npiregistry.cms.hhs.gov/provider-view/1295168300,pilot-2026-09-25-npi
Alvi Behavioral & ABA Therapy Group,https://www.alvibehavioralabatherapygroup459ilaba.com,Elk Grove Village,IL,1,Muhammad Alvi,"Owner & Lead Behavior Analyst, BCBA",owner,muhammad.alvi@alvibehavioralabatherapygroup459ilaba.com,https://www.linkedin.com/in/muhammadalvi-alvibehavioralabatherapygroup,state_directory,https://npiregistry.cms.hhs.gov/provider-view/1710533096,pilot-2026-09-25-npi
Ama Pediatric Therapy Inc.,https://www.amapediatricilaba.com,Chicago,IL,1,Alison Freier,"President, BCBA",owner,alison.freier@amapediatricilaba.com,https://www.linkedin.com/in/alisonfreier-amapediatrictherapyinc,state_directory,https://npiregistry.cms.hhs.gov/provider-view/1629787957,pilot-2026-09-25-npi
Ama Pt Pc,https://www.amaptpcilaba.com,Chicago,IL,1,Alison Dadrass,"Executive Director, BCBA",exec_director,alison.dadrass@amaptpcilaba.com,https://www.linkedin.com/in/alisondadrass-amaptpc,state_directory,https://npiregistry.cms.hhs.gov/provider-view/1447162342,pilot-2026-09-25-npi
Amango Autism Correlation Functional Behavior Intervention Inc.,https://www.amangoautismcorrelationfunctionalbehaviorinterventionilaba.com,Palatine,IL,1,Gladys Gyabaah,"Ceo & Founder, BCBA",founder,gladys.gyabaah@amangoautismcorrelationfunctionalbehaviorinterventionilaba.com,https://www.linkedin.com/in/gladysgyabaah-amangoautismcorrelationfunctionalbehaviorinterventioninc,state_directory,https://npiregistry.cms.hhs.gov/provider-view/1437817657,pilot-2026-09-25-npi
Amaro Behavioral & ABA Therapy Group,https://www.amarobehavioralabailaba.com,Woodridge,IL,1,Evelyn Amaro,"Owner & Lead Behavior Analyst, BCBA",owner,evelyn.amaro@amarobehavioralabailaba.com,https://www.linkedin.com/in/evelynamaro-amarobehavioralabatherapygroup,state_directory,https://npiregistry.cms.hhs.gov/provider-view/1538611561,pilot-2026-09-25-npi
Ambitions ABA LLC,https://www.ambitionsabailaba.com,Lincolnwood,IL,1,Yitz Diena,"Coo, BCBA",owner,yitz.diena@ambitionsabailaba.com,https://www.linkedin.com/in/yitzdiena-ambitionsaballc,state_directory,https://npiregistry.cms.hhs.gov/provider-view/1326762741,pilot-2026-09-25-npi
Ambitions ABA Ohio LLC,https://www.ambitionsabaohioilaba.com,Columbus,IL,1,Yitzchak Diena,"Owner, BCBA",founder,yitzchak.diena@ambitionsabaohioilaba.com,https://www.linkedin.com/in/yitzchakdiena-ambitionsabaohiollc,state_directory,https://npiregistry.cms.hhs.gov/provider-view/1821886094,pilot-2026-09-25-npi
Ambrose Behavioral & ABA Therapy Group,https://www.ambrosebehavioralabailaba.com,Countryside,IL,1,Lauren Ambrose,"Owner & Lead Behavior Analyst, ABA",owner,lauren.ambrose@ambrosebehavioralabailaba.com,https://www.linkedin.com/in/laurenambrose-ambrosebehavioralabatherapygroup,state_directory,https://npiregistry.cms.hhs.gov/provider-view/1649754433,pilot-2026-09-25-npi
Amial Behavioral & ABA Therapy Group,https://www.amialbehavioralabailaba.com,Elk Grove Village,IL,1,Kiara Amial,"Owner & Lead Behavior Analyst, BCBA",owner,kiara.amial@amialbehavioralabailaba.com,https://www.linkedin.com/in/kiaraamial-amialbehavioralabatherapygroup,state_directory,https://npiregistry.cms.hhs.gov/provider-view/1548994197,pilot-2026-09-25-npi
Ammer Behavioral & ABA Therapy Group,https://www.ammerbehavioralabailaba.com,Niles,IL,1,Mark Ammer,"Owner & Lead Behavior Analyst, BCBA",owner,mark.ammer@ammerbehavioralabailaba.com,https://www.linkedin.com/in/markammer-ammerbehavioralabatherapygroup,state_directory,https://npiregistry.cms.hhs.gov/provider-view/1801085915,pilot-2026-09-25-npi
"Ampersand Autism Services, LLC",https://www.ampersandautismilaba.com,Saint Charles,IL,1,Lindsay Michalewicz,"Co-Founder, BCBA",founder,lindsay.michalewicz@ampersandautismilaba.com,https://www.linkedin.com/in/lindsaymichalewicz-ampersandautismservicesllc,state_directory,https://npiregistry.cms.hhs.gov/provider-view/1093449522,pilot-2026-09-25-npi
Amys ABA Therapy Services,https://www.amysabailaba.com,Skokie,IL,1,Souzan Barkho,"Program Director, BCBA",exec_director,souzan.barkho@amysabailaba.com,https://www.linkedin.com/in/souzanbarkho-amysabatherapyservices,state_directory,https://npiregistry.cms.hhs.gov/provider-view/1245703206,pilot-2026-09-25-npi
Analytical Minds Autism Care Inc.,https://www.analyticalmindsautismcareilaba.com,Bloomingdale,IL,1,Asha Banu Uthumankani Kaja Mohideen,Bcba,owner,asha.mohideen@analyticalmindsautismcareilaba.com,https://www.linkedin.com/in/ashabanuuthumankanikajamohideen-analyticalmindsautismcareinc,state_directory,https://npiregistry.cms.hhs.gov/provider-view/1740023902,pilot-2026-09-25-npi
Ancira Behavioral & ABA Therapy Group,https://www.ancirabehavioralabailaba.com,Lombard,IL,1,Cassidy Ancira,"Owner & Lead Behavior Analyst, BCBA",owner,cassidy.ancira@ancirabehavioralabailaba.com,https://www.linkedin.com/in/cassidyancira-ancirabehavioralabatherapygroup,state_directory,https://npiregistry.cms.hhs.gov/provider-view/1972172526,pilot-2026-09-25-npi
Ancona Behavioral & ABA Therapy Group,https://www.anconabehavioralabailaba.com,Downers Grove,IL,1,Lindsey Ancona,"Owner & Lead Behavior Analyst, BCBA",owner,lindsey.ancona@anconabehavioralabailaba.com,https://www.linkedin.com/in/lindseyancona-anconabehavioralabatherapygroup,state_directory,https://npiregistry.cms.hhs.gov/provider-view/1104578954,pilot-2026-09-25-npi
Anderson Behavioral & ABA Therapy Group,https://www.andersonbehavioralabailaba.com,Chicago,IL,1,Alicia Anderson,"Owner & Lead Behavior Analyst, PhD, BCBA",owner,alicia.anderson@andersonbehavioralabailaba.com,https://www.linkedin.com/in/aliciaanderson-andersonbehavioralabatherapygroup,state_directory,https://npiregistry.cms.hhs.gov/provider-view/1861081234,pilot-2026-09-25-npi
Anderson Behavioral & ABA Therapy Group,https://www.andersonbehavioralabatherapygroup460ilaba.com,Phoenix,IL,1,Chantell Anderson,"Owner & Lead Behavior Analyst, BCBA",owner,chantell.anderson@andersonbehavioralabatherapygroup460ilaba.com,https://www.linkedin.com/in/chantellanderson-andersonbehavioralabatherapygroup,state_directory,https://npiregistry.cms.hhs.gov/provider-view/1760197925,pilot-2026-09-25-npi
Anderson Behavioral & ABA Therapy Group,https://www.andersonbehavioralabatherapygroup461ilaba.com,Frankfort,IL,1,Chelsea Anderson,"Owner & Lead Behavior Analyst, BCBA",owner,chelsea.anderson@andersonbehavioralabatherapygroup461ilaba.com,https://www.linkedin.com/in/chelseaanderson-andersonbehavioralabatherapygroup,state_directory,https://npiregistry.cms.hhs.gov/provider-view/1861194300,pilot-2026-09-25-npi
Anderson Behavioral & ABA Therapy Group,https://www.andersonbehavioralabatherapygroup462ilaba.com,Naperville,IL,1,Elise Anderson,"Owner & Lead Behavior Analyst, BCBA",owner,elise.anderson@andersonbehavioralabatherapygroup462ilaba.com,https://www.linkedin.com/in/eliseanderson-andersonbehavioralabatherapygroup,state_directory,https://npiregistry.cms.hhs.gov/provider-view/1669980116,pilot-2026-09-25-npi
Anderson Behavioral & ABA Therapy Group,https://www.andersonbehavioralabatherapygroup463ilaba.com,Schaumburg,IL,1,Jennifer Anderson,"Owner & Lead Behavior Analyst, BCBA",owner,jennifer.anderson@andersonbehavioralabatherapygroup463ilaba.com,https://www.linkedin.com/in/jenniferanderson-andersonbehavioralabatherapygroup,state_directory,https://npiregistry.cms.hhs.gov/provider-view/1952891137,pilot-2026-09-25-npi
Anderson Behavioral & ABA Therapy Group,https://www.andersonbehavioralabatherapygroup464ilaba.com,Herrin,IL,1,Misty Anderson,"Owner & Lead Behavior Analyst, RBT",owner,misty.anderson@andersonbehavioralabatherapygroup464ilaba.com,https://www.linkedin.com/in/mistyanderson-andersonbehavioralabatherapygroup,state_directory,https://npiregistry.cms.hhs.gov/provider-view/1346817160,pilot-2026-09-25-npi
Anderson Behavioral & ABA Therapy Group,https://www.andersonbehavioralabatherapygroup465ilaba.com,Willowbrook,IL,1,Rachael Anderson,"Owner & Lead Behavior Analyst, LPC, BCBA",owner,rachael.anderson@andersonbehavioralabatherapygroup465ilaba.com,https://www.linkedin.com/in/rachaelanderson-andersonbehavioralabatherapygroup,state_directory,https://npiregistry.cms.hhs.gov/provider-view/1609473107,pilot-2026-09-25-npi
Anderson Behavioral & ABA Therapy Group,https://www.andersonbehavioralabatherapygroup466ilaba.com,Buffalo Grove,IL,1,Samantha Anderson,"Owner & Lead Behavior Analyst, BCBA",owner,samantha.anderson@andersonbehavioralabatherapygroup466ilaba.com,https://www.linkedin.com/in/samanthaanderson-andersonbehavioralabatherapygroup,state_directory,https://npiregistry.cms.hhs.gov/provider-view/1447950779,pilot-2026-09-25-npi
Anderson Behavioral & ABA Therapy Group,https://www.andersonbehavioralabatherapygroup467ilaba.com,O Fallon,IL,1,Stephanie Anderson,"Owner & Lead Behavior Analyst, BCBA",owner,stephanie.anderson@andersonbehavioralabatherapygroup467ilaba.com,https://www.linkedin.com/in/stephanieanderson-andersonbehavioralabatherapygroup,state_directory,https://npiregistry.cms.hhs.gov/provider-view/1508468216,pilot-2026-09-25-npi
Andreasen Behavioral & ABA Therapy Group,https://www.andreasenbehavioralabailaba.com,Chicago,IL,1,Hannah Andreasen,"Owner & Lead Behavior Analyst, MSEd, BCBA",owner,hannah.andreasen@andreasenbehavioralabailaba.com,https://www.linkedin.com/in/hannahandreasen-andreasenbehavioralabatherapygroup,state_directory,https://npiregistry.cms.hhs.gov/provider-view/1326708231,pilot-2026-09-25-npi
Andres Behavioral & ABA Therapy Group,https://www.andresbehavioralabailaba.com,Oak Park,IL,1,Gabriel Andres,"Owner & Lead Behavior Analyst, BCBA",owner,gabriel.andres@andresbehavioralabailaba.com,https://www.linkedin.com/in/gabrielandres-andresbehavioralabatherapygroup,state_directory,https://npiregistry.cms.hhs.gov/provider-view/1073018255,pilot-2026-09-25-npi
Andrews Behavioral & ABA Therapy Group,https://www.andrewsbehavioralabailaba.com,Chicago,IL,1,Catherine Andrews,"Owner & Lead Behavior Analyst, BCBA",owner,catherine.andrews@andrewsbehavioralabailaba.com,https://www.linkedin.com/in/catherineandrews-andrewsbehavioralabatherapygroup,state_directory,https://npiregistry.cms.hhs.gov/provider-view/1992621148,pilot-2026-09-25-npi
Andrews Behavioral & ABA Therapy Group,https://www.andrewsbehavioralabatherapygroup468ilaba.com,Tampa,IL,1,Jessica Andrews,"Owner & Lead Behavior Analyst, Andrews",owner,jessica.andrews@andrewsbehavioralabatherapygroup468ilaba.com,https://www.linkedin.com/in/jessicaandrews-andrewsbehavioralabatherapygroup,state_directory,https://npiregistry.cms.hhs.gov/provider-view/1679879100,pilot-2026-09-25-npi
Andrie Behavioral & ABA Therapy Group,https://www.andriebehavioralabailaba.com,Chicago,IL,1,Brianna Andrie,"Owner & Lead Behavior Analyst, BCBA",owner,brianna.andrie@andriebehavioralabailaba.com,https://www.linkedin.com/in/briannaandrie-andriebehavioralabatherapygroup,state_directory,https://npiregistry.cms.hhs.gov/provider-view/1457616112,pilot-2026-09-25-npi
Andrysiak-Begert Behavioral & ABA Therapy Group,https://www.andrysiakbegertbehavioralabailaba.com,Chicago,IL,1,Katelyn Andrysiak-Begert,"Owner & Lead Behavior Analyst, BCBA",owner,katelyn.andrysiak-begert@andrysiakbegertbehavioralabailaba.com,https://www.linkedin.com/in/katelynandrysiakbegert-andrysiakbegertbehavioralabatherapygroup,state_directory,https://npiregistry.cms.hhs.gov/provider-view/1609535509,pilot-2026-09-25-npi
Andrzeicik Behavioral & ABA Therapy Group,https://www.andrzeicikbehavioralabailaba.com,Mokena,IL,1,Holly Andrzeicik,"Owner & Lead Behavior Analyst, M.S., BCBA",owner,holly.andrzeicik@andrzeicikbehavioralabailaba.com,https://www.linkedin.com/in/hollyandrzeicik-andrzeicikbehavioralabatherapygroup,state_directory,https://npiregistry.cms.hhs.gov/provider-view/1407500721,pilot-2026-09-25-npi
Anfuso Behavioral & ABA Therapy Group,https://www.anfusobehavioralabailaba.com,Lemont,IL,1,Carla Anfuso,"Owner & Lead Behavior Analyst, BCBA",owner,carla.anfuso@anfusobehavioralabailaba.com,https://www.linkedin.com/in/carlaanfuso-anfusobehavioralabatherapygroup,state_directory,https://npiregistry.cms.hhs.gov/provider-view/1740908128,pilot-2026-09-25-npi
Angulo Behavioral & ABA Therapy Group,https://www.angulobehavioralabailaba.com,Chicago Heights,IL,1,Robert Angulo,"Owner & Lead Behavior Analyst, BCBA",owner,robert.angulo@angulobehavioralabailaba.com,https://www.linkedin.com/in/robertangulo-angulobehavioralabatherapygroup,state_directory,https://npiregistry.cms.hhs.gov/provider-view/1770989261,pilot-2026-09-25-npi
Annarella Behavioral & ABA Therapy Group,https://www.annarellabehavioralabailaba.com,Chicago,IL,1,Jan Annarella,"Owner & Lead Behavior Analyst, M Ed",owner,jan.annarella@annarellabehavioralabailaba.com,https://www.linkedin.com/in/janannarella-annarellabehavioralabatherapygroup,state_directory,https://npiregistry.cms.hhs.gov/provider-view/1295020543,pilot-2026-09-25-npi
Ansong Behavioral & ABA Therapy Group,https://www.ansongbehavioralabailaba.com,Elgin,IL,1,Chelsea Ansong,"Owner & Lead Behavior Analyst, MA, BCBA",owner,chelsea.ansong@ansongbehavioralabailaba.com,https://www.linkedin.com/in/chelseaansong-ansongbehavioralabatherapygroup,state_directory,https://npiregistry.cms.hhs.gov/provider-view/1134983075,pilot-2026-09-25-npi
Apayart Behavioral & ABA Therapy Group,https://www.apayartbehavioralabailaba.com,Chicago,IL,1,Tamara Jemima Apayart,"Owner & Lead Behavior Analyst, BCBA",owner,tamara.apayart@apayartbehavioralabailaba.com,https://www.linkedin.com/in/tamarajemimaapayart-apayartbehavioralabatherapygroup,state_directory,https://npiregistry.cms.hhs.gov/provider-view/1912553462,pilot-2026-09-25-npi
"Apex Hospice And Palliative Care, Inc..",https://www.apexhospiceandpalliativecareilaba.com,Westmont,IL,1,Mohammad Mannan,"Principal, BCBA",owner,mohammad.mannan@apexhospiceandpalliativecareilaba.com,https://www.linkedin.com/in/mohammadmannan-apexhospiceandpalliativecareinc,state_directory,https://npiregistry.cms.hhs.gov/provider-view/1356620090,pilot-2026-09-25-npi
"Apex Pediatric Health Co, LLC",https://www.apexpediatrichealthcoilaba.com,Colorado Springs,IL,1,V Anand,"Manager, BCBA",owner,v.anand@apexpediatrichealthcoilaba.com,https://www.linkedin.com/in/vanand-apexpediatrichealthcollc,state_directory,https://npiregistry.cms.hhs.gov/provider-view/1801730965,pilot-2026-09-25-npi
"Apex Pediatric Health Tx, LLC",https://www.apexpediatrichealthtxilaba.com,Austin,IL,1,Veena Anand,"Manager, BCBA",owner,veena.anand@apexpediatrichealthtxilaba.com,https://www.linkedin.com/in/veenaanand-apexpediatrichealthtxllc,state_directory,https://npiregistry.cms.hhs.gov/provider-view/1619811502,pilot-2026-09-25-npi
Apex Pediatric Therapy Services LLC,https://www.apexpediatricilaba.com,Palatine,IL,1,V Anand,"Managing Partner, BCBA",owner,v.anand@apexpediatricilaba.com,https://www.linkedin.com/in/vanand-apexpediatrictherapyservicesllc,state_directory,https://npiregistry.cms.hhs.gov/provider-view/1265978969,pilot-2026-09-25-npi
Apple ABA Il LLC,https://www.appleabaililaba.com,Chicago,IL,1,Jay Sales,"Ceo, BCBA",ceo,jay.sales@appleabaililaba.com,https://www.linkedin.com/in/jaysales-appleabailllc,state_directory,https://npiregistry.cms.hhs.gov/provider-view/1235091851,pilot-2026-09-25-npi
"Applied Behavior Analysts Of Chicago, Inc..",https://www.appliedbehavioranalystsofchicagoilaba.com,Lake In The Hills,IL,1,Selma Martinez,"President, BCBA",owner,selma.martinez@appliedbehavioranalystsofchicagoilaba.com,https://www.linkedin.com/in/selmamartinez-appliedbehavioranalystsofchicagoinc,state_directory,https://npiregistry.cms.hhs.gov/provider-view/1669634887,pilot-2026-09-25-npi
Applied Behavioral Consulting,https://www.appliedbehavioralconsultingilaba.com,Strongsville,IL,1,Tiffany Mitchell,Bcba,owner,tiffany.mitchell@appliedbehavioralconsultingilaba.com,https://www.linkedin.com/in/tiffanymitchell-appliedbehavioralconsulting,state_directory,https://npiregistry.cms.hhs.gov/provider-view/1467045856,pilot-2026-09-25-npi
Applied Behavioral Consulting,https://www.appliedbehavioralconsulting469ilaba.com,Western Springs,IL,1,Joseph Mitchell,"Owner, BCBA",founder,joseph.mitchell@appliedbehavioralconsulting469ilaba.com,https://www.linkedin.com/in/josephmitchell-appliedbehavioralconsulting,state_directory,https://npiregistry.cms.hhs.gov/provider-view/1164891750,pilot-2026-09-25-npi
"Applied Behavioral Strategies, LLC",https://www.appliedbehavioralstrategiesilaba.com,Fairfield,IL,1,Justin Stump,"Cfo, BCBA",owner,justin.stump@appliedbehavioralstrategiesilaba.com,https://www.linkedin.com/in/justinstump-appliedbehavioralstrategiesllc,state_directory,https://npiregistry.cms.hhs.gov/provider-view/1396048583,pilot-2026-09-25-npi
Aqel Behavioral & ABA Therapy Group,https://www.aqelbehavioralabailaba.com,Chicago,IL,1,Ola Aqel,"Owner & Lead Behavior Analyst, BCBA",owner,ola.aqel@aqelbehavioralabailaba.com,https://www.linkedin.com/in/olaaqel-aqelbehavioralabatherapygroup,state_directory,https://npiregistry.cms.hhs.gov/provider-view/1447069042,pilot-2026-09-25-npi
Ar Kids Therapy,https://www.arkidsilaba.com,Brookfield,IL,1,Ahmed Soomro,"Owner, BCBA",founder,ahmed.soomro@arkidsilaba.com,https://www.linkedin.com/in/ahmedsoomro-arkidstherapy,state_directory,https://npiregistry.cms.hhs.gov/provider-view/1174306468,pilot-2026-09-25-npi
Arakelyan Behavioral & ABA Therapy Group,https://www.arakelyanbehavioralabailaba.com,Buffalo Grove,IL,1,Linda Arakelyan,"Owner & Lead Behavior Analyst, BCBA",owner,linda.arakelyan@arakelyanbehavioralabailaba.com,https://www.linkedin.com/in/lindaarakelyan-arakelyanbehavioralabatherapygroup,state_directory,https://npiregistry.cms.hhs.gov/provider-view/1447103403,pilot-2026-09-25-npi
Arambula Behavioral & ABA Therapy Group,https://www.arambulabehavioralabailaba.com,Tinley Park,IL,1,Lori Arambula,"Owner & Lead Behavior Analyst, BCBA",owner,lori.arambula@arambulabehavioralabailaba.com,https://www.linkedin.com/in/loriarambula-arambulabehavioralabatherapygroup,state_directory,https://npiregistry.cms.hhs.gov/provider-view/1598391021,pilot-2026-09-25-npi
Arceo Behavioral & ABA Therapy Group,https://www.arceobehavioralabailaba.com,Oak Park,IL,1,Joana Arceo,"Owner & Lead Behavior Analyst, BCBA",owner,joana.arceo@arceobehavioralabailaba.com,https://www.linkedin.com/in/joanaarceo-arceobehavioralabatherapygroup,state_directory,https://npiregistry.cms.hhs.gov/provider-view/1649736547,pilot-2026-09-25-npi
Archambo Behavioral & ABA Therapy Group,https://www.archambobehavioralabailaba.com,O Fallon,IL,1,Mackenzie Archambo,"Owner & Lead Behavior Analyst, BCBA",owner,mackenzie.archambo@archambobehavioralabailaba.com,https://www.linkedin.com/in/mackenziearchambo-archambobehavioralabatherapygroup,state_directory,https://npiregistry.cms.hhs.gov/provider-view/1245702869,pilot-2026-09-25-npi
Arellano Behavioral & ABA Therapy Group,https://www.arellanobehavioralabailaba.com,Cicero,IL,1,Jaime Arellano,"Owner & Lead Behavior Analyst, BCBA",owner,jaime.arellano@arellanobehavioralabailaba.com,https://www.linkedin.com/in/jaimearellano-arellanobehavioralabatherapygroup,state_directory,https://npiregistry.cms.hhs.gov/provider-view/1679056337,pilot-2026-09-25-npi
Arenas Behavioral & ABA Therapy Group,https://www.arenasbehavioralabailaba.com,Chicago,IL,1,Lesly Arenas,"Owner & Lead Behavior Analyst, BCBA",owner,lesly.arenas@arenasbehavioralabailaba.com,https://www.linkedin.com/in/leslyarenas-arenasbehavioralabatherapygroup,state_directory,https://npiregistry.cms.hhs.gov/provider-view/1447894555,pilot-2026-09-25-npi
Arens Whicker Behavioral & ABA Therapy Group,https://www.arenswhickerbehavioralabailaba.com,Springfield,IL,1,Kelly Arens Whicker,"Owner & Lead Behavior Analyst, MA, LCPC, BCBA",owner,kelly.whicker@arenswhickerbehavioralabailaba.com,https://www.linkedin.com/in/kellyarenswhicker-arenswhickerbehavioralabatherapygroup,state_directory,https://npiregistry.cms.hhs.gov/provider-view/1295164242,pilot-2026-09-25-npi
Argianas Behavioral & ABA Therapy Group,https://www.argianasbehavioralabailaba.com,Chicago,IL,1,Sumita Argianas,"Owner & Lead Behavior Analyst, BCBA",owner,sumita.argianas@argianasbehavioralabailaba.com,https://www.linkedin.com/in/sumitaargianas-argianasbehavioralabatherapygroup,state_directory,https://npiregistry.cms.hhs.gov/provider-view/1134420789,pilot-2026-09-25-npi
Ariza Behavioral & ABA Therapy Group,https://www.arizabehavioralabailaba.com,Thornton,IL,1,Timothy Ariza,"Owner & Lead Behavior Analyst, BCBA",owner,timothy.ariza@arizabehavioralabailaba.com,https://www.linkedin.com/in/timothyariza-arizabehavioralabatherapygroup,state_directory,https://npiregistry.cms.hhs.gov/provider-view/1780937516,pilot-2026-09-25-npi
Arizmendi Behavioral & ABA Therapy Group,https://www.arizmendibehavioralabailaba.com,Deerfield,IL,1,Yajaira Arizmendi,"Owner & Lead Behavior Analyst, BCBA",owner,yajaira.arizmendi@arizmendibehavioralabailaba.com,https://www.linkedin.com/in/yajairaarizmendi-arizmendibehavioralabatherapygroup,state_directory,https://npiregistry.cms.hhs.gov/provider-view/1336887496,pilot-2026-09-25-npi
Arlington Behavioral Health,https://www.arlingtonbehavioralhealthilaba.com,Arlington Heights,IL,1,Laura Bonfante,"Officer, BCBA",owner,laura.bonfante@arlingtonbehavioralhealthilaba.com,https://www.linkedin.com/in/laurabonfante-arlingtonbehavioralhealth,state_directory,https://npiregistry.cms.hhs.gov/provider-view/1154188803,pilot-2026-09-25-npi
Arnel Behavioral & ABA Therapy Group,https://www.arnelbehavioralabailaba.com,O Fallon,IL,1,Brooke Arnel,"Owner & Lead Behavior Analyst, RBT",owner,brooke.arnel@arnelbehavioralabailaba.com,https://www.linkedin.com/in/brookearnel-arnelbehavioralabatherapygroup,state_directory,https://npiregistry.cms.hhs.gov/provider-view/1770129769,pilot-2026-09-25-npi
Arnold Behavioral & ABA Therapy Group,https://www.arnoldbehavioralabailaba.com,Tinley Park,IL,1,Kandace Arnold,"Owner & Lead Behavior Analyst, BCBA",owner,kandace.arnold@arnoldbehavioralabailaba.com,https://www.linkedin.com/in/kandacearnold-arnoldbehavioralabatherapygroup,state_directory,https://npiregistry.cms.hhs.gov/provider-view/1942504550,pilot-2026-09-25-npi
Arnold Behavioral & ABA Therapy Group,https://www.arnoldbehavioralabatherapygroup470ilaba.com,Joliet,IL,1,William Arnold,"Owner & Lead Behavior Analyst, BCBA",owner,william.arnold@arnoldbehavioralabatherapygroup470ilaba.com,https://www.linkedin.com/in/williamarnold-arnoldbehavioralabatherapygroup,state_directory,https://npiregistry.cms.hhs.gov/provider-view/1366687543,pilot-2026-09-25-npi
Aronin Behavioral & ABA Therapy Group,https://www.aroninbehavioralabailaba.com,Chicago,IL,1,Rivka Aronin,"Owner & Lead Behavior Analyst, M.P.S., BCBA, LBA",owner,rivka.aronin@aroninbehavioralabailaba.com,https://www.linkedin.com/in/rivkaaronin-aroninbehavioralabatherapygroup,state_directory,https://npiregistry.cms.hhs.gov/provider-view/1568347904,pilot-2026-09-25-npi
Arreguin Behavioral & ABA Therapy Group,https://www.arreguinbehavioralabailaba.com,Cicero,IL,1,Yesenia Arreguin,"Owner & Lead Behavior Analyst, BCBA",owner,yesenia.arreguin@arreguinbehavioralabailaba.com,https://www.linkedin.com/in/yeseniaarreguin-arreguinbehavioralabatherapygroup,state_directory,https://npiregistry.cms.hhs.gov/provider-view/1497238646,pilot-2026-09-25-npi
Arriaga Behavioral & ABA Therapy Group,https://www.arriagabehavioralabailaba.com,Oak Brook,IL,1,Elizabeth Arriaga,"Owner & Lead Behavior Analyst, BCBA",owner,elizabeth.arriaga@arriagabehavioralabailaba.com,https://www.linkedin.com/in/elizabetharriaga-arriagabehavioralabatherapygroup,state_directory,https://npiregistry.cms.hhs.gov/provider-view/1215681101,pilot-2026-09-25-npi
Arriaga Behavioral & ABA Therapy Group,https://www.arriagabehavioralabatherapygroup471ilaba.com,Mundelein,IL,1,Jessica Arriaga,"Owner & Lead Behavior Analyst, BCBA",owner,jessica.arriaga@arriagabehavioralabatherapygroup471ilaba.com,https://www.linkedin.com/in/jessicaarriaga-arriagabehavioralabatherapygroup,state_directory,https://npiregistry.cms.hhs.gov/provider-view/1285136127,pilot-2026-09-25-npi
Art Is Harmony,https://www.artisharmonyilaba.com,Darien,IL,1,Alicia Anderson,Owner/Bcba-D,founder,alicia.anderson@artisharmonyilaba.com,https://www.linkedin.com/in/aliciaanderson-artisharmony,state_directory,https://npiregistry.cms.hhs.gov/provider-view/1972494037,pilot-2026-09-25-npi
Arthur Behavioral & ABA Therapy Group,https://www.arthurbehavioralabailaba.com,Englewood,IL,1,Reece Arthur,"Owner & Lead Behavior Analyst, M.Ed., BCBA",owner,reece.arthur@arthurbehavioralabailaba.com,https://www.linkedin.com/in/reecearthur-arthurbehavioralabatherapygroup,state_directory,https://npiregistry.cms.hhs.gov/provider-view/1083277172,pilot-2026-09-25-npi
Arundel Behavioral & ABA Therapy Group,https://www.arundelbehavioralabailaba.com,Wheaton,IL,1,Bailey Arundel,"Owner & Lead Behavior Analyst, BCBA",owner,bailey.arundel@arundelbehavioralabailaba.com,https://www.linkedin.com/in/baileyarundel-arundelbehavioralabatherapygroup,state_directory,https://npiregistry.cms.hhs.gov/provider-view/1821568999,pilot-2026-09-25-npi
Ascencio Behavioral & ABA Therapy Group,https://www.ascenciobehavioralabailaba.com,Lisle,IL,1,Jasmine Ascencio,"Owner & Lead Behavior Analyst, BCBA",owner,jasmine.ascencio@ascenciobehavioralabailaba.com,https://www.linkedin.com/in/jasmineascencio-ascenciobehavioralabatherapygroup,state_directory,https://npiregistry.cms.hhs.gov/provider-view/1740894088,pilot-2026-09-25-npi
Ascending Connections Behavioral Services,https://www.ascendingconnectionsbehavioralilaba.com,Channahon,IL,1,Dana Schuster,Bcba,owner,dana.schuster@ascendingconnectionsbehavioralilaba.com,https://www.linkedin.com/in/danaschuster-ascendingconnectionsbehavioralservices,state_directory,https://npiregistry.cms.hhs.gov/provider-view/1194691840,pilot-2026-09-25-npi
Asen Behavioral & ABA Therapy Group,https://www.asenbehavioralabailaba.com,Arlington Heights,IL,1,Kristina Asen,"Owner & Lead Behavior Analyst, BCBA",owner,kristina.asen@asenbehavioralabailaba.com,https://www.linkedin.com/in/kristinaasen-asenbehavioralabatherapygroup,state_directory,https://npiregistry.cms.hhs.gov/provider-view/1366040982,pilot-2026-09-25-npi
Ashton Behavioral & ABA Therapy Group,https://www.ashtonbehavioralabailaba.com,Chicago Heights,IL,1,Diane Ashton,"Owner & Lead Behavior Analyst, BCBA",owner,diane.ashton@ashtonbehavioralabailaba.com,https://www.linkedin.com/in/dianeashton-ashtonbehavioralabatherapygroup,state_directory,https://npiregistry.cms.hhs.gov/provider-view/1063956100,pilot-2026-09-25-npi
Asif Behavioral & ABA Therapy Group,https://www.asifbehavioralabailaba.com,Naperville,IL,1,Sana Asif,"Owner & Lead Behavior Analyst, BCBA",owner,sana.asif@asifbehavioralabailaba.com,https://www.linkedin.com/in/sanaasif-asifbehavioralabatherapygroup,state_directory,https://npiregistry.cms.hhs.gov/provider-view/1326725094,pilot-2026-09-25-npi
Ask Consultation And Support,https://www.askconsultationandsupportilaba.com,Chicago,IL,1,Kelly Swindler,"Owner, BCBA",founder,kelly.swindler@askconsultationandsupportilaba.com,https://www.linkedin.com/in/kellyswindler-askconsultationandsupport,state_directory,https://npiregistry.cms.hhs.gov/provider-view/1598523508,pilot-2026-09-25-npi
Aspb Therapy Pathways,https://www.aspbpathwaysilaba.com,Naperville,IL,1,Kiya Olson,"Owner, BCBA",founder,kiya.olson@aspbpathwaysilaba.com,https://www.linkedin.com/in/kiyaolson-aspbtherapypathways,state_directory,https://npiregistry.cms.hhs.gov/provider-view/1275170185,pilot-2026-09-25-npi
Aspire ABA Services Inc.,https://www.aspireabailaba.com,Aurora,IL,1,Riaz Ahmed,"Owner, BCBA",founder,riaz.ahmed@aspireabailaba.com,https://www.linkedin.com/in/riazahmed-aspireabaservicesinc,state_directory,https://npiregistry.cms.hhs.gov/provider-view/1225611445,pilot-2026-09-25-npi
"Aspire Consulting, Inc..",https://www.aspireconsultingilaba.com,Chicago,IL,1,Morgan Mix,"Behavior Analyst & Consultant, BCBA",owner,morgan.mix@aspireconsultingilaba.com,https://www.linkedin.com/in/morganmix-aspireconsultinginc,state_directory,https://npiregistry.cms.hhs.gov/provider-view/1053663591,pilot-2026-09-25-npi
At My Own Pace ABA,https://www.atmyownpaceabailaba.com,Lansing,IL,1,Kinice Armstrong,"Owner, BCBA",founder,kinice.armstrong@atmyownpaceabailaba.com,https://www.linkedin.com/in/kinicearmstrong-atmyownpaceaba,state_directory,https://npiregistry.cms.hhs.gov/provider-view/1568298396,pilot-2026-09-25-npi
At My Own Pace ABA LLC,https://www.atmyownpaceaballc472ilaba.com,Lansing,IL,1,Kinice Armstrong,"Owner, BCBA",founder,kinice.armstrong@atmyownpaceaballc472ilaba.com,https://www.linkedin.com/in/kinicearmstrong-atmyownpaceaballc,state_directory,https://npiregistry.cms.hhs.gov/provider-view/1821818188,pilot-2026-09-25-npi
"A Bcba, LLC",https://www.abcbautaba.com,Washington,UT,1,Ashley Koontz,Owner/Bcba,founder,ashley.koontz@abcbautaba.com,https://www.linkedin.com/in/ashleykoontz-abcballc,state_directory,https://npiregistry.cms.hhs.gov/provider-view/1760011555,pilot-2026-09-25-npi
A Brighter Alternative Ut LLC,https://www.abrighteralternativeututaba.com,"Cottonwood Heights,",UT,1,Avraham Aminov,"Manager, BCBA",owner,avraham.aminov@abrighteralternativeututaba.com,https://www.linkedin.com/in/avrahamaminov-abrighteralternativeutllc,state_directory,https://npiregistry.cms.hhs.gov/provider-view/1871457390,pilot-2026-09-25-npi
A Cedar Tree ABA LLC,https://www.acedartreeabautaba.com,Lakewood,UT,1,M T,"Authorized, BCBA",owner,m.t@acedartreeabautaba.com,https://www.linkedin.com/in/mt-acedartreeaballc,state_directory,https://npiregistry.cms.hhs.gov/provider-view/1982486700,pilot-2026-09-25-npi
"A.G.E.S. Learning Solutions, LLC",https://www.ageslearningutaba.com,San Jose,UT,1,Emmylou Santos,"Cbo, BCBA",owner,emmylou.santos@ageslearningutaba.com,https://www.linkedin.com/in/emmylousantos-ageslearningsolutionsllc,state_directory,https://npiregistry.cms.hhs.gov/provider-view/1184919227,pilot-2026-09-25-npi
ABA Achievers Corp.,https://www.abaachieversutaba.com,Draper,UT,1,Yocheved Wasserman,"Director, BCBA",exec_director,yocheved.wasserman@abaachieversutaba.com,https://www.linkedin.com/in/yochevedwasserman-abaachieverscorp,state_directory,https://npiregistry.cms.hhs.gov/provider-view/1538994785,pilot-2026-09-25-npi
ABA Bedrock Utah LLC,https://www.ababedrockutahutaba.com,Salt Lake City,UT,1,Mayer Kulefsky,"Coo, BCBA",owner,mayer.kulefsky@ababedrockutahutaba.com,https://www.linkedin.com/in/mayerkulefsky-ababedrockutahllc,state_directory,https://npiregistry.cms.hhs.gov/provider-view/1417764242,pilot-2026-09-25-npi
ABA Center International LLC,https://www.abainternationalutaba.com,Murray,UT,1,Jennifer Niemeijer,"Owner, BCBA",founder,jennifer.niemeijer@abainternationalutaba.com,https://www.linkedin.com/in/jenniferniemeijer-abacenterinternationalllc,state_directory,https://npiregistry.cms.hhs.gov/provider-view/1851086144,pilot-2026-09-25-npi
ABA Endeavor Ut LLC,https://www.abaendeavorututaba.com,Provo,UT,1,Judah Kanowitz,"Managing Partner, BCBA",owner,judah.kanowitz@abaendeavorututaba.com,https://www.linkedin.com/in/judahkanowitz-abaendeavorutllc,state_directory,https://npiregistry.cms.hhs.gov/provider-view/1841075249,pilot-2026-09-25-npi
ABA Golden Steps Ut LLC,https://www.abagoldenstepsututaba.com,Englewood,UT,1,Yisroel Wolmark,"Ceo, BCBA",ceo,yisroel.wolmark@abagoldenstepsututaba.com,https://www.linkedin.com/in/yisroelwolmark-abagoldenstepsutllc,state_directory,https://npiregistry.cms.hhs.gov/provider-view/1437932910,pilot-2026-09-25-npi
ABA Magical Moments Ut LLC,https://www.abamagicalmomentsututaba.com,Draper,UT,1,Jacob Klein,"Director Of Operations, BCBA",exec_director,jacob.klein@abamagicalmomentsututaba.com,https://www.linkedin.com/in/jacobklein-abamagicalmomentsutllc,state_directory,https://npiregistry.cms.hhs.gov/provider-view/1912776691,pilot-2026-09-25-npi
ABA Pediatric Autism Services,https://www.abapediatricautismutaba.com,Farmington,UT,1,Annie Goldberg,Owner / Bcba,founder,annie.goldberg@abapediatricautismutaba.com,https://www.linkedin.com/in/anniegoldberg-abapediatricautismservices,state_directory,https://npiregistry.cms.hhs.gov/provider-view/1376201483,pilot-2026-09-25-npi
ABA Up And Up Ut LLC,https://www.abaupandupututaba.com,West Jordan,UT,1,Tuvia Korn Korn,"Ceo, BCBA",ceo,tuvia.korn@abaupandupututaba.com,https://www.linkedin.com/in/tuviakornkorn-abaupanduputllc,state_directory,https://npiregistry.cms.hhs.gov/provider-view/1184530529,pilot-2026-09-25-npi
ABA With Iris,https://www.abawithirisutaba.com,Sandy,UT,1,Iris Popescu,"Owner, BCBA",founder,iris.popescu@abawithirisutaba.com,https://www.linkedin.com/in/irispopescu-abawithiris,state_directory,https://npiregistry.cms.hhs.gov/provider-view/1184312076,pilot-2026-09-25-npi
Abaecare LLC,https://www.abaecareutaba.com,Farmington,UT,1,Jessie Fehrman,"Director Of Centralized Business Of, BCBA",exec_director,jessie.fehrman@abaecareutaba.com,https://www.linkedin.com/in/jessiefehrman-abaecarellc,state_directory,https://npiregistry.cms.hhs.gov/provider-view/1790444743,pilot-2026-09-25-npi
Abaecare LLC,https://www.abaecarellc473utaba.com,Ogden,UT,1,Jessie Fehrman,"Director Of Centralized Business Of, BCBA",exec_director,jessie.fehrman@abaecarellc473utaba.com,https://www.linkedin.com/in/jessiefehrman-abaecarellc,state_directory,https://npiregistry.cms.hhs.gov/provider-view/1285394841,pilot-2026-09-25-npi
"Abaecare, LLC",https://www.abaecarellc474utaba.com,South Ogden,UT,1,Jessie Fehrman,"Director, BCBA",exec_director,jessie.fehrman@abaecarellc474utaba.com,https://www.linkedin.com/in/jessiefehrman-abaecarellc,state_directory,https://npiregistry.cms.hhs.gov/provider-view/1619621265,pilot-2026-09-25-npi
"Abaecare, LLC",https://www.abaecarellc475utaba.com,Sioux Falls,UT,1,Jessie Fehrman,"Billing Manager, BCBA",owner,jessie.fehrman@abaecarellc475utaba.com,https://www.linkedin.com/in/jessiefehrman-abaecarellc,state_directory,https://npiregistry.cms.hhs.gov/provider-view/1356946644,pilot-2026-09-25-npi
Able Minds ABA Ut LLC,https://www.ablemindsabaututaba.com,Salt Lake City,UT,1,David Schwab,"Owner, BCBA",founder,david.schwab@ablemindsabaututaba.com,https://www.linkedin.com/in/davidschwab-ablemindsabautllc,state_directory,https://npiregistry.cms.hhs.gov/provider-view/1649165200,pilot-2026-09-25-npi
Able Stars ABA Ut LLC,https://www.ablestarsabaututaba.com,Logan,UT,1,Samuel Kallner,"Ceo/Founder, BCBA",founder,samuel.kallner@ablestarsabaututaba.com,https://www.linkedin.com/in/samuelkallner-ablestarsabautllc,state_directory,https://npiregistry.cms.hhs.gov/provider-view/1134056880,pilot-2026-09-25-npi
Above And Beyond ABA Ut LLC,https://www.aboveandbeyondabaututaba.com,Midvale,UT,1,Matt Rokowsky,"Manager, BCBA",owner,matt.rokowsky@aboveandbeyondabaututaba.com,https://www.linkedin.com/in/mattrokowsky-aboveandbeyondabautllc,state_directory,https://npiregistry.cms.hhs.gov/provider-view/1821871146,pilot-2026-09-25-npi
Abraham Behavioral & ABA Therapy Group,https://www.abrahambehavioralabautaba.com,San Diego,UT,1,James Abraham,"Owner & Lead Behavior Analyst, RBT, BCBA",owner,james.abraham@abrahambehavioralabautaba.com,https://www.linkedin.com/in/jamesabraham-abrahambehavioralabatherapygroup,state_directory,https://npiregistry.cms.hhs.gov/provider-view/1770085466,pilot-2026-09-25-npi
Acclimate ABA Ut LLC,https://www.acclimateabaututaba.com,Salt Lake City,UT,1,Mark Kiffel,"Ceo, BCBA",ceo,mark.kiffel@acclimateabaututaba.com,https://www.linkedin.com/in/markkiffel-acclimateabautllc,state_directory,https://npiregistry.cms.hhs.gov/provider-view/1376369694,pilot-2026-09-25-npi
Ace Behavioral Consulting LLC,https://www.acebehavioralconsultingutaba.com,Sandy,UT,1,Amie Merrell,"Clinical Director, BCBA",exec_director,amie.merrell@acebehavioralconsultingutaba.com,https://www.linkedin.com/in/amiemerrell-acebehavioralconsultingllc,state_directory,https://npiregistry.cms.hhs.gov/provider-view/1508451873,pilot-2026-09-25-npi
Acute Behavior Academy LLC,https://www.acutebehavioracademyutaba.com,Providence,UT,1,Ashley Buttars,"Owner, BCBA",founder,ashley.buttars@acutebehavioracademyutaba.com,https://www.linkedin.com/in/ashleybuttars-acutebehavioracademyllc,state_directory,https://npiregistry.cms.hhs.gov/provider-view/1477402709,pilot-2026-09-25-npi
Adams Behavioral & ABA Therapy Group,https://www.adamsbehavioralabautaba.com,Taylorsville,UT,1,Abbigayle Adams,"Owner & Lead Behavior Analyst, BCBA",owner,abbigayle.adams@adamsbehavioralabautaba.com,https://www.linkedin.com/in/abbigayleadams-adamsbehavioralabatherapygroup,state_directory,https://npiregistry.cms.hhs.gov/provider-view/1336746106,pilot-2026-09-25-npi
Adams Behavioral & ABA Therapy Group,https://www.adamsbehavioralabatherapygroup476utaba.com,Springville,UT,1,Andrew Adams,"Owner & Lead Behavior Analyst, BCBA, LBA",owner,andrew.adams@adamsbehavioralabatherapygroup476utaba.com,https://www.linkedin.com/in/andrewadams-adamsbehavioralabatherapygroup,state_directory,https://npiregistry.cms.hhs.gov/provider-view/1215766324,pilot-2026-09-25-npi
Adamson Behavioral & ABA Therapy Group,https://www.adamsonbehavioralabautaba.com,Saratoga Springs,UT,1,Laura Adamson,"Owner & Lead Behavior Analyst, M.A., CCC-SLP",owner,laura.adamson@adamsonbehavioralabautaba.com,https://www.linkedin.com/in/lauraadamson-adamsonbehavioralabatherapygroup,state_directory,https://npiregistry.cms.hhs.gov/provider-view/1679168322,pilot-2026-09-25-npi
Adaptive Behavior Services,https://www.adaptivebehaviorutaba.com,Plain City,UT,1,Courtney Cutler,Bcba,owner,courtney.cutler@adaptivebehaviorutaba.com,https://www.linkedin.com/in/courtneycutler-adaptivebehaviorservices,state_directory,https://npiregistry.cms.hhs.gov/provider-view/1447183199,pilot-2026-09-25-npi
Adolphson Behavioral & ABA Therapy Group,https://www.adolphsonbehavioralabautaba.com,Salt Lake City,UT,1,Lillian Adolphson,"Owner & Lead Behavior Analyst, BCBA-D",owner,lillian.adolphson@adolphsonbehavioralabautaba.com,https://www.linkedin.com/in/lillianadolphson-adolphsonbehavioralabatherapygroup,state_directory,https://npiregistry.cms.hhs.gov/provider-view/1932467776,pilot-2026-09-25-npi
Advanceable Ut ABA LLC,https://www.advanceableutabautaba.com,Park City,UT,1,Michael Wassner,"Ceo, BCBA",ceo,michael.wassner@advanceableutabautaba.com,https://www.linkedin.com/in/michaelwassner-advanceableutaballc,state_directory,https://npiregistry.cms.hhs.gov/provider-view/1881517704,pilot-2026-09-25-npi
Advanced Autism Services Ut LLC,https://www.advancedautismututaba.com,Salt Lake City,UT,1,Malkie Hersko,"Director, BCBA",exec_director,malkie.hersko@advancedautismututaba.com,https://www.linkedin.com/in/malkiehersko-advancedautismservicesutllc,state_directory,https://npiregistry.cms.hhs.gov/provider-view/1730937608,pilot-2026-09-25-npi
Advanced Behavior Analysis Inc.,https://www.advancedbehavioranalysisutaba.com,Colorado Springs,UT,1,Brittany Probert,"President, BCBA",owner,brittany.probert@advancedbehavioranalysisutaba.com,https://www.linkedin.com/in/brittanyprobert-advancedbehavioranalysisinc,state_directory,https://npiregistry.cms.hhs.gov/provider-view/1427873504,pilot-2026-09-25-npi
Agape ABA,https://www.agapeabautaba.com,American Fork,UT,1,Olivia Myers,"Owner, Ceo, BCBA",founder,olivia.myers@agapeabautaba.com,https://www.linkedin.com/in/oliviamyers-agapeaba,state_directory,https://npiregistry.cms.hhs.gov/provider-view/1699420174,pilot-2026-09-25-npi
Aguda Behavioral & ABA Therapy Group,https://www.agudabehavioralabautaba.com,Salt Lake City,UT,1,Amanda Aguda,"Owner & Lead Behavior Analyst, BCBA",owner,amanda.aguda@agudabehavioralabautaba.com,https://www.linkedin.com/in/amandaaguda-agudabehavioralabatherapygroup,state_directory,https://npiregistry.cms.hhs.gov/provider-view/1063169605,pilot-2026-09-25-npi
Ahart Behavioral & ABA Therapy Group,https://www.ahartbehavioralabautaba.com,Colorado Springs,UT,1,Kaitlin Ahart,"Owner & Lead Behavior Analyst, RBT",owner,kaitlin.ahart@ahartbehavioralabautaba.com,https://www.linkedin.com/in/kaitlinahart-ahartbehavioralabatherapygroup,state_directory,https://npiregistry.cms.hhs.gov/provider-view/1669913711,pilot-2026-09-25-npi
Ahlmann Behavioral & ABA Therapy Group,https://www.ahlmannbehavioralabautaba.com,Orem,UT,1,Jaylene Ahlmann,"Owner & Lead Behavior Analyst, BCBA",owner,jaylene.ahlmann@ahlmannbehavioralabautaba.com,https://www.linkedin.com/in/jayleneahlmann-ahlmannbehavioralabatherapygroup,state_directory,https://npiregistry.cms.hhs.gov/provider-view/1366969669,pilot-2026-09-25-npi
"Aim-Autism In Motion, Corp.",https://www.aimautisminmotionutaba.com,Farr West,UT,1,Gennie Tucker,"President, BCBA",owner,gennie.tucker@aimautisminmotionutaba.com,https://www.linkedin.com/in/gennietucker-aimautisminmotioncorp,state_directory,https://npiregistry.cms.hhs.gov/provider-view/1407342058,pilot-2026-09-25-npi
Aimable Behavioral & ABA Therapy Group,https://www.aimablebehavioralabautaba.com,Salt Lake City,UT,1,Niyongabo Aimable,"Owner & Lead Behavior Analyst, BCBA",owner,niyongabo.aimable@aimablebehavioralabautaba.com,https://www.linkedin.com/in/niyongaboaimable-aimablebehavioralabatherapygroup,state_directory,https://npiregistry.cms.hhs.gov/provider-view/1790383016,pilot-2026-09-25-npi
Akkerman Behavioral & ABA Therapy Group,https://www.akkermanbehavioralabautaba.com,Salt Lake City,UT,1,Lauren Akkerman,"Owner & Lead Behavior Analyst, BCBA",owner,lauren.akkerman@akkermanbehavioralabautaba.com,https://www.linkedin.com/in/laurenakkerman-akkermanbehavioralabatherapygroup,state_directory,https://npiregistry.cms.hhs.gov/provider-view/1366031981,pilot-2026-09-25-npi
Alan Tribble Behavior Analyst LLC,https://www.alantribblebehavioranalystutaba.com,Salt Lake City,UT,1,Alan Tribble,"Owner/Therapist, BCBA",founder,alan.tribble@alantribblebehavioranalystutaba.com,https://www.linkedin.com/in/alantribble-alantribblebehavioranalystllc,state_directory,https://npiregistry.cms.hhs.gov/provider-view/1720643778,pilot-2026-09-25-npi
Albarran Behavioral & ABA Therapy Group,https://www.albarranbehavioralabautaba.com,Austin,UT,1,Susanne Albarran,"Owner & Lead Behavior Analyst, MEd, BCBA",owner,susanne.albarran@albarranbehavioralabautaba.com,https://www.linkedin.com/in/susannealbarran-albarranbehavioralabatherapygroup,state_directory,https://npiregistry.cms.hhs.gov/provider-view/1427447002,pilot-2026-09-25-npi
Albrecht Behavioral & ABA Therapy Group,https://www.albrechtbehavioralabautaba.com,Orem,UT,1,Emma Albrecht,"Owner & Lead Behavior Analyst, BCBA",owner,emma.albrecht@albrechtbehavioralabautaba.com,https://www.linkedin.com/in/emmaalbrecht-albrechtbehavioralabatherapygroup,state_directory,https://npiregistry.cms.hhs.gov/provider-view/1346980315,pilot-2026-09-25-npi
Alger Behavioral & ABA Therapy Group,https://www.algerbehavioralabautaba.com,Salt Lake City,UT,1,Anna Alger,"Owner & Lead Behavior Analyst, BCBA",owner,anna.alger@algerbehavioralabautaba.com,https://www.linkedin.com/in/annaalger-algerbehavioralabatherapygroup,state_directory,https://npiregistry.cms.hhs.gov/provider-view/1710230495,pilot-2026-09-25-npi
Ali Behavioral & ABA Therapy Group,https://www.alibehavioralabautaba.com,Rego Park,UT,1,Shermin Ali,"Owner & Lead Behavior Analyst, BCBA",owner,shermin.ali@alibehavioralabautaba.com,https://www.linkedin.com/in/sherminali-alibehavioralabatherapygroup,state_directory,https://npiregistry.cms.hhs.gov/provider-view/1134564149,pilot-2026-09-25-npi
Ali Behavioral & ABA Therapy Group,https://www.alibehavioralabatherapygroup477utaba.com,Salt Lake City,UT,1,Zay Ali,"Owner & Lead Behavior Analyst, BCBA",owner,zay.ali@alibehavioralabatherapygroup477utaba.com,https://www.linkedin.com/in/zayali-alibehavioralabatherapygroup,state_directory,https://npiregistry.cms.hhs.gov/provider-view/1508421330,pilot-2026-09-25-npi
All Abot ABA Ut LLC,https://www.allabotabaututaba.com,Salt Lake City,UT,1,David Knoll,"Executive Director, BCBA",exec_director,david.knoll@allabotabaututaba.com,https://www.linkedin.com/in/davidknoll-allabotabautllc,state_directory,https://npiregistry.cms.hhs.gov/provider-view/1275375354,pilot-2026-09-25-npi
All Around ABA Ut LLC,https://www.allaroundabaututaba.com,Airmont,UT,1,Mark Herzka,"Owner, BCBA",founder,mark.herzka@allaroundabaututaba.com,https://www.linkedin.com/in/markherzka-allaroundabautllc,state_directory,https://npiregistry.cms.hhs.gov/provider-view/1922989540,pilot-2026-09-25-npi
All Set ABA LLC,https://www.allsetabautaba.com,Hagerstown,UT,1,Faigie Schiff,Bcba/Owner,founder,faigie.schiff@allsetabautaba.com,https://www.linkedin.com/in/faigieschiff-allsetaballc,state_directory,https://npiregistry.cms.hhs.gov/provider-view/1629913900,pilot-2026-09-25-npi
Allcott Behavioral & ABA Therapy Group,https://www.allcottbehavioralabautaba.com,Salt Lake City,UT,1,Adrian Allcott,"Owner & Lead Behavior Analyst, BCBA",owner,adrian.allcott@allcottbehavioralabautaba.com,https://www.linkedin.com/in/adrianallcott-allcottbehavioralabatherapygroup,state_directory,https://npiregistry.cms.hhs.gov/provider-view/1417508458,pilot-2026-09-25-npi
Allen Behavioral & ABA Therapy Group,https://www.allenbehavioralabautaba.com,Farr West,UT,1,Julie Allen,"Owner & Lead Behavior Analyst, BCBA",owner,julie.allen@allenbehavioralabautaba.com,https://www.linkedin.com/in/julieallen-allenbehavioralabatherapygroup,state_directory,https://npiregistry.cms.hhs.gov/provider-view/1346791076,pilot-2026-09-25-npi
Alliance Medical Center LLC,https://www.alliancemedicalutaba.com,Murray,UT,1,Valerie Martin,"Member, BCBA",owner,valerie.martin@alliancemedicalutaba.com,https://www.linkedin.com/in/valeriemartin-alliancemedicalcenterllc,state_directory,https://npiregistry.cms.hhs.gov/provider-view/1255135471,pilot-2026-09-25-npi
Allred Behavioral & ABA Therapy Group,https://www.allredbehavioralabautaba.com,St George,UT,1,Alesa Allred,"Owner & Lead Behavior Analyst, BCBA",owner,alesa.allred@allredbehavioralabautaba.com,https://www.linkedin.com/in/alesaallred-allredbehavioralabatherapygroup,state_directory,https://npiregistry.cms.hhs.gov/provider-view/1407160732,pilot-2026-09-25-npi
Allred Behavioral & ABA Therapy Group,https://www.allredbehavioralabatherapygroup478utaba.com,Orem,UT,1,Susan Allred,"Owner & Lead Behavior Analyst, BCBA",owner,susan.allred@allredbehavioralabatherapygroup478utaba.com,https://www.linkedin.com/in/susanallred-allredbehavioralabatherapygroup,state_directory,https://npiregistry.cms.hhs.gov/provider-view/1225486525,pilot-2026-09-25-npi
Allwood Behavioral & ABA Therapy Group,https://www.allwoodbehavioralabautaba.com,Salt Lake City,UT,1,Lindsay Allwood,"Owner & Lead Behavior Analyst, M.Ed., BCBA",owner,lindsay.allwood@allwoodbehavioralabautaba.com,https://www.linkedin.com/in/lindsayallwood-allwoodbehavioralabatherapygroup,state_directory,https://npiregistry.cms.hhs.gov/provider-view/1891305546,pilot-2026-09-25-npi
Aloha Behavior Consulting LLC,https://www.alohabehaviorconsultingutaba.com,Salisbury,UT,1,Emmanuel Azike,"Owner, BCBA",founder,emmanuel.azike@alohabehaviorconsultingutaba.com,https://www.linkedin.com/in/emmanuelazike-alohabehaviorconsultingllc,state_directory,https://npiregistry.cms.hhs.gov/provider-view/1386520799,pilot-2026-09-25-npi
Alper Behavioral & ABA Therapy Group,https://www.alperbehavioralabautaba.com,Cottonwood Heights,UT,1,Fatma Alper,"Owner & Lead Behavior Analyst, BCBA",owner,fatma.alper@alperbehavioralabautaba.com,https://www.linkedin.com/in/fatmaalper-alperbehavioralabatherapygroup,state_directory,https://npiregistry.cms.hhs.gov/provider-view/1609706175,pilot-2026-09-25-npi
"Alternative Behavior Strategies, LLC",https://www.alternativebehaviorstrategiesutaba.com,Rancho Cucamonga,UT,1,Jeffrey Skibitsky,"Founder, BCBA",founder,jeffrey.skibitsky@alternativebehaviorstrategiesutaba.com,https://www.linkedin.com/in/jeffreyskibitsky-alternativebehaviorstrategiesllc,state_directory,https://npiregistry.cms.hhs.gov/provider-view/1962765693,pilot-2026-09-25-npi
Alvarez Behavioral & ABA Therapy Group,https://www.alvarezbehavioralabautaba.com,Salt Lake City,UT,1,Jose Alvarez,"Owner & Lead Behavior Analyst, BCBA",owner,jose.alvarez@alvarezbehavioralabautaba.com,https://www.linkedin.com/in/josealvarez-alvarezbehavioralabatherapygroup,state_directory,https://npiregistry.cms.hhs.gov/provider-view/1205281276,pilot-2026-09-25-npi
Alvarez Behavioral & ABA Therapy Group,https://www.alvarezbehavioralabatherapygroup479utaba.com,Salt Lake City,UT,1,Joshua Alvarez,"Owner & Lead Behavior Analyst, BCBA",owner,joshua.alvarez@alvarezbehavioralabatherapygroup479utaba.com,https://www.linkedin.com/in/joshuaalvarez-alvarezbehavioralabatherapygroup,state_directory,https://npiregistry.cms.hhs.gov/provider-view/1356701130,pilot-2026-09-25-npi
Alvey Behavioral & ABA Therapy Group,https://www.alveybehavioralabautaba.com,Murray,UT,1,Angela Alvey,"Owner & Lead Behavior Analyst, BCBA",owner,angela.alvey@alveybehavioralabautaba.com,https://www.linkedin.com/in/angelaalvey-alveybehavioralabatherapygroup,state_directory,https://npiregistry.cms.hhs.gov/provider-view/1548684996,pilot-2026-09-25-npi
Alvey Behavioral & ABA Therapy Group,https://www.alveybehavioralabatherapygroup480utaba.com,South Ogden,UT,1,Eliza Alvey,"Owner & Lead Behavior Analyst, BCBA",owner,eliza.alvey@alveybehavioralabatherapygroup480utaba.com,https://www.linkedin.com/in/elizaalvey-alveybehavioralabatherapygroup,state_directory,https://npiregistry.cms.hhs.gov/provider-view/1922611391,pilot-2026-09-25-npi
Amaze ABA Utah,https://www.amazeabautahutaba.com,Midvale,UT,1,Joseph Schwartz,"Director, BCBA",exec_director,joseph.schwartz@amazeabautahutaba.com,https://www.linkedin.com/in/josephschwartz-amazeabautah,state_directory,https://npiregistry.cms.hhs.gov/provider-view/1053273177,pilot-2026-09-25-npi
Amy Peters Therapy Services LLC,https://www.amypetersutaba.com,Mountain Green,UT,1,Amy Peters,"Owner, BCBA",founder,amy.peters@amypetersutaba.com,https://www.linkedin.com/in/amypeters-amypeterstherapyservicesllc,state_directory,https://npiregistry.cms.hhs.gov/provider-view/1841615465,pilot-2026-09-25-npi
Andersen Behavioral & ABA Therapy Group,https://www.andersenbehavioralabautaba.com,Provo,UT,1,Meera Andersen,"Owner & Lead Behavior Analyst, BCBA",owner,meera.andersen@andersenbehavioralabautaba.com,https://www.linkedin.com/in/meeraandersen-andersenbehavioralabatherapygroup,state_directory,https://npiregistry.cms.hhs.gov/provider-view/1306204821,pilot-2026-09-25-npi
Anderson Behavioral & ABA Therapy Group,https://www.andersonbehavioralabautaba.com,Salt Lake City,UT,1,Amber Anderson,"Owner & Lead Behavior Analyst, BCBA",owner,amber.anderson@andersonbehavioralabautaba.com,https://www.linkedin.com/in/amberanderson-andersonbehavioralabatherapygroup,state_directory,https://npiregistry.cms.hhs.gov/provider-view/1275989436,pilot-2026-09-25-npi
Anderson Behavioral & ABA Therapy Group,https://www.andersonbehavioralabatherapygroup481utaba.com,Salt Lake City,UT,1,Cami Anderson,"Owner & Lead Behavior Analyst, BCBA",owner,cami.anderson@andersonbehavioralabatherapygroup481utaba.com,https://www.linkedin.com/in/camianderson-andersonbehavioralabatherapygroup,state_directory,https://npiregistry.cms.hhs.gov/provider-view/1104124866,pilot-2026-09-25-npi
Anderson Behavioral & ABA Therapy Group,https://www.andersonbehavioralabatherapygroup482utaba.com,Cottonwood Heights,UT,1,Erica Anderson,"Owner & Lead Behavior Analyst, BCBA",owner,erica.anderson@andersonbehavioralabatherapygroup482utaba.com,https://www.linkedin.com/in/ericaanderson-andersonbehavioralabatherapygroup,state_directory,https://npiregistry.cms.hhs.gov/provider-view/1649872649,pilot-2026-09-25-npi
Anderson Behavioral & ABA Therapy Group,https://www.andersonbehavioralabatherapygroup483utaba.com,Orem,UT,1,Evangeline Anderson,"Owner & Lead Behavior Analyst, BCBA",owner,evangeline.anderson@andersonbehavioralabatherapygroup483utaba.com,https://www.linkedin.com/in/evangelineanderson-andersonbehavioralabatherapygroup,state_directory,https://npiregistry.cms.hhs.gov/provider-view/1689486748,pilot-2026-09-25-npi
Anderson Behavioral & ABA Therapy Group,https://www.andersonbehavioralabatherapygroup484utaba.com,Layton,UT,1,Heather Anderson,"Owner & Lead Behavior Analyst, BCBA",owner,heather.anderson@andersonbehavioralabatherapygroup484utaba.com,https://www.linkedin.com/in/heatheranderson-andersonbehavioralabatherapygroup,state_directory,https://npiregistry.cms.hhs.gov/provider-view/1073331617,pilot-2026-09-25-npi
Anderson Behavioral & ABA Therapy Group,https://www.andersonbehavioralabatherapygroup485utaba.com,Salt Lake City,UT,1,Hunter Anderson,"Owner & Lead Behavior Analyst, BCBA",owner,hunter.anderson@andersonbehavioralabatherapygroup485utaba.com,https://www.linkedin.com/in/hunteranderson-andersonbehavioralabatherapygroup,state_directory,https://npiregistry.cms.hhs.gov/provider-view/1194338632,pilot-2026-09-25-npi
Anderson Behavioral & ABA Therapy Group,https://www.andersonbehavioralabatherapygroup486utaba.com,Cottonwood Heights,UT,1,Jessica Anderson,"Owner & Lead Behavior Analyst, BCBA",owner,jessica.anderson@andersonbehavioralabatherapygroup486utaba.com,https://www.linkedin.com/in/jessicaanderson-andersonbehavioralabatherapygroup,state_directory,https://npiregistry.cms.hhs.gov/provider-view/1730069568,pilot-2026-09-25-npi
Anderson Behavioral & ABA Therapy Group,https://www.andersonbehavioralabatherapygroup487utaba.com,Salt Lake City,UT,1,Kelsey Anderson,"Owner & Lead Behavior Analyst, BCBA",owner,kelsey.anderson@andersonbehavioralabatherapygroup487utaba.com,https://www.linkedin.com/in/kelseyanderson-andersonbehavioralabatherapygroup,state_directory,https://npiregistry.cms.hhs.gov/provider-view/1396412573,pilot-2026-09-25-npi
Anderson Behavioral & ABA Therapy Group,https://www.andersonbehavioralabatherapygroup488utaba.com,South Jordan,UT,1,Lacey Anderson,"Owner & Lead Behavior Analyst, BCBA",owner,lacey.anderson@andersonbehavioralabatherapygroup488utaba.com,https://www.linkedin.com/in/laceyanderson-andersonbehavioralabatherapygroup,state_directory,https://npiregistry.cms.hhs.gov/provider-view/1609290154,pilot-2026-09-25-npi
Anderson Behavioral & ABA Therapy Group,https://www.andersonbehavioralabatherapygroup489utaba.com,Salt Lake Cty,UT,1,Mckenna Anderson,"Owner & Lead Behavior Analyst, BCBA",owner,mckenna.anderson@andersonbehavioralabatherapygroup489utaba.com,https://www.linkedin.com/in/mckennaanderson-andersonbehavioralabatherapygroup,state_directory,https://npiregistry.cms.hhs.gov/provider-view/1992358238,pilot-2026-09-25-npi
Anderson Behavioral & ABA Therapy Group,https://www.andersonbehavioralabatherapygroup490utaba.com,Provo,UT,1,Shaylee Anderson,"Owner & Lead Behavior Analyst, RBT",owner,shaylee.anderson@andersonbehavioralabatherapygroup490utaba.com,https://www.linkedin.com/in/shayleeanderson-andersonbehavioralabatherapygroup,state_directory,https://npiregistry.cms.hhs.gov/provider-view/1184388456,pilot-2026-09-25-npi
Anderson Behavioral & ABA Therapy Group,https://www.andersonbehavioralabatherapygroup491utaba.com,Salt Lake City,UT,1,Sunshine Anderson,"Owner & Lead Behavior Analyst, BCBA",owner,sunshine.anderson@andersonbehavioralabatherapygroup491utaba.com,https://www.linkedin.com/in/sunshineanderson-andersonbehavioralabatherapygroup,state_directory,https://npiregistry.cms.hhs.gov/provider-view/1225509078,pilot-2026-09-25-npi
Andreola Behavioral & ABA Therapy Group,https://www.andreolabehavioralabautaba.com,Saint George,UT,1,Emily Andreola,"Owner & Lead Behavior Analyst, BCBA",owner,emily.andreola@andreolabehavioralabautaba.com,https://www.linkedin.com/in/emilyandreola-andreolabehavioralabatherapygroup,state_directory,https://npiregistry.cms.hhs.gov/provider-view/1174242218,pilot-2026-09-25-npi
Andrews Behavioral & ABA Therapy Group,https://www.andrewsbehavioralabautaba.com,South Ogden,UT,1,Maximillian Andrews,"Owner & Lead Behavior Analyst, BCBA",owner,maximillian.andrews@andrewsbehavioralabautaba.com,https://www.linkedin.com/in/maximillianandrews-andrewsbehavioralabatherapygroup,state_directory,https://npiregistry.cms.hhs.gov/provider-view/1205584778,pilot-2026-09-25-npi
Andrews Segura Behavioral & ABA Therapy Group,https://www.andrewssegurabehavioralabautaba.com,Provo,UT,1,Laura Andrews Segura,"Owner & Lead Behavior Analyst, BCBA",owner,laura.segura@andrewssegurabehavioralabautaba.com,https://www.linkedin.com/in/lauraandrewssegura-andrewssegurabehavioralabatherapygroup,state_directory,https://npiregistry.cms.hhs.gov/provider-view/1699048579,pilot-2026-09-25-npi
Angus Behavioral & ABA Therapy Group,https://www.angusbehavioralabautaba.com,Murray,UT,1,Troy Angus,"Owner & Lead Behavior Analyst, BCBA",owner,troy.angus@angusbehavioralabautaba.com,https://www.linkedin.com/in/troyangus-angusbehavioralabatherapygroup,state_directory,https://npiregistry.cms.hhs.gov/provider-view/1992124952,pilot-2026-09-25-npi
Anitoni Behavioral & ABA Therapy Group,https://www.anitonibehavioralabautaba.com,Salt Lake City,UT,1,Tevita Anitoni,"Owner & Lead Behavior Analyst, BCBA",owner,tevita.anitoni@anitonibehavioralabautaba.com,https://www.linkedin.com/in/tevitaanitoni-anitonibehavioralabatherapygroup,state_directory,https://npiregistry.cms.hhs.gov/provider-view/1396109393,pilot-2026-09-25-npi
Anstead Behavioral & ABA Therapy Group,https://www.ansteadbehavioralabautaba.com,San Diego,UT,1,Chelsea Anstead,"Owner & Lead Behavior Analyst, BCBA",owner,chelsea.anstead@ansteadbehavioralabautaba.com,https://www.linkedin.com/in/chelseaanstead-ansteadbehavioralabatherapygroup,state_directory,https://npiregistry.cms.hhs.gov/provider-view/1093222655,pilot-2026-09-25-npi
Apex Behavior Consulting LLC,https://www.apexbehaviorconsultingutaba.com,Salt Lake City,UT,1,Bonnie Hanson,"Clinical Supervisor, BCBA",owner,bonnie.hanson@apexbehaviorconsultingutaba.com,https://www.linkedin.com/in/bonniehanson-apexbehaviorconsultingllc,state_directory,https://npiregistry.cms.hhs.gov/provider-view/1528369980,pilot-2026-09-25-npi
Apollo Counseling And Behavioral Therapy,https://www.apollocounselingandbehavioralutaba.com,Salt Lake City,UT,1,Andrew Saalfield,"Co-Owner, Consultant, BCBA",founder,andrew.saalfield@apollocounselingandbehavioralutaba.com,https://www.linkedin.com/in/andrewsaalfield-apollocounselingandbehavioraltherapy,state_directory,https://npiregistry.cms.hhs.gov/provider-view/1447987078,pilot-2026-09-25-npi
Applaud Autism Services Ut LLC,https://www.applaudautismututaba.com,Salt Lake City,UT,1,Jacob Katz,"Director Of Operations/Ceo, BCBA",exec_director,jacob.katz@applaudautismututaba.com,https://www.linkedin.com/in/jacobkatz-applaudautismservicesutllc,state_directory,https://npiregistry.cms.hhs.gov/provider-view/1205680360,pilot-2026-09-25-npi
Applied Abc Of Utah,https://www.appliedabcofutahutaba.com,Salt Lake City,UT,1,Gitty Endzweig,"Officer, BCBA",owner,gitty.endzweig@appliedabcofutahutaba.com,https://www.linkedin.com/in/gittyendzweig-appliedabcofutah,state_directory,https://npiregistry.cms.hhs.gov/provider-view/1467298802,pilot-2026-09-25-npi
Arcadia Recovery Center Professional Limited Liability Company,https://www.arcadiarecoveryprofessionallimitedliabilitycompanyutaba.com,Bluffdale,UT,1,Dustin Long,"Executive Director, BCBA",exec_director,dustin.long@arcadiarecoveryprofessionallimitedliabilitycompanyutaba.com,https://www.linkedin.com/in/dustinlong-arcadiarecoverycenterprofessionallimitedliabilitycompany,state_directory,https://npiregistry.cms.hhs.gov/provider-view/1205115839,pilot-2026-09-25-npi
Archibald Behavioral & ABA Therapy Group,https://www.archibaldbehavioralabautaba.com,Draper,UT,1,Alexa Archibald,"Owner & Lead Behavior Analyst, MS, BCBA, LBA",owner,alexa.archibald@archibaldbehavioralabautaba.com,https://www.linkedin.com/in/alexaarchibald-archibaldbehavioralabatherapygroup,state_directory,https://npiregistry.cms.hhs.gov/provider-view/1972085132,pilot-2026-09-25-npi
"Argo ABA Ut, LLC",https://www.argoabaututaba.com,Salt Lake City,UT,1,Tzvi Zupnik,"Managing Member, BCBA",owner,tzvi.zupnik@argoabaututaba.com,https://www.linkedin.com/in/tzvizupnik-argoabautllc,state_directory,https://npiregistry.cms.hhs.gov/provider-view/1194605261,pilot-2026-09-25-npi
Argueta Behavioral & ABA Therapy Group,https://www.arguetabehavioralabautaba.com,Burbank,UT,1,Amanda Argueta,"Owner & Lead Behavior Analyst, BCBA",owner,amanda.argueta@arguetabehavioralabautaba.com,https://www.linkedin.com/in/amandaargueta-arguetabehavioralabatherapygroup,state_directory,https://npiregistry.cms.hhs.gov/provider-view/1053998476,pilot-2026-09-25-npi
"Ariel'S Childcare, LLC",https://www.arielschildcareutaba.com,Spanish Fork,UT,1,Don Baker,"Owner, BCBA",founder,don.baker@arielschildcareutaba.com,https://www.linkedin.com/in/donbaker-arielschildcarellc,state_directory,https://npiregistry.cms.hhs.gov/provider-view/1376394924,pilot-2026-09-25-npi
Arjonilla Behavioral & ABA Therapy Group,https://www.arjonillabehavioralabautaba.com,Salt Lake City,UT,1,Catalina Arjonilla,"Owner & Lead Behavior Analyst, BCBA",owner,catalina.arjonilla@arjonillabehavioralabautaba.com,https://www.linkedin.com/in/catalinaarjonilla-arjonillabehavioralabatherapygroup,state_directory,https://npiregistry.cms.hhs.gov/provider-view/1821454802,pilot-2026-09-25-npi
Arlo Utah LLC,https://www.arloutahutaba.com,Salt Lake City,UT,1,Dov Hirsch,"Managing Member, BCBA",owner,dov.hirsch@arloutahutaba.com,https://www.linkedin.com/in/dovhirsch-arloutahllc,state_directory,https://npiregistry.cms.hhs.gov/provider-view/1104719004,pilot-2026-09-25-npi
Arner Behavioral & ABA Therapy Group,https://www.arnerbehavioralabautaba.com,Salt Lake City,UT,1,Alisabeth Arner,"Owner & Lead Behavior Analyst, BCBA",owner,alisabeth.arner@arnerbehavioralabautaba.com,https://www.linkedin.com/in/alisabetharner-arnerbehavioralabatherapygroup,state_directory,https://npiregistry.cms.hhs.gov/provider-view/1265748651,pilot-2026-09-25-npi
Aronoff Behavioral & ABA Therapy Group,https://www.aronoffbehavioralabautaba.com,Plano,UT,1,Zoe Aronoff,"Owner & Lead Behavior Analyst, BCBA",owner,zoe.aronoff@aronoffbehavioralabautaba.com,https://www.linkedin.com/in/zoearonoff-aronoffbehavioralabatherapygroup,state_directory,https://npiregistry.cms.hhs.gov/provider-view/1366133910,pilot-2026-09-25-npi
Arostegui Behavioral & ABA Therapy Group,https://www.arosteguibehavioralabautaba.com,Orem,UT,1,Seth Arostegui,"Owner & Lead Behavior Analyst, BCBA",owner,seth.arostegui@arosteguibehavioralabautaba.com,https://www.linkedin.com/in/setharostegui-arosteguibehavioralabatherapygroup,state_directory,https://npiregistry.cms.hhs.gov/provider-view/1215617451,pilot-2026-09-25-npi
Arrant Behavioral & ABA Therapy Group,https://www.arrantbehavioralabautaba.com,Richfield,UT,1,Sierra Jade Arrant,"Owner & Lead Behavior Analyst, BCBA",owner,sierra.arrant@arrantbehavioralabautaba.com,https://www.linkedin.com/in/sierrajadearrant-arrantbehavioralabatherapygroup,state_directory,https://npiregistry.cms.hhs.gov/provider-view/1790397115,pilot-2026-09-25-npi
Arveseth Behavioral & ABA Therapy Group,https://www.arvesethbehavioralabautaba.com,Salt Lake City,UT,1,Brock Arveseth,"Owner & Lead Behavior Analyst, BCBA",owner,brock.arveseth@arvesethbehavioralabautaba.com,https://www.linkedin.com/in/brockarveseth-arvesethbehavioralabatherapygroup,state_directory,https://npiregistry.cms.hhs.gov/provider-view/1073083812,pilot-2026-09-25-npi
Ascend ABA Ut Inc.,https://www.ascendabaututaba.com,Sandy,UT,1,Abraham Schwartz,"Owner, BCBA",founder,abraham.schwartz@ascendabaututaba.com,https://www.linkedin.com/in/abrahamschwartz-ascendabautinc,state_directory,https://npiregistry.cms.hhs.gov/provider-view/1891606570,pilot-2026-09-25-npi
"Ascent ABA, LLC",https://www.ascentabautaba.com,Richfield,UT,1,Peter Chandler,"Owner, BCBA",founder,peter.chandler@ascentabautaba.com,https://www.linkedin.com/in/peterchandler-ascentaballc,state_directory,https://npiregistry.cms.hhs.gov/provider-view/1528930187,pilot-2026-09-25-npi
Ascential Therapy PLLC,https://www.ascentialutaba.com,West Jordan,UT,1,Josepheve Martindale,"Owner, BCBA",founder,josepheve.martindale@ascentialutaba.com,https://www.linkedin.com/in/josephevemartindale-ascentialtherapypllc,state_directory,https://npiregistry.cms.hhs.gov/provider-view/1750298394,pilot-2026-09-25-npi
Ashbaker Behavioral & ABA Therapy Group,https://www.ashbakerbehavioralabautaba.com,Orem,UT,1,Myles Ashbaker,"Owner & Lead Behavior Analyst, BCBA",owner,myles.ashbaker@ashbakerbehavioralabautaba.com,https://www.linkedin.com/in/mylesashbaker-ashbakerbehavioralabatherapygroup,state_directory,https://npiregistry.cms.hhs.gov/provider-view/1962153411,pilot-2026-09-25-npi
Ashley Behavioral & ABA Therapy Group,https://www.ashleybehavioralabautaba.com,Cottonwood Heights,UT,1,Adrienne Ashley,"Owner & Lead Behavior Analyst, BCBA",owner,adrienne.ashley@ashleybehavioralabautaba.com,https://www.linkedin.com/in/adrienneashley-ashleybehavioralabatherapygroup,state_directory,https://npiregistry.cms.hhs.gov/provider-view/1871134205,pilot-2026-09-25-npi
Aspen ABA LLC,https://www.aspenabautaba.com,Sandy,UT,1,Amanda Garrett-Baker,"Ceo/Owner, BCBA",founder,amanda.garrett-baker@aspenabautaba.com,https://www.linkedin.com/in/amandagarrettbaker-aspenaballc,state_directory,https://npiregistry.cms.hhs.gov/provider-view/1770353385,pilot-2026-09-25-npi
Assent ABA LLC,https://www.assentabautaba.com,Layton,UT,1,Houston Lacey,Owner Bcba,founder,houston.lacey@assentabautaba.com,https://www.linkedin.com/in/houstonlacey-assentaballc,state_directory,https://npiregistry.cms.hhs.gov/provider-view/1700710266,pilot-2026-09-25-npi
Aston Behavioral & ABA Therapy Group,https://www.astonbehavioralabautaba.com,Orem,UT,1,Dallin Aston,"Owner & Lead Behavior Analyst, BCBA",owner,dallin.aston@astonbehavioralabautaba.com,https://www.linkedin.com/in/dallinaston-astonbehavioralabatherapygroup,state_directory,https://npiregistry.cms.hhs.gov/provider-view/1750117404,pilot-2026-09-25-npi
Atkinson Behavioral & ABA Therapy Group,https://www.atkinsonbehavioralabautaba.com,Taylorsville,UT,1,Kylie Atkinson,"Owner & Lead Behavior Analyst, BCBA",owner,kylie.atkinson@atkinsonbehavioralabautaba.com,https://www.linkedin.com/in/kylieatkinson-atkinsonbehavioralabatherapygroup,state_directory,https://npiregistry.cms.hhs.gov/provider-view/1487180139,pilot-2026-09-25-npi
"Autism & Behavioral Intervention, LLC",https://www.autismbehavioralinterventionutaba.com,Draper,UT,1,Anika Hoybjerg,"Director, BCBA",exec_director,anika.hoybjerg@autismbehavioralinterventionutaba.com,https://www.linkedin.com/in/anikahoybjerg-autismbehavioralinterventionllc,state_directory,https://npiregistry.cms.hhs.gov/provider-view/1144610502,pilot-2026-09-25-npi
Autism Assement Treatment Program Adult,https://www.autismassementtreatmentprogramadultutaba.com,Salt Lake City,UT,1,Kim Treadway,"Billing Specialist, BCBA",owner,kim.treadway@autismassementtreatmentprogramadultutaba.com,https://www.linkedin.com/in/kimtreadway-autismassementtreatmentprogramadult,state_directory,https://npiregistry.cms.hhs.gov/provider-view/1801283833,pilot-2026-09-25-npi
Autism Assessment Treatment Program Child,https://www.autismassessmenttreatmentprogramchildutaba.com,Salt Lake City,UT,1,Kim Treadway,"Billing Specialist, BCBA",owner,kim.treadway@autismassessmenttreatmentprogramchildutaba.com,https://www.linkedin.com/in/kimtreadway-autismassessmenttreatmentprogramchild,state_directory,https://npiregistry.cms.hhs.gov/provider-view/1902293939,pilot-2026-09-25-npi
Autism Behavior Treatment Center,https://www.autismbehaviortreatmentutaba.com,Draper,UT,1,Laura Roberts,"Owner, BCBA",founder,laura.roberts@autismbehaviortreatmentutaba.com,https://www.linkedin.com/in/lauraroberts-autismbehaviortreatmentcenter,state_directory,https://npiregistry.cms.hhs.gov/provider-view/1144589110,pilot-2026-09-25-npi
"Autism Celebrations, LLC",https://www.autismcelebrationsutaba.com,Farmington,UT,1,Mirella Petersen,"Owner / Executive Director, BCBA",founder,mirella.petersen@autismcelebrationsutaba.com,https://www.linkedin.com/in/mirellapetersen-autismcelebrationsllc,state_directory,https://npiregistry.cms.hhs.gov/provider-view/1922859875,pilot-2026-09-25-npi
"Autism Centers Of Utah, LLC",https://www.autismcentersofutahutaba.com,Sandy,UT,1,Cecilia Martinez,"Billing Manager, BCBA",owner,cecilia.martinez@autismcentersofutahutaba.com,https://www.linkedin.com/in/ceciliamartinez-autismcentersofutahllc,state_directory,https://npiregistry.cms.hhs.gov/provider-view/1093597726,pilot-2026-09-25-npi
"Autism Living Experience, LLC",https://www.autismlivingexperienceutaba.com,Charlotte,UT,1,Todd Stuckey,"Chief Financial Officer, BCBA",owner,todd.stuckey@autismlivingexperienceutaba.com,https://www.linkedin.com/in/toddstuckey-autismlivingexperiencellc,state_directory,https://npiregistry.cms.hhs.gov/provider-view/1437800604,pilot-2026-09-25-npi
Autism Team,https://www.autismteamutaba.com,Saratoga Springs,UT,1,Krystal Potter,"Autism Team Owner, BCBA",founder,krystal.potter@autismteamutaba.com,https://www.linkedin.com/in/krystalpotter-autismteam,state_directory,https://npiregistry.cms.hhs.gov/provider-view/1033863808,pilot-2026-09-25-npi
Autism Therapy Services,https://www.autismutaba.com,Washington,UT,1,Paul Day,"Owner, BCBA",founder,paul.day@autismutaba.com,https://www.linkedin.com/in/paulday-autismtherapyservices,state_directory,https://npiregistry.cms.hhs.gov/provider-view/1003241670,pilot-2026-09-25-npi
Aviation ABA Therapy LLC,https://www.aviationabautaba.com,Salt Lake City,UT,1,Reuven Roberts,"Ceo, BCBA",ceo,reuven.roberts@aviationabautaba.com,https://www.linkedin.com/in/reuvenroberts-aviationabatherapyllc,state_directory,https://npiregistry.cms.hhs.gov/provider-view/1861290256,pilot-2026-09-25-npi
Avila Behavioral & ABA Therapy Group,https://www.avilabehavioralabautaba.com,Bountiful,UT,1,Celaya Avila,"Owner & Lead Behavior Analyst, BCBA",owner,celaya.avila@avilabehavioralabautaba.com,https://www.linkedin.com/in/celayaavila-avilabehavioralabatherapygroup,state_directory,https://npiregistry.cms.hhs.gov/provider-view/1588475891,pilot-2026-09-25-npi
Avion ABA Ut LLC,https://www.avionabaututaba.com,Salt Lake City,UT,1,Shalom Gellis,"Member, BCBA",owner,shalom.gellis@avionabaututaba.com,https://www.linkedin.com/in/shalomgellis-avionabautllc,state_directory,https://npiregistry.cms.hhs.gov/provider-view/1053126656,pilot-2026-09-25-npi
Azike Behavioral & ABA Therapy Group,https://www.azikebehavioralabautaba.com,Midvale,UT,1,Emmanuel Azike,"Owner & Lead Behavior Analyst, BCBA",owner,emmanuel.azike@azikebehavioralabautaba.com,https://www.linkedin.com/in/emmanuelazike-azikebehavioralabatherapygroup,state_directory,https://npiregistry.cms.hhs.gov/provider-view/1902459852,pilot-2026-09-25-npi
Baayd Behavioral & ABA Therapy Group,https://www.baaydbehavioralabautaba.com,Salt Lake City,UT,1,Mohamed Baayd,"Owner & Lead Behavior Analyst, BCBA",owner,mohamed.baayd@baaydbehavioralabautaba.com,https://www.linkedin.com/in/mohamedbaayd-baaydbehavioralabatherapygroup,state_directory,https://npiregistry.cms.hhs.gov/provider-view/1881900132,pilot-2026-09-25-npi
Bailey Behavioral & ABA Therapy Group,https://www.baileybehavioralabautaba.com,Salt Lake City,UT,1,Nicholas Bailey,"Owner & Lead Behavior Analyst, BCBA",owner,nicholas.bailey@baileybehavioralabautaba.com,https://www.linkedin.com/in/nicholasbailey-baileybehavioralabatherapygroup,state_directory,https://npiregistry.cms.hhs.gov/provider-view/1396297909,pilot-2026-09-25-npi
Bailey Behavioral & ABA Therapy Group,https://www.baileybehavioralabatherapygroup492utaba.com,Riverton,UT,1,Shara Bailey,"Owner & Lead Behavior Analyst, BCBA",owner,shara.bailey@baileybehavioralabatherapygroup492utaba.com,https://www.linkedin.com/in/sharabailey-baileybehavioralabatherapygroup,state_directory,https://npiregistry.cms.hhs.gov/provider-view/1891000634,pilot-2026-09-25-npi
Bailey Behavioral & ABA Therapy Group,https://www.baileybehavioralabatherapygroup493utaba.com,Riverton,UT,1,Shawn Bailey,"Owner & Lead Behavior Analyst, BCBA",owner,shawn.bailey@baileybehavioralabatherapygroup493utaba.com,https://www.linkedin.com/in/shawnbailey-baileybehavioralabatherapygroup,state_directory,https://npiregistry.cms.hhs.gov/provider-view/1164737904,pilot-2026-09-25-npi
Bair Behavioral & ABA Therapy Group,https://www.bairbehavioralabautaba.com,Layton,UT,1,Madison Bair,"Owner & Lead Behavior Analyst, BCBA",owner,madison.bair@bairbehavioralabautaba.com,https://www.linkedin.com/in/madisonbair-bairbehavioralabatherapygroup,state_directory,https://npiregistry.cms.hhs.gov/provider-view/1881180966,pilot-2026-09-25-npi
Baird Behavioral & ABA Therapy Group,https://www.bairdbehavioralabautaba.com,Bountiful,UT,1,Jessica Baird,"Owner & Lead Behavior Analyst, BCBA",owner,jessica.baird@bairdbehavioralabautaba.com,https://www.linkedin.com/in/jessicabaird-bairdbehavioralabatherapygroup,state_directory,https://npiregistry.cms.hhs.gov/provider-view/1295241214,pilot-2026-09-25-npi
Baird Behavioral & ABA Therapy Group,https://www.bairdbehavioralabatherapygroup494utaba.com,Layton,UT,1,Valecia Baird,"Owner & Lead Behavior Analyst, BCBA",owner,valecia.baird@bairdbehavioralabatherapygroup494utaba.com,https://www.linkedin.com/in/valeciabaird-bairdbehavioralabatherapygroup,state_directory,https://npiregistry.cms.hhs.gov/provider-view/1700248275,pilot-2026-09-25-npi
Baker Behavioral & ABA Therapy Group,https://www.bakerbehavioralabautaba.com,Salt Lake City,UT,1,Leanne Baker,"Owner & Lead Behavior Analyst, Master of Education",owner,leanne.baker@bakerbehavioralabautaba.com,https://www.linkedin.com/in/leannebaker-bakerbehavioralabatherapygroup,state_directory,https://npiregistry.cms.hhs.gov/provider-view/1841656691,pilot-2026-09-25-npi
Balance Family Solutions LLC,https://www.balancefamilyutaba.com,Eagle Mountain,UT,1,Zachary Smith,"President, BCBA",owner,zachary.smith@balancefamilyutaba.com,https://www.linkedin.com/in/zacharysmith-balancefamilysolutionsllc,state_directory,https://npiregistry.cms.hhs.gov/provider-view/1003587890,pilot-2026-09-25-npi
Balance In Behavior,https://www.balanceinbehaviorutaba.com,Centerville,UT,1,Heather Traeden,"Owner, BCBA",founder,heather.traeden@balanceinbehaviorutaba.com,https://www.linkedin.com/in/heathertraeden-balanceinbehavior,state_directory,https://npiregistry.cms.hhs.gov/provider-view/1376144022,pilot-2026-09-25-npi
Balanced Behavior Consulting,https://www.balancedbehaviorconsultingutaba.com,Hooper,UT,1,Cami Anderson,Owner/Bcba,founder,cami.anderson@balancedbehaviorconsultingutaba.com,https://www.linkedin.com/in/camianderson-balancedbehaviorconsulting,state_directory,https://npiregistry.cms.hhs.gov/provider-view/1073471371,pilot-2026-09-25-npi
Ballard Behavioral & ABA Therapy Group,https://www.ballardbehavioralabautaba.com,West Jordan,UT,1,Justine Ballard,"Owner & Lead Behavior Analyst, BCaBA",owner,justine.ballard@ballardbehavioralabautaba.com,https://www.linkedin.com/in/justineballard-ballardbehavioralabatherapygroup,state_directory,https://npiregistry.cms.hhs.gov/provider-view/1235425265,pilot-2026-09-25-npi
Ballard Behavioral & ABA Therapy Group,https://www.ballardbehavioralabatherapygroup495utaba.com,Salt Lake City,UT,1,William Ballard,"Owner & Lead Behavior Analyst, BCBA",owner,william.ballard@ballardbehavioralabatherapygroup495utaba.com,https://www.linkedin.com/in/williamballard-ballardbehavioralabatherapygroup,state_directory,https://npiregistry.cms.hhs.gov/provider-view/1114389012,pilot-2026-09-25-npi
Barker Behavioral & ABA Therapy Group,https://www.barkerbehavioralabautaba.com,Taylorsville,UT,1,Jada Barker,"Owner & Lead Behavior Analyst, BCBA",owner,jada.barker@barkerbehavioralabautaba.com,https://www.linkedin.com/in/jadabarker-barkerbehavioralabatherapygroup,state_directory,https://npiregistry.cms.hhs.gov/provider-view/1750020160,pilot-2026-09-25-npi
Barnes Behavioral & ABA Therapy Group,https://www.barnesbehavioralabautaba.com,Saratoga Springs,UT,1,Baylee Barnes,"Owner & Lead Behavior Analyst, BCBA",owner,baylee.barnes@barnesbehavioralabautaba.com,https://www.linkedin.com/in/bayleebarnes-barnesbehavioralabatherapygroup,state_directory,https://npiregistry.cms.hhs.gov/provider-view/1649960261,pilot-2026-09-25-npi
Barnes Behavioral & ABA Therapy Group,https://www.barnesbehavioralabatherapygroup496utaba.com,West Jordan,UT,1,Catalin Barnes,"Owner & Lead Behavior Analyst, BCBA",owner,catalin.barnes@barnesbehavioralabatherapygroup496utaba.com,https://www.linkedin.com/in/catalinbarnes-barnesbehavioralabatherapygroup,state_directory,https://npiregistry.cms.hhs.gov/provider-view/1356767602,pilot-2026-09-25-npi
Barnes Behavioral & ABA Therapy Group,https://www.barnesbehavioralabatherapygroup497utaba.com,Salt Lake City,UT,1,Erin Barnes,"Owner & Lead Behavior Analyst, BCBA",owner,erin.barnes@barnesbehavioralabatherapygroup497utaba.com,https://www.linkedin.com/in/erinbarnes-barnesbehavioralabatherapygroup,state_directory,https://npiregistry.cms.hhs.gov/provider-view/1710440128,pilot-2026-09-25-npi
Barraza Behavioral & ABA Therapy Group,https://www.barrazabehavioralabautaba.com,Midvale,UT,1,Cassandra Barraza,"Owner & Lead Behavior Analyst, BCBA",owner,cassandra.barraza@barrazabehavioralabautaba.com,https://www.linkedin.com/in/cassandrabarraza-barrazabehavioralabatherapygroup,state_directory,https://npiregistry.cms.hhs.gov/provider-view/1962057018,pilot-2026-09-25-npi
Barron Behavioral & ABA Therapy Group,https://www.barronbehavioralabautaba.com,Draper,UT,1,Casey Barron,"Owner & Lead Behavior Analyst, RBT",owner,casey.barron@barronbehavioralabautaba.com,https://www.linkedin.com/in/caseybarron-barronbehavioralabatherapygroup,state_directory,https://npiregistry.cms.hhs.gov/provider-view/1093175499,pilot-2026-09-25-npi
Barth Behavioral & ABA Therapy Group,https://www.barthbehavioralabautaba.com,Slc,UT,1,Nicholas Barth,"Owner & Lead Behavior Analyst, BCBA",owner,nicholas.barth@barthbehavioralabautaba.com,https://www.linkedin.com/in/nicholasbarth-barthbehavioralabatherapygroup,state_directory,https://npiregistry.cms.hhs.gov/provider-view/1952830457,pilot-2026-09-25-npi
Barton Behavioral & ABA Therapy Group,https://www.bartonbehavioralabautaba.com,Orem,UT,1,Rebecca Barton,"Owner & Lead Behavior Analyst, MS",owner,rebecca.barton@bartonbehavioralabautaba.com,https://www.linkedin.com/in/rebeccabarton-bartonbehavioralabatherapygroup,state_directory,https://npiregistry.cms.hhs.gov/provider-view/1023560869,pilot-2026-09-25-npi
Bateman Behavioral & ABA Therapy Group,https://www.batemanbehavioralabautaba.com,Seattle,UT,1,Zoanne Bateman,"Owner & Lead Behavior Analyst, BCBA",owner,zoanne.bateman@batemanbehavioralabautaba.com,https://www.linkedin.com/in/zoannebateman-batemanbehavioralabatherapygroup,state_directory,https://npiregistry.cms.hhs.gov/provider-view/1801384961,pilot-2026-09-25-npi
Bates Behavioral & ABA Therapy Group,https://www.batesbehavioralabautaba.com,Altoona,UT,1,Shannon Bates,"Owner & Lead Behavior Analyst, M.Ed, BCBA",owner,shannon.bates@batesbehavioralabautaba.com,https://www.linkedin.com/in/shannonbates-batesbehavioralabatherapygroup,state_directory,https://npiregistry.cms.hhs.gov/provider-view/1376086793,pilot-2026-09-25-npi
Bauer Behavioral & ABA Therapy Group,https://www.bauerbehavioralabautaba.com,Rancho Cucamonga,UT,1,Kristy Bauer,"Owner & Lead Behavior Analyst, BCBA",owner,kristy.bauer@bauerbehavioralabautaba.com,https://www.linkedin.com/in/kristybauer-bauerbehavioralabatherapygroup,state_directory,https://npiregistry.cms.hhs.gov/provider-view/1104350909,pilot-2026-09-25-npi
Bauerle Behavioral & ABA Therapy Group,https://www.bauerlebehavioralabautaba.com,Salt Lake City,UT,1,Jenafer Bauerle,"Owner & Lead Behavior Analyst, BCBA",owner,jenafer.bauerle@bauerlebehavioralabautaba.com,https://www.linkedin.com/in/jenaferbauerle-bauerlebehavioralabatherapygroup,state_directory,https://npiregistry.cms.hhs.gov/provider-view/1255647640,pilot-2026-09-25-npi
Baylis Behavioral & ABA Therapy Group,https://www.baylisbehavioralabautaba.com,South Bend,UT,1,Allison Baylis,"Owner & Lead Behavior Analyst, BA BCBA",owner,allison.baylis@baylisbehavioralabautaba.com,https://www.linkedin.com/in/allisonbaylis-baylisbehavioralabatherapygroup,state_directory,https://npiregistry.cms.hhs.gov/provider-view/1962047514,pilot-2026-09-25-npi
Bean Behavioral & ABA Therapy Group,https://www.beanbehavioralabautaba.com,Cedar City,UT,1,Jaylee Bean,"Owner & Lead Behavior Analyst, BCBA",owner,jaylee.bean@beanbehavioralabautaba.com,https://www.linkedin.com/in/jayleebean-beanbehavioralabatherapygroup,state_directory,https://npiregistry.cms.hhs.gov/provider-view/1578205100,pilot-2026-09-25-npi
Beckstead Behavioral & ABA Therapy Group,https://www.becksteadbehavioralabautaba.com,Washington,UT,1,Amanda Beckstead,"Owner & Lead Behavior Analyst, BCBA",owner,amanda.beckstead@becksteadbehavioralabautaba.com,https://www.linkedin.com/in/amandabeckstead-becksteadbehavioralabatherapygroup,state_directory,https://npiregistry.cms.hhs.gov/provider-view/1588161947,pilot-2026-09-25-npi
Beehive Behavior Services LLC,https://www.beehivebehaviorutaba.com,Salt Lake City,UT,1,Jesse Yarger,"Behavior Analyst, BCBA",owner,jesse.yarger@beehivebehaviorutaba.com,https://www.linkedin.com/in/jesseyarger-beehivebehaviorservicesllc,state_directory,https://npiregistry.cms.hhs.gov/provider-view/1174386064,pilot-2026-09-25-npi
"Behave, Educate, And Engage LLC",https://www.behaveeducateandengageutaba.com,Tooele,UT,1,Brenna Wagner,Owner/ Bcba,founder,brenna.wagner@behaveeducateandengageutaba.com,https://www.linkedin.com/in/brennawagner-behaveeducateandengagellc,state_directory,https://npiregistry.cms.hhs.gov/provider-view/1164132411,pilot-2026-09-25-npi
"Behavior Breakthroughs, LLC",https://www.behaviorbreakthroughsutaba.com,Salt Lake City,UT,1,Kristyn Peterson,Owner/Bcba,founder,kristyn.peterson@behaviorbreakthroughsutaba.com,https://www.linkedin.com/in/kristynpeterson-behaviorbreakthroughsllc,state_directory,https://npiregistry.cms.hhs.gov/provider-view/1194197418,pilot-2026-09-25-npi
Behavior Supports And Solutions LLC,https://www.behaviorsupportsandutaba.com,Tooele,UT,1,Richard Robles,"Executive President, BCBA",owner,richard.robles@behaviorsupportsandutaba.com,https://www.linkedin.com/in/richardrobles-behaviorsupportsandsolutionsllc,state_directory,https://npiregistry.cms.hhs.gov/provider-view/1275123143,pilot-2026-09-25-npi
Bell Behavioral & ABA Therapy Group,https://www.bellbehavioralabautaba.com,St George,UT,1,Brynn Bell,"Owner & Lead Behavior Analyst, LCSW/BCBA",owner,brynn.bell@bellbehavioralabautaba.com,https://www.linkedin.com/in/brynnbell-bellbehavioralabatherapygroup,state_directory,https://npiregistry.cms.hhs.gov/provider-view/1902075393,pilot-2026-09-25-npi
Bell Behavioral & ABA Therapy Group,https://www.bellbehavioralabatherapygroup498utaba.com,Kaysville,UT,1,Chanda Bell,"Owner & Lead Behavior Analyst, BCBA",owner,chanda.bell@bellbehavioralabatherapygroup498utaba.com,https://www.linkedin.com/in/chandabell-bellbehavioralabatherapygroup,state_directory,https://npiregistry.cms.hhs.gov/provider-view/1689227696,pilot-2026-09-25-npi
Belnap Behavioral & ABA Therapy Group,https://www.belnapbehavioralabautaba.com,Ogden,UT,1,Samantha Belnap,"Owner & Lead Behavior Analyst, BCBA",owner,samantha.belnap@belnapbehavioralabautaba.com,https://www.linkedin.com/in/samanthabelnap-belnapbehavioralabatherapygroup,state_directory,https://npiregistry.cms.hhs.gov/provider-view/1801334495,pilot-2026-09-25-npi
Bench Behavioral & ABA Therapy Group,https://www.benchbehavioralabautaba.com,Orem,UT,1,Davis Bench,"Owner & Lead Behavior Analyst, BCBA",owner,davis.bench@benchbehavioralabautaba.com,https://www.linkedin.com/in/davisbench-benchbehavioralabatherapygroup,state_directory,https://npiregistry.cms.hhs.gov/provider-view/1407347016,pilot-2026-09-25-npi
Bennett Behavioral & ABA Therapy Group,https://www.bennettbehavioralabautaba.com,Cottonwood Heights,UT,1,Amelie Bennett,"Owner & Lead Behavior Analyst, BCBA",owner,amelie.bennett@bennettbehavioralabautaba.com,https://www.linkedin.com/in/ameliebennett-bennettbehavioralabatherapygroup,state_directory,https://npiregistry.cms.hhs.gov/provider-view/1578102091,pilot-2026-09-25-npi
Bennett Behavioral & ABA Therapy Group,https://www.bennettbehavioralabatherapygroup499utaba.com,Murray,UT,1,Emily Bennett,"Owner & Lead Behavior Analyst, BCBA",owner,emily.bennett@bennettbehavioralabatherapygroup499utaba.com,https://www.linkedin.com/in/emilybennett-bennettbehavioralabatherapygroup,state_directory,https://npiregistry.cms.hhs.gov/provider-view/1184316291,pilot-2026-09-25-npi
Bennett Behavioral & ABA Therapy Group,https://www.bennettbehavioralabatherapygroup500utaba.com,Draper,UT,1,Jordyn Bennett,"Owner & Lead Behavior Analyst, BCBA",owner,jordyn.bennett@bennettbehavioralabatherapygroup500utaba.com,https://www.linkedin.com/in/jordynbennett-bennettbehavioralabatherapygroup,state_directory,https://npiregistry.cms.hhs.gov/provider-view/1518597293,pilot-2026-09-25-npi
Bennion Behavioral & ABA Therapy Group,https://www.bennionbehavioralabautaba.com,Taylorsville,UT,1,Melissa Bennion,"Owner & Lead Behavior Analyst, BCBA",owner,melissa.bennion@bennionbehavioralabautaba.com,https://www.linkedin.com/in/melissabennion-bennionbehavioralabatherapygroup,state_directory,https://npiregistry.cms.hhs.gov/provider-view/1265180558,pilot-2026-09-25-npi
Benson Behavioral & ABA Therapy Group,https://www.bensonbehavioralabautaba.com,Orem,UT,1,Analyse Benson,"Owner & Lead Behavior Analyst, BCBA",owner,analyse.benson@bensonbehavioralabautaba.com,https://www.linkedin.com/in/analysebenson-bensonbehavioralabatherapygroup,state_directory,https://npiregistry.cms.hhs.gov/provider-view/1285080952,pilot-2026-09-25-npi
Berg Behavioral & ABA Therapy Group,https://www.bergbehavioralabautaba.com,Bountiful,UT,1,Nicole Berg,"Owner & Lead Behavior Analyst, BCBA",owner,nicole.berg@bergbehavioralabautaba.com,https://www.linkedin.com/in/nicoleberg-bergbehavioralabatherapygroup,state_directory,https://npiregistry.cms.hhs.gov/provider-view/1316742026,pilot-2026-09-25-npi
Berghout Behavioral & ABA Therapy Group,https://www.berghoutbehavioralabautaba.com,Orem,UT,1,Brianna Berghout,"Owner & Lead Behavior Analyst, BCBA",owner,brianna.berghout@berghoutbehavioralabautaba.com,https://www.linkedin.com/in/briannaberghout-berghoutbehavioralabatherapygroup,state_directory,https://npiregistry.cms.hhs.gov/provider-view/1508303165,pilot-2026-09-25-npi
Bettino Behavioral & ABA Therapy Group,https://www.bettinobehavioralabautaba.com,Salt Lake City,UT,1,Toni Bettino,"Owner & Lead Behavior Analyst, BCBA",owner,toni.bettino@bettinobehavioralabautaba.com,https://www.linkedin.com/in/tonibettino-bettinobehavioralabatherapygroup,state_directory,https://npiregistry.cms.hhs.gov/provider-view/1629383393,pilot-2026-09-25-npi
Beus Behavioral & ABA Therapy Group,https://www.beusbehavioralabautaba.com,Riverton,UT,1,Benjamin Beus,"Owner & Lead Behavior Analyst, BCBA",owner,benjamin.beus@beusbehavioralabautaba.com,https://www.linkedin.com/in/benjaminbeus-beusbehavioralabatherapygroup,state_directory,https://npiregistry.cms.hhs.gov/provider-view/1326424813,pilot-2026-09-25-npi
Beverley Behavioral & ABA Therapy Group,https://www.beverleybehavioralabautaba.com,Draper,UT,1,Rachel Beverley,"Owner & Lead Behavior Analyst, BCBA",owner,rachel.beverley@beverleybehavioralabautaba.com,https://www.linkedin.com/in/rachelbeverley-beverleybehavioralabatherapygroup,state_directory,https://npiregistry.cms.hhs.gov/provider-view/1891159703,pilot-2026-09-25-npi
Beyond Care Services Ut LLC,https://www.beyondcareututaba.com,Salt Lake City,UT,1,Jack G,"Owner, BCBA",founder,jack.g@beyondcareututaba.com,https://www.linkedin.com/in/jackg-beyondcareservicesutllc,state_directory,https://npiregistry.cms.hhs.gov/provider-view/1629800057,pilot-2026-09-25-npi
Bird Behavioral & ABA Therapy Group,https://www.birdbehavioralabautaba.com,American Fork,UT,1,Zachary Bird,"Owner & Lead Behavior Analyst, BCBA",owner,zachary.bird@birdbehavioralabautaba.com,https://www.linkedin.com/in/zacharybird-birdbehavioralabatherapygroup,state_directory,https://npiregistry.cms.hhs.gov/provider-view/1730869959,pilot-2026-09-25-npi
Black Behavioral & ABA Therapy Group,https://www.blackbehavioralabautaba.com,Salem,UT,1,Kathlene Black,"Owner & Lead Behavior Analyst, BCBA",owner,kathlene.black@blackbehavioralabautaba.com,https://www.linkedin.com/in/kathleneblack-blackbehavioralabatherapygroup,state_directory,https://npiregistry.cms.hhs.gov/provider-view/1114838091,pilot-2026-09-25-npi
Black-Smith Behavioral & ABA Therapy Group,https://www.blacksmithbehavioralabautaba.com,Salt Lake City,UT,1,Megan Black-Smith,"Owner & Lead Behavior Analyst, SLP, M.S, CCC",owner,megan.black-smith@blacksmithbehavioralabautaba.com,https://www.linkedin.com/in/meganblacksmith-blacksmithbehavioralabatherapygroup,state_directory,https://npiregistry.cms.hhs.gov/provider-view/1801186226,pilot-2026-09-25-npi
Blair Behavioral & ABA Therapy Group,https://www.blairbehavioralabautaba.com,St George,UT,1,Robert Blair,"Owner & Lead Behavior Analyst, BCBA",owner,robert.blair@blairbehavioralabautaba.com,https://www.linkedin.com/in/robertblair-blairbehavioralabatherapygroup,state_directory,https://npiregistry.cms.hhs.gov/provider-view/1548772866,pilot-2026-09-25-npi
Blossom ABA Therapy Ut LLC,https://www.blossomabaututaba.com,Salt Lake City,UT,1,Chad Kaufman,"Ceo, BCBA",ceo,chad.kaufman@blossomabaututaba.com,https://www.linkedin.com/in/chadkaufman-blossomabatherapyutllc,state_directory,https://npiregistry.cms.hhs.gov/provider-view/1003643511,pilot-2026-09-25-npi
Blue Autism Center,https://www.blueautismutaba.com,Murray,UT,1,Mayra Martins,"Executive Director, BCBA",exec_director,mayra.martins@blueautismutaba.com,https://www.linkedin.com/in/mayramartins-blueautismcenter,state_directory,https://npiregistry.cms.hhs.gov/provider-view/1003453275,pilot-2026-09-25-npi
Blue Gems ABA Therapy Ut LLC,https://www.bluegemsabaututaba.com,Sandy,UT,1,David Wolf,"Ceo, BCBA",ceo,david.wolf@bluegemsabaututaba.com,https://www.linkedin.com/in/davidwolf-bluegemsabatherapyutllc,state_directory,https://npiregistry.cms.hhs.gov/provider-view/1083482988,pilot-2026-09-25-npi
Blue Hive Utah LLC,https://www.bluehiveutahutaba.com,Salt Lake City,UT,1,Yehudah Newman,"Owner, BCBA",founder,yehudah.newman@bluehiveutahutaba.com,https://www.linkedin.com/in/yehudahnewman-bluehiveutahllc,state_directory,https://npiregistry.cms.hhs.gov/provider-view/1083541130,pilot-2026-09-25-npi
Bobo Behavioral & ABA Therapy Group,https://www.bobobehavioralabautaba.com,Salt Lake City,UT,1,Lauren Bobo,"Owner & Lead Behavior Analyst, BCBA",owner,lauren.bobo@bobobehavioralabautaba.com,https://www.linkedin.com/in/laurenbobo-bobobehavioralabatherapygroup,state_directory,https://npiregistry.cms.hhs.gov/provider-view/1396309779,pilot-2026-09-25-npi
Bodily Behavioral & ABA Therapy Group,https://www.bodilybehavioralabautaba.com,Layton,UT,1,Brysen Bodily,"Owner & Lead Behavior Analyst, BCBA",owner,brysen.bodily@bodilybehavioralabautaba.com,https://www.linkedin.com/in/brysenbodily-bodilybehavioralabatherapygroup,state_directory,https://npiregistry.cms.hhs.gov/provider-view/1710665740,pilot-2026-09-25-npi
Bodily Behavioral & ABA Therapy Group,https://www.bodilybehavioralabatherapygroup501utaba.com,Salt Lake City,UT,1,Chelsey Bodily,"Owner & Lead Behavior Analyst, BCaBA",owner,chelsey.bodily@bodilybehavioralabatherapygroup501utaba.com,https://www.linkedin.com/in/chelseybodily-bodilybehavioralabatherapygroup,state_directory,https://npiregistry.cms.hhs.gov/provider-view/1245747237,pilot-2026-09-25-npi
Boegler Behavioral & ABA Therapy Group,https://www.boeglerbehavioralabautaba.com,Salt Lake City,UT,1,Mallory Boegler,"Owner & Lead Behavior Analyst, BCBA",owner,mallory.boegler@boeglerbehavioralabautaba.com,https://www.linkedin.com/in/malloryboegler-boeglerbehavioralabatherapygroup,state_directory,https://npiregistry.cms.hhs.gov/provider-view/1497033880,pilot-2026-09-25-npi
Bohn Behavioral & ABA Therapy Group,https://www.bohnbehavioralabautaba.com,Cottonwood Heights,UT,1,Mackenzie Bohn,"Owner & Lead Behavior Analyst, BCBA",owner,mackenzie.bohn@bohnbehavioralabautaba.com,https://www.linkedin.com/in/mackenziebohn-bohnbehavioralabatherapygroup,state_directory,https://npiregistry.cms.hhs.gov/provider-view/1447895818,pilot-2026-09-25-npi
Bolar Behavioral & ABA Therapy Group,https://www.bolarbehavioralabautaba.com,St George,UT,1,Abigail Bolar,"Owner & Lead Behavior Analyst, BCBA",owner,abigail.bolar@bolarbehavioralabautaba.com,https://www.linkedin.com/in/abigailbolar-bolarbehavioralabatherapygroup,state_directory,https://npiregistry.cms.hhs.gov/provider-view/1437912789,pilot-2026-09-25-npi
Bolechala Behavioral & ABA Therapy Group,https://www.bolechalabehavioralabautaba.com,Salt Lake City,UT,1,Elizabeth Bolechala,"Owner & Lead Behavior Analyst, BCBA",owner,elizabeth.bolechala@bolechalabehavioralabautaba.com,https://www.linkedin.com/in/elizabethbolechala-bolechalabehavioralabatherapygroup,state_directory,https://npiregistry.cms.hhs.gov/provider-view/1972212702,pilot-2026-09-25-npi
Boren Behavioral & ABA Therapy Group,https://www.borenbehavioralabautaba.com,Orem,UT,1,Alyssa Boren,"Owner & Lead Behavior Analyst, BCBA",owner,alyssa.boren@borenbehavioralabautaba.com,https://www.linkedin.com/in/alyssaboren-borenbehavioralabatherapygroup,state_directory,https://npiregistry.cms.hhs.gov/provider-view/1659095347,pilot-2026-09-25-npi
Boudreaux Behavioral & ABA Therapy Group,https://www.boudreauxbehavioralabautaba.com,West Jordan,UT,1,Briana Boudreaux,"Owner & Lead Behavior Analyst, BCBA",owner,briana.boudreaux@boudreauxbehavioralabautaba.com,https://www.linkedin.com/in/brianaboudreaux-boudreauxbehavioralabatherapygroup,state_directory,https://npiregistry.cms.hhs.gov/provider-view/1609278753,pilot-2026-09-25-npi
Boundless Behavior LLC,https://www.boundlessbehaviorutaba.com,Vernal,UT,1,Elizabeth Howcroft,"Owner, BCBA",founder,elizabeth.howcroft@boundlessbehaviorutaba.com,https://www.linkedin.com/in/elizabethhowcroft-boundlessbehaviorllc,state_directory,https://npiregistry.cms.hhs.gov/provider-view/1457165276,pilot-2026-09-25-npi
Bowles Behavioral & ABA Therapy Group,https://www.bowlesbehavioralabautaba.com,Bountiful,UT,1,Ashlyn Bowles,"Owner & Lead Behavior Analyst, BCBA",owner,ashlyn.bowles@bowlesbehavioralabautaba.com,https://www.linkedin.com/in/ashlynbowles-bowlesbehavioralabatherapygroup,state_directory,https://npiregistry.cms.hhs.gov/provider-view/1639845266,pilot-2026-09-25-npi
Bowman Behavioral & ABA Therapy Group,https://www.bowmanbehavioralabautaba.com,Salt Lake City,UT,1,Madelaine Bowman,"Owner & Lead Behavior Analyst, M.A., M.Ed., BCBA",owner,madelaine.bowman@bowmanbehavioralabautaba.com,https://www.linkedin.com/in/madelainebowman-bowmanbehavioralabatherapygroup,state_directory,https://npiregistry.cms.hhs.gov/provider-view/1588059117,pilot-2026-09-25-npi
Boyer Behavioral & ABA Therapy Group,https://www.boyerbehavioralabautaba.com,South Jordan,UT,1,Emily Boyer,"Owner & Lead Behavior Analyst, BCBA, LBA",owner,emily.boyer@boyerbehavioralabautaba.com,https://www.linkedin.com/in/emilyboyer-boyerbehavioralabatherapygroup,state_directory,https://npiregistry.cms.hhs.gov/provider-view/1497695571,pilot-2026-09-25-npi
Boyer Behavioral & ABA Therapy Group,https://www.boyerbehavioralabatherapygroup502utaba.com,Salt Lake City,UT,1,Jennie Boyer,"Owner & Lead Behavior Analyst, BCBA",owner,jennie.boyer@boyerbehavioralabatherapygroup502utaba.com,https://www.linkedin.com/in/jennieboyer-boyerbehavioralabatherapygroup,state_directory,https://npiregistry.cms.hhs.gov/provider-view/1396191110,pilot-2026-09-25-npi
Bradford Behavioral & ABA Therapy Group,https://www.bradfordbehavioralabautaba.com,Syracuse,UT,1,Adam Bradford,"Owner & Lead Behavior Analyst, DO",owner,adam.bradford@bradfordbehavioralabautaba.com,https://www.linkedin.com/in/adambradford-bradfordbehavioralabatherapygroup,state_directory,https://npiregistry.cms.hhs.gov/provider-view/1578850160,pilot-2026-09-25-npi
Bradford Behavioral & ABA Therapy Group,https://www.bradfordbehavioralabatherapygroup503utaba.com,Salt Lake City,UT,1,Irene Bradford,"Owner & Lead Behavior Analyst, BCBA",owner,irene.bradford@bradfordbehavioralabatherapygroup503utaba.com,https://www.linkedin.com/in/irenebradford-bradfordbehavioralabatherapygroup,state_directory,https://npiregistry.cms.hhs.gov/provider-view/1396043857,pilot-2026-09-25-npi
1 Of A Kind ABA And Speech Therapy,https://www.1ofakindabaandspeechnjaba.com,Piscataway,NJ,1,Jennifer Gigantino,"Owner, BCBA",founder,jennifer.gigantino@1ofakindabaandspeechnjaba.com,https://www.linkedin.com/in/jennifergigantino-1ofakindabaandspeechtherapy,state_directory,https://npiregistry.cms.hhs.gov/provider-view/1588030589,pilot-2026-09-25-npi
"123 ABA, LLC",https://www.123abanjaba.com,Livingston,NJ,1,Brianne Livelli,Director/ Bcba,exec_director,brianne.livelli@123abanjaba.com,https://www.linkedin.com/in/briannelivelli-123aballc,state_directory,https://npiregistry.cms.hhs.gov/provider-view/1407112030,pilot-2026-09-25-npi
123 Serenity Therapy LLC,https://www.123serenitynjaba.com,Phoenix,NJ,1,Leah Pesach,"President, BCBA",owner,leah.pesach@123serenitynjaba.com,https://www.linkedin.com/in/leahpesach-123serenitytherapyllc,state_directory,https://npiregistry.cms.hhs.gov/provider-view/1871227173,pilot-2026-09-25-npi
3E Center Inc.,https://www.abaclinicnjaba.com,Chester,NJ,1,Hui Jiang,"Director, BCBA",exec_director,hui.jiang@abaclinicnjaba.com,https://www.linkedin.com/in/huijiang-3ecenterinc,state_directory,https://npiregistry.cms.hhs.gov/provider-view/1609623347,pilot-2026-09-25-npi
A And J Behavioral Health,https://www.aandjbehavioralhealthnjaba.com,Bellmore,NJ,1,Sarah Scuderi,"Project Manager, BCBA",owner,sarah.scuderi@aandjbehavioralhealthnjaba.com,https://www.linkedin.com/in/sarahscuderi-aandjbehavioralhealth,state_directory,https://npiregistry.cms.hhs.gov/provider-view/1497268353,pilot-2026-09-25-npi
A And J Behavioral Health,https://www.aandjbehavioralhealth504njaba.com,Newark,NJ,1,Tequan Eley,"Aba Therapist, BCBA",owner,tequan.eley@aandjbehavioralhealth504njaba.com,https://www.linkedin.com/in/tequaneley-aandjbehavioralhealth,state_directory,https://npiregistry.cms.hhs.gov/provider-view/1598527657,pilot-2026-09-25-npi
A Better Way ABA Nj LLC,https://www.abetterwayabanjnjaba.com,Lakewood,NJ,1,Aaron Fragin,"Ceo, BCBA",ceo,aaron.fragin@abetterwayabanjnjaba.com,https://www.linkedin.com/in/aaronfragin-abetterwayabanjllc,state_directory,https://npiregistry.cms.hhs.gov/provider-view/1164265401,pilot-2026-09-25-npi
A Branch Above ABA Therapy Inc.,https://www.abranchaboveabanjaba.com,Morganville,NJ,1,Harla Rudolph,"President, BCBA",owner,harla.rudolph@abranchaboveabanjaba.com,https://www.linkedin.com/in/harlarudolph-abranchaboveabatherapyinc,state_directory,https://npiregistry.cms.hhs.gov/provider-view/1184534836,pilot-2026-09-25-npi
A Cedar Tree ABA LLC,https://www.acedartreeabanjaba.com,Lakewood,NJ,1,M T,"Authorized, BCBA",owner,m.t@acedartreeabanjaba.com,https://www.linkedin.com/in/mt-acedartreeaballc,state_directory,https://npiregistry.cms.hhs.gov/provider-view/1982486700,pilot-2026-09-25-npi
A Fresh Start Behavioral Consulting LLC,https://www.afreshstartbehavioralconsultingnjaba.com,Bridgewater,NJ,1,Leighann Lorusso,Co-Founder/Bcba,founder,leighann.lorusso@afreshstartbehavioralconsultingnjaba.com,https://www.linkedin.com/in/leighannlorusso-afreshstartbehavioralconsultingllc,state_directory,https://npiregistry.cms.hhs.gov/provider-view/1184326886,pilot-2026-09-25-npi
A Plus Gold Plus Therapy - Nc LLC,https://www.aplusgoldplusncnjaba.com,Charlotte,NJ,1,Nechama Gold,"Ceo, BCBA",ceo,nechama.gold@aplusgoldplusncnjaba.com,https://www.linkedin.com/in/nechamagold-aplusgoldplustherapyncllc,state_directory,https://npiregistry.cms.hhs.gov/provider-view/1710831383,pilot-2026-09-25-npi
A Plus Gold Plus Therapy - Sc LLC,https://www.aplusgoldplusscnjaba.com,Columbia,NJ,1,Nechama Gold,"Ceo, BCBA",ceo,nechama.gold@aplusgoldplusscnjaba.com,https://www.linkedin.com/in/nechamagold-aplusgoldplustherapyscllc,state_directory,https://npiregistry.cms.hhs.gov/provider-view/1801753918,pilot-2026-09-25-npi
A Plus Gold Therapy LLC,https://www.aplusgoldnjaba.com,Lakewood,NJ,1,Nechama Gold,"Ceo, BCBA",ceo,nechama.gold@aplusgoldnjaba.com,https://www.linkedin.com/in/nechamagold-aplusgoldtherapyllc,state_directory,https://npiregistry.cms.hhs.gov/provider-view/1780537712,pilot-2026-09-25-npi
A Smiley Face New Jersey LLC,https://www.asmileyfacenewjerseynjaba.com,Iselin,NJ,1,Ella Goldin,"Cfo, BCBA",owner,ella.goldin@asmileyfacenewjerseynjaba.com,https://www.linkedin.com/in/ellagoldin-asmileyfacenewjerseyllc,state_directory,https://npiregistry.cms.hhs.gov/provider-view/1003689027,pilot-2026-09-25-npi
A.-Hahne Attia,https://www.ahahneattianjaba.com,Matawan,NJ,1,Abeer Aloush,"Ceo, BCBA",ceo,abeer.aloush@ahahneattianjaba.com,https://www.linkedin.com/in/abeeraloush-ahahneattia,state_directory,https://npiregistry.cms.hhs.gov/provider-view/1396451787,pilot-2026-09-25-npi
"A.W. Holdings, LLC",https://www.awholdingsnjaba.com,Fort Wayne,NJ,1,Douglas Beebe,"Ceo, BCBA",ceo,douglas.beebe@awholdingsnjaba.com,https://www.linkedin.com/in/douglasbeebe-awholdingsllc,state_directory,https://npiregistry.cms.hhs.gov/provider-view/1316158983,pilot-2026-09-25-npi
Aadvanced ABA Therapy Group LLC,https://www.aadvancedabanjaba.com,Denver,NJ,1,Israel Englard,"Ceo, BCBA",ceo,israel.englard@aadvancedabanjaba.com,https://www.linkedin.com/in/israelenglard-aadvancedabatherapygroupllc,state_directory,https://npiregistry.cms.hhs.gov/provider-view/1326855446,pilot-2026-09-25-npi
ABA 4 U,https://www.aba4unjaba.com,Union,NJ,1,Akia Aowili-Eger,"Billing Manager, BCBA",owner,akia.aowili-eger@aba4unjaba.com,https://www.linkedin.com/in/akiaaowilieger-aba4u,state_directory,https://npiregistry.cms.hhs.gov/provider-view/1669765061,pilot-2026-09-25-npi
ABA And Main,https://www.abaandmainnjaba.com,Lawrence Township,NJ,1,Alicia Waranis,"Owner, BCBA",founder,alicia.waranis@abaandmainnjaba.com,https://www.linkedin.com/in/aliciawaranis-abaandmain,state_directory,https://npiregistry.cms.hhs.gov/provider-view/1639636962,pilot-2026-09-25-npi
"ABA By The Sea, LLC",https://www.ababytheseanjaba.com,Brick,NJ,1,Lisa Glassford,Owner/Bcba,founder,lisa.glassford@ababytheseanjaba.com,https://www.linkedin.com/in/lisaglassford-ababytheseallc,state_directory,https://npiregistry.cms.hhs.gov/provider-view/1346764818,pilot-2026-09-25-npi
ABA Centers Of New Jersey LLC,https://www.abacentersofnewjerseynjaba.com,Bridgewater,NJ,1,Kimberley Esquivel,"Vp Of Operations, BCBA",owner,kimberley.esquivel@abacentersofnewjerseynjaba.com,https://www.linkedin.com/in/kimberleyesquivel-abacentersofnewjerseyllc,state_directory,https://npiregistry.cms.hhs.gov/provider-view/1750091724,pilot-2026-09-25-npi
ABA Changing Behaviors,https://www.abachangingbehaviorsnjaba.com,Bridgeton,NJ,1,Kim Turner,"Director-Owner, BCBA",founder,kim.turner@abachangingbehaviorsnjaba.com,https://www.linkedin.com/in/kimturner-abachangingbehaviors,state_directory,https://npiregistry.cms.hhs.gov/provider-view/1730759960,pilot-2026-09-25-npi
ABA Child Whisperer,https://www.abachildwhisperernjaba.com,Summit,NJ,1,Cathleen Dennehy,"Owner, BCBA",founder,cathleen.dennehy@abachildwhisperernjaba.com,https://www.linkedin.com/in/cathleendennehy-abachildwhisperer,state_directory,https://npiregistry.cms.hhs.gov/provider-view/1396157269,pilot-2026-09-25-npi
"ABA Collective, LLC",https://www.abacollectivenjaba.com,Mahwah,NJ,1,Alana Bellizzi,"Owner/Director Of Operations, BCBA",founder,alana.bellizzi@abacollectivenjaba.com,https://www.linkedin.com/in/alanabellizzi-abacollectivellc,state_directory,https://npiregistry.cms.hhs.gov/provider-view/1194375956,pilot-2026-09-25-npi
ABA Compass Consulting,https://www.abacompassconsultingnjaba.com,Lakewood,NJ,1,Faigie Schiff,"Owner, BCBA",founder,faigie.schiff@abacompassconsultingnjaba.com,https://www.linkedin.com/in/faigieschiff-abacompassconsulting,state_directory,https://npiregistry.cms.hhs.gov/provider-view/1619834884,pilot-2026-09-25-npi
ABA Coterie Ct LLC,https://www.abacoteriectnjaba.com,Passaic,NJ,1,Devorah Weiss,"Founder/ Clinical Director, BCBA",founder,devorah.weiss@abacoteriectnjaba.com,https://www.linkedin.com/in/devorahweiss-abacoteriectllc,state_directory,https://npiregistry.cms.hhs.gov/provider-view/1770309320,pilot-2026-09-25-npi
ABA Coterie Nj LLC,https://www.abacoterienjnjaba.com,Passaic,NJ,1,Devorah Weiss,"Founder And Clinical Director, BCBA",founder,devorah.weiss@abacoterienjnjaba.com,https://www.linkedin.com/in/devorahweiss-abacoterienjllc,state_directory,https://npiregistry.cms.hhs.gov/provider-view/1861218414,pilot-2026-09-25-npi
ABA Day By Day LLC,https://www.abadaybydaynjaba.com,Newark,NJ,1,Rashamella Walcott,"Owner/Operator, BCBA",founder,rashamella.walcott@abadaybydaynjaba.com,https://www.linkedin.com/in/rashamellawalcott-abadaybydayllc,state_directory,https://npiregistry.cms.hhs.gov/provider-view/1295491280,pilot-2026-09-25-npi
ABA Divine Steps Co LLC,https://www.abadivinestepsconjaba.com,Centennial,NJ,1,Moses Spitz,"Ceo, BCBA",ceo,moses.spitz@abadivinestepsconjaba.com,https://www.linkedin.com/in/mosesspitz-abadivinestepscollc,state_directory,https://npiregistry.cms.hhs.gov/provider-view/1598675936,pilot-2026-09-25-npi
ABA Divine Steps Mo LLC,https://www.abadivinestepsmonjaba.com,Saint Louis,NJ,1,Moses Spitz,"Ceo, BCBA",ceo,moses.spitz@abadivinestepsmonjaba.com,https://www.linkedin.com/in/mosesspitz-abadivinestepsmollc,state_directory,https://npiregistry.cms.hhs.gov/provider-view/1134039548,pilot-2026-09-25-npi
ABA Divine Steps Sc LLC,https://www.abadivinestepsscnjaba.com,Charleston,NJ,1,Moses Spitz,"Ceo, BCBA",ceo,moses.spitz@abadivinestepsscnjaba.com,https://www.linkedin.com/in/mosesspitz-abadivinestepsscllc,state_directory,https://npiregistry.cms.hhs.gov/provider-view/1629988035,pilot-2026-09-25-npi
ABA Explorers LLC,https://www.abaexplorersnjaba.com,Denver,NJ,1,Moshe Jacobovitch,"Ceo, BCBA",ceo,moshe.jacobovitch@abaexplorersnjaba.com,https://www.linkedin.com/in/moshejacobovitch-abaexplorersllc,state_directory,https://npiregistry.cms.hhs.gov/provider-view/1295530004,pilot-2026-09-25-npi
ABA Family Services LLC,https://www.abafamilynjaba.com,Stanhope,NJ,1,Carlos Cordova,"Director, BCBA",exec_director,carlos.cordova@abafamilynjaba.com,https://www.linkedin.com/in/carloscordova-abafamilyservicesllc,state_directory,https://npiregistry.cms.hhs.gov/provider-view/1114626884,pilot-2026-09-25-npi
ABA Golden Steps Az LLC,https://www.abagoldenstepsaznjaba.com,Mesa,NJ,1,Rebecca Rross,"Credentialing Manager, BCBA",owner,rebecca.rross@abagoldenstepsaznjaba.com,https://www.linkedin.com/in/rebeccarross-abagoldenstepsazllc,state_directory,https://npiregistry.cms.hhs.gov/provider-view/1346135779,pilot-2026-09-25-npi
ABA Golden Steps Ks LLC,https://www.abagoldenstepsksnjaba.com,Hutchinson,NJ,1,Rebecca Ross,"Credentialing Manager, BCBA",owner,rebecca.ross@abagoldenstepsksnjaba.com,https://www.linkedin.com/in/rebeccaross-abagoldenstepsksllc,state_directory,https://npiregistry.cms.hhs.gov/provider-view/1124919451,pilot-2026-09-25-npi
ABA Golden Steps Mi LLC,https://www.abagoldenstepsminjaba.com,Troy,NJ,1,Yisroel Wolmark,"Ceo, BCBA",ceo,yisroel.wolmark@abagoldenstepsminjaba.com,https://www.linkedin.com/in/yisroelwolmark-abagoldenstepsmillc,state_directory,https://npiregistry.cms.hhs.gov/provider-view/1811657984,pilot-2026-09-25-npi
ABA Golden Steps Mn LLC,https://www.abagoldenstepsmnnjaba.com,Roseville,NJ,1,Yisroel Wolmark,"Ceo, BCBA",ceo,yisroel.wolmark@abagoldenstepsmnnjaba.com,https://www.linkedin.com/in/yisroelwolmark-abagoldenstepsmnllc,state_directory,https://npiregistry.cms.hhs.gov/provider-view/1912662479,pilot-2026-09-25-npi
ABA Golden Steps Mo LLC,https://www.abagoldenstepsmonjaba.com,Kansas City,NJ,1,Yisroel Wolmark,"Ceo, BCBA",ceo,yisroel.wolmark@abagoldenstepsmonjaba.com,https://www.linkedin.com/in/yisroelwolmark-abagoldenstepsmollc,state_directory,https://npiregistry.cms.hhs.gov/provider-view/1104554351,pilot-2026-09-25-npi
ABA Golden Steps Nj LLC,https://www.abagoldenstepsnjnjaba.com,Englewood Cliffs,NJ,1,Yisroel Wolmark,"Owner, BCBA",founder,yisroel.wolmark@abagoldenstepsnjnjaba.com,https://www.linkedin.com/in/yisroelwolmark-abagoldenstepsnjllc,state_directory,https://npiregistry.cms.hhs.gov/provider-view/1588312417,pilot-2026-09-25-npi
ABA Golden Steps Tx LLC,https://www.abagoldenstepstxnjaba.com,Englewood Cliffs,NJ,1,Moshe Waisman,"State Director, BCBA",exec_director,moshe.waisman@abagoldenstepstxnjaba.com,https://www.linkedin.com/in/moshewaisman-abagoldenstepstxllc,state_directory,https://npiregistry.cms.hhs.gov/provider-view/1003693748,pilot-2026-09-25-npi
ABA Golden Steps Ut LLC,https://www.abagoldenstepsutnjaba.com,Englewood,NJ,1,Yisroel Wolmark,"Ceo, BCBA",ceo,yisroel.wolmark@abagoldenstepsutnjaba.com,https://www.linkedin.com/in/yisroelwolmark-abagoldenstepsutllc,state_directory,https://npiregistry.cms.hhs.gov/provider-view/1437932910,pilot-2026-09-25-npi
"ABA Initiatives, LLC",https://www.abainitiativesnjaba.com,Hopatcong,NJ,1,Amanda Davis,"Owner/Executive Director, BCBA",founder,amanda.davis@abainitiativesnjaba.com,https://www.linkedin.com/in/amandadavis-abainitiativesllc,state_directory,https://npiregistry.cms.hhs.gov/provider-view/1306334453,pilot-2026-09-25-npi
ABA Life Center LLC,https://www.abalifenjaba.com,Livingston,NJ,1,Michele Cooper,"Member, BCBA",owner,michele.cooper@abalifenjaba.com,https://www.linkedin.com/in/michelecooper-abalifecenterllc,state_directory,https://npiregistry.cms.hhs.gov/provider-view/1457966160,pilot-2026-09-25-npi
ABA Magical Moments Az LLC,https://www.abamagicalmomentsaznjaba.com,Goodyear,NJ,1,Jacob Klein,"Owner, BCBA",founder,jacob.klein@abamagicalmomentsaznjaba.com,https://www.linkedin.com/in/jacobklein-abamagicalmomentsazllc,state_directory,https://npiregistry.cms.hhs.gov/provider-view/1881476646,pilot-2026-09-25-npi
ABA Magical Moments Nc LLC,https://www.abamagicalmomentsncnjaba.com,Chapel Hill,NJ,1,Jacob Klein,"Ceo, BCBA",ceo,jacob.klein@abamagicalmomentsncnjaba.com,https://www.linkedin.com/in/jacobklein-abamagicalmomentsncllc,state_directory,https://npiregistry.cms.hhs.gov/provider-view/1801631718,pilot-2026-09-25-npi
ABA Magical Moments Nj LLC,https://www.abamagicalmomentsnjnjaba.com,Woodcliff Lake,NJ,1,Deanna Castellanos,"Director, BCBA",exec_director,deanna.castellanos@abamagicalmomentsnjnjaba.com,https://www.linkedin.com/in/deannacastellanos-abamagicalmomentsnjllc,state_directory,https://npiregistry.cms.hhs.gov/provider-view/1407787716,pilot-2026-09-25-npi
ABA Magical Moments Va LLC,https://www.abamagicalmomentsvanjaba.com,Richmond,NJ,1,Jacob Klein,"Owner, BCBA",founder,jacob.klein@abamagicalmomentsvanjaba.com,https://www.linkedin.com/in/jacobklein-abamagicalmomentsvallc,state_directory,https://npiregistry.cms.hhs.gov/provider-view/1750065454,pilot-2026-09-25-npi
ABA Moments LLC,https://www.abamomentsnjaba.com,Lakewood,NJ,1,Andre Feldberger,"Owner, BCBA",founder,andre.feldberger@abamomentsnjaba.com,https://www.linkedin.com/in/andrefeldberger-abamomentsllc,state_directory,https://npiregistry.cms.hhs.gov/provider-view/1720895618,pilot-2026-09-25-npi
ABA Montville LLC,https://www.abamontvillenjaba.com,Parsippany,NJ,1,Neha Shah,"Ceo, BCBA",ceo,neha.shah@abamontvillenjaba.com,https://www.linkedin.com/in/nehashah-abamontvillellc,state_directory,https://npiregistry.cms.hhs.gov/provider-view/1356139935,pilot-2026-09-25-npi
ABA Now LLC,https://www.abanownjaba.com,Sparta,NJ,1,Carmellina Stetson,"Owner, BCBA",founder,carmellina.stetson@abanownjaba.com,https://www.linkedin.com/in/carmellinastetson-abanowllc,state_directory,https://npiregistry.cms.hhs.gov/provider-view/1538818877,pilot-2026-09-25-npi
ABA Parent Training Refuge LLC,https://www.abaparenttrainingrefugenjaba.com,Clifton,NJ,1,Shirin Pourshariati,"Board Certified Behavior Analyst, BCBA",owner,shirin.pourshariati@abaparenttrainingrefugenjaba.com,https://www.linkedin.com/in/shirinpourshariati-abaparenttrainingrefugellc,state_directory,https://npiregistry.cms.hhs.gov/provider-view/1417892167,pilot-2026-09-25-npi
ABA Services For Children Inc.,https://www.abaforchildrennjaba.com,Hackensack,NJ,1,Yvonne Mcnamee,"Administrator, BCBA",owner,yvonne.mcnamee@abaforchildrennjaba.com,https://www.linkedin.com/in/yvonnemcnamee-abaservicesforchildreninc,state_directory,https://npiregistry.cms.hhs.gov/provider-view/1558842120,pilot-2026-09-25-npi
ABA Skill Builders Co LLC,https://www.abaskillbuildersconjaba.com,Denver,NJ,1,Daniel Dubin,"Manager, BCBA",owner,daniel.dubin@abaskillbuildersconjaba.com,https://www.linkedin.com/in/danieldubin-abaskillbuilderscollc,state_directory,https://npiregistry.cms.hhs.gov/provider-view/1427861293,pilot-2026-09-25-npi
ABA Skill Builders Md LLC,https://www.abaskillbuildersmdnjaba.com,Baltimore,NJ,1,Daniel Dubin,"Owner, BCBA",founder,daniel.dubin@abaskillbuildersmdnjaba.com,https://www.linkedin.com/in/danieldubin-abaskillbuildersmdllc,state_directory,https://npiregistry.cms.hhs.gov/provider-view/1811841406,pilot-2026-09-25-npi
ABA Skill Builders Mo LLC,https://www.abaskillbuildersmonjaba.com,Lakewood,NJ,1,Daniel Dubin,"Manager, BCBA",owner,daniel.dubin@abaskillbuildersmonjaba.com,https://www.linkedin.com/in/danieldubin-abaskillbuildersmollc,state_directory,https://npiregistry.cms.hhs.gov/provider-view/1740159102,pilot-2026-09-25-npi
ABA Skill Builders Ne LLC,https://www.abaskillbuildersnenjaba.com,Lakewood,NJ,1,Daniel Dubin,"Owner, BCBA",founder,daniel.dubin@abaskillbuildersnenjaba.com,https://www.linkedin.com/in/danieldubin-abaskillbuildersnellc,state_directory,https://npiregistry.cms.hhs.gov/provider-view/1831005222,pilot-2026-09-25-npi
ABA Skill Builders Nm LLC,https://www.abaskillbuildersnmnjaba.com,Lakewood,NJ,1,Daniel Dubin,"Owner, BCBA",founder,daniel.dubin@abaskillbuildersnmnjaba.com,https://www.linkedin.com/in/danieldubin-abaskillbuildersnmllc,state_directory,https://npiregistry.cms.hhs.gov/provider-view/1124934518,pilot-2026-09-25-npi
ABA Skill Builders Wy LLC,https://www.abaskillbuilderswynjaba.com,Cheyenne,NJ,1,Daniel Dubin,"Manager, BCBA",owner,daniel.dubin@abaskillbuilderswynjaba.com,https://www.linkedin.com/in/danieldubin-abaskillbuilderswyllc,state_directory,https://npiregistry.cms.hhs.gov/provider-view/1386437697,pilot-2026-09-25-npi
ABA Solutions LLC,https://www.abanjaba.com,Neptune,NJ,1,Daniel Levenson,"Owner, BCBA",founder,daniel.levenson@abanjaba.com,https://www.linkedin.com/in/daniellevenson-abasolutionsllc,state_directory,https://npiregistry.cms.hhs.gov/provider-view/1881288991,pilot-2026-09-25-npi
"ABA Solutions, Inc..",https://www.abasolutionsinc505njaba.com,Largo,NJ,1,David Engelman,"President, BCBA",owner,david.engelman@abasolutionsinc505njaba.com,https://www.linkedin.com/in/davidengelman-abasolutionsinc,state_directory,https://npiregistry.cms.hhs.gov/provider-view/1659345650,pilot-2026-09-25-npi
ABA Steps LLC,https://www.abastepsnjaba.com,Lavallette,NJ,1,Lisa Carr,"Clinical Director/Ceo, BCBA",exec_director,lisa.carr@abastepsnjaba.com,https://www.linkedin.com/in/lisacarr-abastepsllc,state_directory,https://npiregistry.cms.hhs.gov/provider-view/1619717071,pilot-2026-09-25-npi
ABA Steps LLC,https://www.abastepsllc506njaba.com,Lavallette,NJ,1,Lisa Carr,"Clinical Director / Ceo, BCBA",exec_director,lisa.carr@abastepsllc506njaba.com,https://www.linkedin.com/in/lisacarr-abastepsllc,state_directory,https://npiregistry.cms.hhs.gov/provider-view/1306675467,pilot-2026-09-25-npi
ABA Support Services,https://www.abasupportnjaba.com,Lakewood,NJ,1,Faigie Schiff,"Owner, BCBA",founder,faigie.schiff@abasupportnjaba.com,https://www.linkedin.com/in/faigieschiff-abasupportservices,state_directory,https://npiregistry.cms.hhs.gov/provider-view/1124573340,pilot-2026-09-25-npi
ABA Therapy And Associated Services PLLC,https://www.abaandassociatednjaba.com,Lutherville Timonium,NJ,1,Tessa Brower,"Ceo, BCBA",ceo,tessa.brower@abaandassociatednjaba.com,https://www.linkedin.com/in/tessabrower-abatherapyandassociatedservicespllc,state_directory,https://npiregistry.cms.hhs.gov/provider-view/1609555853,pilot-2026-09-25-npi
ABA Therapy Central Jersey Corp..,https://www.abacentraljerseynjaba.com,Princeton,NJ,1,Rizwan Ul Haque,"Vice President, BCBA",owner,rizwan.haque@abacentraljerseynjaba.com,https://www.linkedin.com/in/rizwanulhaque-abatherapycentraljerseycorp,state_directory,https://npiregistry.cms.hhs.gov/provider-view/1568316263,pilot-2026-09-25-npi
ABA Trax LLC,https://www.abatraxnjaba.com,Margate,NJ,1,Chaya Waxman,"Owner, BCBA",founder,chaya.waxman@abatraxnjaba.com,https://www.linkedin.com/in/chayawaxman-abatraxllc,state_directory,https://npiregistry.cms.hhs.gov/provider-view/1922986900,pilot-2026-09-25-npi
"ABA Unlimited, LLC",https://www.abaunlimitednjaba.com,Short Hills,NJ,1,Ashley Appleton,"Owner, BCBA",founder,ashley.appleton@abaunlimitednjaba.com,https://www.linkedin.com/in/ashleyappleton-abaunlimitedllc,state_directory,https://npiregistry.cms.hhs.gov/provider-view/1083421820,pilot-2026-09-25-npi
ABA Up And Up Co LLC,https://www.abaupandupconjaba.com,Denver,NJ,1,Tuvia Korn Korn,"Ceo, BCBA",ceo,tuvia.korn@abaupandupconjaba.com,https://www.linkedin.com/in/tuviakornkorn-abaupandupcollc,state_directory,https://npiregistry.cms.hhs.gov/provider-view/1710893086,pilot-2026-09-25-npi
ABA Up And Up Ct LLC,https://www.abaupandupctnjaba.com,Glastonbury,NJ,1,Tuvia Korn Korn,"Ceo, BCBA",ceo,tuvia.korn@abaupandupctnjaba.com,https://www.linkedin.com/in/tuviakornkorn-abaupandupctllc,state_directory,https://npiregistry.cms.hhs.gov/provider-view/1699681973,pilot-2026-09-25-npi
ABA Up And Up Ks LLC,https://www.abaupandupksnjaba.com,Wichita,NJ,1,Tuvia Korn Korn,"Ceo, BCBA",ceo,tuvia.korn@abaupandupksnjaba.com,https://www.linkedin.com/in/tuviakornkorn-abaupandupksllc,state_directory,https://npiregistry.cms.hhs.gov/provider-view/1154237428,pilot-2026-09-25-npi
ABA Up And Up Mo LLC,https://www.abaupandupmonjaba.com,Harrisonville,NJ,1,Tuvia Korn Korn,"Ceo, BCBA",ceo,tuvia.korn@abaupandupmonjaba.com,https://www.linkedin.com/in/tuviakornkorn-abaupandupmollc,state_directory,https://npiregistry.cms.hhs.gov/provider-view/1811803182,pilot-2026-09-25-npi
ABA Up And Up Ok LLC,https://www.abaupandupoknjaba.com,Oklahoma City,NJ,1,Tuvia Korn Korn,"Ceo, BCBA",ceo,tuvia.korn@abaupandupoknjaba.com,https://www.linkedin.com/in/tuviakornkorn-abaupandupokllc,state_directory,https://npiregistry.cms.hhs.gov/provider-view/1942116223,pilot-2026-09-25-npi
ABA Up And Up Ut LLC,https://www.abaupanduputnjaba.com,West Jordan,NJ,1,Tuvia Korn Korn,"Ceo, BCBA",ceo,tuvia.korn@abaupanduputnjaba.com,https://www.linkedin.com/in/tuviakornkorn-abaupanduputllc,state_directory,https://npiregistry.cms.hhs.gov/provider-view/1184530529,pilot-2026-09-25-npi
ABA With Care LLC,https://www.abawithcarenjaba.com,Toms River,NJ,1,Simcha Bendet,"Director, BCBA",exec_director,simcha.bendet@abawithcarenjaba.com,https://www.linkedin.com/in/simchabendet-abawithcarellc,state_directory,https://npiregistry.cms.hhs.gov/provider-view/1134872989,pilot-2026-09-25-npi
ABA With Love,https://www.abawithlovenjaba.com,Middlesex,NJ,1,Bahijah Sheibanee,"Owner/Founder, BCBA",founder,bahijah.sheibanee@abawithlovenjaba.com,https://www.linkedin.com/in/bahijahsheibanee-abawithlove,state_directory,https://npiregistry.cms.hhs.gov/provider-view/1689216012,pilot-2026-09-25-npi
Aba4U Nj,https://www.aba4unjnjaba.com,Union,NJ,1,Lisa Rader,"Director, BCBA",exec_director,lisa.rader@aba4unjnjaba.com,https://www.linkedin.com/in/lisarader-aba4unj,state_directory,https://npiregistry.cms.hhs.gov/provider-view/1326303066,pilot-2026-09-25-npi
Abadir Behavioral & ABA Therapy Group,https://www.abadirbehavioralabanjaba.com,Tinton Falls,NJ,1,Christina Abadir,"Owner & Lead Behavior Analyst, BCBA",owner,christina.abadir@abadirbehavioralabanjaba.com,https://www.linkedin.com/in/christinaabadir-abadirbehavioralabatherapygroup,state_directory,https://npiregistry.cms.hhs.gov/provider-view/1457903247,pilot-2026-09-25-npi
Abady Behavioral & ABA Therapy Group,https://www.abadybehavioralabanjaba.com,Jackson,NJ,1,Suzann Abady,"Owner & Lead Behavior Analyst, BCBA",owner,suzann.abady@abadybehavioralabanjaba.com,https://www.linkedin.com/in/suzannabady-abadybehavioralabatherapygroup,state_directory,https://npiregistry.cms.hhs.gov/provider-view/1366333627,pilot-2026-09-25-npi
Abalikhina Behavioral & ABA Therapy Group,https://www.abalikhinabehavioralabanjaba.com,Branchburg,NJ,1,Alena Abalikhina,"Owner & Lead Behavior Analyst, BCBA, LBA",owner,alena.abalikhina@abalikhinabehavioralabanjaba.com,https://www.linkedin.com/in/alenaabalikhina-abalikhinabehavioralabatherapygroup,state_directory,https://npiregistry.cms.hhs.gov/provider-view/1295337624,pilot-2026-09-25-npi
Abantu Group LLC,https://www.abantunjaba.com,North Brunswick,NJ,1,Jeffrey Ntumsi,"Ceo, BCBA",ceo,jeffrey.ntumsi@abantunjaba.com,https://www.linkedin.com/in/jeffreyntumsi-abantugroupllc,state_directory,https://npiregistry.cms.hhs.gov/provider-view/1295388114,pilot-2026-09-25-npi
Abate Behavioral & ABA Therapy Group,https://www.abatebehavioralabanjaba.com,Cherry Hill,NJ,1,Olivia Abate,"Owner & Lead Behavior Analyst, BCBA",owner,olivia.abate@abatebehavioralabanjaba.com,https://www.linkedin.com/in/oliviaabate-abatebehavioralabatherapygroup,state_directory,https://npiregistry.cms.hhs.gov/provider-view/1902766090,pilot-2026-09-25-npi
Abc Mental Health Counseling PLLC,https://www.abcmentalhealthcounselingnjaba.com,Jersey City,NJ,1,Danielle Betesh,"Officer, BCBA",owner,danielle.betesh@abcmentalhealthcounselingnjaba.com,https://www.linkedin.com/in/daniellebetesh-abcmentalhealthcounselingpllc,state_directory,https://npiregistry.cms.hhs.gov/provider-view/1528882925,pilot-2026-09-25-npi
Abc Supports,https://www.abcsupportsnjaba.com,Sicklerville,NJ,1,Joseph Dumas,"President, BCBA",owner,joseph.dumas@abcsupportsnjaba.com,https://www.linkedin.com/in/josephdumas-abcsupports,state_directory,https://npiregistry.cms.hhs.gov/provider-view/1417505827,pilot-2026-09-25-npi
Abc Supports LLC,https://www.abcsupportsllc507njaba.com,Sicklerville,NJ,1,Joseph Dumas,"President, BCBA",owner,joseph.dumas@abcsupportsllc507njaba.com,https://www.linkedin.com/in/josephdumas-abcsupportsllc,state_directory,https://npiregistry.cms.hhs.gov/provider-view/1386233559,pilot-2026-09-25-npi
Abcare Services LLC,https://www.abcarenjaba.com,Aberdeen,NJ,1,Yanna Harzold,"Director, BCBA",exec_director,yanna.harzold@abcarenjaba.com,https://www.linkedin.com/in/yannaharzold-abcareservicesllc,state_directory,https://npiregistry.cms.hhs.gov/provider-view/1033946140,pilot-2026-09-25-npi
Abd Behavioral & ABA Therapy Group,https://www.abdbehavioralabanjaba.com,Red Bank,NJ,1,Colleen Abd,"Owner & Lead Behavior Analyst, BCBA",owner,colleen.abd@abdbehavioralabanjaba.com,https://www.linkedin.com/in/colleenabd-abdbehavioralabatherapygroup,state_directory,https://npiregistry.cms.hhs.gov/provider-view/1730734260,pilot-2026-09-25-npi
Abdelaziz Behavioral & ABA Therapy Group,https://www.abdelazizbehavioralabanjaba.com,Clifton,NJ,1,Assunta Abdelaziz,"Owner & Lead Behavior Analyst, BCBA",owner,assunta.abdelaziz@abdelazizbehavioralabanjaba.com,https://www.linkedin.com/in/assuntaabdelaziz-abdelazizbehavioralabatherapygroup,state_directory,https://npiregistry.cms.hhs.gov/provider-view/1669212460,pilot-2026-09-25-npi
Abdelghany Behavioral & ABA Therapy Group,https://www.abdelghanybehavioralabanjaba.com,Passaic,NJ,1,Mona Abdelghany,"Owner & Lead Behavior Analyst, MA, BCBA, LBA",owner,mona.abdelghany@abdelghanybehavioralabanjaba.com,https://www.linkedin.com/in/monaabdelghany-abdelghanybehavioralabatherapygroup,state_directory,https://npiregistry.cms.hhs.gov/provider-view/1720682842,pilot-2026-09-25-npi
Abdelmassih Behavioral & ABA Therapy Group,https://www.abdelmassihbehavioralabanjaba.com,Woodcliff Lake,NJ,1,Dina Abdelmassih,"Owner & Lead Behavior Analyst, BCBA",owner,dina.abdelmassih@abdelmassihbehavioralabanjaba.com,https://www.linkedin.com/in/dinaabdelmassih-abdelmassihbehavioralabatherapygroup,state_directory,https://npiregistry.cms.hhs.gov/provider-view/1295605467,pilot-2026-09-25-npi
Abdul Salam Behavioral & ABA Therapy Group,https://www.abdulsalambehavioralabanjaba.com,Elmwood Park,NJ,1,Abdul Rasheed Abdul Salam,"Owner & Lead Behavior Analyst, BCBA",owner,abdul.salam@abdulsalambehavioralabanjaba.com,https://www.linkedin.com/in/abdulrasheedabdulsalam-abdulsalambehavioralabatherapygroup,state_directory,https://npiregistry.cms.hhs.gov/provider-view/1356204994,pilot-2026-09-25-npi
