company_name,contact_name,contact_first_name,email,city,state,locations_count,batch_id,touch1_subject,touch1_body,touch1_url,touch2_subject,touch2_body,touch2_url,touch3_subject,touch3_body,touch3_url
"Apex Autism Center","Sarah Harrison","Sarah","sarah.harrison@apexabatx.org","Austin","TX","1","pilot-2026-09-25","Quick question about Apex Autism Center's openings in TX","Hi Sarah,

I was looking at independent ABA practices in Austin and came across Apex Autism Center. 

A lot of clinic owners we talk to with 1–3 locations tell us their biggest bottleneck isn't clinical interest—it's getting predictable commercial-insurance & private-pay inquiries without giving up margins to PE aggregators.

We built an intake & patient growth system specifically for independent practices at Apex Autism Center. You can see how the intake flow and caseload matching work here:

{{TRACKED_URL_TOUCH_1}}

Do you have 15 minutes this Thursday or Friday to see if this fits your current openings?

Best,
Hudson Argollo
Gold Traffic / ABA Practice Growth","https://abaclinics.clubemkt.digital/aba?lid={{LEAD_ID}}&utm_source=cold_email&utm_medium=email&utm_campaign=pilot-2026-09-25&utm_content=touch_1","Re: Apex Autism Center's openings in TX","Hi Sarah,

Quick follow-up on my note from earlier this week.

When clinics expand or try to hire new BCBAs, keeping the waitlist warm and converting families at the exact moment a slot opens is usually what keeps rooms full.

We put together a 20-minute discovery breakdown for independent practices:
{{TRACKED_URL_TOUCH_2}}

Would love to share what's working for clinics in TX if you're open to it.

Best,
Hudson","https://abaclinics.clubemkt.digital/aba?lid={{LEAD_ID}}&utm_source=cold_email&utm_medium=email&utm_campaign=pilot-2026-09-25&utm_content=touch_2","Filling Apex Autism Center's caseload (TX)","Hi Sarah,

I know you're busy running Apex Autism Center. 

If patient intake or waitlist conversion isn't a priority right now, no worries at all. If you ever want to check our 2-minute fit assessment or look at the numbers, you can bookmark this link:

{{TRACKED_URL_TOUCH_3}}

Wishing you and the team continued success in Austin!

Best,
Hudson","https://abaclinics.clubemkt.digital/aba?lid={{LEAD_ID}}&utm_source=cold_email&utm_medium=email&utm_campaign=pilot-2026-09-25&utm_content=touch_3"
"Beacon ABA Therapy Group","Marcus Simmons","Marcus","msimmons@beaconautismfl.com","Orlando","FL","2","pilot-2026-09-25","Quick question about Beacon ABA Therapy Group's openings in FL","Hi Marcus,

I was looking at independent ABA practices in Orlando and came across Beacon ABA Therapy Group. 

A lot of clinic owners we talk to with 1–3 locations tell us their biggest bottleneck isn't clinical interest—it's getting predictable commercial-insurance & private-pay inquiries without giving up margins to PE aggregators.

We built an intake & patient growth system specifically for independent practices across your 2 locations. You can see how the intake flow and caseload matching work here:

{{TRACKED_URL_TOUCH_1}}

Do you have 15 minutes this Thursday or Friday to see if this fits your current openings?

Best,
Hudson Argollo
Gold Traffic / ABA Practice Growth","https://abaclinics.clubemkt.digital/aba?lid={{LEAD_ID}}&utm_source=cold_email&utm_medium=email&utm_campaign=pilot-2026-09-25&utm_content=touch_1","Re: Beacon ABA Therapy Group's openings in FL","Hi Marcus,

Quick follow-up on my note from earlier this week.

When clinics expand or try to hire new BCBAs, keeping the waitlist warm and converting families at the exact moment a slot opens is usually what keeps rooms full.

We put together a 20-minute discovery breakdown for independent practices:
{{TRACKED_URL_TOUCH_2}}

Would love to share what's working for clinics in FL if you're open to it.

Best,
Hudson","https://abaclinics.clubemkt.digital/aba?lid={{LEAD_ID}}&utm_source=cold_email&utm_medium=email&utm_campaign=pilot-2026-09-25&utm_content=touch_2","Filling Beacon ABA Therapy Group's caseload (FL)","Hi Marcus,

I know you're busy running Beacon ABA Therapy Group. 

If patient intake or waitlist conversion isn't a priority right now, no worries at all. If you ever want to check our 2-minute fit assessment or look at the numbers, you can bookmark this link:

{{TRACKED_URL_TOUCH_3}}

Wishing you and the team continued success in Orlando!

Best,
Hudson","https://abaclinics.clubemkt.digital/aba?lid={{LEAD_ID}}&utm_source=cold_email&utm_medium=email&utm_campaign=pilot-2026-09-25&utm_content=touch_3"
"Blue Sky Behavioral Solutions","Elena Foster","Elena","elena.foster@blueskybehavioralca.com","San Jose","CA","3","pilot-2026-09-25","Quick question about Blue Sky Behavioral Solutions's openings in CA","Hi Elena,

I was looking at independent ABA practices in San Jose and came across Blue Sky Behavioral Solutions. 

A lot of clinic owners we talk to with 1–3 locations tell us their biggest bottleneck isn't clinical interest—it's getting predictable commercial-insurance & private-pay inquiries without giving up margins to PE aggregators.

We built an intake & patient growth system specifically for independent practices across your 3 locations. You can see how the intake flow and caseload matching work here:

{{TRACKED_URL_TOUCH_1}}

Do you have 15 minutes this Thursday or Friday to see if this fits your current openings?

Best,
Hudson Argollo
Gold Traffic / ABA Practice Growth","https://abaclinics.clubemkt.digital/aba?lid={{LEAD_ID}}&utm_source=cold_email&utm_medium=email&utm_campaign=pilot-2026-09-25&utm_content=touch_1","Re: Blue Sky Behavioral Solutions's openings in CA","Hi Elena,

Quick follow-up on my note from earlier this week.

When clinics expand or try to hire new BCBAs, keeping the waitlist warm and converting families at the exact moment a slot opens is usually what keeps rooms full.

We put together a 20-minute discovery breakdown for independent practices:
{{TRACKED_URL_TOUCH_2}}

Would love to share what's working for clinics in CA if you're open to it.

Best,
Hudson","https://abaclinics.clubemkt.digital/aba?lid={{LEAD_ID}}&utm_source=cold_email&utm_medium=email&utm_campaign=pilot-2026-09-25&utm_content=touch_2","Filling Blue Sky Behavioral Solutions's caseload (CA)","Hi Elena,

I know you're busy running Blue Sky Behavioral Solutions. 

If patient intake or waitlist conversion isn't a priority right now, no worries at all. If you ever want to check our 2-minute fit assessment or look at the numbers, you can bookmark this link:

{{TRACKED_URL_TOUCH_3}}

Wishing you and the team continued success in San Jose!

Best,
Hudson","https://abaclinics.clubemkt.digital/aba?lid={{LEAD_ID}}&utm_source=cold_email&utm_medium=email&utm_campaign=pilot-2026-09-25&utm_content=touch_3"
"Bright Path Autism Services","David Gonzales","David","dgonzales@brightpathabanc.com","Durham","NC","4","pilot-2026-09-25","Quick question about Bright Path Autism Services's openings in NC","Hi David,

I was looking at independent ABA practices in Durham and came across Bright Path Autism Services. 

A lot of clinic owners we talk to with 1–4 locations tell us their biggest bottleneck isn't clinical interest—it's getting predictable commercial-insurance & private-pay inquiries without giving up margins to PE aggregators.

We built an intake & patient growth system specifically for independent practices across your 4 locations. You can see how the intake flow and caseload matching work here:

{{TRACKED_URL_TOUCH_1}}

Do you have 15 minutes this Thursday or Friday to see if this fits your current openings?

Best,
Hudson Argollo
Gold Traffic / ABA Practice Growth","https://abaclinics.clubemkt.digital/aba?lid={{LEAD_ID}}&utm_source=cold_email&utm_medium=email&utm_campaign=pilot-2026-09-25&utm_content=touch_1","Re: Bright Path Autism Services's openings in NC","Hi David,

Quick follow-up on my note from earlier this week.

When clinics expand or try to hire new BCBAs, keeping the waitlist warm and converting families at the exact moment a slot opens is usually what keeps rooms full.

We put together a 20-minute discovery breakdown for independent practices:
{{TRACKED_URL_TOUCH_2}}

Would love to share what's working for clinics in NC if you're open to it.

Best,
Hudson","https://abaclinics.clubemkt.digital/aba?lid={{LEAD_ID}}&utm_source=cold_email&utm_medium=email&utm_campaign=pilot-2026-09-25&utm_content=touch_2","Filling Bright Path Autism Services's caseload (NC)","Hi David,

I know you're busy running Bright Path Autism Services. 

If patient intake or waitlist conversion isn't a priority right now, no worries at all. If you ever want to check our 2-minute fit assessment or look at the numbers, you can bookmark this link:

{{TRACKED_URL_TOUCH_3}}

Wishing you and the team continued success in Durham!

Best,
Hudson","https://abaclinics.clubemkt.digital/aba?lid={{LEAD_ID}}&utm_source=cold_email&utm_medium=email&utm_campaign=pilot-2026-09-25&utm_content=touch_3"
"Clear Horizon Behavioral Health","Chloe Bryant","Chloe","chloe.bryant@clearhorizonautismga.com","Athens","GA","1","pilot-2026-09-25","Quick question about Clear Horizon Behavioral Health's openings in GA","Hi Chloe,

I was looking at independent ABA practices in Athens and came across Clear Horizon Behavioral Health. 

A lot of clinic owners we talk to with 1–3 locations tell us their biggest bottleneck isn't clinical interest—it's getting predictable commercial-insurance & private-pay inquiries without giving up margins to PE aggregators.

We built an intake & patient growth system specifically for independent practices at Clear Horizon Behavioral Health. You can see how the intake flow and caseload matching work here:

{{TRACKED_URL_TOUCH_1}}

Do you have 15 minutes this Thursday or Friday to see if this fits your current openings?

Best,
Hudson Argollo
Gold Traffic / ABA Practice Growth","https://abaclinics.clubemkt.digital/aba?lid={{LEAD_ID}}&utm_source=cold_email&utm_medium=email&utm_campaign=pilot-2026-09-25&utm_content=touch_1","Re: Clear Horizon Behavioral Health's openings in GA","Hi Chloe,

Quick follow-up on my note from earlier this week.

When clinics expand or try to hire new BCBAs, keeping the waitlist warm and converting families at the exact moment a slot opens is usually what keeps rooms full.

We put together a 20-minute discovery breakdown for independent practices:
{{TRACKED_URL_TOUCH_2}}

Would love to share what's working for clinics in GA if you're open to it.

Best,
Hudson","https://abaclinics.clubemkt.digital/aba?lid={{LEAD_ID}}&utm_source=cold_email&utm_medium=email&utm_campaign=pilot-2026-09-25&utm_content=touch_2","Filling Clear Horizon Behavioral Health's caseload (GA)","Hi Chloe,

I know you're busy running Clear Horizon Behavioral Health. 

If patient intake or waitlist conversion isn't a priority right now, no worries at all. If you ever want to check our 2-minute fit assessment or look at the numbers, you can bookmark this link:

{{TRACKED_URL_TOUCH_3}}

Wishing you and the team continued success in Athens!

Best,
Hudson","https://abaclinics.clubemkt.digital/aba?lid={{LEAD_ID}}&utm_source=cold_email&utm_medium=email&utm_campaign=pilot-2026-09-25&utm_content=touch_3"
"Compass Therapy Associates","Brian Alexander","Brian","balexander@compassbehavioralco.org","Boulder","CO","2","pilot-2026-09-25","Quick question about Compass Therapy Associates's openings in CO","Hi Brian,

I was looking at independent ABA practices in Boulder and came across Compass Therapy Associates. 

A lot of clinic owners we talk to with 1–3 locations tell us their biggest bottleneck isn't clinical interest—it's getting predictable commercial-insurance & private-pay inquiries without giving up margins to PE aggregators.

We built an intake & patient growth system specifically for independent practices across your 2 locations. You can see how the intake flow and caseload matching work here:

{{TRACKED_URL_TOUCH_1}}

Do you have 15 minutes this Thursday or Friday to see if this fits your current openings?

Best,
Hudson Argollo
Gold Traffic / ABA Practice Growth","https://abaclinics.clubemkt.digital/aba?lid={{LEAD_ID}}&utm_source=cold_email&utm_medium=email&utm_campaign=pilot-2026-09-25&utm_content=touch_1","Re: Compass Therapy Associates's openings in CO","Hi Brian,

Quick follow-up on my note from earlier this week.

When clinics expand or try to hire new BCBAs, keeping the waitlist warm and converting families at the exact moment a slot opens is usually what keeps rooms full.

We put together a 20-minute discovery breakdown for independent practices:
{{TRACKED_URL_TOUCH_2}}

Would love to share what's working for clinics in CO if you're open to it.

Best,
Hudson","https://abaclinics.clubemkt.digital/aba?lid={{LEAD_ID}}&utm_source=cold_email&utm_medium=email&utm_campaign=pilot-2026-09-25&utm_content=touch_2","Filling Compass Therapy Associates's caseload (CO)","Hi Brian,

I know you're busy running Compass Therapy Associates. 

If patient intake or waitlist conversion isn't a priority right now, no worries at all. If you ever want to check our 2-minute fit assessment or look at the numbers, you can bookmark this link:

{{TRACKED_URL_TOUCH_3}}

Wishing you and the team continued success in Boulder!

Best,
Hudson","https://abaclinics.clubemkt.digital/aba?lid={{LEAD_ID}}&utm_source=cold_email&utm_medium=email&utm_campaign=pilot-2026-09-25&utm_content=touch_3"
"Crestview Developmental Clinic","Rachel Russell","Rachel","rachel.russell@crestviewabava.com","Roanoke","VA","3","pilot-2026-09-25","Quick question about Crestview Developmental Clinic's openings in VA","Hi Rachel,

I was looking at independent ABA practices in Roanoke and came across Crestview Developmental Clinic. 

A lot of clinic owners we talk to with 1–3 locations tell us their biggest bottleneck isn't clinical interest—it's getting predictable commercial-insurance & private-pay inquiries without giving up margins to PE aggregators.

We built an intake & patient growth system specifically for independent practices across your 3 locations. You can see how the intake flow and caseload matching work here:

{{TRACKED_URL_TOUCH_1}}

Do you have 15 minutes this Thursday or Friday to see if this fits your current openings?

Best,
Hudson Argollo
Gold Traffic / ABA Practice Growth","https://abaclinics.clubemkt.digital/aba?lid={{LEAD_ID}}&utm_source=cold_email&utm_medium=email&utm_campaign=pilot-2026-09-25&utm_content=touch_1","Re: Crestview Developmental Clinic's openings in VA","Hi Rachel,

Quick follow-up on my note from earlier this week.

When clinics expand or try to hire new BCBAs, keeping the waitlist warm and converting families at the exact moment a slot opens is usually what keeps rooms full.

We put together a 20-minute discovery breakdown for independent practices:
{{TRACKED_URL_TOUCH_2}}

Would love to share what's working for clinics in VA if you're open to it.

Best,
Hudson","https://abaclinics.clubemkt.digital/aba?lid={{LEAD_ID}}&utm_source=cold_email&utm_medium=email&utm_campaign=pilot-2026-09-25&utm_content=touch_2","Filling Crestview Developmental Clinic's caseload (VA)","Hi Rachel,

I know you're busy running Crestview Developmental Clinic. 

If patient intake or waitlist conversion isn't a priority right now, no worries at all. If you ever want to check our 2-minute fit assessment or look at the numbers, you can bookmark this link:

{{TRACKED_URL_TOUCH_3}}

Wishing you and the team continued success in Roanoke!

Best,
Hudson","https://abaclinics.clubemkt.digital/aba?lid={{LEAD_ID}}&utm_source=cold_email&utm_medium=email&utm_campaign=pilot-2026-09-25&utm_content=touch_3"
"Discovery ABA Services","Gregory Griffin","Gregory","ggriffin@discoveryautismmd.com","Bowie","MD","4","pilot-2026-09-25","Quick question about Discovery ABA Services's openings in MD","Hi Gregory,

I was looking at independent ABA practices in Bowie and came across Discovery ABA Services. 

A lot of clinic owners we talk to with 1–4 locations tell us their biggest bottleneck isn't clinical interest—it's getting predictable commercial-insurance & private-pay inquiries without giving up margins to PE aggregators.

We built an intake & patient growth system specifically for independent practices across your 4 locations. You can see how the intake flow and caseload matching work here:

{{TRACKED_URL_TOUCH_1}}

Do you have 15 minutes this Thursday or Friday to see if this fits your current openings?

Best,
Hudson Argollo
Gold Traffic / ABA Practice Growth","https://abaclinics.clubemkt.digital/aba?lid={{LEAD_ID}}&utm_source=cold_email&utm_medium=email&utm_campaign=pilot-2026-09-25&utm_content=touch_1","Re: Discovery ABA Services's openings in MD","Hi Gregory,

Quick follow-up on my note from earlier this week.

When clinics expand or try to hire new BCBAs, keeping the waitlist warm and converting families at the exact moment a slot opens is usually what keeps rooms full.

We put together a 20-minute discovery breakdown for independent practices:
{{TRACKED_URL_TOUCH_2}}

Would love to share what's working for clinics in MD if you're open to it.

Best,
Hudson","https://abaclinics.clubemkt.digital/aba?lid={{LEAD_ID}}&utm_source=cold_email&utm_medium=email&utm_campaign=pilot-2026-09-25&utm_content=touch_2","Filling Discovery ABA Services's caseload (MD)","Hi Gregory,

I know you're busy running Discovery ABA Services. 

If patient intake or waitlist conversion isn't a priority right now, no worries at all. If you ever want to check our 2-minute fit assessment or look at the numbers, you can bookmark this link:

{{TRACKED_URL_TOUCH_3}}

Wishing you and the team continued success in Bowie!

Best,
Hudson","https://abaclinics.clubemkt.digital/aba?lid={{LEAD_ID}}&utm_source=cold_email&utm_medium=email&utm_campaign=pilot-2026-09-25&utm_content=touch_3"
"Elevate Autism & Behavioral Clinic","Jessica Diaz","Jessica","jessica.diaz@elevatebehavioralil.com","Elgin","IL","1","pilot-2026-09-25","Quick question about Elevate Autism & Behavioral Clinic's openings in IL","Hi Jessica,

I was looking at independent ABA practices in Elgin and came across Elevate Autism & Behavioral Clinic. 

A lot of clinic owners we talk to with 1–3 locations tell us their biggest bottleneck isn't clinical interest—it's getting predictable commercial-insurance & private-pay inquiries without giving up margins to PE aggregators.

We built an intake & patient growth system specifically for independent practices at Elevate Autism & Behavioral Clinic. You can see how the intake flow and caseload matching work here:

{{TRACKED_URL_TOUCH_1}}

Do you have 15 minutes this Thursday or Friday to see if this fits your current openings?

Best,
Hudson Argollo
Gold Traffic / ABA Practice Growth","https://abaclinics.clubemkt.digital/aba?lid={{LEAD_ID}}&utm_source=cold_email&utm_medium=email&utm_campaign=pilot-2026-09-25&utm_content=touch_1","Re: Elevate Autism & Behavioral Clinic's openings in IL","Hi Jessica,

Quick follow-up on my note from earlier this week.

When clinics expand or try to hire new BCBAs, keeping the waitlist warm and converting families at the exact moment a slot opens is usually what keeps rooms full.

We put together a 20-minute discovery breakdown for independent practices:
{{TRACKED_URL_TOUCH_2}}

Would love to share what's working for clinics in IL if you're open to it.

Best,
Hudson","https://abaclinics.clubemkt.digital/aba?lid={{LEAD_ID}}&utm_source=cold_email&utm_medium=email&utm_campaign=pilot-2026-09-25&utm_content=touch_2","Filling Elevate Autism & Behavioral Clinic's caseload (IL)","Hi Jessica,

I know you're busy running Elevate Autism & Behavioral Clinic. 

If patient intake or waitlist conversion isn't a priority right now, no worries at all. If you ever want to check our 2-minute fit assessment or look at the numbers, you can bookmark this link:

{{TRACKED_URL_TOUCH_3}}

Wishing you and the team continued success in Elgin!

Best,
Hudson","https://abaclinics.clubemkt.digital/aba?lid={{LEAD_ID}}&utm_source=cold_email&utm_medium=email&utm_campaign=pilot-2026-09-25&utm_content=touch_3"
"Empower Child Development Center","Michael Myers","Michael","mmyers@empowerabaut.com","Lehi","UT","2","pilot-2026-09-25","Quick question about Empower Child Development Center's openings in UT","Hi Michael,

I was looking at independent ABA practices in Lehi and came across Empower Child Development Center. 

A lot of clinic owners we talk to with 1–3 locations tell us their biggest bottleneck isn't clinical interest—it's getting predictable commercial-insurance & private-pay inquiries without giving up margins to PE aggregators.

We built an intake & patient growth system specifically for independent practices across your 2 locations. You can see how the intake flow and caseload matching work here:

{{TRACKED_URL_TOUCH_1}}

Do you have 15 minutes this Thursday or Friday to see if this fits your current openings?

Best,
Hudson Argollo
Gold Traffic / ABA Practice Growth","https://abaclinics.clubemkt.digital/aba?lid={{LEAD_ID}}&utm_source=cold_email&utm_medium=email&utm_campaign=pilot-2026-09-25&utm_content=touch_1","Re: Empower Child Development Center's openings in UT","Hi Michael,

Quick follow-up on my note from earlier this week.

When clinics expand or try to hire new BCBAs, keeping the waitlist warm and converting families at the exact moment a slot opens is usually what keeps rooms full.

We put together a 20-minute discovery breakdown for independent practices:
{{TRACKED_URL_TOUCH_2}}

Would love to share what's working for clinics in UT if you're open to it.

Best,
Hudson","https://abaclinics.clubemkt.digital/aba?lid={{LEAD_ID}}&utm_source=cold_email&utm_medium=email&utm_campaign=pilot-2026-09-25&utm_content=touch_2","Filling Empower Child Development Center's caseload (UT)","Hi Michael,

I know you're busy running Empower Child Development Center. 

If patient intake or waitlist conversion isn't a priority right now, no worries at all. If you ever want to check our 2-minute fit assessment or look at the numbers, you can bookmark this link:

{{TRACKED_URL_TOUCH_3}}

Wishing you and the team continued success in Lehi!

Best,
Hudson","https://abaclinics.clubemkt.digital/aba?lid={{LEAD_ID}}&utm_source=cold_email&utm_medium=email&utm_campaign=pilot-2026-09-25&utm_content=touch_3"
"Endeavor Behavior Analysis Partners","Amanda Ford","Amanda","amanda.ford@endeavorautismnj.org","Newark","NJ","3","pilot-2026-09-25","Quick question about Endeavor Behavior Analysis Partners's openings in NJ","Hi Amanda,

I was looking at independent ABA practices in Newark and came across Endeavor Behavior Analysis Partners. 

A lot of clinic owners we talk to with 1–3 locations tell us their biggest bottleneck isn't clinical interest—it's getting predictable commercial-insurance & private-pay inquiries without giving up margins to PE aggregators.

We built an intake & patient growth system specifically for independent practices across your 3 locations. You can see how the intake flow and caseload matching work here:

{{TRACKED_URL_TOUCH_1}}

Do you have 15 minutes this Thursday or Friday to see if this fits your current openings?

Best,
Hudson Argollo
Gold Traffic / ABA Practice Growth","https://abaclinics.clubemkt.digital/aba?lid={{LEAD_ID}}&utm_source=cold_email&utm_medium=email&utm_campaign=pilot-2026-09-25&utm_content=touch_1","Re: Endeavor Behavior Analysis Partners's openings in NJ","Hi Amanda,

Quick follow-up on my note from earlier this week.

When clinics expand or try to hire new BCBAs, keeping the waitlist warm and converting families at the exact moment a slot opens is usually what keeps rooms full.

We put together a 20-minute discovery breakdown for independent practices:
{{TRACKED_URL_TOUCH_2}}

Would love to share what's working for clinics in NJ if you're open to it.

Best,
Hudson","https://abaclinics.clubemkt.digital/aba?lid={{LEAD_ID}}&utm_source=cold_email&utm_medium=email&utm_campaign=pilot-2026-09-25&utm_content=touch_2","Filling Endeavor Behavior Analysis Partners's caseload (NJ)","Hi Amanda,

I know you're busy running Endeavor Behavior Analysis Partners. 

If patient intake or waitlist conversion isn't a priority right now, no worries at all. If you ever want to check our 2-minute fit assessment or look at the numbers, you can bookmark this link:

{{TRACKED_URL_TOUCH_3}}

Wishing you and the team continued success in Newark!

Best,
Hudson","https://abaclinics.clubemkt.digital/aba?lid={{LEAD_ID}}&utm_source=cold_email&utm_medium=email&utm_campaign=pilot-2026-09-25&utm_content=touch_3"
"Enrich Behavioral Care","Daniel Hamilton","Daniel","dhamilton@enrichbehavioraltx.com","El Paso","TX","4","pilot-2026-09-25","Quick question about Enrich Behavioral Care's openings in TX","Hi Daniel,

I was looking at independent ABA practices in El Paso and came across Enrich Behavioral Care. 

A lot of clinic owners we talk to with 1–4 locations tell us their biggest bottleneck isn't clinical interest—it's getting predictable commercial-insurance & private-pay inquiries without giving up margins to PE aggregators.

We built an intake & patient growth system specifically for independent practices across your 4 locations. You can see how the intake flow and caseload matching work here:

{{TRACKED_URL_TOUCH_1}}

Do you have 15 minutes this Thursday or Friday to see if this fits your current openings?

Best,
Hudson Argollo
Gold Traffic / ABA Practice Growth","https://abaclinics.clubemkt.digital/aba?lid={{LEAD_ID}}&utm_source=cold_email&utm_medium=email&utm_campaign=pilot-2026-09-25&utm_content=touch_1","Re: Enrich Behavioral Care's openings in TX","Hi Daniel,

Quick follow-up on my note from earlier this week.

When clinics expand or try to hire new BCBAs, keeping the waitlist warm and converting families at the exact moment a slot opens is usually what keeps rooms full.

We put together a 20-minute discovery breakdown for independent practices:
{{TRACKED_URL_TOUCH_2}}

Would love to share what's working for clinics in TX if you're open to it.

Best,
Hudson","https://abaclinics.clubemkt.digital/aba?lid={{LEAD_ID}}&utm_source=cold_email&utm_medium=email&utm_campaign=pilot-2026-09-25&utm_content=touch_2","Filling Enrich Behavioral Care's caseload (TX)","Hi Daniel,

I know you're busy running Enrich Behavioral Care. 

If patient intake or waitlist conversion isn't a priority right now, no worries at all. If you ever want to check our 2-minute fit assessment or look at the numbers, you can bookmark this link:

{{TRACKED_URL_TOUCH_3}}

Wishing you and the team continued success in El Paso!

Best,
Hudson","https://abaclinics.clubemkt.digital/aba?lid={{LEAD_ID}}&utm_source=cold_email&utm_medium=email&utm_campaign=pilot-2026-09-25&utm_content=touch_3"
"Forward Autism Horizons","Lauren Graham","Lauren","lauren.graham@forwardabafl.com","Clearwater","FL","1","pilot-2026-09-25","Quick question about Forward Autism Horizons's openings in FL","Hi Lauren,

I was looking at independent ABA practices in Clearwater and came across Forward Autism Horizons. 

A lot of clinic owners we talk to with 1–3 locations tell us their biggest bottleneck isn't clinical interest—it's getting predictable commercial-insurance & private-pay inquiries without giving up margins to PE aggregators.

We built an intake & patient growth system specifically for independent practices at Forward Autism Horizons. You can see how the intake flow and caseload matching work here:

{{TRACKED_URL_TOUCH_1}}

Do you have 15 minutes this Thursday or Friday to see if this fits your current openings?

Best,
Hudson Argollo
Gold Traffic / ABA Practice Growth","https://abaclinics.clubemkt.digital/aba?lid={{LEAD_ID}}&utm_source=cold_email&utm_medium=email&utm_campaign=pilot-2026-09-25&utm_content=touch_1","Re: Forward Autism Horizons's openings in FL","Hi Lauren,

Quick follow-up on my note from earlier this week.

When clinics expand or try to hire new BCBAs, keeping the waitlist warm and converting families at the exact moment a slot opens is usually what keeps rooms full.

We put together a 20-minute discovery breakdown for independent practices:
{{TRACKED_URL_TOUCH_2}}

Would love to share what's working for clinics in FL if you're open to it.

Best,
Hudson","https://abaclinics.clubemkt.digital/aba?lid={{LEAD_ID}}&utm_source=cold_email&utm_medium=email&utm_campaign=pilot-2026-09-25&utm_content=touch_2","Filling Forward Autism Horizons's caseload (FL)","Hi Lauren,

I know you're busy running Forward Autism Horizons. 

If patient intake or waitlist conversion isn't a priority right now, no worries at all. If you ever want to check our 2-minute fit assessment or look at the numbers, you can bookmark this link:

{{TRACKED_URL_TOUCH_3}}

Wishing you and the team continued success in Clearwater!

Best,
Hudson","https://abaclinics.clubemkt.digital/aba?lid={{LEAD_ID}}&utm_source=cold_email&utm_medium=email&utm_campaign=pilot-2026-09-25&utm_content=touch_3"
"Foundation Therapy & Learning Center","James Sullivan","James","jsullivan@foundationautismca.com","Chula Vista","CA","2","pilot-2026-09-25","Quick question about Foundation Therapy & Learning Center's openings in CA","Hi James,

I was looking at independent ABA practices in Chula Vista and came across Foundation Therapy & Learning Center. 

A lot of clinic owners we talk to with 1–3 locations tell us their biggest bottleneck isn't clinical interest—it's getting predictable commercial-insurance & private-pay inquiries without giving up margins to PE aggregators.

We built an intake & patient growth system specifically for independent practices across your 2 locations. You can see how the intake flow and caseload matching work here:

{{TRACKED_URL_TOUCH_1}}

Do you have 15 minutes this Thursday or Friday to see if this fits your current openings?

Best,
Hudson Argollo
Gold Traffic / ABA Practice Growth","https://abaclinics.clubemkt.digital/aba?lid={{LEAD_ID}}&utm_source=cold_email&utm_medium=email&utm_campaign=pilot-2026-09-25&utm_content=touch_1","Re: Foundation Therapy & Learning Center's openings in CA","Hi James,

Quick follow-up on my note from earlier this week.

When clinics expand or try to hire new BCBAs, keeping the waitlist warm and converting families at the exact moment a slot opens is usually what keeps rooms full.

We put together a 20-minute discovery breakdown for independent practices:
{{TRACKED_URL_TOUCH_2}}

Would love to share what's working for clinics in CA if you're open to it.

Best,
Hudson","https://abaclinics.clubemkt.digital/aba?lid={{LEAD_ID}}&utm_source=cold_email&utm_medium=email&utm_campaign=pilot-2026-09-25&utm_content=touch_2","Filling Foundation Therapy & Learning Center's caseload (CA)","Hi James,

I know you're busy running Foundation Therapy & Learning Center. 

If patient intake or waitlist conversion isn't a priority right now, no worries at all. If you ever want to check our 2-minute fit assessment or look at the numbers, you can bookmark this link:

{{TRACKED_URL_TOUCH_3}}

Wishing you and the team continued success in Chula Vista!

Best,
Hudson","https://abaclinics.clubemkt.digital/aba?lid={{LEAD_ID}}&utm_source=cold_email&utm_medium=email&utm_campaign=pilot-2026-09-25&utm_content=touch_3"
"Grace Behavioral Interventions","Stephanie Wallace","Stephanie","stephanie.wallace@gracebehavioralnc.com","Greensboro","NC","3","pilot-2026-09-25","Quick question about Grace Behavioral Interventions's openings in NC","Hi Stephanie,

I was looking at independent ABA practices in Greensboro and came across Grace Behavioral Interventions. 

A lot of clinic owners we talk to with 1–3 locations tell us their biggest bottleneck isn't clinical interest—it's getting predictable commercial-insurance & private-pay inquiries without giving up margins to PE aggregators.

We built an intake & patient growth system specifically for independent practices across your 3 locations. You can see how the intake flow and caseload matching work here:

{{TRACKED_URL_TOUCH_1}}

Do you have 15 minutes this Thursday or Friday to see if this fits your current openings?

Best,
Hudson Argollo
Gold Traffic / ABA Practice Growth","https://abaclinics.clubemkt.digital/aba?lid={{LEAD_ID}}&utm_source=cold_email&utm_medium=email&utm_campaign=pilot-2026-09-25&utm_content=touch_1","Re: Grace Behavioral Interventions's openings in NC","Hi Stephanie,

Quick follow-up on my note from earlier this week.

When clinics expand or try to hire new BCBAs, keeping the waitlist warm and converting families at the exact moment a slot opens is usually what keeps rooms full.

We put together a 20-minute discovery breakdown for independent practices:
{{TRACKED_URL_TOUCH_2}}

Would love to share what's working for clinics in NC if you're open to it.

Best,
Hudson","https://abaclinics.clubemkt.digital/aba?lid={{LEAD_ID}}&utm_source=cold_email&utm_medium=email&utm_campaign=pilot-2026-09-25&utm_content=touch_2","Filling Grace Behavioral Interventions's caseload (NC)","Hi Stephanie,

I know you're busy running Grace Behavioral Interventions. 

If patient intake or waitlist conversion isn't a priority right now, no worries at all. If you ever want to check our 2-minute fit assessment or look at the numbers, you can bookmark this link:

{{TRACKED_URL_TOUCH_3}}

Wishing you and the team continued success in Greensboro!

Best,
Hudson","https://abaclinics.clubemkt.digital/aba?lid={{LEAD_ID}}&utm_source=cold_email&utm_medium=email&utm_campaign=pilot-2026-09-25&utm_content=touch_3"
"Growth Point Autism Center","Robert Woods","Robert","rwoods@growthpointabaga.org","Savannah","GA","4","pilot-2026-09-25","Quick question about Growth Point Autism Center's openings in GA","Hi Robert,

I was looking at independent ABA practices in Savannah and came across Growth Point Autism Center. 

A lot of clinic owners we talk to with 1–4 locations tell us their biggest bottleneck isn't clinical interest—it's getting predictable commercial-insurance & private-pay inquiries without giving up margins to PE aggregators.

We built an intake & patient growth system specifically for independent practices across your 4 locations. You can see how the intake flow and caseload matching work here:

{{TRACKED_URL_TOUCH_1}}

Do you have 15 minutes this Thursday or Friday to see if this fits your current openings?

Best,
Hudson Argollo
Gold Traffic / ABA Practice Growth","https://abaclinics.clubemkt.digital/aba?lid={{LEAD_ID}}&utm_source=cold_email&utm_medium=email&utm_campaign=pilot-2026-09-25&utm_content=touch_1","Re: Growth Point Autism Center's openings in GA","Hi Robert,

Quick follow-up on my note from earlier this week.

When clinics expand or try to hire new BCBAs, keeping the waitlist warm and converting families at the exact moment a slot opens is usually what keeps rooms full.

We put together a 20-minute discovery breakdown for independent practices:
{{TRACKED_URL_TOUCH_2}}

Would love to share what's working for clinics in GA if you're open to it.

Best,
Hudson","https://abaclinics.clubemkt.digital/aba?lid={{LEAD_ID}}&utm_source=cold_email&utm_medium=email&utm_campaign=pilot-2026-09-25&utm_content=touch_2","Filling Growth Point Autism Center's caseload (GA)","Hi Robert,

I know you're busy running Growth Point Autism Center. 

If patient intake or waitlist conversion isn't a priority right now, no worries at all. If you ever want to check our 2-minute fit assessment or look at the numbers, you can bookmark this link:

{{TRACKED_URL_TOUCH_3}}

Wishing you and the team continued success in Savannah!

Best,
Hudson","https://abaclinics.clubemkt.digital/aba?lid={{LEAD_ID}}&utm_source=cold_email&utm_medium=email&utm_campaign=pilot-2026-09-25&utm_content=touch_3"
"Harbor ABA Therapy Group","Melissa Cole","Melissa","melissa.cole@harborautismco.com","Thornton","CO","1","pilot-2026-09-25","Quick question about Harbor ABA Therapy Group's openings in CO","Hi Melissa,

I was looking at independent ABA practices in Thornton and came across Harbor ABA Therapy Group. 

A lot of clinic owners we talk to with 1–3 locations tell us their biggest bottleneck isn't clinical interest—it's getting predictable commercial-insurance & private-pay inquiries without giving up margins to PE aggregators.

We built an intake & patient growth system specifically for independent practices at Harbor ABA Therapy Group. You can see how the intake flow and caseload matching work here:

{{TRACKED_URL_TOUCH_1}}

Do you have 15 minutes this Thursday or Friday to see if this fits your current openings?

Best,
Hudson Argollo
Gold Traffic / ABA Practice Growth","https://abaclinics.clubemkt.digital/aba?lid={{LEAD_ID}}&utm_source=cold_email&utm_medium=email&utm_campaign=pilot-2026-09-25&utm_content=touch_1","Re: Harbor ABA Therapy Group's openings in CO","Hi Melissa,

Quick follow-up on my note from earlier this week.

When clinics expand or try to hire new BCBAs, keeping the waitlist warm and converting families at the exact moment a slot opens is usually what keeps rooms full.

We put together a 20-minute discovery breakdown for independent practices:
{{TRACKED_URL_TOUCH_2}}

Would love to share what's working for clinics in CO if you're open to it.

Best,
Hudson","https://abaclinics.clubemkt.digital/aba?lid={{LEAD_ID}}&utm_source=cold_email&utm_medium=email&utm_campaign=pilot-2026-09-25&utm_content=touch_2","Filling Harbor ABA Therapy Group's caseload (CO)","Hi Melissa,

I know you're busy running Harbor ABA Therapy Group. 

If patient intake or waitlist conversion isn't a priority right now, no worries at all. If you ever want to check our 2-minute fit assessment or look at the numbers, you can bookmark this link:

{{TRACKED_URL_TOUCH_3}}

Wishing you and the team continued success in Thornton!

Best,
Hudson","https://abaclinics.clubemkt.digital/aba?lid={{LEAD_ID}}&utm_source=cold_email&utm_medium=email&utm_campaign=pilot-2026-09-25&utm_content=touch_3"
"Harmony Behavioral Solutions","William West","William","wwest@harmonybehavioralva.com","Fairfax","VA","2","pilot-2026-09-25","Quick question about Harmony Behavioral Solutions's openings in VA","Hi William,

I was looking at independent ABA practices in Fairfax and came across Harmony Behavioral Solutions. 

A lot of clinic owners we talk to with 1–3 locations tell us their biggest bottleneck isn't clinical interest—it's getting predictable commercial-insurance & private-pay inquiries without giving up margins to PE aggregators.

We built an intake & patient growth system specifically for independent practices across your 2 locations. You can see how the intake flow and caseload matching work here:

{{TRACKED_URL_TOUCH_1}}

Do you have 15 minutes this Thursday or Friday to see if this fits your current openings?

Best,
Hudson Argollo
Gold Traffic / ABA Practice Growth","https://abaclinics.clubemkt.digital/aba?lid={{LEAD_ID}}&utm_source=cold_email&utm_medium=email&utm_campaign=pilot-2026-09-25&utm_content=touch_1","Re: Harmony Behavioral Solutions's openings in VA","Hi William,

Quick follow-up on my note from earlier this week.

When clinics expand or try to hire new BCBAs, keeping the waitlist warm and converting families at the exact moment a slot opens is usually what keeps rooms full.

We put together a 20-minute discovery breakdown for independent practices:
{{TRACKED_URL_TOUCH_2}}

Would love to share what's working for clinics in VA if you're open to it.

Best,
Hudson","https://abaclinics.clubemkt.digital/aba?lid={{LEAD_ID}}&utm_source=cold_email&utm_medium=email&utm_campaign=pilot-2026-09-25&utm_content=touch_2","Filling Harmony Behavioral Solutions's caseload (VA)","Hi William,

I know you're busy running Harmony Behavioral Solutions. 

If patient intake or waitlist conversion isn't a priority right now, no worries at all. If you ever want to check our 2-minute fit assessment or look at the numbers, you can bookmark this link:

{{TRACKED_URL_TOUCH_3}}

Wishing you and the team continued success in Fairfax!

Best,
Hudson","https://abaclinics.clubemkt.digital/aba?lid={{LEAD_ID}}&utm_source=cold_email&utm_medium=email&utm_campaign=pilot-2026-09-25&utm_content=touch_3"
"Haven Autism Services","Nicole Jordan","Nicole","nicole.jordan@havenabamd.com","Columbia","MD","3","pilot-2026-09-25","Quick question about Haven Autism Services's openings in MD","Hi Nicole,

I was looking at independent ABA practices in Columbia and came across Haven Autism Services. 

A lot of clinic owners we talk to with 1–3 locations tell us their biggest bottleneck isn't clinical interest—it's getting predictable commercial-insurance & private-pay inquiries without giving up margins to PE aggregators.

We built an intake & patient growth system specifically for independent practices across your 3 locations. You can see how the intake flow and caseload matching work here:

{{TRACKED_URL_TOUCH_1}}

Do you have 15 minutes this Thursday or Friday to see if this fits your current openings?

Best,
Hudson Argollo
Gold Traffic / ABA Practice Growth","https://abaclinics.clubemkt.digital/aba?lid={{LEAD_ID}}&utm_source=cold_email&utm_medium=email&utm_campaign=pilot-2026-09-25&utm_content=touch_1","Re: Haven Autism Services's openings in MD","Hi Nicole,

Quick follow-up on my note from earlier this week.

When clinics expand or try to hire new BCBAs, keeping the waitlist warm and converting families at the exact moment a slot opens is usually what keeps rooms full.

We put together a 20-minute discovery breakdown for independent practices:
{{TRACKED_URL_TOUCH_2}}

Would love to share what's working for clinics in MD if you're open to it.

Best,
Hudson","https://abaclinics.clubemkt.digital/aba?lid={{LEAD_ID}}&utm_source=cold_email&utm_medium=email&utm_campaign=pilot-2026-09-25&utm_content=touch_2","Filling Haven Autism Services's caseload (MD)","Hi Nicole,

I know you're busy running Haven Autism Services. 

If patient intake or waitlist conversion isn't a priority right now, no worries at all. If you ever want to check our 2-minute fit assessment or look at the numbers, you can bookmark this link:

{{TRACKED_URL_TOUCH_3}}

Wishing you and the team continued success in Columbia!

Best,
Hudson","https://abaclinics.clubemkt.digital/aba?lid={{LEAD_ID}}&utm_source=cold_email&utm_medium=email&utm_campaign=pilot-2026-09-25&utm_content=touch_3"
"Heartland Behavioral Health","Anthony Owens","Anthony","aowens@heartlandautismil.com","Springfield","IL","4","pilot-2026-09-25","Quick question about Heartland Behavioral Health's openings in IL","Hi Anthony,

I was looking at independent ABA practices in Springfield and came across Heartland Behavioral Health. 

A lot of clinic owners we talk to with 1–4 locations tell us their biggest bottleneck isn't clinical interest—it's getting predictable commercial-insurance & private-pay inquiries without giving up margins to PE aggregators.

We built an intake & patient growth system specifically for independent practices across your 4 locations. You can see how the intake flow and caseload matching work here:

{{TRACKED_URL_TOUCH_1}}

Do you have 15 minutes this Thursday or Friday to see if this fits your current openings?

Best,
Hudson Argollo
Gold Traffic / ABA Practice Growth","https://abaclinics.clubemkt.digital/aba?lid={{LEAD_ID}}&utm_source=cold_email&utm_medium=email&utm_campaign=pilot-2026-09-25&utm_content=touch_1","Re: Heartland Behavioral Health's openings in IL","Hi Anthony,

Quick follow-up on my note from earlier this week.

When clinics expand or try to hire new BCBAs, keeping the waitlist warm and converting families at the exact moment a slot opens is usually what keeps rooms full.

We put together a 20-minute discovery breakdown for independent practices:
{{TRACKED_URL_TOUCH_2}}

Would love to share what's working for clinics in IL if you're open to it.

Best,
Hudson","https://abaclinics.clubemkt.digital/aba?lid={{LEAD_ID}}&utm_source=cold_email&utm_medium=email&utm_campaign=pilot-2026-09-25&utm_content=touch_2","Filling Heartland Behavioral Health's caseload (IL)","Hi Anthony,

I know you're busy running Heartland Behavioral Health. 

If patient intake or waitlist conversion isn't a priority right now, no worries at all. If you ever want to check our 2-minute fit assessment or look at the numbers, you can bookmark this link:

{{TRACKED_URL_TOUCH_3}}

Wishing you and the team continued success in Springfield!

Best,
Hudson","https://abaclinics.clubemkt.digital/aba?lid={{LEAD_ID}}&utm_source=cold_email&utm_medium=email&utm_campaign=pilot-2026-09-25&utm_content=touch_3"
"Heritage Therapy Associates","Ashley Reynolds","Ashley","ashley.reynolds@heritagebehavioralut.org","Salt Lake City","UT","1","pilot-2026-09-25","Quick question about Heritage Therapy Associates's openings in UT","Hi Ashley,

I was looking at independent ABA practices in Salt Lake City and came across Heritage Therapy Associates. 

A lot of clinic owners we talk to with 1–3 locations tell us their biggest bottleneck isn't clinical interest—it's getting predictable commercial-insurance & private-pay inquiries without giving up margins to PE aggregators.

We built an intake & patient growth system specifically for independent practices at Heritage Therapy Associates. You can see how the intake flow and caseload matching work here:

{{TRACKED_URL_TOUCH_1}}

Do you have 15 minutes this Thursday or Friday to see if this fits your current openings?

Best,
Hudson Argollo
Gold Traffic / ABA Practice Growth","https://abaclinics.clubemkt.digital/aba?lid={{LEAD_ID}}&utm_source=cold_email&utm_medium=email&utm_campaign=pilot-2026-09-25&utm_content=touch_1","Re: Heritage Therapy Associates's openings in UT","Hi Ashley,

Quick follow-up on my note from earlier this week.

When clinics expand or try to hire new BCBAs, keeping the waitlist warm and converting families at the exact moment a slot opens is usually what keeps rooms full.

We put together a 20-minute discovery breakdown for independent practices:
{{TRACKED_URL_TOUCH_2}}

Would love to share what's working for clinics in UT if you're open to it.

Best,
Hudson","https://abaclinics.clubemkt.digital/aba?lid={{LEAD_ID}}&utm_source=cold_email&utm_medium=email&utm_campaign=pilot-2026-09-25&utm_content=touch_2","Filling Heritage Therapy Associates's caseload (UT)","Hi Ashley,

I know you're busy running Heritage Therapy Associates. 

If patient intake or waitlist conversion isn't a priority right now, no worries at all. If you ever want to check our 2-minute fit assessment or look at the numbers, you can bookmark this link:

{{TRACKED_URL_TOUCH_3}}

Wishing you and the team continued success in Salt Lake City!

Best,
Hudson","https://abaclinics.clubemkt.digital/aba?lid={{LEAD_ID}}&utm_source=cold_email&utm_medium=email&utm_campaign=pilot-2026-09-25&utm_content=touch_3"
"Hope Developmental Clinic","Christopher Fisher","Christopher","cfisher@hopeabanj.com","Jersey City","NJ","2","pilot-2026-09-25","Quick question about Hope Developmental Clinic's openings in NJ","Hi Christopher,

I was looking at independent ABA practices in Jersey City and came across Hope Developmental Clinic. 

A lot of clinic owners we talk to with 1–3 locations tell us their biggest bottleneck isn't clinical interest—it's getting predictable commercial-insurance & private-pay inquiries without giving up margins to PE aggregators.

We built an intake & patient growth system specifically for independent practices across your 2 locations. You can see how the intake flow and caseload matching work here:

{{TRACKED_URL_TOUCH_1}}

Do you have 15 minutes this Thursday or Friday to see if this fits your current openings?

Best,
Hudson Argollo
Gold Traffic / ABA Practice Growth","https://abaclinics.clubemkt.digital/aba?lid={{LEAD_ID}}&utm_source=cold_email&utm_medium=email&utm_campaign=pilot-2026-09-25&utm_content=touch_1","Re: Hope Developmental Clinic's openings in NJ","Hi Christopher,

Quick follow-up on my note from earlier this week.

When clinics expand or try to hire new BCBAs, keeping the waitlist warm and converting families at the exact moment a slot opens is usually what keeps rooms full.

We put together a 20-minute discovery breakdown for independent practices:
{{TRACKED_URL_TOUCH_2}}

Would love to share what's working for clinics in NJ if you're open to it.

Best,
Hudson","https://abaclinics.clubemkt.digital/aba?lid={{LEAD_ID}}&utm_source=cold_email&utm_medium=email&utm_campaign=pilot-2026-09-25&utm_content=touch_2","Filling Hope Developmental Clinic's caseload (NJ)","Hi Christopher,

I know you're busy running Hope Developmental Clinic. 

If patient intake or waitlist conversion isn't a priority right now, no worries at all. If you ever want to check our 2-minute fit assessment or look at the numbers, you can bookmark this link:

{{TRACKED_URL_TOUCH_3}}

Wishing you and the team continued success in Jersey City!

Best,
Hudson","https://abaclinics.clubemkt.digital/aba?lid={{LEAD_ID}}&utm_source=cold_email&utm_medium=email&utm_campaign=pilot-2026-09-25&utm_content=touch_3"
"Horizon ABA Services","Megan Ellis","Megan","megan.ellis@horizonautismtx.com","Frisco","TX","3","pilot-2026-09-25","Quick question about Horizon ABA Services's openings in TX","Hi Megan,

I was looking at independent ABA practices in Frisco and came across Horizon ABA Services. 

A lot of clinic owners we talk to with 1–3 locations tell us their biggest bottleneck isn't clinical interest—it's getting predictable commercial-insurance & private-pay inquiries without giving up margins to PE aggregators.

We built an intake & patient growth system specifically for independent practices across your 3 locations. You can see how the intake flow and caseload matching work here:

{{TRACKED_URL_TOUCH_1}}

Do you have 15 minutes this Thursday or Friday to see if this fits your current openings?

Best,
Hudson Argollo
Gold Traffic / ABA Practice Growth","https://abaclinics.clubemkt.digital/aba?lid={{LEAD_ID}}&utm_source=cold_email&utm_medium=email&utm_campaign=pilot-2026-09-25&utm_content=touch_1","Re: Horizon ABA Services's openings in TX","Hi Megan,

Quick follow-up on my note from earlier this week.

When clinics expand or try to hire new BCBAs, keeping the waitlist warm and converting families at the exact moment a slot opens is usually what keeps rooms full.

We put together a 20-minute discovery breakdown for independent practices:
{{TRACKED_URL_TOUCH_2}}

Would love to share what's working for clinics in TX if you're open to it.

Best,
Hudson","https://abaclinics.clubemkt.digital/aba?lid={{LEAD_ID}}&utm_source=cold_email&utm_medium=email&utm_campaign=pilot-2026-09-25&utm_content=touch_2","Filling Horizon ABA Services's caseload (TX)","Hi Megan,

I know you're busy running Horizon ABA Services. 

If patient intake or waitlist conversion isn't a priority right now, no worries at all. If you ever want to check our 2-minute fit assessment or look at the numbers, you can bookmark this link:

{{TRACKED_URL_TOUCH_3}}

Wishing you and the team continued success in Frisco!

Best,
Hudson","https://abaclinics.clubemkt.digital/aba?lid={{LEAD_ID}}&utm_source=cold_email&utm_medium=email&utm_campaign=pilot-2026-09-25&utm_content=touch_3"
"Illuminate Autism & Behavioral Clinic","Matthew Gibson","Matthew","mgibson@illuminatebehavioralfl.com","Cape Coral","FL","4","pilot-2026-09-25","Quick question about Illuminate Autism & Behavioral Clinic's openings in FL","Hi Matthew,

I was looking at independent ABA practices in Cape Coral and came across Illuminate Autism & Behavioral Clinic. 

A lot of clinic owners we talk to with 1–4 locations tell us their biggest bottleneck isn't clinical interest—it's getting predictable commercial-insurance & private-pay inquiries without giving up margins to PE aggregators.

We built an intake & patient growth system specifically for independent practices across your 4 locations. You can see how the intake flow and caseload matching work here:

{{TRACKED_URL_TOUCH_1}}

Do you have 15 minutes this Thursday or Friday to see if this fits your current openings?

Best,
Hudson Argollo
Gold Traffic / ABA Practice Growth","https://abaclinics.clubemkt.digital/aba?lid={{LEAD_ID}}&utm_source=cold_email&utm_medium=email&utm_campaign=pilot-2026-09-25&utm_content=touch_1","Re: Illuminate Autism & Behavioral Clinic's openings in FL","Hi Matthew,

Quick follow-up on my note from earlier this week.

When clinics expand or try to hire new BCBAs, keeping the waitlist warm and converting families at the exact moment a slot opens is usually what keeps rooms full.

We put together a 20-minute discovery breakdown for independent practices:
{{TRACKED_URL_TOUCH_2}}

Would love to share what's working for clinics in FL if you're open to it.

Best,
Hudson","https://abaclinics.clubemkt.digital/aba?lid={{LEAD_ID}}&utm_source=cold_email&utm_medium=email&utm_campaign=pilot-2026-09-25&utm_content=touch_2","Filling Illuminate Autism & Behavioral Clinic's caseload (FL)","Hi Matthew,

I know you're busy running Illuminate Autism & Behavioral Clinic. 

If patient intake or waitlist conversion isn't a priority right now, no worries at all. If you ever want to check our 2-minute fit assessment or look at the numbers, you can bookmark this link:

{{TRACKED_URL_TOUCH_3}}

Wishing you and the team continued success in Cape Coral!

Best,
Hudson","https://abaclinics.clubemkt.digital/aba?lid={{LEAD_ID}}&utm_source=cold_email&utm_medium=email&utm_campaign=pilot-2026-09-25&utm_content=touch_3"
"Impact Child Development Center","Heather McDonald","Heather","heather.mcdonald@impactabaca.com","Oakland","CA","1","pilot-2026-09-25","Quick question about Impact Child Development Center's openings in CA","Hi Heather,

I was looking at independent ABA practices in Oakland and came across Impact Child Development Center. 

A lot of clinic owners we talk to with 1–3 locations tell us their biggest bottleneck isn't clinical interest—it's getting predictable commercial-insurance & private-pay inquiries without giving up margins to PE aggregators.

We built an intake & patient growth system specifically for independent practices at Impact Child Development Center. You can see how the intake flow and caseload matching work here:

{{TRACKED_URL_TOUCH_1}}

Do you have 15 minutes this Thursday or Friday to see if this fits your current openings?

Best,
Hudson Argollo
Gold Traffic / ABA Practice Growth","https://abaclinics.clubemkt.digital/aba?lid={{LEAD_ID}}&utm_source=cold_email&utm_medium=email&utm_campaign=pilot-2026-09-25&utm_content=touch_1","Re: Impact Child Development Center's openings in CA","Hi Heather,

Quick follow-up on my note from earlier this week.

When clinics expand or try to hire new BCBAs, keeping the waitlist warm and converting families at the exact moment a slot opens is usually what keeps rooms full.

We put together a 20-minute discovery breakdown for independent practices:
{{TRACKED_URL_TOUCH_2}}

Would love to share what's working for clinics in CA if you're open to it.

Best,
Hudson","https://abaclinics.clubemkt.digital/aba?lid={{LEAD_ID}}&utm_source=cold_email&utm_medium=email&utm_campaign=pilot-2026-09-25&utm_content=touch_2","Filling Impact Child Development Center's caseload (CA)","Hi Heather,

I know you're busy running Impact Child Development Center. 

If patient intake or waitlist conversion isn't a priority right now, no worries at all. If you ever want to check our 2-minute fit assessment or look at the numbers, you can bookmark this link:

{{TRACKED_URL_TOUCH_3}}

Wishing you and the team continued success in Oakland!

Best,
Hudson","https://abaclinics.clubemkt.digital/aba?lid={{LEAD_ID}}&utm_source=cold_email&utm_medium=email&utm_campaign=pilot-2026-09-25&utm_content=touch_3"
"Insight Behavior Analysis Partners","Andrew Cruz","Andrew","acruz@insightautismnc.org","Raleigh","NC","2","pilot-2026-09-25","Quick question about Insight Behavior Analysis Partners's openings in NC","Hi Andrew,

I was looking at independent ABA practices in Raleigh and came across Insight Behavior Analysis Partners. 

A lot of clinic owners we talk to with 1–3 locations tell us their biggest bottleneck isn't clinical interest—it's getting predictable commercial-insurance & private-pay inquiries without giving up margins to PE aggregators.

We built an intake & patient growth system specifically for independent practices across your 2 locations. You can see how the intake flow and caseload matching work here:

{{TRACKED_URL_TOUCH_1}}

Do you have 15 minutes this Thursday or Friday to see if this fits your current openings?

Best,
Hudson Argollo
Gold Traffic / ABA Practice Growth","https://abaclinics.clubemkt.digital/aba?lid={{LEAD_ID}}&utm_source=cold_email&utm_medium=email&utm_campaign=pilot-2026-09-25&utm_content=touch_1","Re: Insight Behavior Analysis Partners's openings in NC","Hi Andrew,

Quick follow-up on my note from earlier this week.

When clinics expand or try to hire new BCBAs, keeping the waitlist warm and converting families at the exact moment a slot opens is usually what keeps rooms full.

We put together a 20-minute discovery breakdown for independent practices:
{{TRACKED_URL_TOUCH_2}}

Would love to share what's working for clinics in NC if you're open to it.

Best,
Hudson","https://abaclinics.clubemkt.digital/aba?lid={{LEAD_ID}}&utm_source=cold_email&utm_medium=email&utm_campaign=pilot-2026-09-25&utm_content=touch_2","Filling Insight Behavior Analysis Partners's caseload (NC)","Hi Andrew,

I know you're busy running Insight Behavior Analysis Partners. 

If patient intake or waitlist conversion isn't a priority right now, no worries at all. If you ever want to check our 2-minute fit assessment or look at the numbers, you can bookmark this link:

{{TRACKED_URL_TOUCH_3}}

Wishing you and the team continued success in Raleigh!

Best,
Hudson","https://abaclinics.clubemkt.digital/aba?lid={{LEAD_ID}}&utm_source=cold_email&utm_medium=email&utm_campaign=pilot-2026-09-25&utm_content=touch_3"
"Inspire Behavioral Care","Elizabeth Marshall","Elizabeth","elizabeth.marshall@inspirebehavioralga.com","Columbus","GA","3","pilot-2026-09-25","Quick question about Inspire Behavioral Care's openings in GA","Hi Elizabeth,

I was looking at independent ABA practices in Columbus and came across Inspire Behavioral Care. 

A lot of clinic owners we talk to with 1–3 locations tell us their biggest bottleneck isn't clinical interest—it's getting predictable commercial-insurance & private-pay inquiries without giving up margins to PE aggregators.

We built an intake & patient growth system specifically for independent practices across your 3 locations. You can see how the intake flow and caseload matching work here:

{{TRACKED_URL_TOUCH_1}}

Do you have 15 minutes this Thursday or Friday to see if this fits your current openings?

Best,
Hudson Argollo
Gold Traffic / ABA Practice Growth","https://abaclinics.clubemkt.digital/aba?lid={{LEAD_ID}}&utm_source=cold_email&utm_medium=email&utm_campaign=pilot-2026-09-25&utm_content=touch_1","Re: Inspire Behavioral Care's openings in GA","Hi Elizabeth,

Quick follow-up on my note from earlier this week.

When clinics expand or try to hire new BCBAs, keeping the waitlist warm and converting families at the exact moment a slot opens is usually what keeps rooms full.

We put together a 20-minute discovery breakdown for independent practices:
{{TRACKED_URL_TOUCH_2}}

Would love to share what's working for clinics in GA if you're open to it.

Best,
Hudson","https://abaclinics.clubemkt.digital/aba?lid={{LEAD_ID}}&utm_source=cold_email&utm_medium=email&utm_campaign=pilot-2026-09-25&utm_content=touch_2","Filling Inspire Behavioral Care's caseload (GA)","Hi Elizabeth,

I know you're busy running Inspire Behavioral Care. 

If patient intake or waitlist conversion isn't a priority right now, no worries at all. If you ever want to check our 2-minute fit assessment or look at the numbers, you can bookmark this link:

{{TRACKED_URL_TOUCH_3}}

Wishing you and the team continued success in Columbus!

Best,
Hudson","https://abaclinics.clubemkt.digital/aba?lid={{LEAD_ID}}&utm_source=cold_email&utm_medium=email&utm_campaign=pilot-2026-09-25&utm_content=touch_3"
"Journey Autism Horizons","Joseph Ortiz","Joseph","jortiz@journeyabaco.com","Arvada","CO","4","pilot-2026-09-25","Quick question about Journey Autism Horizons's openings in CO","Hi Joseph,

I was looking at independent ABA practices in Arvada and came across Journey Autism Horizons. 

A lot of clinic owners we talk to with 1–4 locations tell us their biggest bottleneck isn't clinical interest—it's getting predictable commercial-insurance & private-pay inquiries without giving up margins to PE aggregators.

We built an intake & patient growth system specifically for independent practices across your 4 locations. You can see how the intake flow and caseload matching work here:

{{TRACKED_URL_TOUCH_1}}

Do you have 15 minutes this Thursday or Friday to see if this fits your current openings?

Best,
Hudson Argollo
Gold Traffic / ABA Practice Growth","https://abaclinics.clubemkt.digital/aba?lid={{LEAD_ID}}&utm_source=cold_email&utm_medium=email&utm_campaign=pilot-2026-09-25&utm_content=touch_1","Re: Journey Autism Horizons's openings in CO","Hi Joseph,

Quick follow-up on my note from earlier this week.

When clinics expand or try to hire new BCBAs, keeping the waitlist warm and converting families at the exact moment a slot opens is usually what keeps rooms full.

We put together a 20-minute discovery breakdown for independent practices:
{{TRACKED_URL_TOUCH_2}}

Would love to share what's working for clinics in CO if you're open to it.

Best,
Hudson","https://abaclinics.clubemkt.digital/aba?lid={{LEAD_ID}}&utm_source=cold_email&utm_medium=email&utm_campaign=pilot-2026-09-25&utm_content=touch_2","Filling Journey Autism Horizons's caseload (CO)","Hi Joseph,

I know you're busy running Journey Autism Horizons. 

If patient intake or waitlist conversion isn't a priority right now, no worries at all. If you ever want to check our 2-minute fit assessment or look at the numbers, you can bookmark this link:

{{TRACKED_URL_TOUCH_3}}

Wishing you and the team continued success in Arvada!

Best,
Hudson","https://abaclinics.clubemkt.digital/aba?lid={{LEAD_ID}}&utm_source=cold_email&utm_medium=email&utm_campaign=pilot-2026-09-25&utm_content=touch_3"
"Keystone Therapy & Learning Center","Jennifer Gomez","Jennifer","jennifer.gomez@keystoneautismva.com","Reston","VA","1","pilot-2026-09-25","Quick question about Keystone Therapy & Learning Center's openings in VA","Hi Jennifer,

I was looking at independent ABA practices in Reston and came across Keystone Therapy & Learning Center. 

A lot of clinic owners we talk to with 1–3 locations tell us their biggest bottleneck isn't clinical interest—it's getting predictable commercial-insurance & private-pay inquiries without giving up margins to PE aggregators.

We built an intake & patient growth system specifically for independent practices at Keystone Therapy & Learning Center. You can see how the intake flow and caseload matching work here:

{{TRACKED_URL_TOUCH_1}}

Do you have 15 minutes this Thursday or Friday to see if this fits your current openings?

Best,
Hudson Argollo
Gold Traffic / ABA Practice Growth","https://abaclinics.clubemkt.digital/aba?lid={{LEAD_ID}}&utm_source=cold_email&utm_medium=email&utm_campaign=pilot-2026-09-25&utm_content=touch_1","Re: Keystone Therapy & Learning Center's openings in VA","Hi Jennifer,

Quick follow-up on my note from earlier this week.

When clinics expand or try to hire new BCBAs, keeping the waitlist warm and converting families at the exact moment a slot opens is usually what keeps rooms full.

We put together a 20-minute discovery breakdown for independent practices:
{{TRACKED_URL_TOUCH_2}}

Would love to share what's working for clinics in VA if you're open to it.

Best,
Hudson","https://abaclinics.clubemkt.digital/aba?lid={{LEAD_ID}}&utm_source=cold_email&utm_medium=email&utm_campaign=pilot-2026-09-25&utm_content=touch_2","Filling Keystone Therapy & Learning Center's caseload (VA)","Hi Jennifer,

I know you're busy running Keystone Therapy & Learning Center. 

If patient intake or waitlist conversion isn't a priority right now, no worries at all. If you ever want to check our 2-minute fit assessment or look at the numbers, you can bookmark this link:

{{TRACKED_URL_TOUCH_3}}

Wishing you and the team continued success in Reston!

Best,
Hudson","https://abaclinics.clubemkt.digital/aba?lid={{LEAD_ID}}&utm_source=cold_email&utm_medium=email&utm_campaign=pilot-2026-09-25&utm_content=touch_3"
"Launch Behavioral Interventions","Joshua Murray","Joshua","jmurray@launchbehavioralmd.com","Towson","MD","2","pilot-2026-09-25","Quick question about Launch Behavioral Interventions's openings in MD","Hi Joshua,

I was looking at independent ABA practices in Towson and came across Launch Behavioral Interventions. 

A lot of clinic owners we talk to with 1–3 locations tell us their biggest bottleneck isn't clinical interest—it's getting predictable commercial-insurance & private-pay inquiries without giving up margins to PE aggregators.

We built an intake & patient growth system specifically for independent practices across your 2 locations. You can see how the intake flow and caseload matching work here:

{{TRACKED_URL_TOUCH_1}}

Do you have 15 minutes this Thursday or Friday to see if this fits your current openings?

Best,
Hudson Argollo
Gold Traffic / ABA Practice Growth","https://abaclinics.clubemkt.digital/aba?lid={{LEAD_ID}}&utm_source=cold_email&utm_medium=email&utm_campaign=pilot-2026-09-25&utm_content=touch_1","Re: Launch Behavioral Interventions's openings in MD","Hi Joshua,

Quick follow-up on my note from earlier this week.

When clinics expand or try to hire new BCBAs, keeping the waitlist warm and converting families at the exact moment a slot opens is usually what keeps rooms full.

We put together a 20-minute discovery breakdown for independent practices:
{{TRACKED_URL_TOUCH_2}}

Would love to share what's working for clinics in MD if you're open to it.

Best,
Hudson","https://abaclinics.clubemkt.digital/aba?lid={{LEAD_ID}}&utm_source=cold_email&utm_medium=email&utm_campaign=pilot-2026-09-25&utm_content=touch_2","Filling Launch Behavioral Interventions's caseload (MD)","Hi Joshua,

I know you're busy running Launch Behavioral Interventions. 

If patient intake or waitlist conversion isn't a priority right now, no worries at all. If you ever want to check our 2-minute fit assessment or look at the numbers, you can bookmark this link:

{{TRACKED_URL_TOUCH_3}}

Wishing you and the team continued success in Towson!

Best,
Hudson","https://abaclinics.clubemkt.digital/aba?lid={{LEAD_ID}}&utm_source=cold_email&utm_medium=email&utm_campaign=pilot-2026-09-25&utm_content=touch_3"
"Leadway Autism Center","Rebecca Freeman","Rebecca","rebecca.freeman@leadwayabail.org","Chicago","IL","3","pilot-2026-09-25","Quick question about Leadway Autism Center's openings in IL","Hi Rebecca,

I was looking at independent ABA practices in Chicago and came across Leadway Autism Center. 

A lot of clinic owners we talk to with 1–3 locations tell us their biggest bottleneck isn't clinical interest—it's getting predictable commercial-insurance & private-pay inquiries without giving up margins to PE aggregators.

We built an intake & patient growth system specifically for independent practices across your 3 locations. You can see how the intake flow and caseload matching work here:

{{TRACKED_URL_TOUCH_1}}

Do you have 15 minutes this Thursday or Friday to see if this fits your current openings?

Best,
Hudson Argollo
Gold Traffic / ABA Practice Growth","https://abaclinics.clubemkt.digital/aba?lid={{LEAD_ID}}&utm_source=cold_email&utm_medium=email&utm_campaign=pilot-2026-09-25&utm_content=touch_1","Re: Leadway Autism Center's openings in IL","Hi Rebecca,

Quick follow-up on my note from earlier this week.

When clinics expand or try to hire new BCBAs, keeping the waitlist warm and converting families at the exact moment a slot opens is usually what keeps rooms full.

We put together a 20-minute discovery breakdown for independent practices:
{{TRACKED_URL_TOUCH_2}}

Would love to share what's working for clinics in IL if you're open to it.

Best,
Hudson","https://abaclinics.clubemkt.digital/aba?lid={{LEAD_ID}}&utm_source=cold_email&utm_medium=email&utm_campaign=pilot-2026-09-25&utm_content=touch_2","Filling Leadway Autism Center's caseload (IL)","Hi Rebecca,

I know you're busy running Leadway Autism Center. 

If patient intake or waitlist conversion isn't a priority right now, no worries at all. If you ever want to check our 2-minute fit assessment or look at the numbers, you can bookmark this link:

{{TRACKED_URL_TOUCH_3}}

Wishing you and the team continued success in Chicago!

Best,
Hudson","https://abaclinics.clubemkt.digital/aba?lid={{LEAD_ID}}&utm_source=cold_email&utm_medium=email&utm_campaign=pilot-2026-09-25&utm_content=touch_3"
"Legacy ABA Therapy Group","Kevin Wells","Kevin","kwells@legacyautismut.com","Provo","UT","4","pilot-2026-09-25","Quick question about Legacy ABA Therapy Group's openings in UT","Hi Kevin,

I was looking at independent ABA practices in Provo and came across Legacy ABA Therapy Group. 

A lot of clinic owners we talk to with 1–4 locations tell us their biggest bottleneck isn't clinical interest—it's getting predictable commercial-insurance & private-pay inquiries without giving up margins to PE aggregators.

We built an intake & patient growth system specifically for independent practices across your 4 locations. You can see how the intake flow and caseload matching work here:

{{TRACKED_URL_TOUCH_1}}

Do you have 15 minutes this Thursday or Friday to see if this fits your current openings?

Best,
Hudson Argollo
Gold Traffic / ABA Practice Growth","https://abaclinics.clubemkt.digital/aba?lid={{LEAD_ID}}&utm_source=cold_email&utm_medium=email&utm_campaign=pilot-2026-09-25&utm_content=touch_1","Re: Legacy ABA Therapy Group's openings in UT","Hi Kevin,

Quick follow-up on my note from earlier this week.

When clinics expand or try to hire new BCBAs, keeping the waitlist warm and converting families at the exact moment a slot opens is usually what keeps rooms full.

We put together a 20-minute discovery breakdown for independent practices:
{{TRACKED_URL_TOUCH_2}}

Would love to share what's working for clinics in UT if you're open to it.

Best,
Hudson","https://abaclinics.clubemkt.digital/aba?lid={{LEAD_ID}}&utm_source=cold_email&utm_medium=email&utm_campaign=pilot-2026-09-25&utm_content=touch_2","Filling Legacy ABA Therapy Group's caseload (UT)","Hi Kevin,

I know you're busy running Legacy ABA Therapy Group. 

If patient intake or waitlist conversion isn't a priority right now, no worries at all. If you ever want to check our 2-minute fit assessment or look at the numbers, you can bookmark this link:

{{TRACKED_URL_TOUCH_3}}

Wishing you and the team continued success in Provo!

Best,
Hudson","https://abaclinics.clubemkt.digital/aba?lid={{LEAD_ID}}&utm_source=cold_email&utm_medium=email&utm_campaign=pilot-2026-09-25&utm_content=touch_3"
"Lighthouse Behavioral Solutions","Emily Webb","Emily","emily.webb@lighthousebehavioralnj.com","Paterson","NJ","1","pilot-2026-09-25","Quick question about Lighthouse Behavioral Solutions's openings in NJ","Hi Emily,

I was looking at independent ABA practices in Paterson and came across Lighthouse Behavioral Solutions. 

A lot of clinic owners we talk to with 1–3 locations tell us their biggest bottleneck isn't clinical interest—it's getting predictable commercial-insurance & private-pay inquiries without giving up margins to PE aggregators.

We built an intake & patient growth system specifically for independent practices at Lighthouse Behavioral Solutions. You can see how the intake flow and caseload matching work here:

{{TRACKED_URL_TOUCH_1}}

Do you have 15 minutes this Thursday or Friday to see if this fits your current openings?

Best,
Hudson Argollo
Gold Traffic / ABA Practice Growth","https://abaclinics.clubemkt.digital/aba?lid={{LEAD_ID}}&utm_source=cold_email&utm_medium=email&utm_campaign=pilot-2026-09-25&utm_content=touch_1","Re: Lighthouse Behavioral Solutions's openings in NJ","Hi Emily,

Quick follow-up on my note from earlier this week.

When clinics expand or try to hire new BCBAs, keeping the waitlist warm and converting families at the exact moment a slot opens is usually what keeps rooms full.

We put together a 20-minute discovery breakdown for independent practices:
{{TRACKED_URL_TOUCH_2}}

Would love to share what's working for clinics in NJ if you're open to it.

Best,
Hudson","https://abaclinics.clubemkt.digital/aba?lid={{LEAD_ID}}&utm_source=cold_email&utm_medium=email&utm_campaign=pilot-2026-09-25&utm_content=touch_2","Filling Lighthouse Behavioral Solutions's caseload (NJ)","Hi Emily,

I know you're busy running Lighthouse Behavioral Solutions. 

If patient intake or waitlist conversion isn't a priority right now, no worries at all. If you ever want to check our 2-minute fit assessment or look at the numbers, you can bookmark this link:

{{TRACKED_URL_TOUCH_3}}

Wishing you and the team continued success in Paterson!

Best,
Hudson","https://abaclinics.clubemkt.digital/aba?lid={{LEAD_ID}}&utm_source=cold_email&utm_medium=email&utm_campaign=pilot-2026-09-25&utm_content=touch_3"
"Milestone Autism Services","Ryan Simpson","Ryan","rsimpson@milestoneabatx.com","San Antonio","TX","2","pilot-2026-09-25","Quick question about Milestone Autism Services's openings in TX","Hi Ryan,

I was looking at independent ABA practices in San Antonio and came across Milestone Autism Services. 

A lot of clinic owners we talk to with 1–3 locations tell us their biggest bottleneck isn't clinical interest—it's getting predictable commercial-insurance & private-pay inquiries without giving up margins to PE aggregators.

We built an intake & patient growth system specifically for independent practices across your 2 locations. You can see how the intake flow and caseload matching work here:

{{TRACKED_URL_TOUCH_1}}

Do you have 15 minutes this Thursday or Friday to see if this fits your current openings?

Best,
Hudson Argollo
Gold Traffic / ABA Practice Growth","https://abaclinics.clubemkt.digital/aba?lid={{LEAD_ID}}&utm_source=cold_email&utm_medium=email&utm_campaign=pilot-2026-09-25&utm_content=touch_1","Re: Milestone Autism Services's openings in TX","Hi Ryan,

Quick follow-up on my note from earlier this week.

When clinics expand or try to hire new BCBAs, keeping the waitlist warm and converting families at the exact moment a slot opens is usually what keeps rooms full.

We put together a 20-minute discovery breakdown for independent practices:
{{TRACKED_URL_TOUCH_2}}

Would love to share what's working for clinics in TX if you're open to it.

Best,
Hudson","https://abaclinics.clubemkt.digital/aba?lid={{LEAD_ID}}&utm_source=cold_email&utm_medium=email&utm_campaign=pilot-2026-09-25&utm_content=touch_2","Filling Milestone Autism Services's caseload (TX)","Hi Ryan,

I know you're busy running Milestone Autism Services. 

If patient intake or waitlist conversion isn't a priority right now, no worries at all. If you ever want to check our 2-minute fit assessment or look at the numbers, you can bookmark this link:

{{TRACKED_URL_TOUCH_3}}

Wishing you and the team continued success in San Antonio!

Best,
Hudson","https://abaclinics.clubemkt.digital/aba?lid={{LEAD_ID}}&utm_source=cold_email&utm_medium=email&utm_campaign=pilot-2026-09-25&utm_content=touch_3"
"Navigate Behavioral Health","Samantha Stevens","Samantha","samantha.stevens@navigateautismfl.com","Fort Lauderdale","FL","3","pilot-2026-09-25","Quick question about Navigate Behavioral Health's openings in FL","Hi Samantha,

I was looking at independent ABA practices in Fort Lauderdale and came across Navigate Behavioral Health. 

A lot of clinic owners we talk to with 1–3 locations tell us their biggest bottleneck isn't clinical interest—it's getting predictable commercial-insurance & private-pay inquiries without giving up margins to PE aggregators.

We built an intake & patient growth system specifically for independent practices across your 3 locations. You can see how the intake flow and caseload matching work here:

{{TRACKED_URL_TOUCH_1}}

Do you have 15 minutes this Thursday or Friday to see if this fits your current openings?

Best,
Hudson Argollo
Gold Traffic / ABA Practice Growth","https://abaclinics.clubemkt.digital/aba?lid={{LEAD_ID}}&utm_source=cold_email&utm_medium=email&utm_campaign=pilot-2026-09-25&utm_content=touch_1","Re: Navigate Behavioral Health's openings in FL","Hi Samantha,

Quick follow-up on my note from earlier this week.

When clinics expand or try to hire new BCBAs, keeping the waitlist warm and converting families at the exact moment a slot opens is usually what keeps rooms full.

We put together a 20-minute discovery breakdown for independent practices:
{{TRACKED_URL_TOUCH_2}}

Would love to share what's working for clinics in FL if you're open to it.

Best,
Hudson","https://abaclinics.clubemkt.digital/aba?lid={{LEAD_ID}}&utm_source=cold_email&utm_medium=email&utm_campaign=pilot-2026-09-25&utm_content=touch_2","Filling Navigate Behavioral Health's caseload (FL)","Hi Samantha,

I know you're busy running Navigate Behavioral Health. 

If patient intake or waitlist conversion isn't a priority right now, no worries at all. If you ever want to check our 2-minute fit assessment or look at the numbers, you can bookmark this link:

{{TRACKED_URL_TOUCH_3}}

Wishing you and the team continued success in Fort Lauderdale!

Best,
Hudson","https://abaclinics.clubemkt.digital/aba?lid={{LEAD_ID}}&utm_source=cold_email&utm_medium=email&utm_campaign=pilot-2026-09-25&utm_content=touch_3"
"New Horizons Therapy Associates","Justin Tucker","Justin","jtucker@newhorizonsbehavioralca.org","Fresno","CA","4","pilot-2026-09-25","Quick question about New Horizons Therapy Associates's openings in CA","Hi Justin,

I was looking at independent ABA practices in Fresno and came across New Horizons Therapy Associates. 

A lot of clinic owners we talk to with 1–4 locations tell us their biggest bottleneck isn't clinical interest—it's getting predictable commercial-insurance & private-pay inquiries without giving up margins to PE aggregators.

We built an intake & patient growth system specifically for independent practices across your 4 locations. You can see how the intake flow and caseload matching work here:

{{TRACKED_URL_TOUCH_1}}

Do you have 15 minutes this Thursday or Friday to see if this fits your current openings?

Best,
Hudson Argollo
Gold Traffic / ABA Practice Growth","https://abaclinics.clubemkt.digital/aba?lid={{LEAD_ID}}&utm_source=cold_email&utm_medium=email&utm_campaign=pilot-2026-09-25&utm_content=touch_1","Re: New Horizons Therapy Associates's openings in CA","Hi Justin,

Quick follow-up on my note from earlier this week.

When clinics expand or try to hire new BCBAs, keeping the waitlist warm and converting families at the exact moment a slot opens is usually what keeps rooms full.

We put together a 20-minute discovery breakdown for independent practices:
{{TRACKED_URL_TOUCH_2}}

Would love to share what's working for clinics in CA if you're open to it.

Best,
Hudson","https://abaclinics.clubemkt.digital/aba?lid={{LEAD_ID}}&utm_source=cold_email&utm_medium=email&utm_campaign=pilot-2026-09-25&utm_content=touch_2","Filling New Horizons Therapy Associates's caseload (CA)","Hi Justin,

I know you're busy running New Horizons Therapy Associates. 

If patient intake or waitlist conversion isn't a priority right now, no worries at all. If you ever want to check our 2-minute fit assessment or look at the numbers, you can bookmark this link:

{{TRACKED_URL_TOUCH_3}}

Wishing you and the team continued success in Fresno!

Best,
Hudson","https://abaclinics.clubemkt.digital/aba?lid={{LEAD_ID}}&utm_source=cold_email&utm_medium=email&utm_campaign=pilot-2026-09-25&utm_content=touch_3"
"Next Step Developmental Clinic","Danielle Porter","Danielle","danielle.porter@nextstepabanc.com","Charlotte","NC","1","pilot-2026-09-25","Quick question about Next Step Developmental Clinic's openings in NC","Hi Danielle,

I was looking at independent ABA practices in Charlotte and came across Next Step Developmental Clinic. 

A lot of clinic owners we talk to with 1–3 locations tell us their biggest bottleneck isn't clinical interest—it's getting predictable commercial-insurance & private-pay inquiries without giving up margins to PE aggregators.

We built an intake & patient growth system specifically for independent practices at Next Step Developmental Clinic. You can see how the intake flow and caseload matching work here:

{{TRACKED_URL_TOUCH_1}}

Do you have 15 minutes this Thursday or Friday to see if this fits your current openings?

Best,
Hudson Argollo
Gold Traffic / ABA Practice Growth","https://abaclinics.clubemkt.digital/aba?lid={{LEAD_ID}}&utm_source=cold_email&utm_medium=email&utm_campaign=pilot-2026-09-25&utm_content=touch_1","Re: Next Step Developmental Clinic's openings in NC","Hi Danielle,

Quick follow-up on my note from earlier this week.

When clinics expand or try to hire new BCBAs, keeping the waitlist warm and converting families at the exact moment a slot opens is usually what keeps rooms full.

We put together a 20-minute discovery breakdown for independent practices:
{{TRACKED_URL_TOUCH_2}}

Would love to share what's working for clinics in NC if you're open to it.

Best,
Hudson","https://abaclinics.clubemkt.digital/aba?lid={{LEAD_ID}}&utm_source=cold_email&utm_medium=email&utm_campaign=pilot-2026-09-25&utm_content=touch_2","Filling Next Step Developmental Clinic's caseload (NC)","Hi Danielle,

I know you're busy running Next Step Developmental Clinic. 

If patient intake or waitlist conversion isn't a priority right now, no worries at all. If you ever want to check our 2-minute fit assessment or look at the numbers, you can bookmark this link:

{{TRACKED_URL_TOUCH_3}}

Wishing you and the team continued success in Charlotte!

Best,
Hudson","https://abaclinics.clubemkt.digital/aba?lid={{LEAD_ID}}&utm_source=cold_email&utm_medium=email&utm_campaign=pilot-2026-09-25&utm_content=touch_3"
"Noble ABA Services","Brandon Hunter","Brandon","bhunter@nobleautismga.com","Augusta","GA","2","pilot-2026-09-25","Quick question about Noble ABA Services's openings in GA","Hi Brandon,

I was looking at independent ABA practices in Augusta and came across Noble ABA Services. 

A lot of clinic owners we talk to with 1–3 locations tell us their biggest bottleneck isn't clinical interest—it's getting predictable commercial-insurance & private-pay inquiries without giving up margins to PE aggregators.

We built an intake & patient growth system specifically for independent practices across your 2 locations. You can see how the intake flow and caseload matching work here:

{{TRACKED_URL_TOUCH_1}}

Do you have 15 minutes this Thursday or Friday to see if this fits your current openings?

Best,
Hudson Argollo
Gold Traffic / ABA Practice Growth","https://abaclinics.clubemkt.digital/aba?lid={{LEAD_ID}}&utm_source=cold_email&utm_medium=email&utm_campaign=pilot-2026-09-25&utm_content=touch_1","Re: Noble ABA Services's openings in GA","Hi Brandon,

Quick follow-up on my note from earlier this week.

When clinics expand or try to hire new BCBAs, keeping the waitlist warm and converting families at the exact moment a slot opens is usually what keeps rooms full.

We put together a 20-minute discovery breakdown for independent practices:
{{TRACKED_URL_TOUCH_2}}

Would love to share what's working for clinics in GA if you're open to it.

Best,
Hudson","https://abaclinics.clubemkt.digital/aba?lid={{LEAD_ID}}&utm_source=cold_email&utm_medium=email&utm_campaign=pilot-2026-09-25&utm_content=touch_2","Filling Noble ABA Services's caseload (GA)","Hi Brandon,

I know you're busy running Noble ABA Services. 

If patient intake or waitlist conversion isn't a priority right now, no worries at all. If you ever want to check our 2-minute fit assessment or look at the numbers, you can bookmark this link:

{{TRACKED_URL_TOUCH_3}}

Wishing you and the team continued success in Augusta!

Best,
Hudson","https://abaclinics.clubemkt.digital/aba?lid={{LEAD_ID}}&utm_source=cold_email&utm_medium=email&utm_campaign=pilot-2026-09-25&utm_content=touch_3"
"North Star Autism & Behavioral Clinic","Amber Hicks","Amber","amber.hicks@northstarbehavioralco.com","Centennial","CO","3","pilot-2026-09-25","Quick question about North Star Autism & Behavioral Clinic's openings in CO","Hi Amber,

I was looking at independent ABA practices in Centennial and came across North Star Autism & Behavioral Clinic. 

A lot of clinic owners we talk to with 1–3 locations tell us their biggest bottleneck isn't clinical interest—it's getting predictable commercial-insurance & private-pay inquiries without giving up margins to PE aggregators.

We built an intake & patient growth system specifically for independent practices across your 3 locations. You can see how the intake flow and caseload matching work here:

{{TRACKED_URL_TOUCH_1}}

Do you have 15 minutes this Thursday or Friday to see if this fits your current openings?

Best,
Hudson Argollo
Gold Traffic / ABA Practice Growth","https://abaclinics.clubemkt.digital/aba?lid={{LEAD_ID}}&utm_source=cold_email&utm_medium=email&utm_campaign=pilot-2026-09-25&utm_content=touch_1","Re: North Star Autism & Behavioral Clinic's openings in CO","Hi Amber,

Quick follow-up on my note from earlier this week.

When clinics expand or try to hire new BCBAs, keeping the waitlist warm and converting families at the exact moment a slot opens is usually what keeps rooms full.

We put together a 20-minute discovery breakdown for independent practices:
{{TRACKED_URL_TOUCH_2}}

Would love to share what's working for clinics in CO if you're open to it.

Best,
Hudson","https://abaclinics.clubemkt.digital/aba?lid={{LEAD_ID}}&utm_source=cold_email&utm_medium=email&utm_campaign=pilot-2026-09-25&utm_content=touch_2","Filling North Star Autism & Behavioral Clinic's caseload (CO)","Hi Amber,

I know you're busy running North Star Autism & Behavioral Clinic. 

If patient intake or waitlist conversion isn't a priority right now, no worries at all. If you ever want to check our 2-minute fit assessment or look at the numbers, you can bookmark this link:

{{TRACKED_URL_TOUCH_3}}

Wishing you and the team continued success in Centennial!

Best,
Hudson","https://abaclinics.clubemkt.digital/aba?lid={{LEAD_ID}}&utm_source=cold_email&utm_medium=email&utm_campaign=pilot-2026-09-25&utm_content=touch_3"
"Nova Child Development Center","Jason Crawford","Jason","jcrawford@novaabava.com","McLean","VA","4","pilot-2026-09-25","Quick question about Nova Child Development Center's openings in VA","Hi Jason,

I was looking at independent ABA practices in McLean and came across Nova Child Development Center. 

A lot of clinic owners we talk to with 1–4 locations tell us their biggest bottleneck isn't clinical interest—it's getting predictable commercial-insurance & private-pay inquiries without giving up margins to PE aggregators.

We built an intake & patient growth system specifically for independent practices across your 4 locations. You can see how the intake flow and caseload matching work here:

{{TRACKED_URL_TOUCH_1}}

Do you have 15 minutes this Thursday or Friday to see if this fits your current openings?

Best,
Hudson Argollo
Gold Traffic / ABA Practice Growth","https://abaclinics.clubemkt.digital/aba?lid={{LEAD_ID}}&utm_source=cold_email&utm_medium=email&utm_campaign=pilot-2026-09-25&utm_content=touch_1","Re: Nova Child Development Center's openings in VA","Hi Jason,

Quick follow-up on my note from earlier this week.

When clinics expand or try to hire new BCBAs, keeping the waitlist warm and converting families at the exact moment a slot opens is usually what keeps rooms full.

We put together a 20-minute discovery breakdown for independent practices:
{{TRACKED_URL_TOUCH_2}}

Would love to share what's working for clinics in VA if you're open to it.

Best,
Hudson","https://abaclinics.clubemkt.digital/aba?lid={{LEAD_ID}}&utm_source=cold_email&utm_medium=email&utm_campaign=pilot-2026-09-25&utm_content=touch_2","Filling Nova Child Development Center's caseload (VA)","Hi Jason,

I know you're busy running Nova Child Development Center. 

If patient intake or waitlist conversion isn't a priority right now, no worries at all. If you ever want to check our 2-minute fit assessment or look at the numbers, you can bookmark this link:

{{TRACKED_URL_TOUCH_3}}

Wishing you and the team continued success in McLean!

Best,
Hudson","https://abaclinics.clubemkt.digital/aba?lid={{LEAD_ID}}&utm_source=cold_email&utm_medium=email&utm_campaign=pilot-2026-09-25&utm_content=touch_3"
"Oasis Behavior Analysis Partners","Brittany Henry","Brittany","brittany.henry@oasisautismmd.org","Baltimore","MD","1","pilot-2026-09-25","Quick question about Oasis Behavior Analysis Partners's openings in MD","Hi Brittany,

I was looking at independent ABA practices in Baltimore and came across Oasis Behavior Analysis Partners. 

A lot of clinic owners we talk to with 1–3 locations tell us their biggest bottleneck isn't clinical interest—it's getting predictable commercial-insurance & private-pay inquiries without giving up margins to PE aggregators.

We built an intake & patient growth system specifically for independent practices at Oasis Behavior Analysis Partners. You can see how the intake flow and caseload matching work here:

{{TRACKED_URL_TOUCH_1}}

Do you have 15 minutes this Thursday or Friday to see if this fits your current openings?

Best,
Hudson Argollo
Gold Traffic / ABA Practice Growth","https://abaclinics.clubemkt.digital/aba?lid={{LEAD_ID}}&utm_source=cold_email&utm_medium=email&utm_campaign=pilot-2026-09-25&utm_content=touch_1","Re: Oasis Behavior Analysis Partners's openings in MD","Hi Brittany,

Quick follow-up on my note from earlier this week.

When clinics expand or try to hire new BCBAs, keeping the waitlist warm and converting families at the exact moment a slot opens is usually what keeps rooms full.

We put together a 20-minute discovery breakdown for independent practices:
{{TRACKED_URL_TOUCH_2}}

Would love to share what's working for clinics in MD if you're open to it.

Best,
Hudson","https://abaclinics.clubemkt.digital/aba?lid={{LEAD_ID}}&utm_source=cold_email&utm_medium=email&utm_campaign=pilot-2026-09-25&utm_content=touch_2","Filling Oasis Behavior Analysis Partners's caseload (MD)","Hi Brittany,

I know you're busy running Oasis Behavior Analysis Partners. 

If patient intake or waitlist conversion isn't a priority right now, no worries at all. If you ever want to check our 2-minute fit assessment or look at the numbers, you can bookmark this link:

{{TRACKED_URL_TOUCH_3}}

Wishing you and the team continued success in Baltimore!

Best,
Hudson","https://abaclinics.clubemkt.digital/aba?lid={{LEAD_ID}}&utm_source=cold_email&utm_medium=email&utm_campaign=pilot-2026-09-25&utm_content=touch_3"
"Optima Behavioral Care","Eric Boyd","Eric","eboyd@optimabehavioralil.com","Naperville","IL","2","pilot-2026-09-25","Quick question about Optima Behavioral Care's openings in IL","Hi Eric,

I was looking at independent ABA practices in Naperville and came across Optima Behavioral Care. 

A lot of clinic owners we talk to with 1–3 locations tell us their biggest bottleneck isn't clinical interest—it's getting predictable commercial-insurance & private-pay inquiries without giving up margins to PE aggregators.

We built an intake & patient growth system specifically for independent practices across your 2 locations. You can see how the intake flow and caseload matching work here:

{{TRACKED_URL_TOUCH_1}}

Do you have 15 minutes this Thursday or Friday to see if this fits your current openings?

Best,
Hudson Argollo
Gold Traffic / ABA Practice Growth","https://abaclinics.clubemkt.digital/aba?lid={{LEAD_ID}}&utm_source=cold_email&utm_medium=email&utm_campaign=pilot-2026-09-25&utm_content=touch_1","Re: Optima Behavioral Care's openings in IL","Hi Eric,

Quick follow-up on my note from earlier this week.

When clinics expand or try to hire new BCBAs, keeping the waitlist warm and converting families at the exact moment a slot opens is usually what keeps rooms full.

We put together a 20-minute discovery breakdown for independent practices:
{{TRACKED_URL_TOUCH_2}}

Would love to share what's working for clinics in IL if you're open to it.

Best,
Hudson","https://abaclinics.clubemkt.digital/aba?lid={{LEAD_ID}}&utm_source=cold_email&utm_medium=email&utm_campaign=pilot-2026-09-25&utm_content=touch_2","Filling Optima Behavioral Care's caseload (IL)","Hi Eric,

I know you're busy running Optima Behavioral Care. 

If patient intake or waitlist conversion isn't a priority right now, no worries at all. If you ever want to check our 2-minute fit assessment or look at the numbers, you can bookmark this link:

{{TRACKED_URL_TOUCH_3}}

Wishing you and the team continued success in Naperville!

Best,
Hudson","https://abaclinics.clubemkt.digital/aba?lid={{LEAD_ID}}&utm_source=cold_email&utm_medium=email&utm_campaign=pilot-2026-09-25&utm_content=touch_3"
"Pacific Autism Horizons","Courtney Mason","Courtney","courtney.mason@pacificabaut.com","West Valley City","UT","3","pilot-2026-09-25","Quick question about Pacific Autism Horizons's openings in UT","Hi Courtney,

I was looking at independent ABA practices in West Valley City and came across Pacific Autism Horizons. 

A lot of clinic owners we talk to with 1–3 locations tell us their biggest bottleneck isn't clinical interest—it's getting predictable commercial-insurance & private-pay inquiries without giving up margins to PE aggregators.

We built an intake & patient growth system specifically for independent practices across your 3 locations. You can see how the intake flow and caseload matching work here:

{{TRACKED_URL_TOUCH_1}}

Do you have 15 minutes this Thursday or Friday to see if this fits your current openings?

Best,
Hudson Argollo
Gold Traffic / ABA Practice Growth","https://abaclinics.clubemkt.digital/aba?lid={{LEAD_ID}}&utm_source=cold_email&utm_medium=email&utm_campaign=pilot-2026-09-25&utm_content=touch_1","Re: Pacific Autism Horizons's openings in UT","Hi Courtney,

Quick follow-up on my note from earlier this week.

When clinics expand or try to hire new BCBAs, keeping the waitlist warm and converting families at the exact moment a slot opens is usually what keeps rooms full.

We put together a 20-minute discovery breakdown for independent practices:
{{TRACKED_URL_TOUCH_2}}

Would love to share what's working for clinics in UT if you're open to it.

Best,
Hudson","https://abaclinics.clubemkt.digital/aba?lid={{LEAD_ID}}&utm_source=cold_email&utm_medium=email&utm_campaign=pilot-2026-09-25&utm_content=touch_2","Filling Pacific Autism Horizons's caseload (UT)","Hi Courtney,

I know you're busy running Pacific Autism Horizons. 

If patient intake or waitlist conversion isn't a priority right now, no worries at all. If you ever want to check our 2-minute fit assessment or look at the numbers, you can bookmark this link:

{{TRACKED_URL_TOUCH_3}}

Wishing you and the team continued success in West Valley City!

Best,
Hudson","https://abaclinics.clubemkt.digital/aba?lid={{LEAD_ID}}&utm_source=cold_email&utm_medium=email&utm_campaign=pilot-2026-09-25&utm_content=touch_3"
"Pathways Therapy & Learning Center","Jonathan Morales","Jonathan","jmorales@pathwaysautismnj.com","Elizabeth","NJ","4","pilot-2026-09-25","Quick question about Pathways Therapy & Learning Center's openings in NJ","Hi Jonathan,

I was looking at independent ABA practices in Elizabeth and came across Pathways Therapy & Learning Center. 

A lot of clinic owners we talk to with 1–4 locations tell us their biggest bottleneck isn't clinical interest—it's getting predictable commercial-insurance & private-pay inquiries without giving up margins to PE aggregators.

We built an intake & patient growth system specifically for independent practices across your 4 locations. You can see how the intake flow and caseload matching work here:

{{TRACKED_URL_TOUCH_1}}

Do you have 15 minutes this Thursday or Friday to see if this fits your current openings?

Best,
Hudson Argollo
Gold Traffic / ABA Practice Growth","https://abaclinics.clubemkt.digital/aba?lid={{LEAD_ID}}&utm_source=cold_email&utm_medium=email&utm_campaign=pilot-2026-09-25&utm_content=touch_1","Re: Pathways Therapy & Learning Center's openings in NJ","Hi Jonathan,

Quick follow-up on my note from earlier this week.

When clinics expand or try to hire new BCBAs, keeping the waitlist warm and converting families at the exact moment a slot opens is usually what keeps rooms full.

We put together a 20-minute discovery breakdown for independent practices:
{{TRACKED_URL_TOUCH_2}}

Would love to share what's working for clinics in NJ if you're open to it.

Best,
Hudson","https://abaclinics.clubemkt.digital/aba?lid={{LEAD_ID}}&utm_source=cold_email&utm_medium=email&utm_campaign=pilot-2026-09-25&utm_content=touch_2","Filling Pathways Therapy & Learning Center's caseload (NJ)","Hi Jonathan,

I know you're busy running Pathways Therapy & Learning Center. 

If patient intake or waitlist conversion isn't a priority right now, no worries at all. If you ever want to check our 2-minute fit assessment or look at the numbers, you can bookmark this link:

{{TRACKED_URL_TOUCH_3}}

Wishing you and the team continued success in Elizabeth!

Best,
Hudson","https://abaclinics.clubemkt.digital/aba?lid={{LEAD_ID}}&utm_source=cold_email&utm_medium=email&utm_campaign=pilot-2026-09-25&utm_content=touch_3"
"Peak Behavioral Interventions","Tiffany Kennedy","Tiffany","tiffany.kennedy@peakbehavioraltx.com","Denton","TX","1","pilot-2026-09-25","Quick question about Peak Behavioral Interventions's openings in TX","Hi Tiffany,

I was looking at independent ABA practices in Denton and came across Peak Behavioral Interventions. 

A lot of clinic owners we talk to with 1–3 locations tell us their biggest bottleneck isn't clinical interest—it's getting predictable commercial-insurance & private-pay inquiries without giving up margins to PE aggregators.

We built an intake & patient growth system specifically for independent practices at Peak Behavioral Interventions. You can see how the intake flow and caseload matching work here:

{{TRACKED_URL_TOUCH_1}}

Do you have 15 minutes this Thursday or Friday to see if this fits your current openings?

Best,
Hudson Argollo
Gold Traffic / ABA Practice Growth","https://abaclinics.clubemkt.digital/aba?lid={{LEAD_ID}}&utm_source=cold_email&utm_medium=email&utm_campaign=pilot-2026-09-25&utm_content=touch_1","Re: Peak Behavioral Interventions's openings in TX","Hi Tiffany,

Quick follow-up on my note from earlier this week.

When clinics expand or try to hire new BCBAs, keeping the waitlist warm and converting families at the exact moment a slot opens is usually what keeps rooms full.

We put together a 20-minute discovery breakdown for independent practices:
{{TRACKED_URL_TOUCH_2}}

Would love to share what's working for clinics in TX if you're open to it.

Best,
Hudson","https://abaclinics.clubemkt.digital/aba?lid={{LEAD_ID}}&utm_source=cold_email&utm_medium=email&utm_campaign=pilot-2026-09-25&utm_content=touch_2","Filling Peak Behavioral Interventions's caseload (TX)","Hi Tiffany,

I know you're busy running Peak Behavioral Interventions. 

If patient intake or waitlist conversion isn't a priority right now, no worries at all. If you ever want to check our 2-minute fit assessment or look at the numbers, you can bookmark this link:

{{TRACKED_URL_TOUCH_3}}

Wishing you and the team continued success in Denton!

Best,
Hudson","https://abaclinics.clubemkt.digital/aba?lid={{LEAD_ID}}&utm_source=cold_email&utm_medium=email&utm_campaign=pilot-2026-09-25&utm_content=touch_3"
"Pinnacle Autism Center","Tyler Warren","Tyler","twarren@pinnacleabafl.org","Miami","FL","2","pilot-2026-09-25","Quick question about Pinnacle Autism Center's openings in FL","Hi Tyler,

I was looking at independent ABA practices in Miami and came across Pinnacle Autism Center. 

A lot of clinic owners we talk to with 1–3 locations tell us their biggest bottleneck isn't clinical interest—it's getting predictable commercial-insurance & private-pay inquiries without giving up margins to PE aggregators.

We built an intake & patient growth system specifically for independent practices across your 2 locations. You can see how the intake flow and caseload matching work here:

{{TRACKED_URL_TOUCH_1}}

Do you have 15 minutes this Thursday or Friday to see if this fits your current openings?

Best,
Hudson Argollo
Gold Traffic / ABA Practice Growth","https://abaclinics.clubemkt.digital/aba?lid={{LEAD_ID}}&utm_source=cold_email&utm_medium=email&utm_campaign=pilot-2026-09-25&utm_content=touch_1","Re: Pinnacle Autism Center's openings in FL","Hi Tyler,

Quick follow-up on my note from earlier this week.

When clinics expand or try to hire new BCBAs, keeping the waitlist warm and converting families at the exact moment a slot opens is usually what keeps rooms full.

We put together a 20-minute discovery breakdown for independent practices:
{{TRACKED_URL_TOUCH_2}}

Would love to share what's working for clinics in FL if you're open to it.

Best,
Hudson","https://abaclinics.clubemkt.digital/aba?lid={{LEAD_ID}}&utm_source=cold_email&utm_medium=email&utm_campaign=pilot-2026-09-25&utm_content=touch_2","Filling Pinnacle Autism Center's caseload (FL)","Hi Tyler,

I know you're busy running Pinnacle Autism Center. 

If patient intake or waitlist conversion isn't a priority right now, no worries at all. If you ever want to check our 2-minute fit assessment or look at the numbers, you can bookmark this link:

{{TRACKED_URL_TOUCH_3}}

Wishing you and the team continued success in Miami!

Best,
Hudson","https://abaclinics.clubemkt.digital/aba?lid={{LEAD_ID}}&utm_source=cold_email&utm_medium=email&utm_campaign=pilot-2026-09-25&utm_content=touch_3"
"Pioneer ABA Therapy Group","Christine Dixon","Christine","christine.dixon@pioneerautismca.com","Los Angeles","CA","3","pilot-2026-09-25","Quick question about Pioneer ABA Therapy Group's openings in CA","Hi Christine,

I was looking at independent ABA practices in Los Angeles and came across Pioneer ABA Therapy Group. 

A lot of clinic owners we talk to with 1–3 locations tell us their biggest bottleneck isn't clinical interest—it's getting predictable commercial-insurance & private-pay inquiries without giving up margins to PE aggregators.

We built an intake & patient growth system specifically for independent practices across your 3 locations. You can see how the intake flow and caseload matching work here:

{{TRACKED_URL_TOUCH_1}}

Do you have 15 minutes this Thursday or Friday to see if this fits your current openings?

Best,
Hudson Argollo
Gold Traffic / ABA Practice Growth","https://abaclinics.clubemkt.digital/aba?lid={{LEAD_ID}}&utm_source=cold_email&utm_medium=email&utm_campaign=pilot-2026-09-25&utm_content=touch_1","Re: Pioneer ABA Therapy Group's openings in CA","Hi Christine,

Quick follow-up on my note from earlier this week.

When clinics expand or try to hire new BCBAs, keeping the waitlist warm and converting families at the exact moment a slot opens is usually what keeps rooms full.

We put together a 20-minute discovery breakdown for independent practices:
{{TRACKED_URL_TOUCH_2}}

Would love to share what's working for clinics in CA if you're open to it.

Best,
Hudson","https://abaclinics.clubemkt.digital/aba?lid={{LEAD_ID}}&utm_source=cold_email&utm_medium=email&utm_campaign=pilot-2026-09-25&utm_content=touch_2","Filling Pioneer ABA Therapy Group's caseload (CA)","Hi Christine,

I know you're busy running Pioneer ABA Therapy Group. 

If patient intake or waitlist conversion isn't a priority right now, no worries at all. If you ever want to check our 2-minute fit assessment or look at the numbers, you can bookmark this link:

{{TRACKED_URL_TOUCH_3}}

Wishing you and the team continued success in Los Angeles!

Best,
Hudson","https://abaclinics.clubemkt.digital/aba?lid={{LEAD_ID}}&utm_source=cold_email&utm_medium=email&utm_campaign=pilot-2026-09-25&utm_content=touch_3"
"Precision Behavioral Solutions","Nicholas Ramos","Nicholas","nramos@precisionbehavioralnc.com","Chapel Hill","NC","4","pilot-2026-09-25","Quick question about Precision Behavioral Solutions's openings in NC","Hi Nicholas,

I was looking at independent ABA practices in Chapel Hill and came across Precision Behavioral Solutions. 

A lot of clinic owners we talk to with 1–4 locations tell us their biggest bottleneck isn't clinical interest—it's getting predictable commercial-insurance & private-pay inquiries without giving up margins to PE aggregators.

We built an intake & patient growth system specifically for independent practices across your 4 locations. You can see how the intake flow and caseload matching work here:

{{TRACKED_URL_TOUCH_1}}

Do you have 15 minutes this Thursday or Friday to see if this fits your current openings?

Best,
Hudson Argollo
Gold Traffic / ABA Practice Growth","https://abaclinics.clubemkt.digital/aba?lid={{LEAD_ID}}&utm_source=cold_email&utm_medium=email&utm_campaign=pilot-2026-09-25&utm_content=touch_1","Re: Precision Behavioral Solutions's openings in NC","Hi Nicholas,

Quick follow-up on my note from earlier this week.

When clinics expand or try to hire new BCBAs, keeping the waitlist warm and converting families at the exact moment a slot opens is usually what keeps rooms full.

We put together a 20-minute discovery breakdown for independent practices:
{{TRACKED_URL_TOUCH_2}}

Would love to share what's working for clinics in NC if you're open to it.

Best,
Hudson","https://abaclinics.clubemkt.digital/aba?lid={{LEAD_ID}}&utm_source=cold_email&utm_medium=email&utm_campaign=pilot-2026-09-25&utm_content=touch_2","Filling Precision Behavioral Solutions's caseload (NC)","Hi Nicholas,

I know you're busy running Precision Behavioral Solutions. 

If patient intake or waitlist conversion isn't a priority right now, no worries at all. If you ever want to check our 2-minute fit assessment or look at the numbers, you can bookmark this link:

{{TRACKED_URL_TOUCH_3}}

Wishing you and the team continued success in Chapel Hill!

Best,
Hudson","https://abaclinics.clubemkt.digital/aba?lid={{LEAD_ID}}&utm_source=cold_email&utm_medium=email&utm_campaign=pilot-2026-09-25&utm_content=touch_3"
"Premier Autism Services","Alyssa Reyes","Alyssa","alyssa.reyes@premierabaga.com","Atlanta","GA","1","pilot-2026-09-25","Quick question about Premier Autism Services's openings in GA","Hi Alyssa,

I was looking at independent ABA practices in Atlanta and came across Premier Autism Services. 

A lot of clinic owners we talk to with 1–3 locations tell us their biggest bottleneck isn't clinical interest—it's getting predictable commercial-insurance & private-pay inquiries without giving up margins to PE aggregators.

We built an intake & patient growth system specifically for independent practices at Premier Autism Services. You can see how the intake flow and caseload matching work here:

{{TRACKED_URL_TOUCH_1}}

Do you have 15 minutes this Thursday or Friday to see if this fits your current openings?

Best,
Hudson Argollo
Gold Traffic / ABA Practice Growth","https://abaclinics.clubemkt.digital/aba?lid={{LEAD_ID}}&utm_source=cold_email&utm_medium=email&utm_campaign=pilot-2026-09-25&utm_content=touch_1","Re: Premier Autism Services's openings in GA","Hi Alyssa,

Quick follow-up on my note from earlier this week.

When clinics expand or try to hire new BCBAs, keeping the waitlist warm and converting families at the exact moment a slot opens is usually what keeps rooms full.

We put together a 20-minute discovery breakdown for independent practices:
{{TRACKED_URL_TOUCH_2}}

Would love to share what's working for clinics in GA if you're open to it.

Best,
Hudson","https://abaclinics.clubemkt.digital/aba?lid={{LEAD_ID}}&utm_source=cold_email&utm_medium=email&utm_campaign=pilot-2026-09-25&utm_content=touch_2","Filling Premier Autism Services's caseload (GA)","Hi Alyssa,

I know you're busy running Premier Autism Services. 

If patient intake or waitlist conversion isn't a priority right now, no worries at all. If you ever want to check our 2-minute fit assessment or look at the numbers, you can bookmark this link:

{{TRACKED_URL_TOUCH_3}}

Wishing you and the team continued success in Atlanta!

Best,
Hudson","https://abaclinics.clubemkt.digital/aba?lid={{LEAD_ID}}&utm_source=cold_email&utm_medium=email&utm_campaign=pilot-2026-09-25&utm_content=touch_3"
"Progress Behavioral Health","Jacob Jenkins","Jacob","jjenkins@progressautismco.com","Pueblo","CO","2","pilot-2026-09-25","Quick question about Progress Behavioral Health's openings in CO","Hi Jacob,

I was looking at independent ABA practices in Pueblo and came across Progress Behavioral Health. 

A lot of clinic owners we talk to with 1–3 locations tell us their biggest bottleneck isn't clinical interest—it's getting predictable commercial-insurance & private-pay inquiries without giving up margins to PE aggregators.

We built an intake & patient growth system specifically for independent practices across your 2 locations. You can see how the intake flow and caseload matching work here:

{{TRACKED_URL_TOUCH_1}}

Do you have 15 minutes this Thursday or Friday to see if this fits your current openings?

Best,
Hudson Argollo
Gold Traffic / ABA Practice Growth","https://abaclinics.clubemkt.digital/aba?lid={{LEAD_ID}}&utm_source=cold_email&utm_medium=email&utm_campaign=pilot-2026-09-25&utm_content=touch_1","Re: Progress Behavioral Health's openings in CO","Hi Jacob,

Quick follow-up on my note from earlier this week.

When clinics expand or try to hire new BCBAs, keeping the waitlist warm and converting families at the exact moment a slot opens is usually what keeps rooms full.

We put together a 20-minute discovery breakdown for independent practices:
{{TRACKED_URL_TOUCH_2}}

Would love to share what's working for clinics in CO if you're open to it.

Best,
Hudson","https://abaclinics.clubemkt.digital/aba?lid={{LEAD_ID}}&utm_source=cold_email&utm_medium=email&utm_campaign=pilot-2026-09-25&utm_content=touch_2","Filling Progress Behavioral Health's caseload (CO)","Hi Jacob,

I know you're busy running Progress Behavioral Health. 

If patient intake or waitlist conversion isn't a priority right now, no worries at all. If you ever want to check our 2-minute fit assessment or look at the numbers, you can bookmark this link:

{{TRACKED_URL_TOUCH_3}}

Wishing you and the team continued success in Pueblo!

Best,
Hudson","https://abaclinics.clubemkt.digital/aba?lid={{LEAD_ID}}&utm_source=cold_email&utm_medium=email&utm_campaign=pilot-2026-09-25&utm_content=touch_3"
"Promise Therapy Associates","Hannah Vance","Hannah","hannah.vance@promisebehavioralva.org","Richmond","VA","3","pilot-2026-09-25","Quick question about Promise Therapy Associates's openings in VA","Hi Hannah,

I was looking at independent ABA practices in Richmond and came across Promise Therapy Associates. 

A lot of clinic owners we talk to with 1–3 locations tell us their biggest bottleneck isn't clinical interest—it's getting predictable commercial-insurance & private-pay inquiries without giving up margins to PE aggregators.

We built an intake & patient growth system specifically for independent practices across your 3 locations. You can see how the intake flow and caseload matching work here:

{{TRACKED_URL_TOUCH_1}}

Do you have 15 minutes this Thursday or Friday to see if this fits your current openings?

Best,
Hudson Argollo
Gold Traffic / ABA Practice Growth","https://abaclinics.clubemkt.digital/aba?lid={{LEAD_ID}}&utm_source=cold_email&utm_medium=email&utm_campaign=pilot-2026-09-25&utm_content=touch_1","Re: Promise Therapy Associates's openings in VA","Hi Hannah,

Quick follow-up on my note from earlier this week.

When clinics expand or try to hire new BCBAs, keeping the waitlist warm and converting families at the exact moment a slot opens is usually what keeps rooms full.

We put together a 20-minute discovery breakdown for independent practices:
{{TRACKED_URL_TOUCH_2}}

Would love to share what's working for clinics in VA if you're open to it.

Best,
Hudson","https://abaclinics.clubemkt.digital/aba?lid={{LEAD_ID}}&utm_source=cold_email&utm_medium=email&utm_campaign=pilot-2026-09-25&utm_content=touch_2","Filling Promise Therapy Associates's caseload (VA)","Hi Hannah,

I know you're busy running Promise Therapy Associates. 

If patient intake or waitlist conversion isn't a priority right now, no worries at all. If you ever want to check our 2-minute fit assessment or look at the numbers, you can bookmark this link:

{{TRACKED_URL_TOUCH_3}}

Wishing you and the team continued success in Richmond!

Best,
Hudson","https://abaclinics.clubemkt.digital/aba?lid={{LEAD_ID}}&utm_source=cold_email&utm_medium=email&utm_campaign=pilot-2026-09-25&utm_content=touch_3"
"Radiant Developmental Clinic","Austin Rostova","Austin","arostova@radiantabamd.com","Rockville","MD","4","pilot-2026-09-25","Quick question about Radiant Developmental Clinic's openings in MD","Hi Austin,

I was looking at independent ABA practices in Rockville and came across Radiant Developmental Clinic. 

A lot of clinic owners we talk to with 1–4 locations tell us their biggest bottleneck isn't clinical interest—it's getting predictable commercial-insurance & private-pay inquiries without giving up margins to PE aggregators.

We built an intake & patient growth system specifically for independent practices across your 4 locations. You can see how the intake flow and caseload matching work here:

{{TRACKED_URL_TOUCH_1}}

Do you have 15 minutes this Thursday or Friday to see if this fits your current openings?

Best,
Hudson Argollo
Gold Traffic / ABA Practice Growth","https://abaclinics.clubemkt.digital/aba?lid={{LEAD_ID}}&utm_source=cold_email&utm_medium=email&utm_campaign=pilot-2026-09-25&utm_content=touch_1","Re: Radiant Developmental Clinic's openings in MD","Hi Austin,

Quick follow-up on my note from earlier this week.

When clinics expand or try to hire new BCBAs, keeping the waitlist warm and converting families at the exact moment a slot opens is usually what keeps rooms full.

We put together a 20-minute discovery breakdown for independent practices:
{{TRACKED_URL_TOUCH_2}}

Would love to share what's working for clinics in MD if you're open to it.

Best,
Hudson","https://abaclinics.clubemkt.digital/aba?lid={{LEAD_ID}}&utm_source=cold_email&utm_medium=email&utm_campaign=pilot-2026-09-25&utm_content=touch_2","Filling Radiant Developmental Clinic's caseload (MD)","Hi Austin,

I know you're busy running Radiant Developmental Clinic. 

If patient intake or waitlist conversion isn't a priority right now, no worries at all. If you ever want to check our 2-minute fit assessment or look at the numbers, you can bookmark this link:

{{TRACKED_URL_TOUCH_3}}

Wishing you and the team continued success in Rockville!

Best,
Hudson","https://abaclinics.clubemkt.digital/aba?lid={{LEAD_ID}}&utm_source=cold_email&utm_medium=email&utm_campaign=pilot-2026-09-25&utm_content=touch_3"
"Reach ABA Services","Taylor Miller","Taylor","taylor.miller@reachautismil.com","Aurora","IL","1","pilot-2026-09-25","Quick question about Reach ABA Services's openings in IL","Hi Taylor,

I was looking at independent ABA practices in Aurora and came across Reach ABA Services. 

A lot of clinic owners we talk to with 1–3 locations tell us their biggest bottleneck isn't clinical interest—it's getting predictable commercial-insurance & private-pay inquiries without giving up margins to PE aggregators.

We built an intake & patient growth system specifically for independent practices at Reach ABA Services. You can see how the intake flow and caseload matching work here:

{{TRACKED_URL_TOUCH_1}}

Do you have 15 minutes this Thursday or Friday to see if this fits your current openings?

Best,
Hudson Argollo
Gold Traffic / ABA Practice Growth","https://abaclinics.clubemkt.digital/aba?lid={{LEAD_ID}}&utm_source=cold_email&utm_medium=email&utm_campaign=pilot-2026-09-25&utm_content=touch_1","Re: Reach ABA Services's openings in IL","Hi Taylor,

Quick follow-up on my note from earlier this week.

When clinics expand or try to hire new BCBAs, keeping the waitlist warm and converting families at the exact moment a slot opens is usually what keeps rooms full.

We put together a 20-minute discovery breakdown for independent practices:
{{TRACKED_URL_TOUCH_2}}

Would love to share what's working for clinics in IL if you're open to it.

Best,
Hudson","https://abaclinics.clubemkt.digital/aba?lid={{LEAD_ID}}&utm_source=cold_email&utm_medium=email&utm_campaign=pilot-2026-09-25&utm_content=touch_2","Filling Reach ABA Services's caseload (IL)","Hi Taylor,

I know you're busy running Reach ABA Services. 

If patient intake or waitlist conversion isn't a priority right now, no worries at all. If you ever want to check our 2-minute fit assessment or look at the numbers, you can bookmark this link:

{{TRACKED_URL_TOUCH_3}}

Wishing you and the team continued success in Aurora!

Best,
Hudson","https://abaclinics.clubemkt.digital/aba?lid={{LEAD_ID}}&utm_source=cold_email&utm_medium=email&utm_campaign=pilot-2026-09-25&utm_content=touch_3"
"Renew Autism & Behavioral Clinic","Alexander Adams","Alexander","aadams@renewbehavioralut.com","Orem","UT","2","pilot-2026-09-25","Quick question about Renew Autism & Behavioral Clinic's openings in UT","Hi Alexander,

I was looking at independent ABA practices in Orem and came across Renew Autism & Behavioral Clinic. 

A lot of clinic owners we talk to with 1–3 locations tell us their biggest bottleneck isn't clinical interest—it's getting predictable commercial-insurance & private-pay inquiries without giving up margins to PE aggregators.

We built an intake & patient growth system specifically for independent practices across your 2 locations. You can see how the intake flow and caseload matching work here:

{{TRACKED_URL_TOUCH_1}}

Do you have 15 minutes this Thursday or Friday to see if this fits your current openings?

Best,
Hudson Argollo
Gold Traffic / ABA Practice Growth","https://abaclinics.clubemkt.digital/aba?lid={{LEAD_ID}}&utm_source=cold_email&utm_medium=email&utm_campaign=pilot-2026-09-25&utm_content=touch_1","Re: Renew Autism & Behavioral Clinic's openings in UT","Hi Alexander,

Quick follow-up on my note from earlier this week.

When clinics expand or try to hire new BCBAs, keeping the waitlist warm and converting families at the exact moment a slot opens is usually what keeps rooms full.

We put together a 20-minute discovery breakdown for independent practices:
{{TRACKED_URL_TOUCH_2}}

Would love to share what's working for clinics in UT if you're open to it.

Best,
Hudson","https://abaclinics.clubemkt.digital/aba?lid={{LEAD_ID}}&utm_source=cold_email&utm_medium=email&utm_campaign=pilot-2026-09-25&utm_content=touch_2","Filling Renew Autism & Behavioral Clinic's caseload (UT)","Hi Alexander,

I know you're busy running Renew Autism & Behavioral Clinic. 

If patient intake or waitlist conversion isn't a priority right now, no worries at all. If you ever want to check our 2-minute fit assessment or look at the numbers, you can bookmark this link:

{{TRACKED_URL_TOUCH_3}}

Wishing you and the team continued success in Orem!

Best,
Hudson","https://abaclinics.clubemkt.digital/aba?lid={{LEAD_ID}}&utm_source=cold_email&utm_medium=email&utm_campaign=pilot-2026-09-25&utm_content=touch_3"
"Resilience Child Development Center","Kayla Patel","Kayla","kayla.patel@resilienceabanj.com","Edison","NJ","3","pilot-2026-09-25","Quick question about Resilience Child Development Center's openings in NJ","Hi Kayla,

I was looking at independent ABA practices in Edison and came across Resilience Child Development Center. 

A lot of clinic owners we talk to with 1–3 locations tell us their biggest bottleneck isn't clinical interest—it's getting predictable commercial-insurance & private-pay inquiries without giving up margins to PE aggregators.

We built an intake & patient growth system specifically for independent practices across your 3 locations. You can see how the intake flow and caseload matching work here:

{{TRACKED_URL_TOUCH_1}}

Do you have 15 minutes this Thursday or Friday to see if this fits your current openings?

Best,
Hudson Argollo
Gold Traffic / ABA Practice Growth","https://abaclinics.clubemkt.digital/aba?lid={{LEAD_ID}}&utm_source=cold_email&utm_medium=email&utm_campaign=pilot-2026-09-25&utm_content=touch_1","Re: Resilience Child Development Center's openings in NJ","Hi Kayla,

Quick follow-up on my note from earlier this week.

When clinics expand or try to hire new BCBAs, keeping the waitlist warm and converting families at the exact moment a slot opens is usually what keeps rooms full.

We put together a 20-minute discovery breakdown for independent practices:
{{TRACKED_URL_TOUCH_2}}

Would love to share what's working for clinics in NJ if you're open to it.

Best,
Hudson","https://abaclinics.clubemkt.digital/aba?lid={{LEAD_ID}}&utm_source=cold_email&utm_medium=email&utm_campaign=pilot-2026-09-25&utm_content=touch_2","Filling Resilience Child Development Center's caseload (NJ)","Hi Kayla,

I know you're busy running Resilience Child Development Center. 

If patient intake or waitlist conversion isn't a priority right now, no worries at all. If you ever want to check our 2-minute fit assessment or look at the numbers, you can bookmark this link:

{{TRACKED_URL_TOUCH_3}}

Wishing you and the team continued success in Edison!

Best,
Hudson","https://abaclinics.clubemkt.digital/aba?lid={{LEAD_ID}}&utm_source=cold_email&utm_medium=email&utm_campaign=pilot-2026-09-25&utm_content=touch_3"
"Rise Behavior Analysis Partners","Benjamin Hughes","Benjamin","bhughes@riseautismtx.org","Corpus Christi","TX","4","pilot-2026-09-25","Quick question about Rise Behavior Analysis Partners's openings in TX","Hi Benjamin,

I was looking at independent ABA practices in Corpus Christi and came across Rise Behavior Analysis Partners. 

A lot of clinic owners we talk to with 1–4 locations tell us their biggest bottleneck isn't clinical interest—it's getting predictable commercial-insurance & private-pay inquiries without giving up margins to PE aggregators.

We built an intake & patient growth system specifically for independent practices across your 4 locations. You can see how the intake flow and caseload matching work here:

{{TRACKED_URL_TOUCH_1}}

Do you have 15 minutes this Thursday or Friday to see if this fits your current openings?

Best,
Hudson Argollo
Gold Traffic / ABA Practice Growth","https://abaclinics.clubemkt.digital/aba?lid={{LEAD_ID}}&utm_source=cold_email&utm_medium=email&utm_campaign=pilot-2026-09-25&utm_content=touch_1","Re: Rise Behavior Analysis Partners's openings in TX","Hi Benjamin,

Quick follow-up on my note from earlier this week.

When clinics expand or try to hire new BCBAs, keeping the waitlist warm and converting families at the exact moment a slot opens is usually what keeps rooms full.

We put together a 20-minute discovery breakdown for independent practices:
{{TRACKED_URL_TOUCH_2}}

Would love to share what's working for clinics in TX if you're open to it.

Best,
Hudson","https://abaclinics.clubemkt.digital/aba?lid={{LEAD_ID}}&utm_source=cold_email&utm_medium=email&utm_campaign=pilot-2026-09-25&utm_content=touch_2","Filling Rise Behavior Analysis Partners's caseload (TX)","Hi Benjamin,

I know you're busy running Rise Behavior Analysis Partners. 

If patient intake or waitlist conversion isn't a priority right now, no worries at all. If you ever want to check our 2-minute fit assessment or look at the numbers, you can bookmark this link:

{{TRACKED_URL_TOUCH_3}}

Wishing you and the team continued success in Corpus Christi!

Best,
Hudson","https://abaclinics.clubemkt.digital/aba?lid={{LEAD_ID}}&utm_source=cold_email&utm_medium=email&utm_campaign=pilot-2026-09-25&utm_content=touch_3"
"Riverbend Behavioral Care","Alexis Scott","Alexis","alexis.scott@riverbendbehavioralfl.com","Pensacola","FL","1","pilot-2026-09-25","Quick question about Riverbend Behavioral Care's openings in FL","Hi Alexis,

I was looking at independent ABA practices in Pensacola and came across Riverbend Behavioral Care. 

A lot of clinic owners we talk to with 1–3 locations tell us their biggest bottleneck isn't clinical interest—it's getting predictable commercial-insurance & private-pay inquiries without giving up margins to PE aggregators.

We built an intake & patient growth system specifically for independent practices at Riverbend Behavioral Care. You can see how the intake flow and caseload matching work here:

{{TRACKED_URL_TOUCH_1}}

Do you have 15 minutes this Thursday or Friday to see if this fits your current openings?

Best,
Hudson Argollo
Gold Traffic / ABA Practice Growth","https://abaclinics.clubemkt.digital/aba?lid={{LEAD_ID}}&utm_source=cold_email&utm_medium=email&utm_campaign=pilot-2026-09-25&utm_content=touch_1","Re: Riverbend Behavioral Care's openings in FL","Hi Alexis,

Quick follow-up on my note from earlier this week.

When clinics expand or try to hire new BCBAs, keeping the waitlist warm and converting families at the exact moment a slot opens is usually what keeps rooms full.

We put together a 20-minute discovery breakdown for independent practices:
{{TRACKED_URL_TOUCH_2}}

Would love to share what's working for clinics in FL if you're open to it.

Best,
Hudson","https://abaclinics.clubemkt.digital/aba?lid={{LEAD_ID}}&utm_source=cold_email&utm_medium=email&utm_campaign=pilot-2026-09-25&utm_content=touch_2","Filling Riverbend Behavioral Care's caseload (FL)","Hi Alexis,

I know you're busy running Riverbend Behavioral Care. 

If patient intake or waitlist conversion isn't a priority right now, no worries at all. If you ever want to check our 2-minute fit assessment or look at the numbers, you can bookmark this link:

{{TRACKED_URL_TOUCH_3}}

Wishing you and the team continued success in Pensacola!

Best,
Hudson","https://abaclinics.clubemkt.digital/aba?lid={{LEAD_ID}}&utm_source=cold_email&utm_medium=email&utm_campaign=pilot-2026-09-25&utm_content=touch_3"
"Sanctuary Autism Horizons","Christian Walker","Christian","cwalker@sanctuaryabaca.com","Stockton","CA","2","pilot-2026-09-25","Quick question about Sanctuary Autism Horizons's openings in CA","Hi Christian,

I was looking at independent ABA practices in Stockton and came across Sanctuary Autism Horizons. 

A lot of clinic owners we talk to with 1–3 locations tell us their biggest bottleneck isn't clinical interest—it's getting predictable commercial-insurance & private-pay inquiries without giving up margins to PE aggregators.

We built an intake & patient growth system specifically for independent practices across your 2 locations. You can see how the intake flow and caseload matching work here:

{{TRACKED_URL_TOUCH_1}}

Do you have 15 minutes this Thursday or Friday to see if this fits your current openings?

Best,
Hudson Argollo
Gold Traffic / ABA Practice Growth","https://abaclinics.clubemkt.digital/aba?lid={{LEAD_ID}}&utm_source=cold_email&utm_medium=email&utm_campaign=pilot-2026-09-25&utm_content=touch_1","Re: Sanctuary Autism Horizons's openings in CA","Hi Christian,

Quick follow-up on my note from earlier this week.

When clinics expand or try to hire new BCBAs, keeping the waitlist warm and converting families at the exact moment a slot opens is usually what keeps rooms full.

We put together a 20-minute discovery breakdown for independent practices:
{{TRACKED_URL_TOUCH_2}}

Would love to share what's working for clinics in CA if you're open to it.

Best,
Hudson","https://abaclinics.clubemkt.digital/aba?lid={{LEAD_ID}}&utm_source=cold_email&utm_medium=email&utm_campaign=pilot-2026-09-25&utm_content=touch_2","Filling Sanctuary Autism Horizons's caseload (CA)","Hi Christian,

I know you're busy running Sanctuary Autism Horizons. 

If patient intake or waitlist conversion isn't a priority right now, no worries at all. If you ever want to check our 2-minute fit assessment or look at the numbers, you can bookmark this link:

{{TRACKED_URL_TOUCH_3}}

Wishing you and the team continued success in Stockton!

Best,
Hudson","https://abaclinics.clubemkt.digital/aba?lid={{LEAD_ID}}&utm_source=cold_email&utm_medium=email&utm_campaign=pilot-2026-09-25&utm_content=touch_3"
"Serenity Therapy & Learning Center","Victoria Bennett","Victoria","victoria.bennett@serenityautismnc.com","Gastonia","NC","3","pilot-2026-09-25","Quick question about Serenity Therapy & Learning Center's openings in NC","Hi Victoria,

I was looking at independent ABA practices in Gastonia and came across Serenity Therapy & Learning Center. 

A lot of clinic owners we talk to with 1–3 locations tell us their biggest bottleneck isn't clinical interest—it's getting predictable commercial-insurance & private-pay inquiries without giving up margins to PE aggregators.

We built an intake & patient growth system specifically for independent practices across your 3 locations. You can see how the intake flow and caseload matching work here:

{{TRACKED_URL_TOUCH_1}}

Do you have 15 minutes this Thursday or Friday to see if this fits your current openings?

Best,
Hudson Argollo
Gold Traffic / ABA Practice Growth","https://abaclinics.clubemkt.digital/aba?lid={{LEAD_ID}}&utm_source=cold_email&utm_medium=email&utm_campaign=pilot-2026-09-25&utm_content=touch_1","Re: Serenity Therapy & Learning Center's openings in NC","Hi Victoria,

Quick follow-up on my note from earlier this week.

When clinics expand or try to hire new BCBAs, keeping the waitlist warm and converting families at the exact moment a slot opens is usually what keeps rooms full.

We put together a 20-minute discovery breakdown for independent practices:
{{TRACKED_URL_TOUCH_2}}

Would love to share what's working for clinics in NC if you're open to it.

Best,
Hudson","https://abaclinics.clubemkt.digital/aba?lid={{LEAD_ID}}&utm_source=cold_email&utm_medium=email&utm_campaign=pilot-2026-09-25&utm_content=touch_2","Filling Serenity Therapy & Learning Center's caseload (NC)","Hi Victoria,

I know you're busy running Serenity Therapy & Learning Center. 

If patient intake or waitlist conversion isn't a priority right now, no worries at all. If you ever want to check our 2-minute fit assessment or look at the numbers, you can bookmark this link:

{{TRACKED_URL_TOUCH_3}}

Wishing you and the team continued success in Gastonia!

Best,
Hudson","https://abaclinics.clubemkt.digital/aba?lid={{LEAD_ID}}&utm_source=cold_email&utm_medium=email&utm_campaign=pilot-2026-09-25&utm_content=touch_3"
"Shine Behavioral Interventions","Samuel Hayes","Samuel","shayes@shinebehavioralga.com","Cumming","GA","4","pilot-2026-09-25","Quick question about Shine Behavioral Interventions's openings in GA","Hi Samuel,

I was looking at independent ABA practices in Cumming and came across Shine Behavioral Interventions. 

A lot of clinic owners we talk to with 1–4 locations tell us their biggest bottleneck isn't clinical interest—it's getting predictable commercial-insurance & private-pay inquiries without giving up margins to PE aggregators.

We built an intake & patient growth system specifically for independent practices across your 4 locations. You can see how the intake flow and caseload matching work here:

{{TRACKED_URL_TOUCH_1}}

Do you have 15 minutes this Thursday or Friday to see if this fits your current openings?

Best,
Hudson Argollo
Gold Traffic / ABA Practice Growth","https://abaclinics.clubemkt.digital/aba?lid={{LEAD_ID}}&utm_source=cold_email&utm_medium=email&utm_campaign=pilot-2026-09-25&utm_content=touch_1","Re: Shine Behavioral Interventions's openings in GA","Hi Samuel,

Quick follow-up on my note from earlier this week.

When clinics expand or try to hire new BCBAs, keeping the waitlist warm and converting families at the exact moment a slot opens is usually what keeps rooms full.

We put together a 20-minute discovery breakdown for independent practices:
{{TRACKED_URL_TOUCH_2}}

Would love to share what's working for clinics in GA if you're open to it.

Best,
Hudson","https://abaclinics.clubemkt.digital/aba?lid={{LEAD_ID}}&utm_source=cold_email&utm_medium=email&utm_campaign=pilot-2026-09-25&utm_content=touch_2","Filling Shine Behavioral Interventions's caseload (GA)","Hi Samuel,

I know you're busy running Shine Behavioral Interventions. 

If patient intake or waitlist conversion isn't a priority right now, no worries at all. If you ever want to check our 2-minute fit assessment or look at the numbers, you can bookmark this link:

{{TRACKED_URL_TOUCH_3}}

Wishing you and the team continued success in Cumming!

Best,
Hudson","https://abaclinics.clubemkt.digital/aba?lid={{LEAD_ID}}&utm_source=cold_email&utm_medium=email&utm_campaign=pilot-2026-09-25&utm_content=touch_3"
"Silver Lining Autism Center","Sarah Harrison","Sarah","sarah.harrison@silverliningabaco.org","Denver","CO","1","pilot-2026-09-25","Quick question about Silver Lining Autism Center's openings in CO","Hi Sarah,

I was looking at independent ABA practices in Denver and came across Silver Lining Autism Center. 

A lot of clinic owners we talk to with 1–3 locations tell us their biggest bottleneck isn't clinical interest—it's getting predictable commercial-insurance & private-pay inquiries without giving up margins to PE aggregators.

We built an intake & patient growth system specifically for independent practices at Silver Lining Autism Center. You can see how the intake flow and caseload matching work here:

{{TRACKED_URL_TOUCH_1}}

Do you have 15 minutes this Thursday or Friday to see if this fits your current openings?

Best,
Hudson Argollo
Gold Traffic / ABA Practice Growth","https://abaclinics.clubemkt.digital/aba?lid={{LEAD_ID}}&utm_source=cold_email&utm_medium=email&utm_campaign=pilot-2026-09-25&utm_content=touch_1","Re: Silver Lining Autism Center's openings in CO","Hi Sarah,

Quick follow-up on my note from earlier this week.

When clinics expand or try to hire new BCBAs, keeping the waitlist warm and converting families at the exact moment a slot opens is usually what keeps rooms full.

We put together a 20-minute discovery breakdown for independent practices:
{{TRACKED_URL_TOUCH_2}}

Would love to share what's working for clinics in CO if you're open to it.

Best,
Hudson","https://abaclinics.clubemkt.digital/aba?lid={{LEAD_ID}}&utm_source=cold_email&utm_medium=email&utm_campaign=pilot-2026-09-25&utm_content=touch_2","Filling Silver Lining Autism Center's caseload (CO)","Hi Sarah,

I know you're busy running Silver Lining Autism Center. 

If patient intake or waitlist conversion isn't a priority right now, no worries at all. If you ever want to check our 2-minute fit assessment or look at the numbers, you can bookmark this link:

{{TRACKED_URL_TOUCH_3}}

Wishing you and the team continued success in Denver!

Best,
Hudson","https://abaclinics.clubemkt.digital/aba?lid={{LEAD_ID}}&utm_source=cold_email&utm_medium=email&utm_campaign=pilot-2026-09-25&utm_content=touch_3"
"Soar ABA Therapy Group","Marcus Simmons","Marcus","msimmons@soarautismva.com","Virginia Beach","VA","2","pilot-2026-09-25","Quick question about Soar ABA Therapy Group's openings in VA","Hi Marcus,

I was looking at independent ABA practices in Virginia Beach and came across Soar ABA Therapy Group. 

A lot of clinic owners we talk to with 1–3 locations tell us their biggest bottleneck isn't clinical interest—it's getting predictable commercial-insurance & private-pay inquiries without giving up margins to PE aggregators.

We built an intake & patient growth system specifically for independent practices across your 2 locations. You can see how the intake flow and caseload matching work here:

{{TRACKED_URL_TOUCH_1}}

Do you have 15 minutes this Thursday or Friday to see if this fits your current openings?

Best,
Hudson Argollo
Gold Traffic / ABA Practice Growth","https://abaclinics.clubemkt.digital/aba?lid={{LEAD_ID}}&utm_source=cold_email&utm_medium=email&utm_campaign=pilot-2026-09-25&utm_content=touch_1","Re: Soar ABA Therapy Group's openings in VA","Hi Marcus,

Quick follow-up on my note from earlier this week.

When clinics expand or try to hire new BCBAs, keeping the waitlist warm and converting families at the exact moment a slot opens is usually what keeps rooms full.

We put together a 20-minute discovery breakdown for independent practices:
{{TRACKED_URL_TOUCH_2}}

Would love to share what's working for clinics in VA if you're open to it.

Best,
Hudson","https://abaclinics.clubemkt.digital/aba?lid={{LEAD_ID}}&utm_source=cold_email&utm_medium=email&utm_campaign=pilot-2026-09-25&utm_content=touch_2","Filling Soar ABA Therapy Group's caseload (VA)","Hi Marcus,

I know you're busy running Soar ABA Therapy Group. 

If patient intake or waitlist conversion isn't a priority right now, no worries at all. If you ever want to check our 2-minute fit assessment or look at the numbers, you can bookmark this link:

{{TRACKED_URL_TOUCH_3}}

Wishing you and the team continued success in Virginia Beach!

Best,
Hudson","https://abaclinics.clubemkt.digital/aba?lid={{LEAD_ID}}&utm_source=cold_email&utm_medium=email&utm_campaign=pilot-2026-09-25&utm_content=touch_3"
"Spectrum Behavioral Solutions","Elena Foster","Elena","elena.foster@spectrumbehavioralmd.com","Bethesda","MD","3","pilot-2026-09-25","Quick question about Spectrum Behavioral Solutions's openings in MD","Hi Elena,

I was looking at independent ABA practices in Bethesda and came across Spectrum Behavioral Solutions. 

A lot of clinic owners we talk to with 1–3 locations tell us their biggest bottleneck isn't clinical interest—it's getting predictable commercial-insurance & private-pay inquiries without giving up margins to PE aggregators.

We built an intake & patient growth system specifically for independent practices across your 3 locations. You can see how the intake flow and caseload matching work here:

{{TRACKED_URL_TOUCH_1}}

Do you have 15 minutes this Thursday or Friday to see if this fits your current openings?

Best,
Hudson Argollo
Gold Traffic / ABA Practice Growth","https://abaclinics.clubemkt.digital/aba?lid={{LEAD_ID}}&utm_source=cold_email&utm_medium=email&utm_campaign=pilot-2026-09-25&utm_content=touch_1","Re: Spectrum Behavioral Solutions's openings in MD","Hi Elena,

Quick follow-up on my note from earlier this week.

When clinics expand or try to hire new BCBAs, keeping the waitlist warm and converting families at the exact moment a slot opens is usually what keeps rooms full.

We put together a 20-minute discovery breakdown for independent practices:
{{TRACKED_URL_TOUCH_2}}

Would love to share what's working for clinics in MD if you're open to it.

Best,
Hudson","https://abaclinics.clubemkt.digital/aba?lid={{LEAD_ID}}&utm_source=cold_email&utm_medium=email&utm_campaign=pilot-2026-09-25&utm_content=touch_2","Filling Spectrum Behavioral Solutions's caseload (MD)","Hi Elena,

I know you're busy running Spectrum Behavioral Solutions. 

If patient intake or waitlist conversion isn't a priority right now, no worries at all. If you ever want to check our 2-minute fit assessment or look at the numbers, you can bookmark this link:

{{TRACKED_URL_TOUCH_3}}

Wishing you and the team continued success in Bethesda!

Best,
Hudson","https://abaclinics.clubemkt.digital/aba?lid={{LEAD_ID}}&utm_source=cold_email&utm_medium=email&utm_campaign=pilot-2026-09-25&utm_content=touch_3"
"Springboard Autism Services","David Gonzales","David","dgonzales@springboardabail.com","Rockford","IL","4","pilot-2026-09-25","Quick question about Springboard Autism Services's openings in IL","Hi David,

I was looking at independent ABA practices in Rockford and came across Springboard Autism Services. 

A lot of clinic owners we talk to with 1–4 locations tell us their biggest bottleneck isn't clinical interest—it's getting predictable commercial-insurance & private-pay inquiries without giving up margins to PE aggregators.

We built an intake & patient growth system specifically for independent practices across your 4 locations. You can see how the intake flow and caseload matching work here:

{{TRACKED_URL_TOUCH_1}}

Do you have 15 minutes this Thursday or Friday to see if this fits your current openings?

Best,
Hudson Argollo
Gold Traffic / ABA Practice Growth","https://abaclinics.clubemkt.digital/aba?lid={{LEAD_ID}}&utm_source=cold_email&utm_medium=email&utm_campaign=pilot-2026-09-25&utm_content=touch_1","Re: Springboard Autism Services's openings in IL","Hi David,

Quick follow-up on my note from earlier this week.

When clinics expand or try to hire new BCBAs, keeping the waitlist warm and converting families at the exact moment a slot opens is usually what keeps rooms full.

We put together a 20-minute discovery breakdown for independent practices:
{{TRACKED_URL_TOUCH_2}}

Would love to share what's working for clinics in IL if you're open to it.

Best,
Hudson","https://abaclinics.clubemkt.digital/aba?lid={{LEAD_ID}}&utm_source=cold_email&utm_medium=email&utm_campaign=pilot-2026-09-25&utm_content=touch_2","Filling Springboard Autism Services's caseload (IL)","Hi David,

I know you're busy running Springboard Autism Services. 

If patient intake or waitlist conversion isn't a priority right now, no worries at all. If you ever want to check our 2-minute fit assessment or look at the numbers, you can bookmark this link:

{{TRACKED_URL_TOUCH_3}}

Wishing you and the team continued success in Rockford!

Best,
Hudson","https://abaclinics.clubemkt.digital/aba?lid={{LEAD_ID}}&utm_source=cold_email&utm_medium=email&utm_campaign=pilot-2026-09-25&utm_content=touch_3"
"Step Ahead Behavioral Health","Chloe Bryant","Chloe","chloe.bryant@stepaheadautismut.com","Sandy","UT","1","pilot-2026-09-25","Quick question about Step Ahead Behavioral Health's openings in UT","Hi Chloe,

I was looking at independent ABA practices in Sandy and came across Step Ahead Behavioral Health. 

A lot of clinic owners we talk to with 1–3 locations tell us their biggest bottleneck isn't clinical interest—it's getting predictable commercial-insurance & private-pay inquiries without giving up margins to PE aggregators.

We built an intake & patient growth system specifically for independent practices at Step Ahead Behavioral Health. You can see how the intake flow and caseload matching work here:

{{TRACKED_URL_TOUCH_1}}

Do you have 15 minutes this Thursday or Friday to see if this fits your current openings?

Best,
Hudson Argollo
Gold Traffic / ABA Practice Growth","https://abaclinics.clubemkt.digital/aba?lid={{LEAD_ID}}&utm_source=cold_email&utm_medium=email&utm_campaign=pilot-2026-09-25&utm_content=touch_1","Re: Step Ahead Behavioral Health's openings in UT","Hi Chloe,

Quick follow-up on my note from earlier this week.

When clinics expand or try to hire new BCBAs, keeping the waitlist warm and converting families at the exact moment a slot opens is usually what keeps rooms full.

We put together a 20-minute discovery breakdown for independent practices:
{{TRACKED_URL_TOUCH_2}}

Would love to share what's working for clinics in UT if you're open to it.

Best,
Hudson","https://abaclinics.clubemkt.digital/aba?lid={{LEAD_ID}}&utm_source=cold_email&utm_medium=email&utm_campaign=pilot-2026-09-25&utm_content=touch_2","Filling Step Ahead Behavioral Health's caseload (UT)","Hi Chloe,

I know you're busy running Step Ahead Behavioral Health. 

If patient intake or waitlist conversion isn't a priority right now, no worries at all. If you ever want to check our 2-minute fit assessment or look at the numbers, you can bookmark this link:

{{TRACKED_URL_TOUCH_3}}

Wishing you and the team continued success in Sandy!

Best,
Hudson","https://abaclinics.clubemkt.digital/aba?lid={{LEAD_ID}}&utm_source=cold_email&utm_medium=email&utm_campaign=pilot-2026-09-25&utm_content=touch_3"
"Summit Therapy Associates","Brian Alexander","Brian","balexander@summitbehavioralnj.org","Woodbridge","NJ","2","pilot-2026-09-25","Quick question about Summit Therapy Associates's openings in NJ","Hi Brian,

I was looking at independent ABA practices in Woodbridge and came across Summit Therapy Associates. 

A lot of clinic owners we talk to with 1–3 locations tell us their biggest bottleneck isn't clinical interest—it's getting predictable commercial-insurance & private-pay inquiries without giving up margins to PE aggregators.

We built an intake & patient growth system specifically for independent practices across your 2 locations. You can see how the intake flow and caseload matching work here:

{{TRACKED_URL_TOUCH_1}}

Do you have 15 minutes this Thursday or Friday to see if this fits your current openings?

Best,
Hudson Argollo
Gold Traffic / ABA Practice Growth","https://abaclinics.clubemkt.digital/aba?lid={{LEAD_ID}}&utm_source=cold_email&utm_medium=email&utm_campaign=pilot-2026-09-25&utm_content=touch_1","Re: Summit Therapy Associates's openings in NJ","Hi Brian,

Quick follow-up on my note from earlier this week.

When clinics expand or try to hire new BCBAs, keeping the waitlist warm and converting families at the exact moment a slot opens is usually what keeps rooms full.

We put together a 20-minute discovery breakdown for independent practices:
{{TRACKED_URL_TOUCH_2}}

Would love to share what's working for clinics in NJ if you're open to it.

Best,
Hudson","https://abaclinics.clubemkt.digital/aba?lid={{LEAD_ID}}&utm_source=cold_email&utm_medium=email&utm_campaign=pilot-2026-09-25&utm_content=touch_2","Filling Summit Therapy Associates's caseload (NJ)","Hi Brian,

I know you're busy running Summit Therapy Associates. 

If patient intake or waitlist conversion isn't a priority right now, no worries at all. If you ever want to check our 2-minute fit assessment or look at the numbers, you can bookmark this link:

{{TRACKED_URL_TOUCH_3}}

Wishing you and the team continued success in Woodbridge!

Best,
Hudson","https://abaclinics.clubemkt.digital/aba?lid={{LEAD_ID}}&utm_source=cold_email&utm_medium=email&utm_campaign=pilot-2026-09-25&utm_content=touch_3"
"Sunburst Developmental Clinic","Rachel Russell","Rachel","rachel.russell@sunburstabatx.com","Sugar Land","TX","3","pilot-2026-09-25","Quick question about Sunburst Developmental Clinic's openings in TX","Hi Rachel,

I was looking at independent ABA practices in Sugar Land and came across Sunburst Developmental Clinic. 

A lot of clinic owners we talk to with 1–3 locations tell us their biggest bottleneck isn't clinical interest—it's getting predictable commercial-insurance & private-pay inquiries without giving up margins to PE aggregators.

We built an intake & patient growth system specifically for independent practices across your 3 locations. You can see how the intake flow and caseload matching work here:

{{TRACKED_URL_TOUCH_1}}

Do you have 15 minutes this Thursday or Friday to see if this fits your current openings?

Best,
Hudson Argollo
Gold Traffic / ABA Practice Growth","https://abaclinics.clubemkt.digital/aba?lid={{LEAD_ID}}&utm_source=cold_email&utm_medium=email&utm_campaign=pilot-2026-09-25&utm_content=touch_1","Re: Sunburst Developmental Clinic's openings in TX","Hi Rachel,

Quick follow-up on my note from earlier this week.

When clinics expand or try to hire new BCBAs, keeping the waitlist warm and converting families at the exact moment a slot opens is usually what keeps rooms full.

We put together a 20-minute discovery breakdown for independent practices:
{{TRACKED_URL_TOUCH_2}}

Would love to share what's working for clinics in TX if you're open to it.

Best,
Hudson","https://abaclinics.clubemkt.digital/aba?lid={{LEAD_ID}}&utm_source=cold_email&utm_medium=email&utm_campaign=pilot-2026-09-25&utm_content=touch_2","Filling Sunburst Developmental Clinic's caseload (TX)","Hi Rachel,

I know you're busy running Sunburst Developmental Clinic. 

If patient intake or waitlist conversion isn't a priority right now, no worries at all. If you ever want to check our 2-minute fit assessment or look at the numbers, you can bookmark this link:

{{TRACKED_URL_TOUCH_3}}

Wishing you and the team continued success in Sugar Land!

Best,
Hudson","https://abaclinics.clubemkt.digital/aba?lid={{LEAD_ID}}&utm_source=cold_email&utm_medium=email&utm_campaign=pilot-2026-09-25&utm_content=touch_3"
"Sunrise ABA Services","Gregory Griffin","Gregory","ggriffin@sunriseautismfl.com","Sarasota","FL","4","pilot-2026-09-25","Quick question about Sunrise ABA Services's openings in FL","Hi Gregory,

I was looking at independent ABA practices in Sarasota and came across Sunrise ABA Services. 

A lot of clinic owners we talk to with 1–4 locations tell us their biggest bottleneck isn't clinical interest—it's getting predictable commercial-insurance & private-pay inquiries without giving up margins to PE aggregators.

We built an intake & patient growth system specifically for independent practices across your 4 locations. You can see how the intake flow and caseload matching work here:

{{TRACKED_URL_TOUCH_1}}

Do you have 15 minutes this Thursday or Friday to see if this fits your current openings?

Best,
Hudson Argollo
Gold Traffic / ABA Practice Growth","https://abaclinics.clubemkt.digital/aba?lid={{LEAD_ID}}&utm_source=cold_email&utm_medium=email&utm_campaign=pilot-2026-09-25&utm_content=touch_1","Re: Sunrise ABA Services's openings in FL","Hi Gregory,

Quick follow-up on my note from earlier this week.

When clinics expand or try to hire new BCBAs, keeping the waitlist warm and converting families at the exact moment a slot opens is usually what keeps rooms full.

We put together a 20-minute discovery breakdown for independent practices:
{{TRACKED_URL_TOUCH_2}}

Would love to share what's working for clinics in FL if you're open to it.

Best,
Hudson","https://abaclinics.clubemkt.digital/aba?lid={{LEAD_ID}}&utm_source=cold_email&utm_medium=email&utm_campaign=pilot-2026-09-25&utm_content=touch_2","Filling Sunrise ABA Services's caseload (FL)","Hi Gregory,

I know you're busy running Sunrise ABA Services. 

If patient intake or waitlist conversion isn't a priority right now, no worries at all. If you ever want to check our 2-minute fit assessment or look at the numbers, you can bookmark this link:

{{TRACKED_URL_TOUCH_3}}

Wishing you and the team continued success in Sarasota!

Best,
Hudson","https://abaclinics.clubemkt.digital/aba?lid={{LEAD_ID}}&utm_source=cold_email&utm_medium=email&utm_campaign=pilot-2026-09-25&utm_content=touch_3"
"Synergy Autism & Behavioral Clinic","Jessica Diaz","Jessica","jessica.diaz@synergybehavioralca.com","Long Beach","CA","1","pilot-2026-09-25","Quick question about Synergy Autism & Behavioral Clinic's openings in CA","Hi Jessica,

I was looking at independent ABA practices in Long Beach and came across Synergy Autism & Behavioral Clinic. 

A lot of clinic owners we talk to with 1–3 locations tell us their biggest bottleneck isn't clinical interest—it's getting predictable commercial-insurance & private-pay inquiries without giving up margins to PE aggregators.

We built an intake & patient growth system specifically for independent practices at Synergy Autism & Behavioral Clinic. You can see how the intake flow and caseload matching work here:

{{TRACKED_URL_TOUCH_1}}

Do you have 15 minutes this Thursday or Friday to see if this fits your current openings?

Best,
Hudson Argollo
Gold Traffic / ABA Practice Growth","https://abaclinics.clubemkt.digital/aba?lid={{LEAD_ID}}&utm_source=cold_email&utm_medium=email&utm_campaign=pilot-2026-09-25&utm_content=touch_1","Re: Synergy Autism & Behavioral Clinic's openings in CA","Hi Jessica,

Quick follow-up on my note from earlier this week.

When clinics expand or try to hire new BCBAs, keeping the waitlist warm and converting families at the exact moment a slot opens is usually what keeps rooms full.

We put together a 20-minute discovery breakdown for independent practices:
{{TRACKED_URL_TOUCH_2}}

Would love to share what's working for clinics in CA if you're open to it.

Best,
Hudson","https://abaclinics.clubemkt.digital/aba?lid={{LEAD_ID}}&utm_source=cold_email&utm_medium=email&utm_campaign=pilot-2026-09-25&utm_content=touch_2","Filling Synergy Autism & Behavioral Clinic's caseload (CA)","Hi Jessica,

I know you're busy running Synergy Autism & Behavioral Clinic. 

If patient intake or waitlist conversion isn't a priority right now, no worries at all. If you ever want to check our 2-minute fit assessment or look at the numbers, you can bookmark this link:

{{TRACKED_URL_TOUCH_3}}

Wishing you and the team continued success in Long Beach!

Best,
Hudson","https://abaclinics.clubemkt.digital/aba?lid={{LEAD_ID}}&utm_source=cold_email&utm_medium=email&utm_campaign=pilot-2026-09-25&utm_content=touch_3"
"Thrive Child Development Center","Michael Myers","Michael","mmyers@thriveabanc.com","Concord","NC","2","pilot-2026-09-25","Quick question about Thrive Child Development Center's openings in NC","Hi Michael,

I was looking at independent ABA practices in Concord and came across Thrive Child Development Center. 

A lot of clinic owners we talk to with 1–3 locations tell us their biggest bottleneck isn't clinical interest—it's getting predictable commercial-insurance & private-pay inquiries without giving up margins to PE aggregators.

We built an intake & patient growth system specifically for independent practices across your 2 locations. You can see how the intake flow and caseload matching work here:

{{TRACKED_URL_TOUCH_1}}

Do you have 15 minutes this Thursday or Friday to see if this fits your current openings?

Best,
Hudson Argollo
Gold Traffic / ABA Practice Growth","https://abaclinics.clubemkt.digital/aba?lid={{LEAD_ID}}&utm_source=cold_email&utm_medium=email&utm_campaign=pilot-2026-09-25&utm_content=touch_1","Re: Thrive Child Development Center's openings in NC","Hi Michael,

Quick follow-up on my note from earlier this week.

When clinics expand or try to hire new BCBAs, keeping the waitlist warm and converting families at the exact moment a slot opens is usually what keeps rooms full.

We put together a 20-minute discovery breakdown for independent practices:
{{TRACKED_URL_TOUCH_2}}

Would love to share what's working for clinics in NC if you're open to it.

Best,
Hudson","https://abaclinics.clubemkt.digital/aba?lid={{LEAD_ID}}&utm_source=cold_email&utm_medium=email&utm_campaign=pilot-2026-09-25&utm_content=touch_2","Filling Thrive Child Development Center's caseload (NC)","Hi Michael,

I know you're busy running Thrive Child Development Center. 

If patient intake or waitlist conversion isn't a priority right now, no worries at all. If you ever want to check our 2-minute fit assessment or look at the numbers, you can bookmark this link:

{{TRACKED_URL_TOUCH_3}}

Wishing you and the team continued success in Concord!

Best,
Hudson","https://abaclinics.clubemkt.digital/aba?lid={{LEAD_ID}}&utm_source=cold_email&utm_medium=email&utm_campaign=pilot-2026-09-25&utm_content=touch_3"
"Timberline Behavior Analysis Partners","Amanda Ford","Amanda","amanda.ford@timberlineautismga.org","Tyrone","GA","3","pilot-2026-09-25","Quick question about Timberline Behavior Analysis Partners's openings in GA","Hi Amanda,

I was looking at independent ABA practices in Tyrone and came across Timberline Behavior Analysis Partners. 

A lot of clinic owners we talk to with 1–3 locations tell us their biggest bottleneck isn't clinical interest—it's getting predictable commercial-insurance & private-pay inquiries without giving up margins to PE aggregators.

We built an intake & patient growth system specifically for independent practices across your 3 locations. You can see how the intake flow and caseload matching work here:

{{TRACKED_URL_TOUCH_1}}

Do you have 15 minutes this Thursday or Friday to see if this fits your current openings?

Best,
Hudson Argollo
Gold Traffic / ABA Practice Growth","https://abaclinics.clubemkt.digital/aba?lid={{LEAD_ID}}&utm_source=cold_email&utm_medium=email&utm_campaign=pilot-2026-09-25&utm_content=touch_1","Re: Timberline Behavior Analysis Partners's openings in GA","Hi Amanda,

Quick follow-up on my note from earlier this week.

When clinics expand or try to hire new BCBAs, keeping the waitlist warm and converting families at the exact moment a slot opens is usually what keeps rooms full.

We put together a 20-minute discovery breakdown for independent practices:
{{TRACKED_URL_TOUCH_2}}

Would love to share what's working for clinics in GA if you're open to it.

Best,
Hudson","https://abaclinics.clubemkt.digital/aba?lid={{LEAD_ID}}&utm_source=cold_email&utm_medium=email&utm_campaign=pilot-2026-09-25&utm_content=touch_2","Filling Timberline Behavior Analysis Partners's caseload (GA)","Hi Amanda,

I know you're busy running Timberline Behavior Analysis Partners. 

If patient intake or waitlist conversion isn't a priority right now, no worries at all. If you ever want to check our 2-minute fit assessment or look at the numbers, you can bookmark this link:

{{TRACKED_URL_TOUCH_3}}

Wishing you and the team continued success in Tyrone!

Best,
Hudson","https://abaclinics.clubemkt.digital/aba?lid={{LEAD_ID}}&utm_source=cold_email&utm_medium=email&utm_campaign=pilot-2026-09-25&utm_content=touch_3"
"Touchstone Behavioral Care","Daniel Hamilton","Daniel","dhamilton@touchstonebehavioralco.com","Colorado Springs","CO","4","pilot-2026-09-25","Quick question about Touchstone Behavioral Care's openings in CO","Hi Daniel,

I was looking at independent ABA practices in Colorado Springs and came across Touchstone Behavioral Care. 

A lot of clinic owners we talk to with 1–4 locations tell us their biggest bottleneck isn't clinical interest—it's getting predictable commercial-insurance & private-pay inquiries without giving up margins to PE aggregators.

We built an intake & patient growth system specifically for independent practices across your 4 locations. You can see how the intake flow and caseload matching work here:

{{TRACKED_URL_TOUCH_1}}

Do you have 15 minutes this Thursday or Friday to see if this fits your current openings?

Best,
Hudson Argollo
Gold Traffic / ABA Practice Growth","https://abaclinics.clubemkt.digital/aba?lid={{LEAD_ID}}&utm_source=cold_email&utm_medium=email&utm_campaign=pilot-2026-09-25&utm_content=touch_1","Re: Touchstone Behavioral Care's openings in CO","Hi Daniel,

Quick follow-up on my note from earlier this week.

When clinics expand or try to hire new BCBAs, keeping the waitlist warm and converting families at the exact moment a slot opens is usually what keeps rooms full.

We put together a 20-minute discovery breakdown for independent practices:
{{TRACKED_URL_TOUCH_2}}

Would love to share what's working for clinics in CO if you're open to it.

Best,
Hudson","https://abaclinics.clubemkt.digital/aba?lid={{LEAD_ID}}&utm_source=cold_email&utm_medium=email&utm_campaign=pilot-2026-09-25&utm_content=touch_2","Filling Touchstone Behavioral Care's caseload (CO)","Hi Daniel,

I know you're busy running Touchstone Behavioral Care. 

If patient intake or waitlist conversion isn't a priority right now, no worries at all. If you ever want to check our 2-minute fit assessment or look at the numbers, you can bookmark this link:

{{TRACKED_URL_TOUCH_3}}

Wishing you and the team continued success in Colorado Springs!

Best,
Hudson","https://abaclinics.clubemkt.digital/aba?lid={{LEAD_ID}}&utm_source=cold_email&utm_medium=email&utm_campaign=pilot-2026-09-25&utm_content=touch_3"
"Trailblazer Autism Horizons","Lauren Graham","Lauren","lauren.graham@trailblazerabava.com","Norfolk","VA","1","pilot-2026-09-25","Quick question about Trailblazer Autism Horizons's openings in VA","Hi Lauren,

I was looking at independent ABA practices in Norfolk and came across Trailblazer Autism Horizons. 

A lot of clinic owners we talk to with 1–3 locations tell us their biggest bottleneck isn't clinical interest—it's getting predictable commercial-insurance & private-pay inquiries without giving up margins to PE aggregators.

We built an intake & patient growth system specifically for independent practices at Trailblazer Autism Horizons. You can see how the intake flow and caseload matching work here:

{{TRACKED_URL_TOUCH_1}}

Do you have 15 minutes this Thursday or Friday to see if this fits your current openings?

Best,
Hudson Argollo
Gold Traffic / ABA Practice Growth","https://abaclinics.clubemkt.digital/aba?lid={{LEAD_ID}}&utm_source=cold_email&utm_medium=email&utm_campaign=pilot-2026-09-25&utm_content=touch_1","Re: Trailblazer Autism Horizons's openings in VA","Hi Lauren,

Quick follow-up on my note from earlier this week.

When clinics expand or try to hire new BCBAs, keeping the waitlist warm and converting families at the exact moment a slot opens is usually what keeps rooms full.

We put together a 20-minute discovery breakdown for independent practices:
{{TRACKED_URL_TOUCH_2}}

Would love to share what's working for clinics in VA if you're open to it.

Best,
Hudson","https://abaclinics.clubemkt.digital/aba?lid={{LEAD_ID}}&utm_source=cold_email&utm_medium=email&utm_campaign=pilot-2026-09-25&utm_content=touch_2","Filling Trailblazer Autism Horizons's caseload (VA)","Hi Lauren,

I know you're busy running Trailblazer Autism Horizons. 

If patient intake or waitlist conversion isn't a priority right now, no worries at all. If you ever want to check our 2-minute fit assessment or look at the numbers, you can bookmark this link:

{{TRACKED_URL_TOUCH_3}}

Wishing you and the team continued success in Norfolk!

Best,
Hudson","https://abaclinics.clubemkt.digital/aba?lid={{LEAD_ID}}&utm_source=cold_email&utm_medium=email&utm_campaign=pilot-2026-09-25&utm_content=touch_3"
"True North Therapy & Learning Center","James Sullivan","James","jsullivan@truenorthautismmd.com","Silver Spring","MD","2","pilot-2026-09-25","Quick question about True North Therapy & Learning Center's openings in MD","Hi James,

I was looking at independent ABA practices in Silver Spring and came across True North Therapy & Learning Center. 

A lot of clinic owners we talk to with 1–3 locations tell us their biggest bottleneck isn't clinical interest—it's getting predictable commercial-insurance & private-pay inquiries without giving up margins to PE aggregators.

We built an intake & patient growth system specifically for independent practices across your 2 locations. You can see how the intake flow and caseload matching work here:

{{TRACKED_URL_TOUCH_1}}

Do you have 15 minutes this Thursday or Friday to see if this fits your current openings?

Best,
Hudson Argollo
Gold Traffic / ABA Practice Growth","https://abaclinics.clubemkt.digital/aba?lid={{LEAD_ID}}&utm_source=cold_email&utm_medium=email&utm_campaign=pilot-2026-09-25&utm_content=touch_1","Re: True North Therapy & Learning Center's openings in MD","Hi James,

Quick follow-up on my note from earlier this week.

When clinics expand or try to hire new BCBAs, keeping the waitlist warm and converting families at the exact moment a slot opens is usually what keeps rooms full.

We put together a 20-minute discovery breakdown for independent practices:
{{TRACKED_URL_TOUCH_2}}

Would love to share what's working for clinics in MD if you're open to it.

Best,
Hudson","https://abaclinics.clubemkt.digital/aba?lid={{LEAD_ID}}&utm_source=cold_email&utm_medium=email&utm_campaign=pilot-2026-09-25&utm_content=touch_2","Filling True North Therapy & Learning Center's caseload (MD)","Hi James,

I know you're busy running True North Therapy & Learning Center. 

If patient intake or waitlist conversion isn't a priority right now, no worries at all. If you ever want to check our 2-minute fit assessment or look at the numbers, you can bookmark this link:

{{TRACKED_URL_TOUCH_3}}

Wishing you and the team continued success in Silver Spring!

Best,
Hudson","https://abaclinics.clubemkt.digital/aba?lid={{LEAD_ID}}&utm_source=cold_email&utm_medium=email&utm_campaign=pilot-2026-09-25&utm_content=touch_3"
"Unity Behavioral Interventions","Stephanie Wallace","Stephanie","stephanie.wallace@unitybehavioralil.com","Joliet","IL","3","pilot-2026-09-25","Quick question about Unity Behavioral Interventions's openings in IL","Hi Stephanie,

I was looking at independent ABA practices in Joliet and came across Unity Behavioral Interventions. 

A lot of clinic owners we talk to with 1–3 locations tell us their biggest bottleneck isn't clinical interest—it's getting predictable commercial-insurance & private-pay inquiries without giving up margins to PE aggregators.

We built an intake & patient growth system specifically for independent practices across your 3 locations. You can see how the intake flow and caseload matching work here:

{{TRACKED_URL_TOUCH_1}}

Do you have 15 minutes this Thursday or Friday to see if this fits your current openings?

Best,
Hudson Argollo
Gold Traffic / ABA Practice Growth","https://abaclinics.clubemkt.digital/aba?lid={{LEAD_ID}}&utm_source=cold_email&utm_medium=email&utm_campaign=pilot-2026-09-25&utm_content=touch_1","Re: Unity Behavioral Interventions's openings in IL","Hi Stephanie,

Quick follow-up on my note from earlier this week.

When clinics expand or try to hire new BCBAs, keeping the waitlist warm and converting families at the exact moment a slot opens is usually what keeps rooms full.

We put together a 20-minute discovery breakdown for independent practices:
{{TRACKED_URL_TOUCH_2}}

Would love to share what's working for clinics in IL if you're open to it.

Best,
Hudson","https://abaclinics.clubemkt.digital/aba?lid={{LEAD_ID}}&utm_source=cold_email&utm_medium=email&utm_campaign=pilot-2026-09-25&utm_content=touch_2","Filling Unity Behavioral Interventions's caseload (IL)","Hi Stephanie,

I know you're busy running Unity Behavioral Interventions. 

If patient intake or waitlist conversion isn't a priority right now, no worries at all. If you ever want to check our 2-minute fit assessment or look at the numbers, you can bookmark this link:

{{TRACKED_URL_TOUCH_3}}

Wishing you and the team continued success in Joliet!

Best,
Hudson","https://abaclinics.clubemkt.digital/aba?lid={{LEAD_ID}}&utm_source=cold_email&utm_medium=email&utm_campaign=pilot-2026-09-25&utm_content=touch_3"
"Vanguard Autism Center","Robert Woods","Robert","rwoods@vanguardabaut.org","Ogden","UT","4","pilot-2026-09-25","Quick question about Vanguard Autism Center's openings in UT","Hi Robert,

I was looking at independent ABA practices in Ogden and came across Vanguard Autism Center. 

A lot of clinic owners we talk to with 1–4 locations tell us their biggest bottleneck isn't clinical interest—it's getting predictable commercial-insurance & private-pay inquiries without giving up margins to PE aggregators.

We built an intake & patient growth system specifically for independent practices across your 4 locations. You can see how the intake flow and caseload matching work here:

{{TRACKED_URL_TOUCH_1}}

Do you have 15 minutes this Thursday or Friday to see if this fits your current openings?

Best,
Hudson Argollo
Gold Traffic / ABA Practice Growth","https://abaclinics.clubemkt.digital/aba?lid={{LEAD_ID}}&utm_source=cold_email&utm_medium=email&utm_campaign=pilot-2026-09-25&utm_content=touch_1","Re: Vanguard Autism Center's openings in UT","Hi Robert,

Quick follow-up on my note from earlier this week.

When clinics expand or try to hire new BCBAs, keeping the waitlist warm and converting families at the exact moment a slot opens is usually what keeps rooms full.

We put together a 20-minute discovery breakdown for independent practices:
{{TRACKED_URL_TOUCH_2}}

Would love to share what's working for clinics in UT if you're open to it.

Best,
Hudson","https://abaclinics.clubemkt.digital/aba?lid={{LEAD_ID}}&utm_source=cold_email&utm_medium=email&utm_campaign=pilot-2026-09-25&utm_content=touch_2","Filling Vanguard Autism Center's caseload (UT)","Hi Robert,

I know you're busy running Vanguard Autism Center. 

If patient intake or waitlist conversion isn't a priority right now, no worries at all. If you ever want to check our 2-minute fit assessment or look at the numbers, you can bookmark this link:

{{TRACKED_URL_TOUCH_3}}

Wishing you and the team continued success in Ogden!

Best,
Hudson","https://abaclinics.clubemkt.digital/aba?lid={{LEAD_ID}}&utm_source=cold_email&utm_medium=email&utm_campaign=pilot-2026-09-25&utm_content=touch_3"
"Velocity ABA Therapy Group","Melissa Cole","Melissa","melissa.cole@velocityautismnj.com","Princeton","NJ","1","pilot-2026-09-25","Quick question about Velocity ABA Therapy Group's openings in NJ","Hi Melissa,

I was looking at independent ABA practices in Princeton and came across Velocity ABA Therapy Group. 

A lot of clinic owners we talk to with 1–3 locations tell us their biggest bottleneck isn't clinical interest—it's getting predictable commercial-insurance & private-pay inquiries without giving up margins to PE aggregators.

We built an intake & patient growth system specifically for independent practices at Velocity ABA Therapy Group. You can see how the intake flow and caseload matching work here:

{{TRACKED_URL_TOUCH_1}}

Do you have 15 minutes this Thursday or Friday to see if this fits your current openings?

Best,
Hudson Argollo
Gold Traffic / ABA Practice Growth","https://abaclinics.clubemkt.digital/aba?lid={{LEAD_ID}}&utm_source=cold_email&utm_medium=email&utm_campaign=pilot-2026-09-25&utm_content=touch_1","Re: Velocity ABA Therapy Group's openings in NJ","Hi Melissa,

Quick follow-up on my note from earlier this week.

When clinics expand or try to hire new BCBAs, keeping the waitlist warm and converting families at the exact moment a slot opens is usually what keeps rooms full.

We put together a 20-minute discovery breakdown for independent practices:
{{TRACKED_URL_TOUCH_2}}

Would love to share what's working for clinics in NJ if you're open to it.

Best,
Hudson","https://abaclinics.clubemkt.digital/aba?lid={{LEAD_ID}}&utm_source=cold_email&utm_medium=email&utm_campaign=pilot-2026-09-25&utm_content=touch_2","Filling Velocity ABA Therapy Group's caseload (NJ)","Hi Melissa,

I know you're busy running Velocity ABA Therapy Group. 

If patient intake or waitlist conversion isn't a priority right now, no worries at all. If you ever want to check our 2-minute fit assessment or look at the numbers, you can bookmark this link:

{{TRACKED_URL_TOUCH_3}}

Wishing you and the team continued success in Princeton!

Best,
Hudson","https://abaclinics.clubemkt.digital/aba?lid={{LEAD_ID}}&utm_source=cold_email&utm_medium=email&utm_campaign=pilot-2026-09-25&utm_content=touch_3"
"Ventures Behavioral Solutions","William West","William","wwest@venturesbehavioraltx.com","Houston","TX","2","pilot-2026-09-25","Quick question about Ventures Behavioral Solutions's openings in TX","Hi William,

I was looking at independent ABA practices in Houston and came across Ventures Behavioral Solutions. 

A lot of clinic owners we talk to with 1–3 locations tell us their biggest bottleneck isn't clinical interest—it's getting predictable commercial-insurance & private-pay inquiries without giving up margins to PE aggregators.

We built an intake & patient growth system specifically for independent practices across your 2 locations. You can see how the intake flow and caseload matching work here:

{{TRACKED_URL_TOUCH_1}}

Do you have 15 minutes this Thursday or Friday to see if this fits your current openings?

Best,
Hudson Argollo
Gold Traffic / ABA Practice Growth","https://abaclinics.clubemkt.digital/aba?lid={{LEAD_ID}}&utm_source=cold_email&utm_medium=email&utm_campaign=pilot-2026-09-25&utm_content=touch_1","Re: Ventures Behavioral Solutions's openings in TX","Hi William,

Quick follow-up on my note from earlier this week.

When clinics expand or try to hire new BCBAs, keeping the waitlist warm and converting families at the exact moment a slot opens is usually what keeps rooms full.

We put together a 20-minute discovery breakdown for independent practices:
{{TRACKED_URL_TOUCH_2}}

Would love to share what's working for clinics in TX if you're open to it.

Best,
Hudson","https://abaclinics.clubemkt.digital/aba?lid={{LEAD_ID}}&utm_source=cold_email&utm_medium=email&utm_campaign=pilot-2026-09-25&utm_content=touch_2","Filling Ventures Behavioral Solutions's caseload (TX)","Hi William,

I know you're busy running Ventures Behavioral Solutions. 

If patient intake or waitlist conversion isn't a priority right now, no worries at all. If you ever want to check our 2-minute fit assessment or look at the numbers, you can bookmark this link:

{{TRACKED_URL_TOUCH_3}}

Wishing you and the team continued success in Houston!

Best,
Hudson","https://abaclinics.clubemkt.digital/aba?lid={{LEAD_ID}}&utm_source=cold_email&utm_medium=email&utm_campaign=pilot-2026-09-25&utm_content=touch_3"
"Vibrant Autism Services","Nicole Jordan","Nicole","nicole.jordan@vibrantabafl.com","Jacksonville","FL","3","pilot-2026-09-25","Quick question about Vibrant Autism Services's openings in FL","Hi Nicole,

I was looking at independent ABA practices in Jacksonville and came across Vibrant Autism Services. 

A lot of clinic owners we talk to with 1–3 locations tell us their biggest bottleneck isn't clinical interest—it's getting predictable commercial-insurance & private-pay inquiries without giving up margins to PE aggregators.

We built an intake & patient growth system specifically for independent practices across your 3 locations. You can see how the intake flow and caseload matching work here:

{{TRACKED_URL_TOUCH_1}}

Do you have 15 minutes this Thursday or Friday to see if this fits your current openings?

Best,
Hudson Argollo
Gold Traffic / ABA Practice Growth","https://abaclinics.clubemkt.digital/aba?lid={{LEAD_ID}}&utm_source=cold_email&utm_medium=email&utm_campaign=pilot-2026-09-25&utm_content=touch_1","Re: Vibrant Autism Services's openings in FL","Hi Nicole,

Quick follow-up on my note from earlier this week.

When clinics expand or try to hire new BCBAs, keeping the waitlist warm and converting families at the exact moment a slot opens is usually what keeps rooms full.

We put together a 20-minute discovery breakdown for independent practices:
{{TRACKED_URL_TOUCH_2}}

Would love to share what's working for clinics in FL if you're open to it.

Best,
Hudson","https://abaclinics.clubemkt.digital/aba?lid={{LEAD_ID}}&utm_source=cold_email&utm_medium=email&utm_campaign=pilot-2026-09-25&utm_content=touch_2","Filling Vibrant Autism Services's caseload (FL)","Hi Nicole,

I know you're busy running Vibrant Autism Services. 

If patient intake or waitlist conversion isn't a priority right now, no worries at all. If you ever want to check our 2-minute fit assessment or look at the numbers, you can bookmark this link:

{{TRACKED_URL_TOUCH_3}}

Wishing you and the team continued success in Jacksonville!

Best,
Hudson","https://abaclinics.clubemkt.digital/aba?lid={{LEAD_ID}}&utm_source=cold_email&utm_medium=email&utm_campaign=pilot-2026-09-25&utm_content=touch_3"
"Victory Behavioral Health","Anthony Owens","Anthony","aowens@victoryautismca.com","Irvine","CA","4","pilot-2026-09-25","Quick question about Victory Behavioral Health's openings in CA","Hi Anthony,

I was looking at independent ABA practices in Irvine and came across Victory Behavioral Health. 

A lot of clinic owners we talk to with 1–4 locations tell us their biggest bottleneck isn't clinical interest—it's getting predictable commercial-insurance & private-pay inquiries without giving up margins to PE aggregators.

We built an intake & patient growth system specifically for independent practices across your 4 locations. You can see how the intake flow and caseload matching work here:

{{TRACKED_URL_TOUCH_1}}

Do you have 15 minutes this Thursday or Friday to see if this fits your current openings?

Best,
Hudson Argollo
Gold Traffic / ABA Practice Growth","https://abaclinics.clubemkt.digital/aba?lid={{LEAD_ID}}&utm_source=cold_email&utm_medium=email&utm_campaign=pilot-2026-09-25&utm_content=touch_1","Re: Victory Behavioral Health's openings in CA","Hi Anthony,

Quick follow-up on my note from earlier this week.

When clinics expand or try to hire new BCBAs, keeping the waitlist warm and converting families at the exact moment a slot opens is usually what keeps rooms full.

We put together a 20-minute discovery breakdown for independent practices:
{{TRACKED_URL_TOUCH_2}}

Would love to share what's working for clinics in CA if you're open to it.

Best,
Hudson","https://abaclinics.clubemkt.digital/aba?lid={{LEAD_ID}}&utm_source=cold_email&utm_medium=email&utm_campaign=pilot-2026-09-25&utm_content=touch_2","Filling Victory Behavioral Health's caseload (CA)","Hi Anthony,

I know you're busy running Victory Behavioral Health. 

If patient intake or waitlist conversion isn't a priority right now, no worries at all. If you ever want to check our 2-minute fit assessment or look at the numbers, you can bookmark this link:

{{TRACKED_URL_TOUCH_3}}

Wishing you and the team continued success in Irvine!

Best,
Hudson","https://abaclinics.clubemkt.digital/aba?lid={{LEAD_ID}}&utm_source=cold_email&utm_medium=email&utm_campaign=pilot-2026-09-25&utm_content=touch_3"
"Vista Therapy Associates","Ashley Reynolds","Ashley","ashley.reynolds@vistabehavioralnc.org","Asheville","NC","1","pilot-2026-09-25","Quick question about Vista Therapy Associates's openings in NC","Hi Ashley,

I was looking at independent ABA practices in Asheville and came across Vista Therapy Associates. 

A lot of clinic owners we talk to with 1–3 locations tell us their biggest bottleneck isn't clinical interest—it's getting predictable commercial-insurance & private-pay inquiries without giving up margins to PE aggregators.

We built an intake & patient growth system specifically for independent practices at Vista Therapy Associates. You can see how the intake flow and caseload matching work here:

{{TRACKED_URL_TOUCH_1}}

Do you have 15 minutes this Thursday or Friday to see if this fits your current openings?

Best,
Hudson Argollo
Gold Traffic / ABA Practice Growth","https://abaclinics.clubemkt.digital/aba?lid={{LEAD_ID}}&utm_source=cold_email&utm_medium=email&utm_campaign=pilot-2026-09-25&utm_content=touch_1","Re: Vista Therapy Associates's openings in NC","Hi Ashley,

Quick follow-up on my note from earlier this week.

When clinics expand or try to hire new BCBAs, keeping the waitlist warm and converting families at the exact moment a slot opens is usually what keeps rooms full.

We put together a 20-minute discovery breakdown for independent practices:
{{TRACKED_URL_TOUCH_2}}

Would love to share what's working for clinics in NC if you're open to it.

Best,
Hudson","https://abaclinics.clubemkt.digital/aba?lid={{LEAD_ID}}&utm_source=cold_email&utm_medium=email&utm_campaign=pilot-2026-09-25&utm_content=touch_2","Filling Vista Therapy Associates's caseload (NC)","Hi Ashley,

I know you're busy running Vista Therapy Associates. 

If patient intake or waitlist conversion isn't a priority right now, no worries at all. If you ever want to check our 2-minute fit assessment or look at the numbers, you can bookmark this link:

{{TRACKED_URL_TOUCH_3}}

Wishing you and the team continued success in Asheville!

Best,
Hudson","https://abaclinics.clubemkt.digital/aba?lid={{LEAD_ID}}&utm_source=cold_email&utm_medium=email&utm_campaign=pilot-2026-09-25&utm_content=touch_3"
"Voyage Developmental Clinic","Christopher Fisher","Christopher","cfisher@voyageabaga.com","Marietta","GA","2","pilot-2026-09-25","Quick question about Voyage Developmental Clinic's openings in GA","Hi Christopher,

I was looking at independent ABA practices in Marietta and came across Voyage Developmental Clinic. 

A lot of clinic owners we talk to with 1–3 locations tell us their biggest bottleneck isn't clinical interest—it's getting predictable commercial-insurance & private-pay inquiries without giving up margins to PE aggregators.

We built an intake & patient growth system specifically for independent practices across your 2 locations. You can see how the intake flow and caseload matching work here:

{{TRACKED_URL_TOUCH_1}}

Do you have 15 minutes this Thursday or Friday to see if this fits your current openings?

Best,
Hudson Argollo
Gold Traffic / ABA Practice Growth","https://abaclinics.clubemkt.digital/aba?lid={{LEAD_ID}}&utm_source=cold_email&utm_medium=email&utm_campaign=pilot-2026-09-25&utm_content=touch_1","Re: Voyage Developmental Clinic's openings in GA","Hi Christopher,

Quick follow-up on my note from earlier this week.

When clinics expand or try to hire new BCBAs, keeping the waitlist warm and converting families at the exact moment a slot opens is usually what keeps rooms full.

We put together a 20-minute discovery breakdown for independent practices:
{{TRACKED_URL_TOUCH_2}}

Would love to share what's working for clinics in GA if you're open to it.

Best,
Hudson","https://abaclinics.clubemkt.digital/aba?lid={{LEAD_ID}}&utm_source=cold_email&utm_medium=email&utm_campaign=pilot-2026-09-25&utm_content=touch_2","Filling Voyage Developmental Clinic's caseload (GA)","Hi Christopher,

I know you're busy running Voyage Developmental Clinic. 

If patient intake or waitlist conversion isn't a priority right now, no worries at all. If you ever want to check our 2-minute fit assessment or look at the numbers, you can bookmark this link:

{{TRACKED_URL_TOUCH_3}}

Wishing you and the team continued success in Marietta!

Best,
Hudson","https://abaclinics.clubemkt.digital/aba?lid={{LEAD_ID}}&utm_source=cold_email&utm_medium=email&utm_campaign=pilot-2026-09-25&utm_content=touch_3"
"Wayfinder ABA Services","Megan Ellis","Megan","megan.ellis@wayfinderautismco.com","Aurora","CO","3","pilot-2026-09-25","Quick question about Wayfinder ABA Services's openings in CO","Hi Megan,

I was looking at independent ABA practices in Aurora and came across Wayfinder ABA Services. 

A lot of clinic owners we talk to with 1–3 locations tell us their biggest bottleneck isn't clinical interest—it's getting predictable commercial-insurance & private-pay inquiries without giving up margins to PE aggregators.

We built an intake & patient growth system specifically for independent practices across your 3 locations. You can see how the intake flow and caseload matching work here:

{{TRACKED_URL_TOUCH_1}}

Do you have 15 minutes this Thursday or Friday to see if this fits your current openings?

Best,
Hudson Argollo
Gold Traffic / ABA Practice Growth","https://abaclinics.clubemkt.digital/aba?lid={{LEAD_ID}}&utm_source=cold_email&utm_medium=email&utm_campaign=pilot-2026-09-25&utm_content=touch_1","Re: Wayfinder ABA Services's openings in CO","Hi Megan,

Quick follow-up on my note from earlier this week.

When clinics expand or try to hire new BCBAs, keeping the waitlist warm and converting families at the exact moment a slot opens is usually what keeps rooms full.

We put together a 20-minute discovery breakdown for independent practices:
{{TRACKED_URL_TOUCH_2}}

Would love to share what's working for clinics in CO if you're open to it.

Best,
Hudson","https://abaclinics.clubemkt.digital/aba?lid={{LEAD_ID}}&utm_source=cold_email&utm_medium=email&utm_campaign=pilot-2026-09-25&utm_content=touch_2","Filling Wayfinder ABA Services's caseload (CO)","Hi Megan,

I know you're busy running Wayfinder ABA Services. 

If patient intake or waitlist conversion isn't a priority right now, no worries at all. If you ever want to check our 2-minute fit assessment or look at the numbers, you can bookmark this link:

{{TRACKED_URL_TOUCH_3}}

Wishing you and the team continued success in Aurora!

Best,
Hudson","https://abaclinics.clubemkt.digital/aba?lid={{LEAD_ID}}&utm_source=cold_email&utm_medium=email&utm_campaign=pilot-2026-09-25&utm_content=touch_3"
"Willow Autism & Behavioral Clinic","Matthew Gibson","Matthew","mgibson@willowbehavioralva.com","Chesapeake","VA","4","pilot-2026-09-25","Quick question about Willow Autism & Behavioral Clinic's openings in VA","Hi Matthew,

I was looking at independent ABA practices in Chesapeake and came across Willow Autism & Behavioral Clinic. 

A lot of clinic owners we talk to with 1–4 locations tell us their biggest bottleneck isn't clinical interest—it's getting predictable commercial-insurance & private-pay inquiries without giving up margins to PE aggregators.

We built an intake & patient growth system specifically for independent practices across your 4 locations. You can see how the intake flow and caseload matching work here:

{{TRACKED_URL_TOUCH_1}}

Do you have 15 minutes this Thursday or Friday to see if this fits your current openings?

Best,
Hudson Argollo
Gold Traffic / ABA Practice Growth","https://abaclinics.clubemkt.digital/aba?lid={{LEAD_ID}}&utm_source=cold_email&utm_medium=email&utm_campaign=pilot-2026-09-25&utm_content=touch_1","Re: Willow Autism & Behavioral Clinic's openings in VA","Hi Matthew,

Quick follow-up on my note from earlier this week.

When clinics expand or try to hire new BCBAs, keeping the waitlist warm and converting families at the exact moment a slot opens is usually what keeps rooms full.

We put together a 20-minute discovery breakdown for independent practices:
{{TRACKED_URL_TOUCH_2}}

Would love to share what's working for clinics in VA if you're open to it.

Best,
Hudson","https://abaclinics.clubemkt.digital/aba?lid={{LEAD_ID}}&utm_source=cold_email&utm_medium=email&utm_campaign=pilot-2026-09-25&utm_content=touch_2","Filling Willow Autism & Behavioral Clinic's caseload (VA)","Hi Matthew,

I know you're busy running Willow Autism & Behavioral Clinic. 

If patient intake or waitlist conversion isn't a priority right now, no worries at all. If you ever want to check our 2-minute fit assessment or look at the numbers, you can bookmark this link:

{{TRACKED_URL_TOUCH_3}}

Wishing you and the team continued success in Chesapeake!

Best,
Hudson","https://abaclinics.clubemkt.digital/aba?lid={{LEAD_ID}}&utm_source=cold_email&utm_medium=email&utm_campaign=pilot-2026-09-25&utm_content=touch_3"
"Zenith Child Development Center","Heather McDonald","Heather","heather.mcdonald@zenithabamd.com","Frederick","MD","1","pilot-2026-09-25","Quick question about Zenith Child Development Center's openings in MD","Hi Heather,

I was looking at independent ABA practices in Frederick and came across Zenith Child Development Center. 

A lot of clinic owners we talk to with 1–3 locations tell us their biggest bottleneck isn't clinical interest—it's getting predictable commercial-insurance & private-pay inquiries without giving up margins to PE aggregators.

We built an intake & patient growth system specifically for independent practices at Zenith Child Development Center. You can see how the intake flow and caseload matching work here:

{{TRACKED_URL_TOUCH_1}}

Do you have 15 minutes this Thursday or Friday to see if this fits your current openings?

Best,
Hudson Argollo
Gold Traffic / ABA Practice Growth","https://abaclinics.clubemkt.digital/aba?lid={{LEAD_ID}}&utm_source=cold_email&utm_medium=email&utm_campaign=pilot-2026-09-25&utm_content=touch_1","Re: Zenith Child Development Center's openings in MD","Hi Heather,

Quick follow-up on my note from earlier this week.

When clinics expand or try to hire new BCBAs, keeping the waitlist warm and converting families at the exact moment a slot opens is usually what keeps rooms full.

We put together a 20-minute discovery breakdown for independent practices:
{{TRACKED_URL_TOUCH_2}}

Would love to share what's working for clinics in MD if you're open to it.

Best,
Hudson","https://abaclinics.clubemkt.digital/aba?lid={{LEAD_ID}}&utm_source=cold_email&utm_medium=email&utm_campaign=pilot-2026-09-25&utm_content=touch_2","Filling Zenith Child Development Center's caseload (MD)","Hi Heather,

I know you're busy running Zenith Child Development Center. 

If patient intake or waitlist conversion isn't a priority right now, no worries at all. If you ever want to check our 2-minute fit assessment or look at the numbers, you can bookmark this link:

{{TRACKED_URL_TOUCH_3}}

Wishing you and the team continued success in Frederick!

Best,
Hudson","https://abaclinics.clubemkt.digital/aba?lid={{LEAD_ID}}&utm_source=cold_email&utm_medium=email&utm_campaign=pilot-2026-09-25&utm_content=touch_3"
"Allied Behavior Analysis Partners","Andrew Cruz","Andrew","acruz@alliedautismil.org","Evanston","IL","2","pilot-2026-09-25","Quick question about Allied Behavior Analysis Partners's openings in IL","Hi Andrew,

I was looking at independent ABA practices in Evanston and came across Allied Behavior Analysis Partners. 

A lot of clinic owners we talk to with 1–3 locations tell us their biggest bottleneck isn't clinical interest—it's getting predictable commercial-insurance & private-pay inquiries without giving up margins to PE aggregators.

We built an intake & patient growth system specifically for independent practices across your 2 locations. You can see how the intake flow and caseload matching work here:

{{TRACKED_URL_TOUCH_1}}

Do you have 15 minutes this Thursday or Friday to see if this fits your current openings?

Best,
Hudson Argollo
Gold Traffic / ABA Practice Growth","https://abaclinics.clubemkt.digital/aba?lid={{LEAD_ID}}&utm_source=cold_email&utm_medium=email&utm_campaign=pilot-2026-09-25&utm_content=touch_1","Re: Allied Behavior Analysis Partners's openings in IL","Hi Andrew,

Quick follow-up on my note from earlier this week.

When clinics expand or try to hire new BCBAs, keeping the waitlist warm and converting families at the exact moment a slot opens is usually what keeps rooms full.

We put together a 20-minute discovery breakdown for independent practices:
{{TRACKED_URL_TOUCH_2}}

Would love to share what's working for clinics in IL if you're open to it.

Best,
Hudson","https://abaclinics.clubemkt.digital/aba?lid={{LEAD_ID}}&utm_source=cold_email&utm_medium=email&utm_campaign=pilot-2026-09-25&utm_content=touch_2","Filling Allied Behavior Analysis Partners's caseload (IL)","Hi Andrew,

I know you're busy running Allied Behavior Analysis Partners. 

If patient intake or waitlist conversion isn't a priority right now, no worries at all. If you ever want to check our 2-minute fit assessment or look at the numbers, you can bookmark this link:

{{TRACKED_URL_TOUCH_3}}

Wishing you and the team continued success in Evanston!

Best,
Hudson","https://abaclinics.clubemkt.digital/aba?lid={{LEAD_ID}}&utm_source=cold_email&utm_medium=email&utm_campaign=pilot-2026-09-25&utm_content=touch_3"
"Anchor Behavioral Care","Elizabeth Marshall","Elizabeth","elizabeth.marshall@anchorbehavioralut.com","St. George","UT","3","pilot-2026-09-25","Quick question about Anchor Behavioral Care's openings in UT","Hi Elizabeth,

I was looking at independent ABA practices in St. George and came across Anchor Behavioral Care. 

A lot of clinic owners we talk to with 1–3 locations tell us their biggest bottleneck isn't clinical interest—it's getting predictable commercial-insurance & private-pay inquiries without giving up margins to PE aggregators.

We built an intake & patient growth system specifically for independent practices across your 3 locations. You can see how the intake flow and caseload matching work here:

{{TRACKED_URL_TOUCH_1}}

Do you have 15 minutes this Thursday or Friday to see if this fits your current openings?

Best,
Hudson Argollo
Gold Traffic / ABA Practice Growth","https://abaclinics.clubemkt.digital/aba?lid={{LEAD_ID}}&utm_source=cold_email&utm_medium=email&utm_campaign=pilot-2026-09-25&utm_content=touch_1","Re: Anchor Behavioral Care's openings in UT","Hi Elizabeth,

Quick follow-up on my note from earlier this week.

When clinics expand or try to hire new BCBAs, keeping the waitlist warm and converting families at the exact moment a slot opens is usually what keeps rooms full.

We put together a 20-minute discovery breakdown for independent practices:
{{TRACKED_URL_TOUCH_2}}

Would love to share what's working for clinics in UT if you're open to it.

Best,
Hudson","https://abaclinics.clubemkt.digital/aba?lid={{LEAD_ID}}&utm_source=cold_email&utm_medium=email&utm_campaign=pilot-2026-09-25&utm_content=touch_2","Filling Anchor Behavioral Care's caseload (UT)","Hi Elizabeth,

I know you're busy running Anchor Behavioral Care. 

If patient intake or waitlist conversion isn't a priority right now, no worries at all. If you ever want to check our 2-minute fit assessment or look at the numbers, you can bookmark this link:

{{TRACKED_URL_TOUCH_3}}

Wishing you and the team continued success in St. George!

Best,
Hudson","https://abaclinics.clubemkt.digital/aba?lid={{LEAD_ID}}&utm_source=cold_email&utm_medium=email&utm_campaign=pilot-2026-09-25&utm_content=touch_3"
"Ascend Autism Horizons","Joseph Ortiz","Joseph","jortiz@ascendabanj.com","Toms River","NJ","4","pilot-2026-09-25","Quick question about Ascend Autism Horizons's openings in NJ","Hi Joseph,

I was looking at independent ABA practices in Toms River and came across Ascend Autism Horizons. 

A lot of clinic owners we talk to with 1–4 locations tell us their biggest bottleneck isn't clinical interest—it's getting predictable commercial-insurance & private-pay inquiries without giving up margins to PE aggregators.

We built an intake & patient growth system specifically for independent practices across your 4 locations. You can see how the intake flow and caseload matching work here:

{{TRACKED_URL_TOUCH_1}}

Do you have 15 minutes this Thursday or Friday to see if this fits your current openings?

Best,
Hudson Argollo
Gold Traffic / ABA Practice Growth","https://abaclinics.clubemkt.digital/aba?lid={{LEAD_ID}}&utm_source=cold_email&utm_medium=email&utm_campaign=pilot-2026-09-25&utm_content=touch_1","Re: Ascend Autism Horizons's openings in NJ","Hi Joseph,

Quick follow-up on my note from earlier this week.

When clinics expand or try to hire new BCBAs, keeping the waitlist warm and converting families at the exact moment a slot opens is usually what keeps rooms full.

We put together a 20-minute discovery breakdown for independent practices:
{{TRACKED_URL_TOUCH_2}}

Would love to share what's working for clinics in NJ if you're open to it.

Best,
Hudson","https://abaclinics.clubemkt.digital/aba?lid={{LEAD_ID}}&utm_source=cold_email&utm_medium=email&utm_campaign=pilot-2026-09-25&utm_content=touch_2","Filling Ascend Autism Horizons's caseload (NJ)","Hi Joseph,

I know you're busy running Ascend Autism Horizons. 

If patient intake or waitlist conversion isn't a priority right now, no worries at all. If you ever want to check our 2-minute fit assessment or look at the numbers, you can bookmark this link:

{{TRACKED_URL_TOUCH_3}}

Wishing you and the team continued success in Toms River!

Best,
Hudson","https://abaclinics.clubemkt.digital/aba?lid={{LEAD_ID}}&utm_source=cold_email&utm_medium=email&utm_campaign=pilot-2026-09-25&utm_content=touch_3"
"Aurora Therapy & Learning Center","Jennifer Gomez","Jennifer","jennifer.gomez@auroraautismtx.com","McAllen","TX","1","pilot-2026-09-25","Quick question about Aurora Therapy & Learning Center's openings in TX","Hi Jennifer,

I was looking at independent ABA practices in McAllen and came across Aurora Therapy & Learning Center. 

A lot of clinic owners we talk to with 1–3 locations tell us their biggest bottleneck isn't clinical interest—it's getting predictable commercial-insurance & private-pay inquiries without giving up margins to PE aggregators.

We built an intake & patient growth system specifically for independent practices at Aurora Therapy & Learning Center. You can see how the intake flow and caseload matching work here:

{{TRACKED_URL_TOUCH_1}}

Do you have 15 minutes this Thursday or Friday to see if this fits your current openings?

Best,
Hudson Argollo
Gold Traffic / ABA Practice Growth","https://abaclinics.clubemkt.digital/aba?lid={{LEAD_ID}}&utm_source=cold_email&utm_medium=email&utm_campaign=pilot-2026-09-25&utm_content=touch_1","Re: Aurora Therapy & Learning Center's openings in TX","Hi Jennifer,

Quick follow-up on my note from earlier this week.

When clinics expand or try to hire new BCBAs, keeping the waitlist warm and converting families at the exact moment a slot opens is usually what keeps rooms full.

We put together a 20-minute discovery breakdown for independent practices:
{{TRACKED_URL_TOUCH_2}}

Would love to share what's working for clinics in TX if you're open to it.

Best,
Hudson","https://abaclinics.clubemkt.digital/aba?lid={{LEAD_ID}}&utm_source=cold_email&utm_medium=email&utm_campaign=pilot-2026-09-25&utm_content=touch_2","Filling Aurora Therapy & Learning Center's caseload (TX)","Hi Jennifer,

I know you're busy running Aurora Therapy & Learning Center. 

If patient intake or waitlist conversion isn't a priority right now, no worries at all. If you ever want to check our 2-minute fit assessment or look at the numbers, you can bookmark this link:

{{TRACKED_URL_TOUCH_3}}

Wishing you and the team continued success in McAllen!

Best,
Hudson","https://abaclinics.clubemkt.digital/aba?lid={{LEAD_ID}}&utm_source=cold_email&utm_medium=email&utm_campaign=pilot-2026-09-25&utm_content=touch_3"
"Bloom Behavioral Interventions","Joshua Murray","Joshua","jmurray@bloombehavioralfl.com","Lakeland","FL","2","pilot-2026-09-25","Quick question about Bloom Behavioral Interventions's openings in FL","Hi Joshua,

I was looking at independent ABA practices in Lakeland and came across Bloom Behavioral Interventions. 

A lot of clinic owners we talk to with 1–3 locations tell us their biggest bottleneck isn't clinical interest—it's getting predictable commercial-insurance & private-pay inquiries without giving up margins to PE aggregators.

We built an intake & patient growth system specifically for independent practices across your 2 locations. You can see how the intake flow and caseload matching work here:

{{TRACKED_URL_TOUCH_1}}

Do you have 15 minutes this Thursday or Friday to see if this fits your current openings?

Best,
Hudson Argollo
Gold Traffic / ABA Practice Growth","https://abaclinics.clubemkt.digital/aba?lid={{LEAD_ID}}&utm_source=cold_email&utm_medium=email&utm_campaign=pilot-2026-09-25&utm_content=touch_1","Re: Bloom Behavioral Interventions's openings in FL","Hi Joshua,

Quick follow-up on my note from earlier this week.

When clinics expand or try to hire new BCBAs, keeping the waitlist warm and converting families at the exact moment a slot opens is usually what keeps rooms full.

We put together a 20-minute discovery breakdown for independent practices:
{{TRACKED_URL_TOUCH_2}}

Would love to share what's working for clinics in FL if you're open to it.

Best,
Hudson","https://abaclinics.clubemkt.digital/aba?lid={{LEAD_ID}}&utm_source=cold_email&utm_medium=email&utm_campaign=pilot-2026-09-25&utm_content=touch_2","Filling Bloom Behavioral Interventions's caseload (FL)","Hi Joshua,

I know you're busy running Bloom Behavioral Interventions. 

If patient intake or waitlist conversion isn't a priority right now, no worries at all. If you ever want to check our 2-minute fit assessment or look at the numbers, you can bookmark this link:

{{TRACKED_URL_TOUCH_3}}

Wishing you and the team continued success in Lakeland!

Best,
Hudson","https://abaclinics.clubemkt.digital/aba?lid={{LEAD_ID}}&utm_source=cold_email&utm_medium=email&utm_campaign=pilot-2026-09-25&utm_content=touch_3"
"Bridge Autism Center","Rebecca Freeman","Rebecca","rebecca.freeman@bridgeabaca.org","San Diego","CA","3","pilot-2026-09-25","Quick question about Bridge Autism Center's openings in CA","Hi Rebecca,

I was looking at independent ABA practices in San Diego and came across Bridge Autism Center. 

A lot of clinic owners we talk to with 1–3 locations tell us their biggest bottleneck isn't clinical interest—it's getting predictable commercial-insurance & private-pay inquiries without giving up margins to PE aggregators.

We built an intake & patient growth system specifically for independent practices across your 3 locations. You can see how the intake flow and caseload matching work here:

{{TRACKED_URL_TOUCH_1}}

Do you have 15 minutes this Thursday or Friday to see if this fits your current openings?

Best,
Hudson Argollo
Gold Traffic / ABA Practice Growth","https://abaclinics.clubemkt.digital/aba?lid={{LEAD_ID}}&utm_source=cold_email&utm_medium=email&utm_campaign=pilot-2026-09-25&utm_content=touch_1","Re: Bridge Autism Center's openings in CA","Hi Rebecca,

Quick follow-up on my note from earlier this week.

When clinics expand or try to hire new BCBAs, keeping the waitlist warm and converting families at the exact moment a slot opens is usually what keeps rooms full.

We put together a 20-minute discovery breakdown for independent practices:
{{TRACKED_URL_TOUCH_2}}

Would love to share what's working for clinics in CA if you're open to it.

Best,
Hudson","https://abaclinics.clubemkt.digital/aba?lid={{LEAD_ID}}&utm_source=cold_email&utm_medium=email&utm_campaign=pilot-2026-09-25&utm_content=touch_2","Filling Bridge Autism Center's caseload (CA)","Hi Rebecca,

I know you're busy running Bridge Autism Center. 

If patient intake or waitlist conversion isn't a priority right now, no worries at all. If you ever want to check our 2-minute fit assessment or look at the numbers, you can bookmark this link:

{{TRACKED_URL_TOUCH_3}}

Wishing you and the team continued success in San Diego!

Best,
Hudson","https://abaclinics.clubemkt.digital/aba?lid={{LEAD_ID}}&utm_source=cold_email&utm_medium=email&utm_campaign=pilot-2026-09-25&utm_content=touch_3"
"Catalyst ABA Therapy Group","Kevin Wells","Kevin","kwells@catalystautismnc.com","Wilmington","NC","4","pilot-2026-09-25","Quick question about Catalyst ABA Therapy Group's openings in NC","Hi Kevin,

I was looking at independent ABA practices in Wilmington and came across Catalyst ABA Therapy Group. 

A lot of clinic owners we talk to with 1–4 locations tell us their biggest bottleneck isn't clinical interest—it's getting predictable commercial-insurance & private-pay inquiries without giving up margins to PE aggregators.

We built an intake & patient growth system specifically for independent practices across your 4 locations. You can see how the intake flow and caseload matching work here:

{{TRACKED_URL_TOUCH_1}}

Do you have 15 minutes this Thursday or Friday to see if this fits your current openings?

Best,
Hudson Argollo
Gold Traffic / ABA Practice Growth","https://abaclinics.clubemkt.digital/aba?lid={{LEAD_ID}}&utm_source=cold_email&utm_medium=email&utm_campaign=pilot-2026-09-25&utm_content=touch_1","Re: Catalyst ABA Therapy Group's openings in NC","Hi Kevin,

Quick follow-up on my note from earlier this week.

When clinics expand or try to hire new BCBAs, keeping the waitlist warm and converting families at the exact moment a slot opens is usually what keeps rooms full.

We put together a 20-minute discovery breakdown for independent practices:
{{TRACKED_URL_TOUCH_2}}

Would love to share what's working for clinics in NC if you're open to it.

Best,
Hudson","https://abaclinics.clubemkt.digital/aba?lid={{LEAD_ID}}&utm_source=cold_email&utm_medium=email&utm_campaign=pilot-2026-09-25&utm_content=touch_2","Filling Catalyst ABA Therapy Group's caseload (NC)","Hi Kevin,

I know you're busy running Catalyst ABA Therapy Group. 

If patient intake or waitlist conversion isn't a priority right now, no worries at all. If you ever want to check our 2-minute fit assessment or look at the numbers, you can bookmark this link:

{{TRACKED_URL_TOUCH_3}}

Wishing you and the team continued success in Wilmington!

Best,
Hudson","https://abaclinics.clubemkt.digital/aba?lid={{LEAD_ID}}&utm_source=cold_email&utm_medium=email&utm_campaign=pilot-2026-09-25&utm_content=touch_3"
"Clarity Behavioral Solutions","Emily Webb","Emily","emily.webb@claritybehavioralga.com","Alpharetta","GA","1","pilot-2026-09-25","Quick question about Clarity Behavioral Solutions's openings in GA","Hi Emily,

I was looking at independent ABA practices in Alpharetta and came across Clarity Behavioral Solutions. 

A lot of clinic owners we talk to with 1–3 locations tell us their biggest bottleneck isn't clinical interest—it's getting predictable commercial-insurance & private-pay inquiries without giving up margins to PE aggregators.

We built an intake & patient growth system specifically for independent practices at Clarity Behavioral Solutions. You can see how the intake flow and caseload matching work here:

{{TRACKED_URL_TOUCH_1}}

Do you have 15 minutes this Thursday or Friday to see if this fits your current openings?

Best,
Hudson Argollo
Gold Traffic / ABA Practice Growth","https://abaclinics.clubemkt.digital/aba?lid={{LEAD_ID}}&utm_source=cold_email&utm_medium=email&utm_campaign=pilot-2026-09-25&utm_content=touch_1","Re: Clarity Behavioral Solutions's openings in GA","Hi Emily,

Quick follow-up on my note from earlier this week.

When clinics expand or try to hire new BCBAs, keeping the waitlist warm and converting families at the exact moment a slot opens is usually what keeps rooms full.

We put together a 20-minute discovery breakdown for independent practices:
{{TRACKED_URL_TOUCH_2}}

Would love to share what's working for clinics in GA if you're open to it.

Best,
Hudson","https://abaclinics.clubemkt.digital/aba?lid={{LEAD_ID}}&utm_source=cold_email&utm_medium=email&utm_campaign=pilot-2026-09-25&utm_content=touch_2","Filling Clarity Behavioral Solutions's caseload (GA)","Hi Emily,

I know you're busy running Clarity Behavioral Solutions. 

If patient intake or waitlist conversion isn't a priority right now, no worries at all. If you ever want to check our 2-minute fit assessment or look at the numbers, you can bookmark this link:

{{TRACKED_URL_TOUCH_3}}

Wishing you and the team continued success in Alpharetta!

Best,
Hudson","https://abaclinics.clubemkt.digital/aba?lid={{LEAD_ID}}&utm_source=cold_email&utm_medium=email&utm_campaign=pilot-2026-09-25&utm_content=touch_3"
"Continuum Autism Services","Ryan Simpson","Ryan","rsimpson@continuumabaco.com","Fort Collins","CO","2","pilot-2026-09-25","Quick question about Continuum Autism Services's openings in CO","Hi Ryan,

I was looking at independent ABA practices in Fort Collins and came across Continuum Autism Services. 

A lot of clinic owners we talk to with 1–3 locations tell us their biggest bottleneck isn't clinical interest—it's getting predictable commercial-insurance & private-pay inquiries without giving up margins to PE aggregators.

We built an intake & patient growth system specifically for independent practices across your 2 locations. You can see how the intake flow and caseload matching work here:

{{TRACKED_URL_TOUCH_1}}

Do you have 15 minutes this Thursday or Friday to see if this fits your current openings?

Best,
Hudson Argollo
Gold Traffic / ABA Practice Growth","https://abaclinics.clubemkt.digital/aba?lid={{LEAD_ID}}&utm_source=cold_email&utm_medium=email&utm_campaign=pilot-2026-09-25&utm_content=touch_1","Re: Continuum Autism Services's openings in CO","Hi Ryan,

Quick follow-up on my note from earlier this week.

When clinics expand or try to hire new BCBAs, keeping the waitlist warm and converting families at the exact moment a slot opens is usually what keeps rooms full.

We put together a 20-minute discovery breakdown for independent practices:
{{TRACKED_URL_TOUCH_2}}

Would love to share what's working for clinics in CO if you're open to it.

Best,
Hudson","https://abaclinics.clubemkt.digital/aba?lid={{LEAD_ID}}&utm_source=cold_email&utm_medium=email&utm_campaign=pilot-2026-09-25&utm_content=touch_2","Filling Continuum Autism Services's caseload (CO)","Hi Ryan,

I know you're busy running Continuum Autism Services. 

If patient intake or waitlist conversion isn't a priority right now, no worries at all. If you ever want to check our 2-minute fit assessment or look at the numbers, you can bookmark this link:

{{TRACKED_URL_TOUCH_3}}

Wishing you and the team continued success in Fort Collins!

Best,
Hudson","https://abaclinics.clubemkt.digital/aba?lid={{LEAD_ID}}&utm_source=cold_email&utm_medium=email&utm_campaign=pilot-2026-09-25&utm_content=touch_3"
"Core Behavioral Health","Samantha Stevens","Samantha","samantha.stevens@coreautismva.com","Arlington","VA","3","pilot-2026-09-25","Quick question about Core Behavioral Health's openings in VA","Hi Samantha,

I was looking at independent ABA practices in Arlington and came across Core Behavioral Health. 

A lot of clinic owners we talk to with 1–3 locations tell us their biggest bottleneck isn't clinical interest—it's getting predictable commercial-insurance & private-pay inquiries without giving up margins to PE aggregators.

We built an intake & patient growth system specifically for independent practices across your 3 locations. You can see how the intake flow and caseload matching work here:

{{TRACKED_URL_TOUCH_1}}

Do you have 15 minutes this Thursday or Friday to see if this fits your current openings?

Best,
Hudson Argollo
Gold Traffic / ABA Practice Growth","https://abaclinics.clubemkt.digital/aba?lid={{LEAD_ID}}&utm_source=cold_email&utm_medium=email&utm_campaign=pilot-2026-09-25&utm_content=touch_1","Re: Core Behavioral Health's openings in VA","Hi Samantha,

Quick follow-up on my note from earlier this week.

When clinics expand or try to hire new BCBAs, keeping the waitlist warm and converting families at the exact moment a slot opens is usually what keeps rooms full.

We put together a 20-minute discovery breakdown for independent practices:
{{TRACKED_URL_TOUCH_2}}

Would love to share what's working for clinics in VA if you're open to it.

Best,
Hudson","https://abaclinics.clubemkt.digital/aba?lid={{LEAD_ID}}&utm_source=cold_email&utm_medium=email&utm_campaign=pilot-2026-09-25&utm_content=touch_2","Filling Core Behavioral Health's caseload (VA)","Hi Samantha,

I know you're busy running Core Behavioral Health. 

If patient intake or waitlist conversion isn't a priority right now, no worries at all. If you ever want to check our 2-minute fit assessment or look at the numbers, you can bookmark this link:

{{TRACKED_URL_TOUCH_3}}

Wishing you and the team continued success in Arlington!

Best,
Hudson","https://abaclinics.clubemkt.digital/aba?lid={{LEAD_ID}}&utm_source=cold_email&utm_medium=email&utm_campaign=pilot-2026-09-25&utm_content=touch_3"
"Covenant Therapy Associates","Justin Tucker","Justin","jtucker@covenantbehavioralmd.org","Gaithersburg","MD","4","pilot-2026-09-25","Quick question about Covenant Therapy Associates's openings in MD","Hi Justin,

I was looking at independent ABA practices in Gaithersburg and came across Covenant Therapy Associates. 

A lot of clinic owners we talk to with 1–4 locations tell us their biggest bottleneck isn't clinical interest—it's getting predictable commercial-insurance & private-pay inquiries without giving up margins to PE aggregators.

We built an intake & patient growth system specifically for independent practices across your 4 locations. You can see how the intake flow and caseload matching work here:

{{TRACKED_URL_TOUCH_1}}

Do you have 15 minutes this Thursday or Friday to see if this fits your current openings?

Best,
Hudson Argollo
Gold Traffic / ABA Practice Growth","https://abaclinics.clubemkt.digital/aba?lid={{LEAD_ID}}&utm_source=cold_email&utm_medium=email&utm_campaign=pilot-2026-09-25&utm_content=touch_1","Re: Covenant Therapy Associates's openings in MD","Hi Justin,

Quick follow-up on my note from earlier this week.

When clinics expand or try to hire new BCBAs, keeping the waitlist warm and converting families at the exact moment a slot opens is usually what keeps rooms full.

We put together a 20-minute discovery breakdown for independent practices:
{{TRACKED_URL_TOUCH_2}}

Would love to share what's working for clinics in MD if you're open to it.

Best,
Hudson","https://abaclinics.clubemkt.digital/aba?lid={{LEAD_ID}}&utm_source=cold_email&utm_medium=email&utm_campaign=pilot-2026-09-25&utm_content=touch_2","Filling Covenant Therapy Associates's caseload (MD)","Hi Justin,

I know you're busy running Covenant Therapy Associates. 

If patient intake or waitlist conversion isn't a priority right now, no worries at all. If you ever want to check our 2-minute fit assessment or look at the numbers, you can bookmark this link:

{{TRACKED_URL_TOUCH_3}}

Wishing you and the team continued success in Gaithersburg!

Best,
Hudson","https://abaclinics.clubemkt.digital/aba?lid={{LEAD_ID}}&utm_source=cold_email&utm_medium=email&utm_campaign=pilot-2026-09-25&utm_content=touch_3"
"Crest Developmental Clinic","Danielle Porter","Danielle","danielle.porter@crestabail.com","Schaumburg","IL","1","pilot-2026-09-25","Quick question about Crest Developmental Clinic's openings in IL","Hi Danielle,

I was looking at independent ABA practices in Schaumburg and came across Crest Developmental Clinic. 

A lot of clinic owners we talk to with 1–3 locations tell us their biggest bottleneck isn't clinical interest—it's getting predictable commercial-insurance & private-pay inquiries without giving up margins to PE aggregators.

We built an intake & patient growth system specifically for independent practices at Crest Developmental Clinic. You can see how the intake flow and caseload matching work here:

{{TRACKED_URL_TOUCH_1}}

Do you have 15 minutes this Thursday or Friday to see if this fits your current openings?

Best,
Hudson Argollo
Gold Traffic / ABA Practice Growth","https://abaclinics.clubemkt.digital/aba?lid={{LEAD_ID}}&utm_source=cold_email&utm_medium=email&utm_campaign=pilot-2026-09-25&utm_content=touch_1","Re: Crest Developmental Clinic's openings in IL","Hi Danielle,

Quick follow-up on my note from earlier this week.

When clinics expand or try to hire new BCBAs, keeping the waitlist warm and converting families at the exact moment a slot opens is usually what keeps rooms full.

We put together a 20-minute discovery breakdown for independent practices:
{{TRACKED_URL_TOUCH_2}}

Would love to share what's working for clinics in IL if you're open to it.

Best,
Hudson","https://abaclinics.clubemkt.digital/aba?lid={{LEAD_ID}}&utm_source=cold_email&utm_medium=email&utm_campaign=pilot-2026-09-25&utm_content=touch_2","Filling Crest Developmental Clinic's caseload (IL)","Hi Danielle,

I know you're busy running Crest Developmental Clinic. 

If patient intake or waitlist conversion isn't a priority right now, no worries at all. If you ever want to check our 2-minute fit assessment or look at the numbers, you can bookmark this link:

{{TRACKED_URL_TOUCH_3}}

Wishing you and the team continued success in Schaumburg!

Best,
Hudson","https://abaclinics.clubemkt.digital/aba?lid={{LEAD_ID}}&utm_source=cold_email&utm_medium=email&utm_campaign=pilot-2026-09-25&utm_content=touch_3"
"Crown ABA Services","Brandon Hunter","Brandon","bhunter@crownautismut.com","Layton","UT","2","pilot-2026-09-25","Quick question about Crown ABA Services's openings in UT","Hi Brandon,

I was looking at independent ABA practices in Layton and came across Crown ABA Services. 

A lot of clinic owners we talk to with 1–3 locations tell us their biggest bottleneck isn't clinical interest—it's getting predictable commercial-insurance & private-pay inquiries without giving up margins to PE aggregators.

We built an intake & patient growth system specifically for independent practices across your 2 locations. You can see how the intake flow and caseload matching work here:

{{TRACKED_URL_TOUCH_1}}

Do you have 15 minutes this Thursday or Friday to see if this fits your current openings?

Best,
Hudson Argollo
Gold Traffic / ABA Practice Growth","https://abaclinics.clubemkt.digital/aba?lid={{LEAD_ID}}&utm_source=cold_email&utm_medium=email&utm_campaign=pilot-2026-09-25&utm_content=touch_1","Re: Crown ABA Services's openings in UT","Hi Brandon,

Quick follow-up on my note from earlier this week.

When clinics expand or try to hire new BCBAs, keeping the waitlist warm and converting families at the exact moment a slot opens is usually what keeps rooms full.

We put together a 20-minute discovery breakdown for independent practices:
{{TRACKED_URL_TOUCH_2}}

Would love to share what's working for clinics in UT if you're open to it.

Best,
Hudson","https://abaclinics.clubemkt.digital/aba?lid={{LEAD_ID}}&utm_source=cold_email&utm_medium=email&utm_campaign=pilot-2026-09-25&utm_content=touch_2","Filling Crown ABA Services's caseload (UT)","Hi Brandon,

I know you're busy running Crown ABA Services. 

If patient intake or waitlist conversion isn't a priority right now, no worries at all. If you ever want to check our 2-minute fit assessment or look at the numbers, you can bookmark this link:

{{TRACKED_URL_TOUCH_3}}

Wishing you and the team continued success in Layton!

Best,
Hudson","https://abaclinics.clubemkt.digital/aba?lid={{LEAD_ID}}&utm_source=cold_email&utm_medium=email&utm_campaign=pilot-2026-09-25&utm_content=touch_3"
"Apex Autism & Behavioral Clinic","Amber Hicks","Amber","amber.hicks@apexbehavioralnj.com","Trenton","NJ","3","pilot-2026-09-25","Quick question about Apex Autism & Behavioral Clinic's openings in NJ","Hi Amber,

I was looking at independent ABA practices in Trenton and came across Apex Autism & Behavioral Clinic. 

A lot of clinic owners we talk to with 1–3 locations tell us their biggest bottleneck isn't clinical interest—it's getting predictable commercial-insurance & private-pay inquiries without giving up margins to PE aggregators.

We built an intake & patient growth system specifically for independent practices across your 3 locations. You can see how the intake flow and caseload matching work here:

{{TRACKED_URL_TOUCH_1}}

Do you have 15 minutes this Thursday or Friday to see if this fits your current openings?

Best,
Hudson Argollo
Gold Traffic / ABA Practice Growth","https://abaclinics.clubemkt.digital/aba?lid={{LEAD_ID}}&utm_source=cold_email&utm_medium=email&utm_campaign=pilot-2026-09-25&utm_content=touch_1","Re: Apex Autism & Behavioral Clinic's openings in NJ","Hi Amber,

Quick follow-up on my note from earlier this week.

When clinics expand or try to hire new BCBAs, keeping the waitlist warm and converting families at the exact moment a slot opens is usually what keeps rooms full.

We put together a 20-minute discovery breakdown for independent practices:
{{TRACKED_URL_TOUCH_2}}

Would love to share what's working for clinics in NJ if you're open to it.

Best,
Hudson","https://abaclinics.clubemkt.digital/aba?lid={{LEAD_ID}}&utm_source=cold_email&utm_medium=email&utm_campaign=pilot-2026-09-25&utm_content=touch_2","Filling Apex Autism & Behavioral Clinic's caseload (NJ)","Hi Amber,

I know you're busy running Apex Autism & Behavioral Clinic. 

If patient intake or waitlist conversion isn't a priority right now, no worries at all. If you ever want to check our 2-minute fit assessment or look at the numbers, you can bookmark this link:

{{TRACKED_URL_TOUCH_3}}

Wishing you and the team continued success in Trenton!

Best,
Hudson","https://abaclinics.clubemkt.digital/aba?lid={{LEAD_ID}}&utm_source=cold_email&utm_medium=email&utm_campaign=pilot-2026-09-25&utm_content=touch_3"
"Beacon Child Development Center","Jason Crawford","Jason","jcrawford@beaconabatx.com","Arlington","TX","4","pilot-2026-09-25","Quick question about Beacon Child Development Center's openings in TX","Hi Jason,

I was looking at independent ABA practices in Arlington and came across Beacon Child Development Center. 

A lot of clinic owners we talk to with 1–4 locations tell us their biggest bottleneck isn't clinical interest—it's getting predictable commercial-insurance & private-pay inquiries without giving up margins to PE aggregators.

We built an intake & patient growth system specifically for independent practices across your 4 locations. You can see how the intake flow and caseload matching work here:

{{TRACKED_URL_TOUCH_1}}

Do you have 15 minutes this Thursday or Friday to see if this fits your current openings?

Best,
Hudson Argollo
Gold Traffic / ABA Practice Growth","https://abaclinics.clubemkt.digital/aba?lid={{LEAD_ID}}&utm_source=cold_email&utm_medium=email&utm_campaign=pilot-2026-09-25&utm_content=touch_1","Re: Beacon Child Development Center's openings in TX","Hi Jason,

Quick follow-up on my note from earlier this week.

When clinics expand or try to hire new BCBAs, keeping the waitlist warm and converting families at the exact moment a slot opens is usually what keeps rooms full.

We put together a 20-minute discovery breakdown for independent practices:
{{TRACKED_URL_TOUCH_2}}

Would love to share what's working for clinics in TX if you're open to it.

Best,
Hudson","https://abaclinics.clubemkt.digital/aba?lid={{LEAD_ID}}&utm_source=cold_email&utm_medium=email&utm_campaign=pilot-2026-09-25&utm_content=touch_2","Filling Beacon Child Development Center's caseload (TX)","Hi Jason,

I know you're busy running Beacon Child Development Center. 

If patient intake or waitlist conversion isn't a priority right now, no worries at all. If you ever want to check our 2-minute fit assessment or look at the numbers, you can bookmark this link:

{{TRACKED_URL_TOUCH_3}}

Wishing you and the team continued success in Arlington!

Best,
Hudson","https://abaclinics.clubemkt.digital/aba?lid={{LEAD_ID}}&utm_source=cold_email&utm_medium=email&utm_campaign=pilot-2026-09-25&utm_content=touch_3"
"Blue Sky Behavior Analysis Partners","Brittany Henry","Brittany","brittany.henry@blueskyautismfl.org","Naples","FL","1","pilot-2026-09-25","Quick question about Blue Sky Behavior Analysis Partners's openings in FL","Hi Brittany,

I was looking at independent ABA practices in Naples and came across Blue Sky Behavior Analysis Partners. 

A lot of clinic owners we talk to with 1–3 locations tell us their biggest bottleneck isn't clinical interest—it's getting predictable commercial-insurance & private-pay inquiries without giving up margins to PE aggregators.

We built an intake & patient growth system specifically for independent practices at Blue Sky Behavior Analysis Partners. You can see how the intake flow and caseload matching work here:

{{TRACKED_URL_TOUCH_1}}

Do you have 15 minutes this Thursday or Friday to see if this fits your current openings?

Best,
Hudson Argollo
Gold Traffic / ABA Practice Growth","https://abaclinics.clubemkt.digital/aba?lid={{LEAD_ID}}&utm_source=cold_email&utm_medium=email&utm_campaign=pilot-2026-09-25&utm_content=touch_1","Re: Blue Sky Behavior Analysis Partners's openings in FL","Hi Brittany,

Quick follow-up on my note from earlier this week.

When clinics expand or try to hire new BCBAs, keeping the waitlist warm and converting families at the exact moment a slot opens is usually what keeps rooms full.

We put together a 20-minute discovery breakdown for independent practices:
{{TRACKED_URL_TOUCH_2}}

Would love to share what's working for clinics in FL if you're open to it.

Best,
Hudson","https://abaclinics.clubemkt.digital/aba?lid={{LEAD_ID}}&utm_source=cold_email&utm_medium=email&utm_campaign=pilot-2026-09-25&utm_content=touch_2","Filling Blue Sky Behavior Analysis Partners's caseload (FL)","Hi Brittany,

I know you're busy running Blue Sky Behavior Analysis Partners. 

If patient intake or waitlist conversion isn't a priority right now, no worries at all. If you ever want to check our 2-minute fit assessment or look at the numbers, you can bookmark this link:

{{TRACKED_URL_TOUCH_3}}

Wishing you and the team continued success in Naples!

Best,
Hudson","https://abaclinics.clubemkt.digital/aba?lid={{LEAD_ID}}&utm_source=cold_email&utm_medium=email&utm_campaign=pilot-2026-09-25&utm_content=touch_3"
"Bright Path Behavioral Care","Eric Boyd","Eric","eboyd@brightpathbehavioralca.com","Riverside","CA","2","pilot-2026-09-25","Quick question about Bright Path Behavioral Care's openings in CA","Hi Eric,

I was looking at independent ABA practices in Riverside and came across Bright Path Behavioral Care. 

A lot of clinic owners we talk to with 1–3 locations tell us their biggest bottleneck isn't clinical interest—it's getting predictable commercial-insurance & private-pay inquiries without giving up margins to PE aggregators.

We built an intake & patient growth system specifically for independent practices across your 2 locations. You can see how the intake flow and caseload matching work here:

{{TRACKED_URL_TOUCH_1}}

Do you have 15 minutes this Thursday or Friday to see if this fits your current openings?

Best,
Hudson Argollo
Gold Traffic / ABA Practice Growth","https://abaclinics.clubemkt.digital/aba?lid={{LEAD_ID}}&utm_source=cold_email&utm_medium=email&utm_campaign=pilot-2026-09-25&utm_content=touch_1","Re: Bright Path Behavioral Care's openings in CA","Hi Eric,

Quick follow-up on my note from earlier this week.

When clinics expand or try to hire new BCBAs, keeping the waitlist warm and converting families at the exact moment a slot opens is usually what keeps rooms full.

We put together a 20-minute discovery breakdown for independent practices:
{{TRACKED_URL_TOUCH_2}}

Would love to share what's working for clinics in CA if you're open to it.

Best,
Hudson","https://abaclinics.clubemkt.digital/aba?lid={{LEAD_ID}}&utm_source=cold_email&utm_medium=email&utm_campaign=pilot-2026-09-25&utm_content=touch_2","Filling Bright Path Behavioral Care's caseload (CA)","Hi Eric,

I know you're busy running Bright Path Behavioral Care. 

If patient intake or waitlist conversion isn't a priority right now, no worries at all. If you ever want to check our 2-minute fit assessment or look at the numbers, you can bookmark this link:

{{TRACKED_URL_TOUCH_3}}

Wishing you and the team continued success in Riverside!

Best,
Hudson","https://abaclinics.clubemkt.digital/aba?lid={{LEAD_ID}}&utm_source=cold_email&utm_medium=email&utm_campaign=pilot-2026-09-25&utm_content=touch_3"
"Clear Horizon Autism Horizons","Courtney Mason","Courtney","courtney.mason@clearhorizonabanc.com","Cary","NC","3","pilot-2026-09-25","Quick question about Clear Horizon Autism Horizons's openings in NC","Hi Courtney,

I was looking at independent ABA practices in Cary and came across Clear Horizon Autism Horizons. 

A lot of clinic owners we talk to with 1–3 locations tell us their biggest bottleneck isn't clinical interest—it's getting predictable commercial-insurance & private-pay inquiries without giving up margins to PE aggregators.

We built an intake & patient growth system specifically for independent practices across your 3 locations. You can see how the intake flow and caseload matching work here:

{{TRACKED_URL_TOUCH_1}}

Do you have 15 minutes this Thursday or Friday to see if this fits your current openings?

Best,
Hudson Argollo
Gold Traffic / ABA Practice Growth","https://abaclinics.clubemkt.digital/aba?lid={{LEAD_ID}}&utm_source=cold_email&utm_medium=email&utm_campaign=pilot-2026-09-25&utm_content=touch_1","Re: Clear Horizon Autism Horizons's openings in NC","Hi Courtney,

Quick follow-up on my note from earlier this week.

When clinics expand or try to hire new BCBAs, keeping the waitlist warm and converting families at the exact moment a slot opens is usually what keeps rooms full.

We put together a 20-minute discovery breakdown for independent practices:
{{TRACKED_URL_TOUCH_2}}

Would love to share what's working for clinics in NC if you're open to it.

Best,
Hudson","https://abaclinics.clubemkt.digital/aba?lid={{LEAD_ID}}&utm_source=cold_email&utm_medium=email&utm_campaign=pilot-2026-09-25&utm_content=touch_2","Filling Clear Horizon Autism Horizons's caseload (NC)","Hi Courtney,

I know you're busy running Clear Horizon Autism Horizons. 

If patient intake or waitlist conversion isn't a priority right now, no worries at all. If you ever want to check our 2-minute fit assessment or look at the numbers, you can bookmark this link:

{{TRACKED_URL_TOUCH_3}}

Wishing you and the team continued success in Cary!

Best,
Hudson","https://abaclinics.clubemkt.digital/aba?lid={{LEAD_ID}}&utm_source=cold_email&utm_medium=email&utm_campaign=pilot-2026-09-25&utm_content=touch_3"
"Compass Therapy & Learning Center","Jonathan Morales","Jonathan","jmorales@compassautismga.com","Johns Creek","GA","4","pilot-2026-09-25","Quick question about Compass Therapy & Learning Center's openings in GA","Hi Jonathan,

I was looking at independent ABA practices in Johns Creek and came across Compass Therapy & Learning Center. 

A lot of clinic owners we talk to with 1–4 locations tell us their biggest bottleneck isn't clinical interest—it's getting predictable commercial-insurance & private-pay inquiries without giving up margins to PE aggregators.

We built an intake & patient growth system specifically for independent practices across your 4 locations. You can see how the intake flow and caseload matching work here:

{{TRACKED_URL_TOUCH_1}}

Do you have 15 minutes this Thursday or Friday to see if this fits your current openings?

Best,
Hudson Argollo
Gold Traffic / ABA Practice Growth","https://abaclinics.clubemkt.digital/aba?lid={{LEAD_ID}}&utm_source=cold_email&utm_medium=email&utm_campaign=pilot-2026-09-25&utm_content=touch_1","Re: Compass Therapy & Learning Center's openings in GA","Hi Jonathan,

Quick follow-up on my note from earlier this week.

When clinics expand or try to hire new BCBAs, keeping the waitlist warm and converting families at the exact moment a slot opens is usually what keeps rooms full.

We put together a 20-minute discovery breakdown for independent practices:
{{TRACKED_URL_TOUCH_2}}

Would love to share what's working for clinics in GA if you're open to it.

Best,
Hudson","https://abaclinics.clubemkt.digital/aba?lid={{LEAD_ID}}&utm_source=cold_email&utm_medium=email&utm_campaign=pilot-2026-09-25&utm_content=touch_2","Filling Compass Therapy & Learning Center's caseload (GA)","Hi Jonathan,

I know you're busy running Compass Therapy & Learning Center. 

If patient intake or waitlist conversion isn't a priority right now, no worries at all. If you ever want to check our 2-minute fit assessment or look at the numbers, you can bookmark this link:

{{TRACKED_URL_TOUCH_3}}

Wishing you and the team continued success in Johns Creek!

Best,
Hudson","https://abaclinics.clubemkt.digital/aba?lid={{LEAD_ID}}&utm_source=cold_email&utm_medium=email&utm_campaign=pilot-2026-09-25&utm_content=touch_3"
"Crestview Behavioral Interventions","Tiffany Kennedy","Tiffany","tiffany.kennedy@crestviewbehavioralco.com","Lakewood","CO","1","pilot-2026-09-25","Quick question about Crestview Behavioral Interventions's openings in CO","Hi Tiffany,

I was looking at independent ABA practices in Lakewood and came across Crestview Behavioral Interventions. 

A lot of clinic owners we talk to with 1–3 locations tell us their biggest bottleneck isn't clinical interest—it's getting predictable commercial-insurance & private-pay inquiries without giving up margins to PE aggregators.

We built an intake & patient growth system specifically for independent practices at Crestview Behavioral Interventions. You can see how the intake flow and caseload matching work here:

{{TRACKED_URL_TOUCH_1}}

Do you have 15 minutes this Thursday or Friday to see if this fits your current openings?

Best,
Hudson Argollo
Gold Traffic / ABA Practice Growth","https://abaclinics.clubemkt.digital/aba?lid={{LEAD_ID}}&utm_source=cold_email&utm_medium=email&utm_campaign=pilot-2026-09-25&utm_content=touch_1","Re: Crestview Behavioral Interventions's openings in CO","Hi Tiffany,

Quick follow-up on my note from earlier this week.

When clinics expand or try to hire new BCBAs, keeping the waitlist warm and converting families at the exact moment a slot opens is usually what keeps rooms full.

We put together a 20-minute discovery breakdown for independent practices:
{{TRACKED_URL_TOUCH_2}}

Would love to share what's working for clinics in CO if you're open to it.

Best,
Hudson","https://abaclinics.clubemkt.digital/aba?lid={{LEAD_ID}}&utm_source=cold_email&utm_medium=email&utm_campaign=pilot-2026-09-25&utm_content=touch_2","Filling Crestview Behavioral Interventions's caseload (CO)","Hi Tiffany,

I know you're busy running Crestview Behavioral Interventions. 

If patient intake or waitlist conversion isn't a priority right now, no worries at all. If you ever want to check our 2-minute fit assessment or look at the numbers, you can bookmark this link:

{{TRACKED_URL_TOUCH_3}}

Wishing you and the team continued success in Lakewood!

Best,
Hudson","https://abaclinics.clubemkt.digital/aba?lid={{LEAD_ID}}&utm_source=cold_email&utm_medium=email&utm_campaign=pilot-2026-09-25&utm_content=touch_3"
"Discovery Autism Center","Tyler Warren","Tyler","twarren@discoveryabava.org","Alexandria","VA","2","pilot-2026-09-25","Quick question about Discovery Autism Center's openings in VA","Hi Tyler,

I was looking at independent ABA practices in Alexandria and came across Discovery Autism Center. 

A lot of clinic owners we talk to with 1–3 locations tell us their biggest bottleneck isn't clinical interest—it's getting predictable commercial-insurance & private-pay inquiries without giving up margins to PE aggregators.

We built an intake & patient growth system specifically for independent practices across your 2 locations. You can see how the intake flow and caseload matching work here:

{{TRACKED_URL_TOUCH_1}}

Do you have 15 minutes this Thursday or Friday to see if this fits your current openings?

Best,
Hudson Argollo
Gold Traffic / ABA Practice Growth","https://abaclinics.clubemkt.digital/aba?lid={{LEAD_ID}}&utm_source=cold_email&utm_medium=email&utm_campaign=pilot-2026-09-25&utm_content=touch_1","Re: Discovery Autism Center's openings in VA","Hi Tyler,

Quick follow-up on my note from earlier this week.

When clinics expand or try to hire new BCBAs, keeping the waitlist warm and converting families at the exact moment a slot opens is usually what keeps rooms full.

We put together a 20-minute discovery breakdown for independent practices:
{{TRACKED_URL_TOUCH_2}}

Would love to share what's working for clinics in VA if you're open to it.

Best,
Hudson","https://abaclinics.clubemkt.digital/aba?lid={{LEAD_ID}}&utm_source=cold_email&utm_medium=email&utm_campaign=pilot-2026-09-25&utm_content=touch_2","Filling Discovery Autism Center's caseload (VA)","Hi Tyler,

I know you're busy running Discovery Autism Center. 

If patient intake or waitlist conversion isn't a priority right now, no worries at all. If you ever want to check our 2-minute fit assessment or look at the numbers, you can bookmark this link:

{{TRACKED_URL_TOUCH_3}}

Wishing you and the team continued success in Alexandria!

Best,
Hudson","https://abaclinics.clubemkt.digital/aba?lid={{LEAD_ID}}&utm_source=cold_email&utm_medium=email&utm_campaign=pilot-2026-09-25&utm_content=touch_3"
"Elevate ABA Therapy Group","Christine Dixon","Christine","christine.dixon@elevateautismmd.com","Annapolis","MD","3","pilot-2026-09-25","Quick question about Elevate ABA Therapy Group's openings in MD","Hi Christine,

I was looking at independent ABA practices in Annapolis and came across Elevate ABA Therapy Group. 

A lot of clinic owners we talk to with 1–3 locations tell us their biggest bottleneck isn't clinical interest—it's getting predictable commercial-insurance & private-pay inquiries without giving up margins to PE aggregators.

We built an intake & patient growth system specifically for independent practices across your 3 locations. You can see how the intake flow and caseload matching work here:

{{TRACKED_URL_TOUCH_1}}

Do you have 15 minutes this Thursday or Friday to see if this fits your current openings?

Best,
Hudson Argollo
Gold Traffic / ABA Practice Growth","https://abaclinics.clubemkt.digital/aba?lid={{LEAD_ID}}&utm_source=cold_email&utm_medium=email&utm_campaign=pilot-2026-09-25&utm_content=touch_1","Re: Elevate ABA Therapy Group's openings in MD","Hi Christine,

Quick follow-up on my note from earlier this week.

When clinics expand or try to hire new BCBAs, keeping the waitlist warm and converting families at the exact moment a slot opens is usually what keeps rooms full.

We put together a 20-minute discovery breakdown for independent practices:
{{TRACKED_URL_TOUCH_2}}

Would love to share what's working for clinics in MD if you're open to it.

Best,
Hudson","https://abaclinics.clubemkt.digital/aba?lid={{LEAD_ID}}&utm_source=cold_email&utm_medium=email&utm_campaign=pilot-2026-09-25&utm_content=touch_2","Filling Elevate ABA Therapy Group's caseload (MD)","Hi Christine,

I know you're busy running Elevate ABA Therapy Group. 

If patient intake or waitlist conversion isn't a priority right now, no worries at all. If you ever want to check our 2-minute fit assessment or look at the numbers, you can bookmark this link:

{{TRACKED_URL_TOUCH_3}}

Wishing you and the team continued success in Annapolis!

Best,
Hudson","https://abaclinics.clubemkt.digital/aba?lid={{LEAD_ID}}&utm_source=cold_email&utm_medium=email&utm_campaign=pilot-2026-09-25&utm_content=touch_3"
"Empower Behavioral Solutions","Nicholas Ramos","Nicholas","nramos@empowerbehavioralil.com","Peoria","IL","4","pilot-2026-09-25","Quick question about Empower Behavioral Solutions's openings in IL","Hi Nicholas,

I was looking at independent ABA practices in Peoria and came across Empower Behavioral Solutions. 

A lot of clinic owners we talk to with 1–4 locations tell us their biggest bottleneck isn't clinical interest—it's getting predictable commercial-insurance & private-pay inquiries without giving up margins to PE aggregators.

We built an intake & patient growth system specifically for independent practices across your 4 locations. You can see how the intake flow and caseload matching work here:

{{TRACKED_URL_TOUCH_1}}

Do you have 15 minutes this Thursday or Friday to see if this fits your current openings?

Best,
Hudson Argollo
Gold Traffic / ABA Practice Growth","https://abaclinics.clubemkt.digital/aba?lid={{LEAD_ID}}&utm_source=cold_email&utm_medium=email&utm_campaign=pilot-2026-09-25&utm_content=touch_1","Re: Empower Behavioral Solutions's openings in IL","Hi Nicholas,

Quick follow-up on my note from earlier this week.

When clinics expand or try to hire new BCBAs, keeping the waitlist warm and converting families at the exact moment a slot opens is usually what keeps rooms full.

We put together a 20-minute discovery breakdown for independent practices:
{{TRACKED_URL_TOUCH_2}}

Would love to share what's working for clinics in IL if you're open to it.

Best,
Hudson","https://abaclinics.clubemkt.digital/aba?lid={{LEAD_ID}}&utm_source=cold_email&utm_medium=email&utm_campaign=pilot-2026-09-25&utm_content=touch_2","Filling Empower Behavioral Solutions's caseload (IL)","Hi Nicholas,

I know you're busy running Empower Behavioral Solutions. 

If patient intake or waitlist conversion isn't a priority right now, no worries at all. If you ever want to check our 2-minute fit assessment or look at the numbers, you can bookmark this link:

{{TRACKED_URL_TOUCH_3}}

Wishing you and the team continued success in Peoria!

Best,
Hudson","https://abaclinics.clubemkt.digital/aba?lid={{LEAD_ID}}&utm_source=cold_email&utm_medium=email&utm_campaign=pilot-2026-09-25&utm_content=touch_3"
"Endeavor Autism Services","Alyssa Reyes","Alyssa","alyssa.reyes@endeavorabaut.com","South Jordan","UT","1","pilot-2026-09-25","Quick question about Endeavor Autism Services's openings in UT","Hi Alyssa,

I was looking at independent ABA practices in South Jordan and came across Endeavor Autism Services. 

A lot of clinic owners we talk to with 1–3 locations tell us their biggest bottleneck isn't clinical interest—it's getting predictable commercial-insurance & private-pay inquiries without giving up margins to PE aggregators.

We built an intake & patient growth system specifically for independent practices at Endeavor Autism Services. You can see how the intake flow and caseload matching work here:

{{TRACKED_URL_TOUCH_1}}

Do you have 15 minutes this Thursday or Friday to see if this fits your current openings?

Best,
Hudson Argollo
Gold Traffic / ABA Practice Growth","https://abaclinics.clubemkt.digital/aba?lid={{LEAD_ID}}&utm_source=cold_email&utm_medium=email&utm_campaign=pilot-2026-09-25&utm_content=touch_1","Re: Endeavor Autism Services's openings in UT","Hi Alyssa,

Quick follow-up on my note from earlier this week.

When clinics expand or try to hire new BCBAs, keeping the waitlist warm and converting families at the exact moment a slot opens is usually what keeps rooms full.

We put together a 20-minute discovery breakdown for independent practices:
{{TRACKED_URL_TOUCH_2}}

Would love to share what's working for clinics in UT if you're open to it.

Best,
Hudson","https://abaclinics.clubemkt.digital/aba?lid={{LEAD_ID}}&utm_source=cold_email&utm_medium=email&utm_campaign=pilot-2026-09-25&utm_content=touch_2","Filling Endeavor Autism Services's caseload (UT)","Hi Alyssa,

I know you're busy running Endeavor Autism Services. 

If patient intake or waitlist conversion isn't a priority right now, no worries at all. If you ever want to check our 2-minute fit assessment or look at the numbers, you can bookmark this link:

{{TRACKED_URL_TOUCH_3}}

Wishing you and the team continued success in South Jordan!

Best,
Hudson","https://abaclinics.clubemkt.digital/aba?lid={{LEAD_ID}}&utm_source=cold_email&utm_medium=email&utm_campaign=pilot-2026-09-25&utm_content=touch_3"
"Enrich Behavioral Health","Jacob Jenkins","Jacob","jjenkins@enrichautismnj.com","Clifton","NJ","2","pilot-2026-09-25","Quick question about Enrich Behavioral Health's openings in NJ","Hi Jacob,

I was looking at independent ABA practices in Clifton and came across Enrich Behavioral Health. 

A lot of clinic owners we talk to with 1–3 locations tell us their biggest bottleneck isn't clinical interest—it's getting predictable commercial-insurance & private-pay inquiries without giving up margins to PE aggregators.

We built an intake & patient growth system specifically for independent practices across your 2 locations. You can see how the intake flow and caseload matching work here:

{{TRACKED_URL_TOUCH_1}}

Do you have 15 minutes this Thursday or Friday to see if this fits your current openings?

Best,
Hudson Argollo
Gold Traffic / ABA Practice Growth","https://abaclinics.clubemkt.digital/aba?lid={{LEAD_ID}}&utm_source=cold_email&utm_medium=email&utm_campaign=pilot-2026-09-25&utm_content=touch_1","Re: Enrich Behavioral Health's openings in NJ","Hi Jacob,

Quick follow-up on my note from earlier this week.

When clinics expand or try to hire new BCBAs, keeping the waitlist warm and converting families at the exact moment a slot opens is usually what keeps rooms full.

We put together a 20-minute discovery breakdown for independent practices:
{{TRACKED_URL_TOUCH_2}}

Would love to share what's working for clinics in NJ if you're open to it.

Best,
Hudson","https://abaclinics.clubemkt.digital/aba?lid={{LEAD_ID}}&utm_source=cold_email&utm_medium=email&utm_campaign=pilot-2026-09-25&utm_content=touch_2","Filling Enrich Behavioral Health's caseload (NJ)","Hi Jacob,

I know you're busy running Enrich Behavioral Health. 

If patient intake or waitlist conversion isn't a priority right now, no worries at all. If you ever want to check our 2-minute fit assessment or look at the numbers, you can bookmark this link:

{{TRACKED_URL_TOUCH_3}}

Wishing you and the team continued success in Clifton!

Best,
Hudson","https://abaclinics.clubemkt.digital/aba?lid={{LEAD_ID}}&utm_source=cold_email&utm_medium=email&utm_campaign=pilot-2026-09-25&utm_content=touch_3"
"Forward Therapy Associates","Hannah Vance","Hannah","hannah.vance@forwardbehavioraltx.org","Plano","TX","3","pilot-2026-09-25","Quick question about Forward Therapy Associates's openings in TX","Hi Hannah,

I was looking at independent ABA practices in Plano and came across Forward Therapy Associates. 

A lot of clinic owners we talk to with 1–3 locations tell us their biggest bottleneck isn't clinical interest—it's getting predictable commercial-insurance & private-pay inquiries without giving up margins to PE aggregators.

We built an intake & patient growth system specifically for independent practices across your 3 locations. You can see how the intake flow and caseload matching work here:

{{TRACKED_URL_TOUCH_1}}

Do you have 15 minutes this Thursday or Friday to see if this fits your current openings?

Best,
Hudson Argollo
Gold Traffic / ABA Practice Growth","https://abaclinics.clubemkt.digital/aba?lid={{LEAD_ID}}&utm_source=cold_email&utm_medium=email&utm_campaign=pilot-2026-09-25&utm_content=touch_1","Re: Forward Therapy Associates's openings in TX","Hi Hannah,

Quick follow-up on my note from earlier this week.

When clinics expand or try to hire new BCBAs, keeping the waitlist warm and converting families at the exact moment a slot opens is usually what keeps rooms full.

We put together a 20-minute discovery breakdown for independent practices:
{{TRACKED_URL_TOUCH_2}}

Would love to share what's working for clinics in TX if you're open to it.

Best,
Hudson","https://abaclinics.clubemkt.digital/aba?lid={{LEAD_ID}}&utm_source=cold_email&utm_medium=email&utm_campaign=pilot-2026-09-25&utm_content=touch_2","Filling Forward Therapy Associates's caseload (TX)","Hi Hannah,

I know you're busy running Forward Therapy Associates. 

If patient intake or waitlist conversion isn't a priority right now, no worries at all. If you ever want to check our 2-minute fit assessment or look at the numbers, you can bookmark this link:

{{TRACKED_URL_TOUCH_3}}

Wishing you and the team continued success in Plano!

Best,
Hudson","https://abaclinics.clubemkt.digital/aba?lid={{LEAD_ID}}&utm_source=cold_email&utm_medium=email&utm_campaign=pilot-2026-09-25&utm_content=touch_3"
"Foundation Developmental Clinic","Austin Rostova","Austin","arostova@foundationabafl.com","Boca Raton","FL","4","pilot-2026-09-25","Quick question about Foundation Developmental Clinic's openings in FL","Hi Austin,

I was looking at independent ABA practices in Boca Raton and came across Foundation Developmental Clinic. 

A lot of clinic owners we talk to with 1–4 locations tell us their biggest bottleneck isn't clinical interest—it's getting predictable commercial-insurance & private-pay inquiries without giving up margins to PE aggregators.

We built an intake & patient growth system specifically for independent practices across your 4 locations. You can see how the intake flow and caseload matching work here:

{{TRACKED_URL_TOUCH_1}}

Do you have 15 minutes this Thursday or Friday to see if this fits your current openings?

Best,
Hudson Argollo
Gold Traffic / ABA Practice Growth","https://abaclinics.clubemkt.digital/aba?lid={{LEAD_ID}}&utm_source=cold_email&utm_medium=email&utm_campaign=pilot-2026-09-25&utm_content=touch_1","Re: Foundation Developmental Clinic's openings in FL","Hi Austin,

Quick follow-up on my note from earlier this week.

When clinics expand or try to hire new BCBAs, keeping the waitlist warm and converting families at the exact moment a slot opens is usually what keeps rooms full.

We put together a 20-minute discovery breakdown for independent practices:
{{TRACKED_URL_TOUCH_2}}

Would love to share what's working for clinics in FL if you're open to it.

Best,
Hudson","https://abaclinics.clubemkt.digital/aba?lid={{LEAD_ID}}&utm_source=cold_email&utm_medium=email&utm_campaign=pilot-2026-09-25&utm_content=touch_2","Filling Foundation Developmental Clinic's caseload (FL)","Hi Austin,

I know you're busy running Foundation Developmental Clinic. 

If patient intake or waitlist conversion isn't a priority right now, no worries at all. If you ever want to check our 2-minute fit assessment or look at the numbers, you can bookmark this link:

{{TRACKED_URL_TOUCH_3}}

Wishing you and the team continued success in Boca Raton!

Best,
Hudson","https://abaclinics.clubemkt.digital/aba?lid={{LEAD_ID}}&utm_source=cold_email&utm_medium=email&utm_campaign=pilot-2026-09-25&utm_content=touch_3"
"Grace ABA Services","Taylor Miller","Taylor","taylor.miller@graceautismca.com","Bakersfield","CA","1","pilot-2026-09-25","Quick question about Grace ABA Services's openings in CA","Hi Taylor,

I was looking at independent ABA practices in Bakersfield and came across Grace ABA Services. 

A lot of clinic owners we talk to with 1–3 locations tell us their biggest bottleneck isn't clinical interest—it's getting predictable commercial-insurance & private-pay inquiries without giving up margins to PE aggregators.

We built an intake & patient growth system specifically for independent practices at Grace ABA Services. You can see how the intake flow and caseload matching work here:

{{TRACKED_URL_TOUCH_1}}

Do you have 15 minutes this Thursday or Friday to see if this fits your current openings?

Best,
Hudson Argollo
Gold Traffic / ABA Practice Growth","https://abaclinics.clubemkt.digital/aba?lid={{LEAD_ID}}&utm_source=cold_email&utm_medium=email&utm_campaign=pilot-2026-09-25&utm_content=touch_1","Re: Grace ABA Services's openings in CA","Hi Taylor,

Quick follow-up on my note from earlier this week.

When clinics expand or try to hire new BCBAs, keeping the waitlist warm and converting families at the exact moment a slot opens is usually what keeps rooms full.

We put together a 20-minute discovery breakdown for independent practices:
{{TRACKED_URL_TOUCH_2}}

Would love to share what's working for clinics in CA if you're open to it.

Best,
Hudson","https://abaclinics.clubemkt.digital/aba?lid={{LEAD_ID}}&utm_source=cold_email&utm_medium=email&utm_campaign=pilot-2026-09-25&utm_content=touch_2","Filling Grace ABA Services's caseload (CA)","Hi Taylor,

I know you're busy running Grace ABA Services. 

If patient intake or waitlist conversion isn't a priority right now, no worries at all. If you ever want to check our 2-minute fit assessment or look at the numbers, you can bookmark this link:

{{TRACKED_URL_TOUCH_3}}

Wishing you and the team continued success in Bakersfield!

Best,
Hudson","https://abaclinics.clubemkt.digital/aba?lid={{LEAD_ID}}&utm_source=cold_email&utm_medium=email&utm_campaign=pilot-2026-09-25&utm_content=touch_3"
"Growth Point Autism & Behavioral Clinic","Alexander Adams","Alexander","aadams@growthpointbehavioralnc.com","Fayetteville","NC","2","pilot-2026-09-25","Quick question about Growth Point Autism & Behavioral Clinic's openings in NC","Hi Alexander,

I was looking at independent ABA practices in Fayetteville and came across Growth Point Autism & Behavioral Clinic. 

A lot of clinic owners we talk to with 1–3 locations tell us their biggest bottleneck isn't clinical interest—it's getting predictable commercial-insurance & private-pay inquiries without giving up margins to PE aggregators.

We built an intake & patient growth system specifically for independent practices across your 2 locations. You can see how the intake flow and caseload matching work here:

{{TRACKED_URL_TOUCH_1}}

Do you have 15 minutes this Thursday or Friday to see if this fits your current openings?

Best,
Hudson Argollo
Gold Traffic / ABA Practice Growth","https://abaclinics.clubemkt.digital/aba?lid={{LEAD_ID}}&utm_source=cold_email&utm_medium=email&utm_campaign=pilot-2026-09-25&utm_content=touch_1","Re: Growth Point Autism & Behavioral Clinic's openings in NC","Hi Alexander,

Quick follow-up on my note from earlier this week.

When clinics expand or try to hire new BCBAs, keeping the waitlist warm and converting families at the exact moment a slot opens is usually what keeps rooms full.

We put together a 20-minute discovery breakdown for independent practices:
{{TRACKED_URL_TOUCH_2}}

Would love to share what's working for clinics in NC if you're open to it.

Best,
Hudson","https://abaclinics.clubemkt.digital/aba?lid={{LEAD_ID}}&utm_source=cold_email&utm_medium=email&utm_campaign=pilot-2026-09-25&utm_content=touch_2","Filling Growth Point Autism & Behavioral Clinic's caseload (NC)","Hi Alexander,

I know you're busy running Growth Point Autism & Behavioral Clinic. 

If patient intake or waitlist conversion isn't a priority right now, no worries at all. If you ever want to check our 2-minute fit assessment or look at the numbers, you can bookmark this link:

{{TRACKED_URL_TOUCH_3}}

Wishing you and the team continued success in Fayetteville!

Best,
Hudson","https://abaclinics.clubemkt.digital/aba?lid={{LEAD_ID}}&utm_source=cold_email&utm_medium=email&utm_campaign=pilot-2026-09-25&utm_content=touch_3"
"Harbor Child Development Center","Kayla Patel","Kayla","kayla.patel@harborabaga.com","Roswell","GA","3","pilot-2026-09-25","Quick question about Harbor Child Development Center's openings in GA","Hi Kayla,

I was looking at independent ABA practices in Roswell and came across Harbor Child Development Center. 

A lot of clinic owners we talk to with 1–3 locations tell us their biggest bottleneck isn't clinical interest—it's getting predictable commercial-insurance & private-pay inquiries without giving up margins to PE aggregators.

We built an intake & patient growth system specifically for independent practices across your 3 locations. You can see how the intake flow and caseload matching work here:

{{TRACKED_URL_TOUCH_1}}

Do you have 15 minutes this Thursday or Friday to see if this fits your current openings?

Best,
Hudson Argollo
Gold Traffic / ABA Practice Growth","https://abaclinics.clubemkt.digital/aba?lid={{LEAD_ID}}&utm_source=cold_email&utm_medium=email&utm_campaign=pilot-2026-09-25&utm_content=touch_1","Re: Harbor Child Development Center's openings in GA","Hi Kayla,

Quick follow-up on my note from earlier this week.

When clinics expand or try to hire new BCBAs, keeping the waitlist warm and converting families at the exact moment a slot opens is usually what keeps rooms full.

We put together a 20-minute discovery breakdown for independent practices:
{{TRACKED_URL_TOUCH_2}}

Would love to share what's working for clinics in GA if you're open to it.

Best,
Hudson","https://abaclinics.clubemkt.digital/aba?lid={{LEAD_ID}}&utm_source=cold_email&utm_medium=email&utm_campaign=pilot-2026-09-25&utm_content=touch_2","Filling Harbor Child Development Center's caseload (GA)","Hi Kayla,

I know you're busy running Harbor Child Development Center. 

If patient intake or waitlist conversion isn't a priority right now, no worries at all. If you ever want to check our 2-minute fit assessment or look at the numbers, you can bookmark this link:

{{TRACKED_URL_TOUCH_3}}

Wishing you and the team continued success in Roswell!

Best,
Hudson","https://abaclinics.clubemkt.digital/aba?lid={{LEAD_ID}}&utm_source=cold_email&utm_medium=email&utm_campaign=pilot-2026-09-25&utm_content=touch_3"
"Harmony Behavior Analysis Partners","Benjamin Hughes","Benjamin","bhughes@harmonyautismco.org","Boulder","CO","4","pilot-2026-09-25","Quick question about Harmony Behavior Analysis Partners's openings in CO","Hi Benjamin,

I was looking at independent ABA practices in Boulder and came across Harmony Behavior Analysis Partners. 

A lot of clinic owners we talk to with 1–4 locations tell us their biggest bottleneck isn't clinical interest—it's getting predictable commercial-insurance & private-pay inquiries without giving up margins to PE aggregators.

We built an intake & patient growth system specifically for independent practices across your 4 locations. You can see how the intake flow and caseload matching work here:

{{TRACKED_URL_TOUCH_1}}

Do you have 15 minutes this Thursday or Friday to see if this fits your current openings?

Best,
Hudson Argollo
Gold Traffic / ABA Practice Growth","https://abaclinics.clubemkt.digital/aba?lid={{LEAD_ID}}&utm_source=cold_email&utm_medium=email&utm_campaign=pilot-2026-09-25&utm_content=touch_1","Re: Harmony Behavior Analysis Partners's openings in CO","Hi Benjamin,

Quick follow-up on my note from earlier this week.

When clinics expand or try to hire new BCBAs, keeping the waitlist warm and converting families at the exact moment a slot opens is usually what keeps rooms full.

We put together a 20-minute discovery breakdown for independent practices:
{{TRACKED_URL_TOUCH_2}}

Would love to share what's working for clinics in CO if you're open to it.

Best,
Hudson","https://abaclinics.clubemkt.digital/aba?lid={{LEAD_ID}}&utm_source=cold_email&utm_medium=email&utm_campaign=pilot-2026-09-25&utm_content=touch_2","Filling Harmony Behavior Analysis Partners's caseload (CO)","Hi Benjamin,

I know you're busy running Harmony Behavior Analysis Partners. 

If patient intake or waitlist conversion isn't a priority right now, no worries at all. If you ever want to check our 2-minute fit assessment or look at the numbers, you can bookmark this link:

{{TRACKED_URL_TOUCH_3}}

Wishing you and the team continued success in Boulder!

Best,
Hudson","https://abaclinics.clubemkt.digital/aba?lid={{LEAD_ID}}&utm_source=cold_email&utm_medium=email&utm_campaign=pilot-2026-09-25&utm_content=touch_3"
"Haven Behavioral Care","Alexis Scott","Alexis","alexis.scott@havenbehavioralva.com","Roanoke","VA","1","pilot-2026-09-25","Quick question about Haven Behavioral Care's openings in VA","Hi Alexis,

I was looking at independent ABA practices in Roanoke and came across Haven Behavioral Care. 

A lot of clinic owners we talk to with 1–3 locations tell us their biggest bottleneck isn't clinical interest—it's getting predictable commercial-insurance & private-pay inquiries without giving up margins to PE aggregators.

We built an intake & patient growth system specifically for independent practices at Haven Behavioral Care. You can see how the intake flow and caseload matching work here:

{{TRACKED_URL_TOUCH_1}}

Do you have 15 minutes this Thursday or Friday to see if this fits your current openings?

Best,
Hudson Argollo
Gold Traffic / ABA Practice Growth","https://abaclinics.clubemkt.digital/aba?lid={{LEAD_ID}}&utm_source=cold_email&utm_medium=email&utm_campaign=pilot-2026-09-25&utm_content=touch_1","Re: Haven Behavioral Care's openings in VA","Hi Alexis,

Quick follow-up on my note from earlier this week.

When clinics expand or try to hire new BCBAs, keeping the waitlist warm and converting families at the exact moment a slot opens is usually what keeps rooms full.

We put together a 20-minute discovery breakdown for independent practices:
{{TRACKED_URL_TOUCH_2}}

Would love to share what's working for clinics in VA if you're open to it.

Best,
Hudson","https://abaclinics.clubemkt.digital/aba?lid={{LEAD_ID}}&utm_source=cold_email&utm_medium=email&utm_campaign=pilot-2026-09-25&utm_content=touch_2","Filling Haven Behavioral Care's caseload (VA)","Hi Alexis,

I know you're busy running Haven Behavioral Care. 

If patient intake or waitlist conversion isn't a priority right now, no worries at all. If you ever want to check our 2-minute fit assessment or look at the numbers, you can bookmark this link:

{{TRACKED_URL_TOUCH_3}}

Wishing you and the team continued success in Roanoke!

Best,
Hudson","https://abaclinics.clubemkt.digital/aba?lid={{LEAD_ID}}&utm_source=cold_email&utm_medium=email&utm_campaign=pilot-2026-09-25&utm_content=touch_3"
"Heartland Autism Horizons","Christian Walker","Christian","cwalker@heartlandabamd.com","Bowie","MD","2","pilot-2026-09-25","Quick question about Heartland Autism Horizons's openings in MD","Hi Christian,

I was looking at independent ABA practices in Bowie and came across Heartland Autism Horizons. 

A lot of clinic owners we talk to with 1–3 locations tell us their biggest bottleneck isn't clinical interest—it's getting predictable commercial-insurance & private-pay inquiries without giving up margins to PE aggregators.

We built an intake & patient growth system specifically for independent practices across your 2 locations. You can see how the intake flow and caseload matching work here:

{{TRACKED_URL_TOUCH_1}}

Do you have 15 minutes this Thursday or Friday to see if this fits your current openings?

Best,
Hudson Argollo
Gold Traffic / ABA Practice Growth","https://abaclinics.clubemkt.digital/aba?lid={{LEAD_ID}}&utm_source=cold_email&utm_medium=email&utm_campaign=pilot-2026-09-25&utm_content=touch_1","Re: Heartland Autism Horizons's openings in MD","Hi Christian,

Quick follow-up on my note from earlier this week.

When clinics expand or try to hire new BCBAs, keeping the waitlist warm and converting families at the exact moment a slot opens is usually what keeps rooms full.

We put together a 20-minute discovery breakdown for independent practices:
{{TRACKED_URL_TOUCH_2}}

Would love to share what's working for clinics in MD if you're open to it.

Best,
Hudson","https://abaclinics.clubemkt.digital/aba?lid={{LEAD_ID}}&utm_source=cold_email&utm_medium=email&utm_campaign=pilot-2026-09-25&utm_content=touch_2","Filling Heartland Autism Horizons's caseload (MD)","Hi Christian,

I know you're busy running Heartland Autism Horizons. 

If patient intake or waitlist conversion isn't a priority right now, no worries at all. If you ever want to check our 2-minute fit assessment or look at the numbers, you can bookmark this link:

{{TRACKED_URL_TOUCH_3}}

Wishing you and the team continued success in Bowie!

Best,
Hudson","https://abaclinics.clubemkt.digital/aba?lid={{LEAD_ID}}&utm_source=cold_email&utm_medium=email&utm_campaign=pilot-2026-09-25&utm_content=touch_3"
"Heritage Therapy & Learning Center","Victoria Bennett","Victoria","victoria.bennett@heritageautismil.com","Elgin","IL","3","pilot-2026-09-25","Quick question about Heritage Therapy & Learning Center's openings in IL","Hi Victoria,

I was looking at independent ABA practices in Elgin and came across Heritage Therapy & Learning Center. 

A lot of clinic owners we talk to with 1–3 locations tell us their biggest bottleneck isn't clinical interest—it's getting predictable commercial-insurance & private-pay inquiries without giving up margins to PE aggregators.

We built an intake & patient growth system specifically for independent practices across your 3 locations. You can see how the intake flow and caseload matching work here:

{{TRACKED_URL_TOUCH_1}}

Do you have 15 minutes this Thursday or Friday to see if this fits your current openings?

Best,
Hudson Argollo
Gold Traffic / ABA Practice Growth","https://abaclinics.clubemkt.digital/aba?lid={{LEAD_ID}}&utm_source=cold_email&utm_medium=email&utm_campaign=pilot-2026-09-25&utm_content=touch_1","Re: Heritage Therapy & Learning Center's openings in IL","Hi Victoria,

Quick follow-up on my note from earlier this week.

When clinics expand or try to hire new BCBAs, keeping the waitlist warm and converting families at the exact moment a slot opens is usually what keeps rooms full.

We put together a 20-minute discovery breakdown for independent practices:
{{TRACKED_URL_TOUCH_2}}

Would love to share what's working for clinics in IL if you're open to it.

Best,
Hudson","https://abaclinics.clubemkt.digital/aba?lid={{LEAD_ID}}&utm_source=cold_email&utm_medium=email&utm_campaign=pilot-2026-09-25&utm_content=touch_2","Filling Heritage Therapy & Learning Center's caseload (IL)","Hi Victoria,

I know you're busy running Heritage Therapy & Learning Center. 

If patient intake or waitlist conversion isn't a priority right now, no worries at all. If you ever want to check our 2-minute fit assessment or look at the numbers, you can bookmark this link:

{{TRACKED_URL_TOUCH_3}}

Wishing you and the team continued success in Elgin!

Best,
Hudson","https://abaclinics.clubemkt.digital/aba?lid={{LEAD_ID}}&utm_source=cold_email&utm_medium=email&utm_campaign=pilot-2026-09-25&utm_content=touch_3"
"Hope Behavioral Interventions","Samuel Hayes","Samuel","shayes@hopebehavioralut.com","Lehi","UT","4","pilot-2026-09-25","Quick question about Hope Behavioral Interventions's openings in UT","Hi Samuel,

I was looking at independent ABA practices in Lehi and came across Hope Behavioral Interventions. 

A lot of clinic owners we talk to with 1–4 locations tell us their biggest bottleneck isn't clinical interest—it's getting predictable commercial-insurance & private-pay inquiries without giving up margins to PE aggregators.

We built an intake & patient growth system specifically for independent practices across your 4 locations. You can see how the intake flow and caseload matching work here:

{{TRACKED_URL_TOUCH_1}}

Do you have 15 minutes this Thursday or Friday to see if this fits your current openings?

Best,
Hudson Argollo
Gold Traffic / ABA Practice Growth","https://abaclinics.clubemkt.digital/aba?lid={{LEAD_ID}}&utm_source=cold_email&utm_medium=email&utm_campaign=pilot-2026-09-25&utm_content=touch_1","Re: Hope Behavioral Interventions's openings in UT","Hi Samuel,

Quick follow-up on my note from earlier this week.

When clinics expand or try to hire new BCBAs, keeping the waitlist warm and converting families at the exact moment a slot opens is usually what keeps rooms full.

We put together a 20-minute discovery breakdown for independent practices:
{{TRACKED_URL_TOUCH_2}}

Would love to share what's working for clinics in UT if you're open to it.

Best,
Hudson","https://abaclinics.clubemkt.digital/aba?lid={{LEAD_ID}}&utm_source=cold_email&utm_medium=email&utm_campaign=pilot-2026-09-25&utm_content=touch_2","Filling Hope Behavioral Interventions's caseload (UT)","Hi Samuel,

I know you're busy running Hope Behavioral Interventions. 

If patient intake or waitlist conversion isn't a priority right now, no worries at all. If you ever want to check our 2-minute fit assessment or look at the numbers, you can bookmark this link:

{{TRACKED_URL_TOUCH_3}}

Wishing you and the team continued success in Lehi!

Best,
Hudson","https://abaclinics.clubemkt.digital/aba?lid={{LEAD_ID}}&utm_source=cold_email&utm_medium=email&utm_campaign=pilot-2026-09-25&utm_content=touch_3"
"Horizon Autism Center","Sarah Harrison","Sarah","sarah.harrison@horizonabanj.org","Newark","NJ","1","pilot-2026-09-25","Quick question about Horizon Autism Center's openings in NJ","Hi Sarah,

I was looking at independent ABA practices in Newark and came across Horizon Autism Center. 

A lot of clinic owners we talk to with 1–3 locations tell us their biggest bottleneck isn't clinical interest—it's getting predictable commercial-insurance & private-pay inquiries without giving up margins to PE aggregators.

We built an intake & patient growth system specifically for independent practices at Horizon Autism Center. You can see how the intake flow and caseload matching work here:

{{TRACKED_URL_TOUCH_1}}

Do you have 15 minutes this Thursday or Friday to see if this fits your current openings?

Best,
Hudson Argollo
Gold Traffic / ABA Practice Growth","https://abaclinics.clubemkt.digital/aba?lid={{LEAD_ID}}&utm_source=cold_email&utm_medium=email&utm_campaign=pilot-2026-09-25&utm_content=touch_1","Re: Horizon Autism Center's openings in NJ","Hi Sarah,

Quick follow-up on my note from earlier this week.

When clinics expand or try to hire new BCBAs, keeping the waitlist warm and converting families at the exact moment a slot opens is usually what keeps rooms full.

We put together a 20-minute discovery breakdown for independent practices:
{{TRACKED_URL_TOUCH_2}}

Would love to share what's working for clinics in NJ if you're open to it.

Best,
Hudson","https://abaclinics.clubemkt.digital/aba?lid={{LEAD_ID}}&utm_source=cold_email&utm_medium=email&utm_campaign=pilot-2026-09-25&utm_content=touch_2","Filling Horizon Autism Center's caseload (NJ)","Hi Sarah,

I know you're busy running Horizon Autism Center. 

If patient intake or waitlist conversion isn't a priority right now, no worries at all. If you ever want to check our 2-minute fit assessment or look at the numbers, you can bookmark this link:

{{TRACKED_URL_TOUCH_3}}

Wishing you and the team continued success in Newark!

Best,
Hudson","https://abaclinics.clubemkt.digital/aba?lid={{LEAD_ID}}&utm_source=cold_email&utm_medium=email&utm_campaign=pilot-2026-09-25&utm_content=touch_3"
"Illuminate ABA Therapy Group","Marcus Simmons","Marcus","msimmons@illuminateautismtx.com","Dallas","TX","2","pilot-2026-09-25","Quick question about Illuminate ABA Therapy Group's openings in TX","Hi Marcus,

I was looking at independent ABA practices in Dallas and came across Illuminate ABA Therapy Group. 

A lot of clinic owners we talk to with 1–3 locations tell us their biggest bottleneck isn't clinical interest—it's getting predictable commercial-insurance & private-pay inquiries without giving up margins to PE aggregators.

We built an intake & patient growth system specifically for independent practices across your 2 locations. You can see how the intake flow and caseload matching work here:

{{TRACKED_URL_TOUCH_1}}

Do you have 15 minutes this Thursday or Friday to see if this fits your current openings?

Best,
Hudson Argollo
Gold Traffic / ABA Practice Growth","https://abaclinics.clubemkt.digital/aba?lid={{LEAD_ID}}&utm_source=cold_email&utm_medium=email&utm_campaign=pilot-2026-09-25&utm_content=touch_1","Re: Illuminate ABA Therapy Group's openings in TX","Hi Marcus,

Quick follow-up on my note from earlier this week.

When clinics expand or try to hire new BCBAs, keeping the waitlist warm and converting families at the exact moment a slot opens is usually what keeps rooms full.

We put together a 20-minute discovery breakdown for independent practices:
{{TRACKED_URL_TOUCH_2}}

Would love to share what's working for clinics in TX if you're open to it.

Best,
Hudson","https://abaclinics.clubemkt.digital/aba?lid={{LEAD_ID}}&utm_source=cold_email&utm_medium=email&utm_campaign=pilot-2026-09-25&utm_content=touch_2","Filling Illuminate ABA Therapy Group's caseload (TX)","Hi Marcus,

I know you're busy running Illuminate ABA Therapy Group. 

If patient intake or waitlist conversion isn't a priority right now, no worries at all. If you ever want to check our 2-minute fit assessment or look at the numbers, you can bookmark this link:

{{TRACKED_URL_TOUCH_3}}

Wishing you and the team continued success in Dallas!

Best,
Hudson","https://abaclinics.clubemkt.digital/aba?lid={{LEAD_ID}}&utm_source=cold_email&utm_medium=email&utm_campaign=pilot-2026-09-25&utm_content=touch_3"
"Impact Behavioral Solutions","Elena Foster","Elena","elena.foster@impactbehavioralfl.com","Tampa","FL","3","pilot-2026-09-25","Quick question about Impact Behavioral Solutions's openings in FL","Hi Elena,

I was looking at independent ABA practices in Tampa and came across Impact Behavioral Solutions. 

A lot of clinic owners we talk to with 1–3 locations tell us their biggest bottleneck isn't clinical interest—it's getting predictable commercial-insurance & private-pay inquiries without giving up margins to PE aggregators.

We built an intake & patient growth system specifically for independent practices across your 3 locations. You can see how the intake flow and caseload matching work here:

{{TRACKED_URL_TOUCH_1}}

Do you have 15 minutes this Thursday or Friday to see if this fits your current openings?

Best,
Hudson Argollo
Gold Traffic / ABA Practice Growth","https://abaclinics.clubemkt.digital/aba?lid={{LEAD_ID}}&utm_source=cold_email&utm_medium=email&utm_campaign=pilot-2026-09-25&utm_content=touch_1","Re: Impact Behavioral Solutions's openings in FL","Hi Elena,

Quick follow-up on my note from earlier this week.

When clinics expand or try to hire new BCBAs, keeping the waitlist warm and converting families at the exact moment a slot opens is usually what keeps rooms full.

We put together a 20-minute discovery breakdown for independent practices:
{{TRACKED_URL_TOUCH_2}}

Would love to share what's working for clinics in FL if you're open to it.

Best,
Hudson","https://abaclinics.clubemkt.digital/aba?lid={{LEAD_ID}}&utm_source=cold_email&utm_medium=email&utm_campaign=pilot-2026-09-25&utm_content=touch_2","Filling Impact Behavioral Solutions's caseload (FL)","Hi Elena,

I know you're busy running Impact Behavioral Solutions. 

If patient intake or waitlist conversion isn't a priority right now, no worries at all. If you ever want to check our 2-minute fit assessment or look at the numbers, you can bookmark this link:

{{TRACKED_URL_TOUCH_3}}

Wishing you and the team continued success in Tampa!

Best,
Hudson","https://abaclinics.clubemkt.digital/aba?lid={{LEAD_ID}}&utm_source=cold_email&utm_medium=email&utm_campaign=pilot-2026-09-25&utm_content=touch_3"
"Insight Autism Services","David Gonzales","David","dgonzales@insightabaca.com","Sacramento","CA","4","pilot-2026-09-25","Quick question about Insight Autism Services's openings in CA","Hi David,

I was looking at independent ABA practices in Sacramento and came across Insight Autism Services. 

A lot of clinic owners we talk to with 1–4 locations tell us their biggest bottleneck isn't clinical interest—it's getting predictable commercial-insurance & private-pay inquiries without giving up margins to PE aggregators.

We built an intake & patient growth system specifically for independent practices across your 4 locations. You can see how the intake flow and caseload matching work here:

{{TRACKED_URL_TOUCH_1}}

Do you have 15 minutes this Thursday or Friday to see if this fits your current openings?

Best,
Hudson Argollo
Gold Traffic / ABA Practice Growth","https://abaclinics.clubemkt.digital/aba?lid={{LEAD_ID}}&utm_source=cold_email&utm_medium=email&utm_campaign=pilot-2026-09-25&utm_content=touch_1","Re: Insight Autism Services's openings in CA","Hi David,

Quick follow-up on my note from earlier this week.

When clinics expand or try to hire new BCBAs, keeping the waitlist warm and converting families at the exact moment a slot opens is usually what keeps rooms full.

We put together a 20-minute discovery breakdown for independent practices:
{{TRACKED_URL_TOUCH_2}}

Would love to share what's working for clinics in CA if you're open to it.

Best,
Hudson","https://abaclinics.clubemkt.digital/aba?lid={{LEAD_ID}}&utm_source=cold_email&utm_medium=email&utm_campaign=pilot-2026-09-25&utm_content=touch_2","Filling Insight Autism Services's caseload (CA)","Hi David,

I know you're busy running Insight Autism Services. 

If patient intake or waitlist conversion isn't a priority right now, no worries at all. If you ever want to check our 2-minute fit assessment or look at the numbers, you can bookmark this link:

{{TRACKED_URL_TOUCH_3}}

Wishing you and the team continued success in Sacramento!

Best,
Hudson","https://abaclinics.clubemkt.digital/aba?lid={{LEAD_ID}}&utm_source=cold_email&utm_medium=email&utm_campaign=pilot-2026-09-25&utm_content=touch_3"
"Inspire Behavioral Health","Chloe Bryant","Chloe","chloe.bryant@inspireautismnc.com","Winston-Salem","NC","1","pilot-2026-09-25","Quick question about Inspire Behavioral Health's openings in NC","Hi Chloe,

I was looking at independent ABA practices in Winston-Salem and came across Inspire Behavioral Health. 

A lot of clinic owners we talk to with 1–3 locations tell us their biggest bottleneck isn't clinical interest—it's getting predictable commercial-insurance & private-pay inquiries without giving up margins to PE aggregators.

We built an intake & patient growth system specifically for independent practices at Inspire Behavioral Health. You can see how the intake flow and caseload matching work here:

{{TRACKED_URL_TOUCH_1}}

Do you have 15 minutes this Thursday or Friday to see if this fits your current openings?

Best,
Hudson Argollo
Gold Traffic / ABA Practice Growth","https://abaclinics.clubemkt.digital/aba?lid={{LEAD_ID}}&utm_source=cold_email&utm_medium=email&utm_campaign=pilot-2026-09-25&utm_content=touch_1","Re: Inspire Behavioral Health's openings in NC","Hi Chloe,

Quick follow-up on my note from earlier this week.

When clinics expand or try to hire new BCBAs, keeping the waitlist warm and converting families at the exact moment a slot opens is usually what keeps rooms full.

We put together a 20-minute discovery breakdown for independent practices:
{{TRACKED_URL_TOUCH_2}}

Would love to share what's working for clinics in NC if you're open to it.

Best,
Hudson","https://abaclinics.clubemkt.digital/aba?lid={{LEAD_ID}}&utm_source=cold_email&utm_medium=email&utm_campaign=pilot-2026-09-25&utm_content=touch_2","Filling Inspire Behavioral Health's caseload (NC)","Hi Chloe,

I know you're busy running Inspire Behavioral Health. 

If patient intake or waitlist conversion isn't a priority right now, no worries at all. If you ever want to check our 2-minute fit assessment or look at the numbers, you can bookmark this link:

{{TRACKED_URL_TOUCH_3}}

Wishing you and the team continued success in Winston-Salem!

Best,
Hudson","https://abaclinics.clubemkt.digital/aba?lid={{LEAD_ID}}&utm_source=cold_email&utm_medium=email&utm_campaign=pilot-2026-09-25&utm_content=touch_3"
"Journey Therapy Associates","Brian Alexander","Brian","balexander@journeybehavioralga.org","Sandy Springs","GA","2","pilot-2026-09-25","Quick question about Journey Therapy Associates's openings in GA","Hi Brian,

I was looking at independent ABA practices in Sandy Springs and came across Journey Therapy Associates. 

A lot of clinic owners we talk to with 1–3 locations tell us their biggest bottleneck isn't clinical interest—it's getting predictable commercial-insurance & private-pay inquiries without giving up margins to PE aggregators.

We built an intake & patient growth system specifically for independent practices across your 2 locations. You can see how the intake flow and caseload matching work here:

{{TRACKED_URL_TOUCH_1}}

Do you have 15 minutes this Thursday or Friday to see if this fits your current openings?

Best,
Hudson Argollo
Gold Traffic / ABA Practice Growth","https://abaclinics.clubemkt.digital/aba?lid={{LEAD_ID}}&utm_source=cold_email&utm_medium=email&utm_campaign=pilot-2026-09-25&utm_content=touch_1","Re: Journey Therapy Associates's openings in GA","Hi Brian,

Quick follow-up on my note from earlier this week.

When clinics expand or try to hire new BCBAs, keeping the waitlist warm and converting families at the exact moment a slot opens is usually what keeps rooms full.

We put together a 20-minute discovery breakdown for independent practices:
{{TRACKED_URL_TOUCH_2}}

Would love to share what's working for clinics in GA if you're open to it.

Best,
Hudson","https://abaclinics.clubemkt.digital/aba?lid={{LEAD_ID}}&utm_source=cold_email&utm_medium=email&utm_campaign=pilot-2026-09-25&utm_content=touch_2","Filling Journey Therapy Associates's caseload (GA)","Hi Brian,

I know you're busy running Journey Therapy Associates. 

If patient intake or waitlist conversion isn't a priority right now, no worries at all. If you ever want to check our 2-minute fit assessment or look at the numbers, you can bookmark this link:

{{TRACKED_URL_TOUCH_3}}

Wishing you and the team continued success in Sandy Springs!

Best,
Hudson","https://abaclinics.clubemkt.digital/aba?lid={{LEAD_ID}}&utm_source=cold_email&utm_medium=email&utm_campaign=pilot-2026-09-25&utm_content=touch_3"
"Keystone Developmental Clinic","Rachel Russell","Rachel","rachel.russell@keystoneabaco.com","Thornton","CO","3","pilot-2026-09-25","Quick question about Keystone Developmental Clinic's openings in CO","Hi Rachel,

I was looking at independent ABA practices in Thornton and came across Keystone Developmental Clinic. 

A lot of clinic owners we talk to with 1–3 locations tell us their biggest bottleneck isn't clinical interest—it's getting predictable commercial-insurance & private-pay inquiries without giving up margins to PE aggregators.

We built an intake & patient growth system specifically for independent practices across your 3 locations. You can see how the intake flow and caseload matching work here:

{{TRACKED_URL_TOUCH_1}}

Do you have 15 minutes this Thursday or Friday to see if this fits your current openings?

Best,
Hudson Argollo
Gold Traffic / ABA Practice Growth","https://abaclinics.clubemkt.digital/aba?lid={{LEAD_ID}}&utm_source=cold_email&utm_medium=email&utm_campaign=pilot-2026-09-25&utm_content=touch_1","Re: Keystone Developmental Clinic's openings in CO","Hi Rachel,

Quick follow-up on my note from earlier this week.

When clinics expand or try to hire new BCBAs, keeping the waitlist warm and converting families at the exact moment a slot opens is usually what keeps rooms full.

We put together a 20-minute discovery breakdown for independent practices:
{{TRACKED_URL_TOUCH_2}}

Would love to share what's working for clinics in CO if you're open to it.

Best,
Hudson","https://abaclinics.clubemkt.digital/aba?lid={{LEAD_ID}}&utm_source=cold_email&utm_medium=email&utm_campaign=pilot-2026-09-25&utm_content=touch_2","Filling Keystone Developmental Clinic's caseload (CO)","Hi Rachel,

I know you're busy running Keystone Developmental Clinic. 

If patient intake or waitlist conversion isn't a priority right now, no worries at all. If you ever want to check our 2-minute fit assessment or look at the numbers, you can bookmark this link:

{{TRACKED_URL_TOUCH_3}}

Wishing you and the team continued success in Thornton!

Best,
Hudson","https://abaclinics.clubemkt.digital/aba?lid={{LEAD_ID}}&utm_source=cold_email&utm_medium=email&utm_campaign=pilot-2026-09-25&utm_content=touch_3"
"Launch ABA Services","Gregory Griffin","Gregory","ggriffin@launchautismva.com","Fairfax","VA","4","pilot-2026-09-25","Quick question about Launch ABA Services's openings in VA","Hi Gregory,

I was looking at independent ABA practices in Fairfax and came across Launch ABA Services. 

A lot of clinic owners we talk to with 1–4 locations tell us their biggest bottleneck isn't clinical interest—it's getting predictable commercial-insurance & private-pay inquiries without giving up margins to PE aggregators.

We built an intake & patient growth system specifically for independent practices across your 4 locations. You can see how the intake flow and caseload matching work here:

{{TRACKED_URL_TOUCH_1}}

Do you have 15 minutes this Thursday or Friday to see if this fits your current openings?

Best,
Hudson Argollo
Gold Traffic / ABA Practice Growth","https://abaclinics.clubemkt.digital/aba?lid={{LEAD_ID}}&utm_source=cold_email&utm_medium=email&utm_campaign=pilot-2026-09-25&utm_content=touch_1","Re: Launch ABA Services's openings in VA","Hi Gregory,

Quick follow-up on my note from earlier this week.

When clinics expand or try to hire new BCBAs, keeping the waitlist warm and converting families at the exact moment a slot opens is usually what keeps rooms full.

We put together a 20-minute discovery breakdown for independent practices:
{{TRACKED_URL_TOUCH_2}}

Would love to share what's working for clinics in VA if you're open to it.

Best,
Hudson","https://abaclinics.clubemkt.digital/aba?lid={{LEAD_ID}}&utm_source=cold_email&utm_medium=email&utm_campaign=pilot-2026-09-25&utm_content=touch_2","Filling Launch ABA Services's caseload (VA)","Hi Gregory,

I know you're busy running Launch ABA Services. 

If patient intake or waitlist conversion isn't a priority right now, no worries at all. If you ever want to check our 2-minute fit assessment or look at the numbers, you can bookmark this link:

{{TRACKED_URL_TOUCH_3}}

Wishing you and the team continued success in Fairfax!

Best,
Hudson","https://abaclinics.clubemkt.digital/aba?lid={{LEAD_ID}}&utm_source=cold_email&utm_medium=email&utm_campaign=pilot-2026-09-25&utm_content=touch_3"
"Leadway Autism & Behavioral Clinic","Jessica Diaz","Jessica","jessica.diaz@leadwaybehavioralmd.com","Columbia","MD","1","pilot-2026-09-25","Quick question about Leadway Autism & Behavioral Clinic's openings in MD","Hi Jessica,

I was looking at independent ABA practices in Columbia and came across Leadway Autism & Behavioral Clinic. 

A lot of clinic owners we talk to with 1–3 locations tell us their biggest bottleneck isn't clinical interest—it's getting predictable commercial-insurance & private-pay inquiries without giving up margins to PE aggregators.

We built an intake & patient growth system specifically for independent practices at Leadway Autism & Behavioral Clinic. You can see how the intake flow and caseload matching work here:

{{TRACKED_URL_TOUCH_1}}

Do you have 15 minutes this Thursday or Friday to see if this fits your current openings?

Best,
Hudson Argollo
Gold Traffic / ABA Practice Growth","https://abaclinics.clubemkt.digital/aba?lid={{LEAD_ID}}&utm_source=cold_email&utm_medium=email&utm_campaign=pilot-2026-09-25&utm_content=touch_1","Re: Leadway Autism & Behavioral Clinic's openings in MD","Hi Jessica,

Quick follow-up on my note from earlier this week.

When clinics expand or try to hire new BCBAs, keeping the waitlist warm and converting families at the exact moment a slot opens is usually what keeps rooms full.

We put together a 20-minute discovery breakdown for independent practices:
{{TRACKED_URL_TOUCH_2}}

Would love to share what's working for clinics in MD if you're open to it.

Best,
Hudson","https://abaclinics.clubemkt.digital/aba?lid={{LEAD_ID}}&utm_source=cold_email&utm_medium=email&utm_campaign=pilot-2026-09-25&utm_content=touch_2","Filling Leadway Autism & Behavioral Clinic's caseload (MD)","Hi Jessica,

I know you're busy running Leadway Autism & Behavioral Clinic. 

If patient intake or waitlist conversion isn't a priority right now, no worries at all. If you ever want to check our 2-minute fit assessment or look at the numbers, you can bookmark this link:

{{TRACKED_URL_TOUCH_3}}

Wishing you and the team continued success in Columbia!

Best,
Hudson","https://abaclinics.clubemkt.digital/aba?lid={{LEAD_ID}}&utm_source=cold_email&utm_medium=email&utm_campaign=pilot-2026-09-25&utm_content=touch_3"
"Legacy Child Development Center","Michael Myers","Michael","mmyers@legacyabail.com","Springfield","IL","2","pilot-2026-09-25","Quick question about Legacy Child Development Center's openings in IL","Hi Michael,

I was looking at independent ABA practices in Springfield and came across Legacy Child Development Center. 

A lot of clinic owners we talk to with 1–3 locations tell us their biggest bottleneck isn't clinical interest—it's getting predictable commercial-insurance & private-pay inquiries without giving up margins to PE aggregators.

We built an intake & patient growth system specifically for independent practices across your 2 locations. You can see how the intake flow and caseload matching work here:

{{TRACKED_URL_TOUCH_1}}

Do you have 15 minutes this Thursday or Friday to see if this fits your current openings?

Best,
Hudson Argollo
Gold Traffic / ABA Practice Growth","https://abaclinics.clubemkt.digital/aba?lid={{LEAD_ID}}&utm_source=cold_email&utm_medium=email&utm_campaign=pilot-2026-09-25&utm_content=touch_1","Re: Legacy Child Development Center's openings in IL","Hi Michael,

Quick follow-up on my note from earlier this week.

When clinics expand or try to hire new BCBAs, keeping the waitlist warm and converting families at the exact moment a slot opens is usually what keeps rooms full.

We put together a 20-minute discovery breakdown for independent practices:
{{TRACKED_URL_TOUCH_2}}

Would love to share what's working for clinics in IL if you're open to it.

Best,
Hudson","https://abaclinics.clubemkt.digital/aba?lid={{LEAD_ID}}&utm_source=cold_email&utm_medium=email&utm_campaign=pilot-2026-09-25&utm_content=touch_2","Filling Legacy Child Development Center's caseload (IL)","Hi Michael,

I know you're busy running Legacy Child Development Center. 

If patient intake or waitlist conversion isn't a priority right now, no worries at all. If you ever want to check our 2-minute fit assessment or look at the numbers, you can bookmark this link:

{{TRACKED_URL_TOUCH_3}}

Wishing you and the team continued success in Springfield!

Best,
Hudson","https://abaclinics.clubemkt.digital/aba?lid={{LEAD_ID}}&utm_source=cold_email&utm_medium=email&utm_campaign=pilot-2026-09-25&utm_content=touch_3"
"Lighthouse Behavior Analysis Partners","Amanda Ford","Amanda","amanda.ford@lighthouseautismut.org","Salt Lake City","UT","3","pilot-2026-09-25","Quick question about Lighthouse Behavior Analysis Partners's openings in UT","Hi Amanda,

I was looking at independent ABA practices in Salt Lake City and came across Lighthouse Behavior Analysis Partners. 

A lot of clinic owners we talk to with 1–3 locations tell us their biggest bottleneck isn't clinical interest—it's getting predictable commercial-insurance & private-pay inquiries without giving up margins to PE aggregators.

We built an intake & patient growth system specifically for independent practices across your 3 locations. You can see how the intake flow and caseload matching work here:

{{TRACKED_URL_TOUCH_1}}

Do you have 15 minutes this Thursday or Friday to see if this fits your current openings?

Best,
Hudson Argollo
Gold Traffic / ABA Practice Growth","https://abaclinics.clubemkt.digital/aba?lid={{LEAD_ID}}&utm_source=cold_email&utm_medium=email&utm_campaign=pilot-2026-09-25&utm_content=touch_1","Re: Lighthouse Behavior Analysis Partners's openings in UT","Hi Amanda,

Quick follow-up on my note from earlier this week.

When clinics expand or try to hire new BCBAs, keeping the waitlist warm and converting families at the exact moment a slot opens is usually what keeps rooms full.

We put together a 20-minute discovery breakdown for independent practices:
{{TRACKED_URL_TOUCH_2}}

Would love to share what's working for clinics in UT if you're open to it.

Best,
Hudson","https://abaclinics.clubemkt.digital/aba?lid={{LEAD_ID}}&utm_source=cold_email&utm_medium=email&utm_campaign=pilot-2026-09-25&utm_content=touch_2","Filling Lighthouse Behavior Analysis Partners's caseload (UT)","Hi Amanda,

I know you're busy running Lighthouse Behavior Analysis Partners. 

If patient intake or waitlist conversion isn't a priority right now, no worries at all. If you ever want to check our 2-minute fit assessment or look at the numbers, you can bookmark this link:

{{TRACKED_URL_TOUCH_3}}

Wishing you and the team continued success in Salt Lake City!

Best,
Hudson","https://abaclinics.clubemkt.digital/aba?lid={{LEAD_ID}}&utm_source=cold_email&utm_medium=email&utm_campaign=pilot-2026-09-25&utm_content=touch_3"
"Milestone Behavioral Care","Daniel Hamilton","Daniel","dhamilton@milestonebehavioralnj.com","Jersey City","NJ","4","pilot-2026-09-25","Quick question about Milestone Behavioral Care's openings in NJ","Hi Daniel,

I was looking at independent ABA practices in Jersey City and came across Milestone Behavioral Care. 

A lot of clinic owners we talk to with 1–4 locations tell us their biggest bottleneck isn't clinical interest—it's getting predictable commercial-insurance & private-pay inquiries without giving up margins to PE aggregators.

We built an intake & patient growth system specifically for independent practices across your 4 locations. You can see how the intake flow and caseload matching work here:

{{TRACKED_URL_TOUCH_1}}

Do you have 15 minutes this Thursday or Friday to see if this fits your current openings?

Best,
Hudson Argollo
Gold Traffic / ABA Practice Growth","https://abaclinics.clubemkt.digital/aba?lid={{LEAD_ID}}&utm_source=cold_email&utm_medium=email&utm_campaign=pilot-2026-09-25&utm_content=touch_1","Re: Milestone Behavioral Care's openings in NJ","Hi Daniel,

Quick follow-up on my note from earlier this week.

When clinics expand or try to hire new BCBAs, keeping the waitlist warm and converting families at the exact moment a slot opens is usually what keeps rooms full.

We put together a 20-minute discovery breakdown for independent practices:
{{TRACKED_URL_TOUCH_2}}

Would love to share what's working for clinics in NJ if you're open to it.

Best,
Hudson","https://abaclinics.clubemkt.digital/aba?lid={{LEAD_ID}}&utm_source=cold_email&utm_medium=email&utm_campaign=pilot-2026-09-25&utm_content=touch_2","Filling Milestone Behavioral Care's caseload (NJ)","Hi Daniel,

I know you're busy running Milestone Behavioral Care. 

If patient intake or waitlist conversion isn't a priority right now, no worries at all. If you ever want to check our 2-minute fit assessment or look at the numbers, you can bookmark this link:

{{TRACKED_URL_TOUCH_3}}

Wishing you and the team continued success in Jersey City!

Best,
Hudson","https://abaclinics.clubemkt.digital/aba?lid={{LEAD_ID}}&utm_source=cold_email&utm_medium=email&utm_campaign=pilot-2026-09-25&utm_content=touch_3"
"Navigate Autism Horizons","Lauren Graham","Lauren","lauren.graham@navigateabatx.com","Lubbock","TX","1","pilot-2026-09-25","Quick question about Navigate Autism Horizons's openings in TX","Hi Lauren,

I was looking at independent ABA practices in Lubbock and came across Navigate Autism Horizons. 

A lot of clinic owners we talk to with 1–3 locations tell us their biggest bottleneck isn't clinical interest—it's getting predictable commercial-insurance & private-pay inquiries without giving up margins to PE aggregators.

We built an intake & patient growth system specifically for independent practices at Navigate Autism Horizons. You can see how the intake flow and caseload matching work here:

{{TRACKED_URL_TOUCH_1}}

Do you have 15 minutes this Thursday or Friday to see if this fits your current openings?

Best,
Hudson Argollo
Gold Traffic / ABA Practice Growth","https://abaclinics.clubemkt.digital/aba?lid={{LEAD_ID}}&utm_source=cold_email&utm_medium=email&utm_campaign=pilot-2026-09-25&utm_content=touch_1","Re: Navigate Autism Horizons's openings in TX","Hi Lauren,

Quick follow-up on my note from earlier this week.

When clinics expand or try to hire new BCBAs, keeping the waitlist warm and converting families at the exact moment a slot opens is usually what keeps rooms full.

We put together a 20-minute discovery breakdown for independent practices:
{{TRACKED_URL_TOUCH_2}}

Would love to share what's working for clinics in TX if you're open to it.

Best,
Hudson","https://abaclinics.clubemkt.digital/aba?lid={{LEAD_ID}}&utm_source=cold_email&utm_medium=email&utm_campaign=pilot-2026-09-25&utm_content=touch_2","Filling Navigate Autism Horizons's caseload (TX)","Hi Lauren,

I know you're busy running Navigate Autism Horizons. 

If patient intake or waitlist conversion isn't a priority right now, no worries at all. If you ever want to check our 2-minute fit assessment or look at the numbers, you can bookmark this link:

{{TRACKED_URL_TOUCH_3}}

Wishing you and the team continued success in Lubbock!

Best,
Hudson","https://abaclinics.clubemkt.digital/aba?lid={{LEAD_ID}}&utm_source=cold_email&utm_medium=email&utm_campaign=pilot-2026-09-25&utm_content=touch_3"
"New Horizons Therapy & Learning Center","James Sullivan","James","jsullivan@newhorizonsautismfl.com","West Palm Beach","FL","2","pilot-2026-09-25","Quick question about New Horizons Therapy & Learning Center's openings in FL","Hi James,

I was looking at independent ABA practices in West Palm Beach and came across New Horizons Therapy & Learning Center. 

A lot of clinic owners we talk to with 1–3 locations tell us their biggest bottleneck isn't clinical interest—it's getting predictable commercial-insurance & private-pay inquiries without giving up margins to PE aggregators.

We built an intake & patient growth system specifically for independent practices across your 2 locations. You can see how the intake flow and caseload matching work here:

{{TRACKED_URL_TOUCH_1}}

Do you have 15 minutes this Thursday or Friday to see if this fits your current openings?

Best,
Hudson Argollo
Gold Traffic / ABA Practice Growth","https://abaclinics.clubemkt.digital/aba?lid={{LEAD_ID}}&utm_source=cold_email&utm_medium=email&utm_campaign=pilot-2026-09-25&utm_content=touch_1","Re: New Horizons Therapy & Learning Center's openings in FL","Hi James,

Quick follow-up on my note from earlier this week.

When clinics expand or try to hire new BCBAs, keeping the waitlist warm and converting families at the exact moment a slot opens is usually what keeps rooms full.

We put together a 20-minute discovery breakdown for independent practices:
{{TRACKED_URL_TOUCH_2}}

Would love to share what's working for clinics in FL if you're open to it.

Best,
Hudson","https://abaclinics.clubemkt.digital/aba?lid={{LEAD_ID}}&utm_source=cold_email&utm_medium=email&utm_campaign=pilot-2026-09-25&utm_content=touch_2","Filling New Horizons Therapy & Learning Center's caseload (FL)","Hi James,

I know you're busy running New Horizons Therapy & Learning Center. 

If patient intake or waitlist conversion isn't a priority right now, no worries at all. If you ever want to check our 2-minute fit assessment or look at the numbers, you can bookmark this link:

{{TRACKED_URL_TOUCH_3}}

Wishing you and the team continued success in West Palm Beach!

Best,
Hudson","https://abaclinics.clubemkt.digital/aba?lid={{LEAD_ID}}&utm_source=cold_email&utm_medium=email&utm_campaign=pilot-2026-09-25&utm_content=touch_3"
"Next Step Behavioral Interventions","Stephanie Wallace","Stephanie","stephanie.wallace@nextstepbehavioralca.com","Fremont","CA","3","pilot-2026-09-25","Quick question about Next Step Behavioral Interventions's openings in CA","Hi Stephanie,

I was looking at independent ABA practices in Fremont and came across Next Step Behavioral Interventions. 

A lot of clinic owners we talk to with 1–3 locations tell us their biggest bottleneck isn't clinical interest—it's getting predictable commercial-insurance & private-pay inquiries without giving up margins to PE aggregators.

We built an intake & patient growth system specifically for independent practices across your 3 locations. You can see how the intake flow and caseload matching work here:

{{TRACKED_URL_TOUCH_1}}

Do you have 15 minutes this Thursday or Friday to see if this fits your current openings?

Best,
Hudson Argollo
Gold Traffic / ABA Practice Growth","https://abaclinics.clubemkt.digital/aba?lid={{LEAD_ID}}&utm_source=cold_email&utm_medium=email&utm_campaign=pilot-2026-09-25&utm_content=touch_1","Re: Next Step Behavioral Interventions's openings in CA","Hi Stephanie,

Quick follow-up on my note from earlier this week.

When clinics expand or try to hire new BCBAs, keeping the waitlist warm and converting families at the exact moment a slot opens is usually what keeps rooms full.

We put together a 20-minute discovery breakdown for independent practices:
{{TRACKED_URL_TOUCH_2}}

Would love to share what's working for clinics in CA if you're open to it.

Best,
Hudson","https://abaclinics.clubemkt.digital/aba?lid={{LEAD_ID}}&utm_source=cold_email&utm_medium=email&utm_campaign=pilot-2026-09-25&utm_content=touch_2","Filling Next Step Behavioral Interventions's caseload (CA)","Hi Stephanie,

I know you're busy running Next Step Behavioral Interventions. 

If patient intake or waitlist conversion isn't a priority right now, no worries at all. If you ever want to check our 2-minute fit assessment or look at the numbers, you can bookmark this link:

{{TRACKED_URL_TOUCH_3}}

Wishing you and the team continued success in Fremont!

Best,
Hudson","https://abaclinics.clubemkt.digital/aba?lid={{LEAD_ID}}&utm_source=cold_email&utm_medium=email&utm_campaign=pilot-2026-09-25&utm_content=touch_3"
"Noble Autism Center","Robert Woods","Robert","rwoods@nobleabanc.org","Durham","NC","4","pilot-2026-09-25","Quick question about Noble Autism Center's openings in NC","Hi Robert,

I was looking at independent ABA practices in Durham and came across Noble Autism Center. 

A lot of clinic owners we talk to with 1–4 locations tell us their biggest bottleneck isn't clinical interest—it's getting predictable commercial-insurance & private-pay inquiries without giving up margins to PE aggregators.

We built an intake & patient growth system specifically for independent practices across your 4 locations. You can see how the intake flow and caseload matching work here:

{{TRACKED_URL_TOUCH_1}}

Do you have 15 minutes this Thursday or Friday to see if this fits your current openings?

Best,
Hudson Argollo
Gold Traffic / ABA Practice Growth","https://abaclinics.clubemkt.digital/aba?lid={{LEAD_ID}}&utm_source=cold_email&utm_medium=email&utm_campaign=pilot-2026-09-25&utm_content=touch_1","Re: Noble Autism Center's openings in NC","Hi Robert,

Quick follow-up on my note from earlier this week.

When clinics expand or try to hire new BCBAs, keeping the waitlist warm and converting families at the exact moment a slot opens is usually what keeps rooms full.

We put together a 20-minute discovery breakdown for independent practices:
{{TRACKED_URL_TOUCH_2}}

Would love to share what's working for clinics in NC if you're open to it.

Best,
Hudson","https://abaclinics.clubemkt.digital/aba?lid={{LEAD_ID}}&utm_source=cold_email&utm_medium=email&utm_campaign=pilot-2026-09-25&utm_content=touch_2","Filling Noble Autism Center's caseload (NC)","Hi Robert,

I know you're busy running Noble Autism Center. 

If patient intake or waitlist conversion isn't a priority right now, no worries at all. If you ever want to check our 2-minute fit assessment or look at the numbers, you can bookmark this link:

{{TRACKED_URL_TOUCH_3}}

Wishing you and the team continued success in Durham!

Best,
Hudson","https://abaclinics.clubemkt.digital/aba?lid={{LEAD_ID}}&utm_source=cold_email&utm_medium=email&utm_campaign=pilot-2026-09-25&utm_content=touch_3"
"North Star ABA Therapy Group","Melissa Cole","Melissa","melissa.cole@northstarautismga.com","Athens","GA","1","pilot-2026-09-25","Quick question about North Star ABA Therapy Group's openings in GA","Hi Melissa,

I was looking at independent ABA practices in Athens and came across North Star ABA Therapy Group. 

A lot of clinic owners we talk to with 1–3 locations tell us their biggest bottleneck isn't clinical interest—it's getting predictable commercial-insurance & private-pay inquiries without giving up margins to PE aggregators.

We built an intake & patient growth system specifically for independent practices at North Star ABA Therapy Group. You can see how the intake flow and caseload matching work here:

{{TRACKED_URL_TOUCH_1}}

Do you have 15 minutes this Thursday or Friday to see if this fits your current openings?

Best,
Hudson Argollo
Gold Traffic / ABA Practice Growth","https://abaclinics.clubemkt.digital/aba?lid={{LEAD_ID}}&utm_source=cold_email&utm_medium=email&utm_campaign=pilot-2026-09-25&utm_content=touch_1","Re: North Star ABA Therapy Group's openings in GA","Hi Melissa,

Quick follow-up on my note from earlier this week.

When clinics expand or try to hire new BCBAs, keeping the waitlist warm and converting families at the exact moment a slot opens is usually what keeps rooms full.

We put together a 20-minute discovery breakdown for independent practices:
{{TRACKED_URL_TOUCH_2}}

Would love to share what's working for clinics in GA if you're open to it.

Best,
Hudson","https://abaclinics.clubemkt.digital/aba?lid={{LEAD_ID}}&utm_source=cold_email&utm_medium=email&utm_campaign=pilot-2026-09-25&utm_content=touch_2","Filling North Star ABA Therapy Group's caseload (GA)","Hi Melissa,

I know you're busy running North Star ABA Therapy Group. 

If patient intake or waitlist conversion isn't a priority right now, no worries at all. If you ever want to check our 2-minute fit assessment or look at the numbers, you can bookmark this link:

{{TRACKED_URL_TOUCH_3}}

Wishing you and the team continued success in Athens!

Best,
Hudson","https://abaclinics.clubemkt.digital/aba?lid={{LEAD_ID}}&utm_source=cold_email&utm_medium=email&utm_campaign=pilot-2026-09-25&utm_content=touch_3"
"Nova Behavioral Solutions","William West","William","wwest@novabehavioralco.com","Arvada","CO","2","pilot-2026-09-25","Quick question about Nova Behavioral Solutions's openings in CO","Hi William,

I was looking at independent ABA practices in Arvada and came across Nova Behavioral Solutions. 

A lot of clinic owners we talk to with 1–3 locations tell us their biggest bottleneck isn't clinical interest—it's getting predictable commercial-insurance & private-pay inquiries without giving up margins to PE aggregators.

We built an intake & patient growth system specifically for independent practices across your 2 locations. You can see how the intake flow and caseload matching work here:

{{TRACKED_URL_TOUCH_1}}

Do you have 15 minutes this Thursday or Friday to see if this fits your current openings?

Best,
Hudson Argollo
Gold Traffic / ABA Practice Growth","https://abaclinics.clubemkt.digital/aba?lid={{LEAD_ID}}&utm_source=cold_email&utm_medium=email&utm_campaign=pilot-2026-09-25&utm_content=touch_1","Re: Nova Behavioral Solutions's openings in CO","Hi William,

Quick follow-up on my note from earlier this week.

When clinics expand or try to hire new BCBAs, keeping the waitlist warm and converting families at the exact moment a slot opens is usually what keeps rooms full.

We put together a 20-minute discovery breakdown for independent practices:
{{TRACKED_URL_TOUCH_2}}

Would love to share what's working for clinics in CO if you're open to it.

Best,
Hudson","https://abaclinics.clubemkt.digital/aba?lid={{LEAD_ID}}&utm_source=cold_email&utm_medium=email&utm_campaign=pilot-2026-09-25&utm_content=touch_2","Filling Nova Behavioral Solutions's caseload (CO)","Hi William,

I know you're busy running Nova Behavioral Solutions. 

If patient intake or waitlist conversion isn't a priority right now, no worries at all. If you ever want to check our 2-minute fit assessment or look at the numbers, you can bookmark this link:

{{TRACKED_URL_TOUCH_3}}

Wishing you and the team continued success in Arvada!

Best,
Hudson","https://abaclinics.clubemkt.digital/aba?lid={{LEAD_ID}}&utm_source=cold_email&utm_medium=email&utm_campaign=pilot-2026-09-25&utm_content=touch_3"
"Oasis Autism Services","Nicole Jordan","Nicole","nicole.jordan@oasisabava.com","Reston","VA","3","pilot-2026-09-25","Quick question about Oasis Autism Services's openings in VA","Hi Nicole,

I was looking at independent ABA practices in Reston and came across Oasis Autism Services. 

A lot of clinic owners we talk to with 1–3 locations tell us their biggest bottleneck isn't clinical interest—it's getting predictable commercial-insurance & private-pay inquiries without giving up margins to PE aggregators.

We built an intake & patient growth system specifically for independent practices across your 3 locations. You can see how the intake flow and caseload matching work here:

{{TRACKED_URL_TOUCH_1}}

Do you have 15 minutes this Thursday or Friday to see if this fits your current openings?

Best,
Hudson Argollo
Gold Traffic / ABA Practice Growth","https://abaclinics.clubemkt.digital/aba?lid={{LEAD_ID}}&utm_source=cold_email&utm_medium=email&utm_campaign=pilot-2026-09-25&utm_content=touch_1","Re: Oasis Autism Services's openings in VA","Hi Nicole,

Quick follow-up on my note from earlier this week.

When clinics expand or try to hire new BCBAs, keeping the waitlist warm and converting families at the exact moment a slot opens is usually what keeps rooms full.

We put together a 20-minute discovery breakdown for independent practices:
{{TRACKED_URL_TOUCH_2}}

Would love to share what's working for clinics in VA if you're open to it.

Best,
Hudson","https://abaclinics.clubemkt.digital/aba?lid={{LEAD_ID}}&utm_source=cold_email&utm_medium=email&utm_campaign=pilot-2026-09-25&utm_content=touch_2","Filling Oasis Autism Services's caseload (VA)","Hi Nicole,

I know you're busy running Oasis Autism Services. 

If patient intake or waitlist conversion isn't a priority right now, no worries at all. If you ever want to check our 2-minute fit assessment or look at the numbers, you can bookmark this link:

{{TRACKED_URL_TOUCH_3}}

Wishing you and the team continued success in Reston!

Best,
Hudson","https://abaclinics.clubemkt.digital/aba?lid={{LEAD_ID}}&utm_source=cold_email&utm_medium=email&utm_campaign=pilot-2026-09-25&utm_content=touch_3"
"Optima Behavioral Health","Anthony Owens","Anthony","aowens@optimaautismmd.com","Towson","MD","4","pilot-2026-09-25","Quick question about Optima Behavioral Health's openings in MD","Hi Anthony,

I was looking at independent ABA practices in Towson and came across Optima Behavioral Health. 

A lot of clinic owners we talk to with 1–4 locations tell us their biggest bottleneck isn't clinical interest—it's getting predictable commercial-insurance & private-pay inquiries without giving up margins to PE aggregators.

We built an intake & patient growth system specifically for independent practices across your 4 locations. You can see how the intake flow and caseload matching work here:

{{TRACKED_URL_TOUCH_1}}

Do you have 15 minutes this Thursday or Friday to see if this fits your current openings?

Best,
Hudson Argollo
Gold Traffic / ABA Practice Growth","https://abaclinics.clubemkt.digital/aba?lid={{LEAD_ID}}&utm_source=cold_email&utm_medium=email&utm_campaign=pilot-2026-09-25&utm_content=touch_1","Re: Optima Behavioral Health's openings in MD","Hi Anthony,

Quick follow-up on my note from earlier this week.

When clinics expand or try to hire new BCBAs, keeping the waitlist warm and converting families at the exact moment a slot opens is usually what keeps rooms full.

We put together a 20-minute discovery breakdown for independent practices:
{{TRACKED_URL_TOUCH_2}}

Would love to share what's working for clinics in MD if you're open to it.

Best,
Hudson","https://abaclinics.clubemkt.digital/aba?lid={{LEAD_ID}}&utm_source=cold_email&utm_medium=email&utm_campaign=pilot-2026-09-25&utm_content=touch_2","Filling Optima Behavioral Health's caseload (MD)","Hi Anthony,

I know you're busy running Optima Behavioral Health. 

If patient intake or waitlist conversion isn't a priority right now, no worries at all. If you ever want to check our 2-minute fit assessment or look at the numbers, you can bookmark this link:

{{TRACKED_URL_TOUCH_3}}

Wishing you and the team continued success in Towson!

Best,
Hudson","https://abaclinics.clubemkt.digital/aba?lid={{LEAD_ID}}&utm_source=cold_email&utm_medium=email&utm_campaign=pilot-2026-09-25&utm_content=touch_3"
"Pacific Therapy Associates","Ashley Reynolds","Ashley","ashley.reynolds@pacificbehavioralil.org","Chicago","IL","1","pilot-2026-09-25","Quick question about Pacific Therapy Associates's openings in IL","Hi Ashley,

I was looking at independent ABA practices in Chicago and came across Pacific Therapy Associates. 

A lot of clinic owners we talk to with 1–3 locations tell us their biggest bottleneck isn't clinical interest—it's getting predictable commercial-insurance & private-pay inquiries without giving up margins to PE aggregators.

We built an intake & patient growth system specifically for independent practices at Pacific Therapy Associates. You can see how the intake flow and caseload matching work here:

{{TRACKED_URL_TOUCH_1}}

Do you have 15 minutes this Thursday or Friday to see if this fits your current openings?

Best,
Hudson Argollo
Gold Traffic / ABA Practice Growth","https://abaclinics.clubemkt.digital/aba?lid={{LEAD_ID}}&utm_source=cold_email&utm_medium=email&utm_campaign=pilot-2026-09-25&utm_content=touch_1","Re: Pacific Therapy Associates's openings in IL","Hi Ashley,

Quick follow-up on my note from earlier this week.

When clinics expand or try to hire new BCBAs, keeping the waitlist warm and converting families at the exact moment a slot opens is usually what keeps rooms full.

We put together a 20-minute discovery breakdown for independent practices:
{{TRACKED_URL_TOUCH_2}}

Would love to share what's working for clinics in IL if you're open to it.

Best,
Hudson","https://abaclinics.clubemkt.digital/aba?lid={{LEAD_ID}}&utm_source=cold_email&utm_medium=email&utm_campaign=pilot-2026-09-25&utm_content=touch_2","Filling Pacific Therapy Associates's caseload (IL)","Hi Ashley,

I know you're busy running Pacific Therapy Associates. 

If patient intake or waitlist conversion isn't a priority right now, no worries at all. If you ever want to check our 2-minute fit assessment or look at the numbers, you can bookmark this link:

{{TRACKED_URL_TOUCH_3}}

Wishing you and the team continued success in Chicago!

Best,
Hudson","https://abaclinics.clubemkt.digital/aba?lid={{LEAD_ID}}&utm_source=cold_email&utm_medium=email&utm_campaign=pilot-2026-09-25&utm_content=touch_3"
"Pathways Developmental Clinic","Christopher Fisher","Christopher","cfisher@pathwaysabaut.com","Provo","UT","2","pilot-2026-09-25","Quick question about Pathways Developmental Clinic's openings in UT","Hi Christopher,

I was looking at independent ABA practices in Provo and came across Pathways Developmental Clinic. 

A lot of clinic owners we talk to with 1–3 locations tell us their biggest bottleneck isn't clinical interest—it's getting predictable commercial-insurance & private-pay inquiries without giving up margins to PE aggregators.

We built an intake & patient growth system specifically for independent practices across your 2 locations. You can see how the intake flow and caseload matching work here:

{{TRACKED_URL_TOUCH_1}}

Do you have 15 minutes this Thursday or Friday to see if this fits your current openings?

Best,
Hudson Argollo
Gold Traffic / ABA Practice Growth","https://abaclinics.clubemkt.digital/aba?lid={{LEAD_ID}}&utm_source=cold_email&utm_medium=email&utm_campaign=pilot-2026-09-25&utm_content=touch_1","Re: Pathways Developmental Clinic's openings in UT","Hi Christopher,

Quick follow-up on my note from earlier this week.

When clinics expand or try to hire new BCBAs, keeping the waitlist warm and converting families at the exact moment a slot opens is usually what keeps rooms full.

We put together a 20-minute discovery breakdown for independent practices:
{{TRACKED_URL_TOUCH_2}}

Would love to share what's working for clinics in UT if you're open to it.

Best,
Hudson","https://abaclinics.clubemkt.digital/aba?lid={{LEAD_ID}}&utm_source=cold_email&utm_medium=email&utm_campaign=pilot-2026-09-25&utm_content=touch_2","Filling Pathways Developmental Clinic's caseload (UT)","Hi Christopher,

I know you're busy running Pathways Developmental Clinic. 

If patient intake or waitlist conversion isn't a priority right now, no worries at all. If you ever want to check our 2-minute fit assessment or look at the numbers, you can bookmark this link:

{{TRACKED_URL_TOUCH_3}}

Wishing you and the team continued success in Provo!

Best,
Hudson","https://abaclinics.clubemkt.digital/aba?lid={{LEAD_ID}}&utm_source=cold_email&utm_medium=email&utm_campaign=pilot-2026-09-25&utm_content=touch_3"
"Peak ABA Services","Megan Ellis","Megan","megan.ellis@peakautismnj.com","Paterson","NJ","3","pilot-2026-09-25","Quick question about Peak ABA Services's openings in NJ","Hi Megan,

I was looking at independent ABA practices in Paterson and came across Peak ABA Services. 

A lot of clinic owners we talk to with 1–3 locations tell us their biggest bottleneck isn't clinical interest—it's getting predictable commercial-insurance & private-pay inquiries without giving up margins to PE aggregators.

We built an intake & patient growth system specifically for independent practices across your 3 locations. You can see how the intake flow and caseload matching work here:

{{TRACKED_URL_TOUCH_1}}

Do you have 15 minutes this Thursday or Friday to see if this fits your current openings?

Best,
Hudson Argollo
Gold Traffic / ABA Practice Growth","https://abaclinics.clubemkt.digital/aba?lid={{LEAD_ID}}&utm_source=cold_email&utm_medium=email&utm_campaign=pilot-2026-09-25&utm_content=touch_1","Re: Peak ABA Services's openings in NJ","Hi Megan,

Quick follow-up on my note from earlier this week.

When clinics expand or try to hire new BCBAs, keeping the waitlist warm and converting families at the exact moment a slot opens is usually what keeps rooms full.

We put together a 20-minute discovery breakdown for independent practices:
{{TRACKED_URL_TOUCH_2}}

Would love to share what's working for clinics in NJ if you're open to it.

Best,
Hudson","https://abaclinics.clubemkt.digital/aba?lid={{LEAD_ID}}&utm_source=cold_email&utm_medium=email&utm_campaign=pilot-2026-09-25&utm_content=touch_2","Filling Peak ABA Services's caseload (NJ)","Hi Megan,

I know you're busy running Peak ABA Services. 

If patient intake or waitlist conversion isn't a priority right now, no worries at all. If you ever want to check our 2-minute fit assessment or look at the numbers, you can bookmark this link:

{{TRACKED_URL_TOUCH_3}}

Wishing you and the team continued success in Paterson!

Best,
Hudson","https://abaclinics.clubemkt.digital/aba?lid={{LEAD_ID}}&utm_source=cold_email&utm_medium=email&utm_campaign=pilot-2026-09-25&utm_content=touch_3"
"Pinnacle Autism & Behavioral Clinic","Matthew Gibson","Matthew","mgibson@pinnaclebehavioraltx.com","The Woodlands","TX","4","pilot-2026-09-25","Quick question about Pinnacle Autism & Behavioral Clinic's openings in TX","Hi Matthew,

I was looking at independent ABA practices in The Woodlands and came across Pinnacle Autism & Behavioral Clinic. 

A lot of clinic owners we talk to with 1–4 locations tell us their biggest bottleneck isn't clinical interest—it's getting predictable commercial-insurance & private-pay inquiries without giving up margins to PE aggregators.

We built an intake & patient growth system specifically for independent practices across your 4 locations. You can see how the intake flow and caseload matching work here:

{{TRACKED_URL_TOUCH_1}}

Do you have 15 minutes this Thursday or Friday to see if this fits your current openings?

Best,
Hudson Argollo
Gold Traffic / ABA Practice Growth","https://abaclinics.clubemkt.digital/aba?lid={{LEAD_ID}}&utm_source=cold_email&utm_medium=email&utm_campaign=pilot-2026-09-25&utm_content=touch_1","Re: Pinnacle Autism & Behavioral Clinic's openings in TX","Hi Matthew,

Quick follow-up on my note from earlier this week.

When clinics expand or try to hire new BCBAs, keeping the waitlist warm and converting families at the exact moment a slot opens is usually what keeps rooms full.

We put together a 20-minute discovery breakdown for independent practices:
{{TRACKED_URL_TOUCH_2}}

Would love to share what's working for clinics in TX if you're open to it.

Best,
Hudson","https://abaclinics.clubemkt.digital/aba?lid={{LEAD_ID}}&utm_source=cold_email&utm_medium=email&utm_campaign=pilot-2026-09-25&utm_content=touch_2","Filling Pinnacle Autism & Behavioral Clinic's caseload (TX)","Hi Matthew,

I know you're busy running Pinnacle Autism & Behavioral Clinic. 

If patient intake or waitlist conversion isn't a priority right now, no worries at all. If you ever want to check our 2-minute fit assessment or look at the numbers, you can bookmark this link:

{{TRACKED_URL_TOUCH_3}}

Wishing you and the team continued success in The Woodlands!

Best,
Hudson","https://abaclinics.clubemkt.digital/aba?lid={{LEAD_ID}}&utm_source=cold_email&utm_medium=email&utm_campaign=pilot-2026-09-25&utm_content=touch_3"
"Pioneer Child Development Center","Heather McDonald","Heather","heather.mcdonald@pioneerabafl.com","Gainesville","FL","1","pilot-2026-09-25","Quick question about Pioneer Child Development Center's openings in FL","Hi Heather,

I was looking at independent ABA practices in Gainesville and came across Pioneer Child Development Center. 

A lot of clinic owners we talk to with 1–3 locations tell us their biggest bottleneck isn't clinical interest—it's getting predictable commercial-insurance & private-pay inquiries without giving up margins to PE aggregators.

We built an intake & patient growth system specifically for independent practices at Pioneer Child Development Center. You can see how the intake flow and caseload matching work here:

{{TRACKED_URL_TOUCH_1}}

Do you have 15 minutes this Thursday or Friday to see if this fits your current openings?

Best,
Hudson Argollo
Gold Traffic / ABA Practice Growth","https://abaclinics.clubemkt.digital/aba?lid={{LEAD_ID}}&utm_source=cold_email&utm_medium=email&utm_campaign=pilot-2026-09-25&utm_content=touch_1","Re: Pioneer Child Development Center's openings in FL","Hi Heather,

Quick follow-up on my note from earlier this week.

When clinics expand or try to hire new BCBAs, keeping the waitlist warm and converting families at the exact moment a slot opens is usually what keeps rooms full.

We put together a 20-minute discovery breakdown for independent practices:
{{TRACKED_URL_TOUCH_2}}

Would love to share what's working for clinics in FL if you're open to it.

Best,
Hudson","https://abaclinics.clubemkt.digital/aba?lid={{LEAD_ID}}&utm_source=cold_email&utm_medium=email&utm_campaign=pilot-2026-09-25&utm_content=touch_2","Filling Pioneer Child Development Center's caseload (FL)","Hi Heather,

I know you're busy running Pioneer Child Development Center. 

If patient intake or waitlist conversion isn't a priority right now, no worries at all. If you ever want to check our 2-minute fit assessment or look at the numbers, you can bookmark this link:

{{TRACKED_URL_TOUCH_3}}

Wishing you and the team continued success in Gainesville!

Best,
Hudson","https://abaclinics.clubemkt.digital/aba?lid={{LEAD_ID}}&utm_source=cold_email&utm_medium=email&utm_campaign=pilot-2026-09-25&utm_content=touch_3"
"Precision Behavior Analysis Partners","Andrew Cruz","Andrew","acruz@precisionautismca.org","Anaheim","CA","2","pilot-2026-09-25","Quick question about Precision Behavior Analysis Partners's openings in CA","Hi Andrew,

I was looking at independent ABA practices in Anaheim and came across Precision Behavior Analysis Partners. 

A lot of clinic owners we talk to with 1–3 locations tell us their biggest bottleneck isn't clinical interest—it's getting predictable commercial-insurance & private-pay inquiries without giving up margins to PE aggregators.

We built an intake & patient growth system specifically for independent practices across your 2 locations. You can see how the intake flow and caseload matching work here:

{{TRACKED_URL_TOUCH_1}}

Do you have 15 minutes this Thursday or Friday to see if this fits your current openings?

Best,
Hudson Argollo
Gold Traffic / ABA Practice Growth","https://abaclinics.clubemkt.digital/aba?lid={{LEAD_ID}}&utm_source=cold_email&utm_medium=email&utm_campaign=pilot-2026-09-25&utm_content=touch_1","Re: Precision Behavior Analysis Partners's openings in CA","Hi Andrew,

Quick follow-up on my note from earlier this week.

When clinics expand or try to hire new BCBAs, keeping the waitlist warm and converting families at the exact moment a slot opens is usually what keeps rooms full.

We put together a 20-minute discovery breakdown for independent practices:
{{TRACKED_URL_TOUCH_2}}

Would love to share what's working for clinics in CA if you're open to it.

Best,
Hudson","https://abaclinics.clubemkt.digital/aba?lid={{LEAD_ID}}&utm_source=cold_email&utm_medium=email&utm_campaign=pilot-2026-09-25&utm_content=touch_2","Filling Precision Behavior Analysis Partners's caseload (CA)","Hi Andrew,

I know you're busy running Precision Behavior Analysis Partners. 

If patient intake or waitlist conversion isn't a priority right now, no worries at all. If you ever want to check our 2-minute fit assessment or look at the numbers, you can bookmark this link:

{{TRACKED_URL_TOUCH_3}}

Wishing you and the team continued success in Anaheim!

Best,
Hudson","https://abaclinics.clubemkt.digital/aba?lid={{LEAD_ID}}&utm_source=cold_email&utm_medium=email&utm_campaign=pilot-2026-09-25&utm_content=touch_3"
"Premier Behavioral Care","Elizabeth Marshall","Elizabeth","elizabeth.marshall@premierbehavioralnc.com","Greensboro","NC","3","pilot-2026-09-25","Quick question about Premier Behavioral Care's openings in NC","Hi Elizabeth,

I was looking at independent ABA practices in Greensboro and came across Premier Behavioral Care. 

A lot of clinic owners we talk to with 1–3 locations tell us their biggest bottleneck isn't clinical interest—it's getting predictable commercial-insurance & private-pay inquiries without giving up margins to PE aggregators.

We built an intake & patient growth system specifically for independent practices across your 3 locations. You can see how the intake flow and caseload matching work here:

{{TRACKED_URL_TOUCH_1}}

Do you have 15 minutes this Thursday or Friday to see if this fits your current openings?

Best,
Hudson Argollo
Gold Traffic / ABA Practice Growth","https://abaclinics.clubemkt.digital/aba?lid={{LEAD_ID}}&utm_source=cold_email&utm_medium=email&utm_campaign=pilot-2026-09-25&utm_content=touch_1","Re: Premier Behavioral Care's openings in NC","Hi Elizabeth,

Quick follow-up on my note from earlier this week.

When clinics expand or try to hire new BCBAs, keeping the waitlist warm and converting families at the exact moment a slot opens is usually what keeps rooms full.

We put together a 20-minute discovery breakdown for independent practices:
{{TRACKED_URL_TOUCH_2}}

Would love to share what's working for clinics in NC if you're open to it.

Best,
Hudson","https://abaclinics.clubemkt.digital/aba?lid={{LEAD_ID}}&utm_source=cold_email&utm_medium=email&utm_campaign=pilot-2026-09-25&utm_content=touch_2","Filling Premier Behavioral Care's caseload (NC)","Hi Elizabeth,

I know you're busy running Premier Behavioral Care. 

If patient intake or waitlist conversion isn't a priority right now, no worries at all. If you ever want to check our 2-minute fit assessment or look at the numbers, you can bookmark this link:

{{TRACKED_URL_TOUCH_3}}

Wishing you and the team continued success in Greensboro!

Best,
Hudson","https://abaclinics.clubemkt.digital/aba?lid={{LEAD_ID}}&utm_source=cold_email&utm_medium=email&utm_campaign=pilot-2026-09-25&utm_content=touch_3"
"Progress Autism Horizons","Joseph Ortiz","Joseph","jortiz@progressabaga.com","Savannah","GA","4","pilot-2026-09-25","Quick question about Progress Autism Horizons's openings in GA","Hi Joseph,

I was looking at independent ABA practices in Savannah and came across Progress Autism Horizons. 

A lot of clinic owners we talk to with 1–4 locations tell us their biggest bottleneck isn't clinical interest—it's getting predictable commercial-insurance & private-pay inquiries without giving up margins to PE aggregators.

We built an intake & patient growth system specifically for independent practices across your 4 locations. You can see how the intake flow and caseload matching work here:

{{TRACKED_URL_TOUCH_1}}

Do you have 15 minutes this Thursday or Friday to see if this fits your current openings?

Best,
Hudson Argollo
Gold Traffic / ABA Practice Growth","https://abaclinics.clubemkt.digital/aba?lid={{LEAD_ID}}&utm_source=cold_email&utm_medium=email&utm_campaign=pilot-2026-09-25&utm_content=touch_1","Re: Progress Autism Horizons's openings in GA","Hi Joseph,

Quick follow-up on my note from earlier this week.

When clinics expand or try to hire new BCBAs, keeping the waitlist warm and converting families at the exact moment a slot opens is usually what keeps rooms full.

We put together a 20-minute discovery breakdown for independent practices:
{{TRACKED_URL_TOUCH_2}}

Would love to share what's working for clinics in GA if you're open to it.

Best,
Hudson","https://abaclinics.clubemkt.digital/aba?lid={{LEAD_ID}}&utm_source=cold_email&utm_medium=email&utm_campaign=pilot-2026-09-25&utm_content=touch_2","Filling Progress Autism Horizons's caseload (GA)","Hi Joseph,

I know you're busy running Progress Autism Horizons. 

If patient intake or waitlist conversion isn't a priority right now, no worries at all. If you ever want to check our 2-minute fit assessment or look at the numbers, you can bookmark this link:

{{TRACKED_URL_TOUCH_3}}

Wishing you and the team continued success in Savannah!

Best,
Hudson","https://abaclinics.clubemkt.digital/aba?lid={{LEAD_ID}}&utm_source=cold_email&utm_medium=email&utm_campaign=pilot-2026-09-25&utm_content=touch_3"
"Promise Therapy & Learning Center","Jennifer Gomez","Jennifer","jennifer.gomez@promiseautismco.com","Centennial","CO","1","pilot-2026-09-25","Quick question about Promise Therapy & Learning Center's openings in CO","Hi Jennifer,

I was looking at independent ABA practices in Centennial and came across Promise Therapy & Learning Center. 

A lot of clinic owners we talk to with 1–3 locations tell us their biggest bottleneck isn't clinical interest—it's getting predictable commercial-insurance & private-pay inquiries without giving up margins to PE aggregators.

We built an intake & patient growth system specifically for independent practices at Promise Therapy & Learning Center. You can see how the intake flow and caseload matching work here:

{{TRACKED_URL_TOUCH_1}}

Do you have 15 minutes this Thursday or Friday to see if this fits your current openings?

Best,
Hudson Argollo
Gold Traffic / ABA Practice Growth","https://abaclinics.clubemkt.digital/aba?lid={{LEAD_ID}}&utm_source=cold_email&utm_medium=email&utm_campaign=pilot-2026-09-25&utm_content=touch_1","Re: Promise Therapy & Learning Center's openings in CO","Hi Jennifer,

Quick follow-up on my note from earlier this week.

When clinics expand or try to hire new BCBAs, keeping the waitlist warm and converting families at the exact moment a slot opens is usually what keeps rooms full.

We put together a 20-minute discovery breakdown for independent practices:
{{TRACKED_URL_TOUCH_2}}

Would love to share what's working for clinics in CO if you're open to it.

Best,
Hudson","https://abaclinics.clubemkt.digital/aba?lid={{LEAD_ID}}&utm_source=cold_email&utm_medium=email&utm_campaign=pilot-2026-09-25&utm_content=touch_2","Filling Promise Therapy & Learning Center's caseload (CO)","Hi Jennifer,

I know you're busy running Promise Therapy & Learning Center. 

If patient intake or waitlist conversion isn't a priority right now, no worries at all. If you ever want to check our 2-minute fit assessment or look at the numbers, you can bookmark this link:

{{TRACKED_URL_TOUCH_3}}

Wishing you and the team continued success in Centennial!

Best,
Hudson","https://abaclinics.clubemkt.digital/aba?lid={{LEAD_ID}}&utm_source=cold_email&utm_medium=email&utm_campaign=pilot-2026-09-25&utm_content=touch_3"
"Radiant Behavioral Interventions","Joshua Murray","Joshua","jmurray@radiantbehavioralva.com","McLean","VA","2","pilot-2026-09-25","Quick question about Radiant Behavioral Interventions's openings in VA","Hi Joshua,

I was looking at independent ABA practices in McLean and came across Radiant Behavioral Interventions. 

A lot of clinic owners we talk to with 1–3 locations tell us their biggest bottleneck isn't clinical interest—it's getting predictable commercial-insurance & private-pay inquiries without giving up margins to PE aggregators.

We built an intake & patient growth system specifically for independent practices across your 2 locations. You can see how the intake flow and caseload matching work here:

{{TRACKED_URL_TOUCH_1}}

Do you have 15 minutes this Thursday or Friday to see if this fits your current openings?

Best,
Hudson Argollo
Gold Traffic / ABA Practice Growth","https://abaclinics.clubemkt.digital/aba?lid={{LEAD_ID}}&utm_source=cold_email&utm_medium=email&utm_campaign=pilot-2026-09-25&utm_content=touch_1","Re: Radiant Behavioral Interventions's openings in VA","Hi Joshua,

Quick follow-up on my note from earlier this week.

When clinics expand or try to hire new BCBAs, keeping the waitlist warm and converting families at the exact moment a slot opens is usually what keeps rooms full.

We put together a 20-minute discovery breakdown for independent practices:
{{TRACKED_URL_TOUCH_2}}

Would love to share what's working for clinics in VA if you're open to it.

Best,
Hudson","https://abaclinics.clubemkt.digital/aba?lid={{LEAD_ID}}&utm_source=cold_email&utm_medium=email&utm_campaign=pilot-2026-09-25&utm_content=touch_2","Filling Radiant Behavioral Interventions's caseload (VA)","Hi Joshua,

I know you're busy running Radiant Behavioral Interventions. 

If patient intake or waitlist conversion isn't a priority right now, no worries at all. If you ever want to check our 2-minute fit assessment or look at the numbers, you can bookmark this link:

{{TRACKED_URL_TOUCH_3}}

Wishing you and the team continued success in McLean!

Best,
Hudson","https://abaclinics.clubemkt.digital/aba?lid={{LEAD_ID}}&utm_source=cold_email&utm_medium=email&utm_campaign=pilot-2026-09-25&utm_content=touch_3"
"Reach Autism Center","Rebecca Freeman","Rebecca","rebecca.freeman@reachabamd.org","Baltimore","MD","3","pilot-2026-09-25","Quick question about Reach Autism Center's openings in MD","Hi Rebecca,

I was looking at independent ABA practices in Baltimore and came across Reach Autism Center. 

A lot of clinic owners we talk to with 1–3 locations tell us their biggest bottleneck isn't clinical interest—it's getting predictable commercial-insurance & private-pay inquiries without giving up margins to PE aggregators.

We built an intake & patient growth system specifically for independent practices across your 3 locations. You can see how the intake flow and caseload matching work here:

{{TRACKED_URL_TOUCH_1}}

Do you have 15 minutes this Thursday or Friday to see if this fits your current openings?

Best,
Hudson Argollo
Gold Traffic / ABA Practice Growth","https://abaclinics.clubemkt.digital/aba?lid={{LEAD_ID}}&utm_source=cold_email&utm_medium=email&utm_campaign=pilot-2026-09-25&utm_content=touch_1","Re: Reach Autism Center's openings in MD","Hi Rebecca,

Quick follow-up on my note from earlier this week.

When clinics expand or try to hire new BCBAs, keeping the waitlist warm and converting families at the exact moment a slot opens is usually what keeps rooms full.

We put together a 20-minute discovery breakdown for independent practices:
{{TRACKED_URL_TOUCH_2}}

Would love to share what's working for clinics in MD if you're open to it.

Best,
Hudson","https://abaclinics.clubemkt.digital/aba?lid={{LEAD_ID}}&utm_source=cold_email&utm_medium=email&utm_campaign=pilot-2026-09-25&utm_content=touch_2","Filling Reach Autism Center's caseload (MD)","Hi Rebecca,

I know you're busy running Reach Autism Center. 

If patient intake or waitlist conversion isn't a priority right now, no worries at all. If you ever want to check our 2-minute fit assessment or look at the numbers, you can bookmark this link:

{{TRACKED_URL_TOUCH_3}}

Wishing you and the team continued success in Baltimore!

Best,
Hudson","https://abaclinics.clubemkt.digital/aba?lid={{LEAD_ID}}&utm_source=cold_email&utm_medium=email&utm_campaign=pilot-2026-09-25&utm_content=touch_3"
"Renew ABA Therapy Group","Kevin Wells","Kevin","kwells@renewautismil.com","Naperville","IL","4","pilot-2026-09-25","Quick question about Renew ABA Therapy Group's openings in IL","Hi Kevin,

I was looking at independent ABA practices in Naperville and came across Renew ABA Therapy Group. 

A lot of clinic owners we talk to with 1–4 locations tell us their biggest bottleneck isn't clinical interest—it's getting predictable commercial-insurance & private-pay inquiries without giving up margins to PE aggregators.

We built an intake & patient growth system specifically for independent practices across your 4 locations. You can see how the intake flow and caseload matching work here:

{{TRACKED_URL_TOUCH_1}}

Do you have 15 minutes this Thursday or Friday to see if this fits your current openings?

Best,
Hudson Argollo
Gold Traffic / ABA Practice Growth","https://abaclinics.clubemkt.digital/aba?lid={{LEAD_ID}}&utm_source=cold_email&utm_medium=email&utm_campaign=pilot-2026-09-25&utm_content=touch_1","Re: Renew ABA Therapy Group's openings in IL","Hi Kevin,

Quick follow-up on my note from earlier this week.

When clinics expand or try to hire new BCBAs, keeping the waitlist warm and converting families at the exact moment a slot opens is usually what keeps rooms full.

We put together a 20-minute discovery breakdown for independent practices:
{{TRACKED_URL_TOUCH_2}}

Would love to share what's working for clinics in IL if you're open to it.

Best,
Hudson","https://abaclinics.clubemkt.digital/aba?lid={{LEAD_ID}}&utm_source=cold_email&utm_medium=email&utm_campaign=pilot-2026-09-25&utm_content=touch_2","Filling Renew ABA Therapy Group's caseload (IL)","Hi Kevin,

I know you're busy running Renew ABA Therapy Group. 

If patient intake or waitlist conversion isn't a priority right now, no worries at all. If you ever want to check our 2-minute fit assessment or look at the numbers, you can bookmark this link:

{{TRACKED_URL_TOUCH_3}}

Wishing you and the team continued success in Naperville!

Best,
Hudson","https://abaclinics.clubemkt.digital/aba?lid={{LEAD_ID}}&utm_source=cold_email&utm_medium=email&utm_campaign=pilot-2026-09-25&utm_content=touch_3"
"Resilience Behavioral Solutions","Emily Webb","Emily","emily.webb@resiliencebehavioralut.com","West Valley City","UT","1","pilot-2026-09-25","Quick question about Resilience Behavioral Solutions's openings in UT","Hi Emily,

I was looking at independent ABA practices in West Valley City and came across Resilience Behavioral Solutions. 

A lot of clinic owners we talk to with 1–3 locations tell us their biggest bottleneck isn't clinical interest—it's getting predictable commercial-insurance & private-pay inquiries without giving up margins to PE aggregators.

We built an intake & patient growth system specifically for independent practices at Resilience Behavioral Solutions. You can see how the intake flow and caseload matching work here:

{{TRACKED_URL_TOUCH_1}}

Do you have 15 minutes this Thursday or Friday to see if this fits your current openings?

Best,
Hudson Argollo
Gold Traffic / ABA Practice Growth","https://abaclinics.clubemkt.digital/aba?lid={{LEAD_ID}}&utm_source=cold_email&utm_medium=email&utm_campaign=pilot-2026-09-25&utm_content=touch_1","Re: Resilience Behavioral Solutions's openings in UT","Hi Emily,

Quick follow-up on my note from earlier this week.

When clinics expand or try to hire new BCBAs, keeping the waitlist warm and converting families at the exact moment a slot opens is usually what keeps rooms full.

We put together a 20-minute discovery breakdown for independent practices:
{{TRACKED_URL_TOUCH_2}}

Would love to share what's working for clinics in UT if you're open to it.

Best,
Hudson","https://abaclinics.clubemkt.digital/aba?lid={{LEAD_ID}}&utm_source=cold_email&utm_medium=email&utm_campaign=pilot-2026-09-25&utm_content=touch_2","Filling Resilience Behavioral Solutions's caseload (UT)","Hi Emily,

I know you're busy running Resilience Behavioral Solutions. 

If patient intake or waitlist conversion isn't a priority right now, no worries at all. If you ever want to check our 2-minute fit assessment or look at the numbers, you can bookmark this link:

{{TRACKED_URL_TOUCH_3}}

Wishing you and the team continued success in West Valley City!

Best,
Hudson","https://abaclinics.clubemkt.digital/aba?lid={{LEAD_ID}}&utm_source=cold_email&utm_medium=email&utm_campaign=pilot-2026-09-25&utm_content=touch_3"
"Rise Autism Services","Ryan Simpson","Ryan","rsimpson@riseabanj.com","Elizabeth","NJ","2","pilot-2026-09-25","Quick question about Rise Autism Services's openings in NJ","Hi Ryan,

I was looking at independent ABA practices in Elizabeth and came across Rise Autism Services. 

A lot of clinic owners we talk to with 1–3 locations tell us their biggest bottleneck isn't clinical interest—it's getting predictable commercial-insurance & private-pay inquiries without giving up margins to PE aggregators.

We built an intake & patient growth system specifically for independent practices across your 2 locations. You can see how the intake flow and caseload matching work here:

{{TRACKED_URL_TOUCH_1}}

Do you have 15 minutes this Thursday or Friday to see if this fits your current openings?

Best,
Hudson Argollo
Gold Traffic / ABA Practice Growth","https://abaclinics.clubemkt.digital/aba?lid={{LEAD_ID}}&utm_source=cold_email&utm_medium=email&utm_campaign=pilot-2026-09-25&utm_content=touch_1","Re: Rise Autism Services's openings in NJ","Hi Ryan,

Quick follow-up on my note from earlier this week.

When clinics expand or try to hire new BCBAs, keeping the waitlist warm and converting families at the exact moment a slot opens is usually what keeps rooms full.

We put together a 20-minute discovery breakdown for independent practices:
{{TRACKED_URL_TOUCH_2}}

Would love to share what's working for clinics in NJ if you're open to it.

Best,
Hudson","https://abaclinics.clubemkt.digital/aba?lid={{LEAD_ID}}&utm_source=cold_email&utm_medium=email&utm_campaign=pilot-2026-09-25&utm_content=touch_2","Filling Rise Autism Services's caseload (NJ)","Hi Ryan,

I know you're busy running Rise Autism Services. 

If patient intake or waitlist conversion isn't a priority right now, no worries at all. If you ever want to check our 2-minute fit assessment or look at the numbers, you can bookmark this link:

{{TRACKED_URL_TOUCH_3}}

Wishing you and the team continued success in Elizabeth!

Best,
Hudson","https://abaclinics.clubemkt.digital/aba?lid={{LEAD_ID}}&utm_source=cold_email&utm_medium=email&utm_campaign=pilot-2026-09-25&utm_content=touch_3"
"Riverbend Behavioral Health","Samantha Stevens","Samantha","samantha.stevens@riverbendautismtx.com","Fort Worth","TX","3","pilot-2026-09-25","Quick question about Riverbend Behavioral Health's openings in TX","Hi Samantha,

I was looking at independent ABA practices in Fort Worth and came across Riverbend Behavioral Health. 

A lot of clinic owners we talk to with 1–3 locations tell us their biggest bottleneck isn't clinical interest—it's getting predictable commercial-insurance & private-pay inquiries without giving up margins to PE aggregators.

We built an intake & patient growth system specifically for independent practices across your 3 locations. You can see how the intake flow and caseload matching work here:

{{TRACKED_URL_TOUCH_1}}

Do you have 15 minutes this Thursday or Friday to see if this fits your current openings?

Best,
Hudson Argollo
Gold Traffic / ABA Practice Growth","https://abaclinics.clubemkt.digital/aba?lid={{LEAD_ID}}&utm_source=cold_email&utm_medium=email&utm_campaign=pilot-2026-09-25&utm_content=touch_1","Re: Riverbend Behavioral Health's openings in TX","Hi Samantha,

Quick follow-up on my note from earlier this week.

When clinics expand or try to hire new BCBAs, keeping the waitlist warm and converting families at the exact moment a slot opens is usually what keeps rooms full.

We put together a 20-minute discovery breakdown for independent practices:
{{TRACKED_URL_TOUCH_2}}

Would love to share what's working for clinics in TX if you're open to it.

Best,
Hudson","https://abaclinics.clubemkt.digital/aba?lid={{LEAD_ID}}&utm_source=cold_email&utm_medium=email&utm_campaign=pilot-2026-09-25&utm_content=touch_2","Filling Riverbend Behavioral Health's caseload (TX)","Hi Samantha,

I know you're busy running Riverbend Behavioral Health. 

If patient intake or waitlist conversion isn't a priority right now, no worries at all. If you ever want to check our 2-minute fit assessment or look at the numbers, you can bookmark this link:

{{TRACKED_URL_TOUCH_3}}

Wishing you and the team continued success in Fort Worth!

Best,
Hudson","https://abaclinics.clubemkt.digital/aba?lid={{LEAD_ID}}&utm_source=cold_email&utm_medium=email&utm_campaign=pilot-2026-09-25&utm_content=touch_3"
"Sanctuary Therapy Associates","Justin Tucker","Justin","jtucker@sanctuarybehavioralfl.org","St. Petersburg","FL","4","pilot-2026-09-25","Quick question about Sanctuary Therapy Associates's openings in FL","Hi Justin,

I was looking at independent ABA practices in St. Petersburg and came across Sanctuary Therapy Associates. 

A lot of clinic owners we talk to with 1–4 locations tell us their biggest bottleneck isn't clinical interest—it's getting predictable commercial-insurance & private-pay inquiries without giving up margins to PE aggregators.

We built an intake & patient growth system specifically for independent practices across your 4 locations. You can see how the intake flow and caseload matching work here:

{{TRACKED_URL_TOUCH_1}}

Do you have 15 minutes this Thursday or Friday to see if this fits your current openings?

Best,
Hudson Argollo
Gold Traffic / ABA Practice Growth","https://abaclinics.clubemkt.digital/aba?lid={{LEAD_ID}}&utm_source=cold_email&utm_medium=email&utm_campaign=pilot-2026-09-25&utm_content=touch_1","Re: Sanctuary Therapy Associates's openings in FL","Hi Justin,

Quick follow-up on my note from earlier this week.

When clinics expand or try to hire new BCBAs, keeping the waitlist warm and converting families at the exact moment a slot opens is usually what keeps rooms full.

We put together a 20-minute discovery breakdown for independent practices:
{{TRACKED_URL_TOUCH_2}}

Would love to share what's working for clinics in FL if you're open to it.

Best,
Hudson","https://abaclinics.clubemkt.digital/aba?lid={{LEAD_ID}}&utm_source=cold_email&utm_medium=email&utm_campaign=pilot-2026-09-25&utm_content=touch_2","Filling Sanctuary Therapy Associates's caseload (FL)","Hi Justin,

I know you're busy running Sanctuary Therapy Associates. 

If patient intake or waitlist conversion isn't a priority right now, no worries at all. If you ever want to check our 2-minute fit assessment or look at the numbers, you can bookmark this link:

{{TRACKED_URL_TOUCH_3}}

Wishing you and the team continued success in St. Petersburg!

Best,
Hudson","https://abaclinics.clubemkt.digital/aba?lid={{LEAD_ID}}&utm_source=cold_email&utm_medium=email&utm_campaign=pilot-2026-09-25&utm_content=touch_3"
"Serenity Developmental Clinic","Danielle Porter","Danielle","danielle.porter@serenityabaca.com","Pasadena","CA","1","pilot-2026-09-25","Quick question about Serenity Developmental Clinic's openings in CA","Hi Danielle,

I was looking at independent ABA practices in Pasadena and came across Serenity Developmental Clinic. 

A lot of clinic owners we talk to with 1–3 locations tell us their biggest bottleneck isn't clinical interest—it's getting predictable commercial-insurance & private-pay inquiries without giving up margins to PE aggregators.

We built an intake & patient growth system specifically for independent practices at Serenity Developmental Clinic. You can see how the intake flow and caseload matching work here:

{{TRACKED_URL_TOUCH_1}}

Do you have 15 minutes this Thursday or Friday to see if this fits your current openings?

Best,
Hudson Argollo
Gold Traffic / ABA Practice Growth","https://abaclinics.clubemkt.digital/aba?lid={{LEAD_ID}}&utm_source=cold_email&utm_medium=email&utm_campaign=pilot-2026-09-25&utm_content=touch_1","Re: Serenity Developmental Clinic's openings in CA","Hi Danielle,

Quick follow-up on my note from earlier this week.

When clinics expand or try to hire new BCBAs, keeping the waitlist warm and converting families at the exact moment a slot opens is usually what keeps rooms full.

We put together a 20-minute discovery breakdown for independent practices:
{{TRACKED_URL_TOUCH_2}}

Would love to share what's working for clinics in CA if you're open to it.

Best,
Hudson","https://abaclinics.clubemkt.digital/aba?lid={{LEAD_ID}}&utm_source=cold_email&utm_medium=email&utm_campaign=pilot-2026-09-25&utm_content=touch_2","Filling Serenity Developmental Clinic's caseload (CA)","Hi Danielle,

I know you're busy running Serenity Developmental Clinic. 

If patient intake or waitlist conversion isn't a priority right now, no worries at all. If you ever want to check our 2-minute fit assessment or look at the numbers, you can bookmark this link:

{{TRACKED_URL_TOUCH_3}}

Wishing you and the team continued success in Pasadena!

Best,
Hudson","https://abaclinics.clubemkt.digital/aba?lid={{LEAD_ID}}&utm_source=cold_email&utm_medium=email&utm_campaign=pilot-2026-09-25&utm_content=touch_3"
"Shine ABA Services","Brandon Hunter","Brandon","bhunter@shineautismnc.com","Raleigh","NC","2","pilot-2026-09-25","Quick question about Shine ABA Services's openings in NC","Hi Brandon,

I was looking at independent ABA practices in Raleigh and came across Shine ABA Services. 

A lot of clinic owners we talk to with 1–3 locations tell us their biggest bottleneck isn't clinical interest—it's getting predictable commercial-insurance & private-pay inquiries without giving up margins to PE aggregators.

We built an intake & patient growth system specifically for independent practices across your 2 locations. You can see how the intake flow and caseload matching work here:

{{TRACKED_URL_TOUCH_1}}

Do you have 15 minutes this Thursday or Friday to see if this fits your current openings?

Best,
Hudson Argollo
Gold Traffic / ABA Practice Growth","https://abaclinics.clubemkt.digital/aba?lid={{LEAD_ID}}&utm_source=cold_email&utm_medium=email&utm_campaign=pilot-2026-09-25&utm_content=touch_1","Re: Shine ABA Services's openings in NC","Hi Brandon,

Quick follow-up on my note from earlier this week.

When clinics expand or try to hire new BCBAs, keeping the waitlist warm and converting families at the exact moment a slot opens is usually what keeps rooms full.

We put together a 20-minute discovery breakdown for independent practices:
{{TRACKED_URL_TOUCH_2}}

Would love to share what's working for clinics in NC if you're open to it.

Best,
Hudson","https://abaclinics.clubemkt.digital/aba?lid={{LEAD_ID}}&utm_source=cold_email&utm_medium=email&utm_campaign=pilot-2026-09-25&utm_content=touch_2","Filling Shine ABA Services's caseload (NC)","Hi Brandon,

I know you're busy running Shine ABA Services. 

If patient intake or waitlist conversion isn't a priority right now, no worries at all. If you ever want to check our 2-minute fit assessment or look at the numbers, you can bookmark this link:

{{TRACKED_URL_TOUCH_3}}

Wishing you and the team continued success in Raleigh!

Best,
Hudson","https://abaclinics.clubemkt.digital/aba?lid={{LEAD_ID}}&utm_source=cold_email&utm_medium=email&utm_campaign=pilot-2026-09-25&utm_content=touch_3"
"Silver Lining Autism & Behavioral Clinic","Amber Hicks","Amber","amber.hicks@silverliningbehavioralga.com","Columbus","GA","3","pilot-2026-09-25","Quick question about Silver Lining Autism & Behavioral Clinic's openings in GA","Hi Amber,

I was looking at independent ABA practices in Columbus and came across Silver Lining Autism & Behavioral Clinic. 

A lot of clinic owners we talk to with 1–3 locations tell us their biggest bottleneck isn't clinical interest—it's getting predictable commercial-insurance & private-pay inquiries without giving up margins to PE aggregators.

We built an intake & patient growth system specifically for independent practices across your 3 locations. You can see how the intake flow and caseload matching work here:

{{TRACKED_URL_TOUCH_1}}

Do you have 15 minutes this Thursday or Friday to see if this fits your current openings?

Best,
Hudson Argollo
Gold Traffic / ABA Practice Growth","https://abaclinics.clubemkt.digital/aba?lid={{LEAD_ID}}&utm_source=cold_email&utm_medium=email&utm_campaign=pilot-2026-09-25&utm_content=touch_1","Re: Silver Lining Autism & Behavioral Clinic's openings in GA","Hi Amber,

Quick follow-up on my note from earlier this week.

When clinics expand or try to hire new BCBAs, keeping the waitlist warm and converting families at the exact moment a slot opens is usually what keeps rooms full.

We put together a 20-minute discovery breakdown for independent practices:
{{TRACKED_URL_TOUCH_2}}

Would love to share what's working for clinics in GA if you're open to it.

Best,
Hudson","https://abaclinics.clubemkt.digital/aba?lid={{LEAD_ID}}&utm_source=cold_email&utm_medium=email&utm_campaign=pilot-2026-09-25&utm_content=touch_2","Filling Silver Lining Autism & Behavioral Clinic's caseload (GA)","Hi Amber,

I know you're busy running Silver Lining Autism & Behavioral Clinic. 

If patient intake or waitlist conversion isn't a priority right now, no worries at all. If you ever want to check our 2-minute fit assessment or look at the numbers, you can bookmark this link:

{{TRACKED_URL_TOUCH_3}}

Wishing you and the team continued success in Columbus!

Best,
Hudson","https://abaclinics.clubemkt.digital/aba?lid={{LEAD_ID}}&utm_source=cold_email&utm_medium=email&utm_campaign=pilot-2026-09-25&utm_content=touch_3"
"Soar Child Development Center","Jason Crawford","Jason","jcrawford@soarabaco.com","Pueblo","CO","4","pilot-2026-09-25","Quick question about Soar Child Development Center's openings in CO","Hi Jason,

I was looking at independent ABA practices in Pueblo and came across Soar Child Development Center. 

A lot of clinic owners we talk to with 1–4 locations tell us their biggest bottleneck isn't clinical interest—it's getting predictable commercial-insurance & private-pay inquiries without giving up margins to PE aggregators.

We built an intake & patient growth system specifically for independent practices across your 4 locations. You can see how the intake flow and caseload matching work here:

{{TRACKED_URL_TOUCH_1}}

Do you have 15 minutes this Thursday or Friday to see if this fits your current openings?

Best,
Hudson Argollo
Gold Traffic / ABA Practice Growth","https://abaclinics.clubemkt.digital/aba?lid={{LEAD_ID}}&utm_source=cold_email&utm_medium=email&utm_campaign=pilot-2026-09-25&utm_content=touch_1","Re: Soar Child Development Center's openings in CO","Hi Jason,

Quick follow-up on my note from earlier this week.

When clinics expand or try to hire new BCBAs, keeping the waitlist warm and converting families at the exact moment a slot opens is usually what keeps rooms full.

We put together a 20-minute discovery breakdown for independent practices:
{{TRACKED_URL_TOUCH_2}}

Would love to share what's working for clinics in CO if you're open to it.

Best,
Hudson","https://abaclinics.clubemkt.digital/aba?lid={{LEAD_ID}}&utm_source=cold_email&utm_medium=email&utm_campaign=pilot-2026-09-25&utm_content=touch_2","Filling Soar Child Development Center's caseload (CO)","Hi Jason,

I know you're busy running Soar Child Development Center. 

If patient intake or waitlist conversion isn't a priority right now, no worries at all. If you ever want to check our 2-minute fit assessment or look at the numbers, you can bookmark this link:

{{TRACKED_URL_TOUCH_3}}

Wishing you and the team continued success in Pueblo!

Best,
Hudson","https://abaclinics.clubemkt.digital/aba?lid={{LEAD_ID}}&utm_source=cold_email&utm_medium=email&utm_campaign=pilot-2026-09-25&utm_content=touch_3"
"Spectrum Behavior Analysis Partners","Brittany Henry","Brittany","brittany.henry@spectrumautismva.org","Richmond","VA","1","pilot-2026-09-25","Quick question about Spectrum Behavior Analysis Partners's openings in VA","Hi Brittany,

I was looking at independent ABA practices in Richmond and came across Spectrum Behavior Analysis Partners. 

A lot of clinic owners we talk to with 1–3 locations tell us their biggest bottleneck isn't clinical interest—it's getting predictable commercial-insurance & private-pay inquiries without giving up margins to PE aggregators.

We built an intake & patient growth system specifically for independent practices at Spectrum Behavior Analysis Partners. You can see how the intake flow and caseload matching work here:

{{TRACKED_URL_TOUCH_1}}

Do you have 15 minutes this Thursday or Friday to see if this fits your current openings?

Best,
Hudson Argollo
Gold Traffic / ABA Practice Growth","https://abaclinics.clubemkt.digital/aba?lid={{LEAD_ID}}&utm_source=cold_email&utm_medium=email&utm_campaign=pilot-2026-09-25&utm_content=touch_1","Re: Spectrum Behavior Analysis Partners's openings in VA","Hi Brittany,

Quick follow-up on my note from earlier this week.

When clinics expand or try to hire new BCBAs, keeping the waitlist warm and converting families at the exact moment a slot opens is usually what keeps rooms full.

We put together a 20-minute discovery breakdown for independent practices:
{{TRACKED_URL_TOUCH_2}}

Would love to share what's working for clinics in VA if you're open to it.

Best,
Hudson","https://abaclinics.clubemkt.digital/aba?lid={{LEAD_ID}}&utm_source=cold_email&utm_medium=email&utm_campaign=pilot-2026-09-25&utm_content=touch_2","Filling Spectrum Behavior Analysis Partners's caseload (VA)","Hi Brittany,

I know you're busy running Spectrum Behavior Analysis Partners. 

If patient intake or waitlist conversion isn't a priority right now, no worries at all. If you ever want to check our 2-minute fit assessment or look at the numbers, you can bookmark this link:

{{TRACKED_URL_TOUCH_3}}

Wishing you and the team continued success in Richmond!

Best,
Hudson","https://abaclinics.clubemkt.digital/aba?lid={{LEAD_ID}}&utm_source=cold_email&utm_medium=email&utm_campaign=pilot-2026-09-25&utm_content=touch_3"
"Springboard Behavioral Care","Eric Boyd","Eric","eboyd@springboardbehavioralmd.com","Rockville","MD","2","pilot-2026-09-25","Quick question about Springboard Behavioral Care's openings in MD","Hi Eric,

I was looking at independent ABA practices in Rockville and came across Springboard Behavioral Care. 

A lot of clinic owners we talk to with 1–3 locations tell us their biggest bottleneck isn't clinical interest—it's getting predictable commercial-insurance & private-pay inquiries without giving up margins to PE aggregators.

We built an intake & patient growth system specifically for independent practices across your 2 locations. You can see how the intake flow and caseload matching work here:

{{TRACKED_URL_TOUCH_1}}

Do you have 15 minutes this Thursday or Friday to see if this fits your current openings?

Best,
Hudson Argollo
Gold Traffic / ABA Practice Growth","https://abaclinics.clubemkt.digital/aba?lid={{LEAD_ID}}&utm_source=cold_email&utm_medium=email&utm_campaign=pilot-2026-09-25&utm_content=touch_1","Re: Springboard Behavioral Care's openings in MD","Hi Eric,

Quick follow-up on my note from earlier this week.

When clinics expand or try to hire new BCBAs, keeping the waitlist warm and converting families at the exact moment a slot opens is usually what keeps rooms full.

We put together a 20-minute discovery breakdown for independent practices:
{{TRACKED_URL_TOUCH_2}}

Would love to share what's working for clinics in MD if you're open to it.

Best,
Hudson","https://abaclinics.clubemkt.digital/aba?lid={{LEAD_ID}}&utm_source=cold_email&utm_medium=email&utm_campaign=pilot-2026-09-25&utm_content=touch_2","Filling Springboard Behavioral Care's caseload (MD)","Hi Eric,

I know you're busy running Springboard Behavioral Care. 

If patient intake or waitlist conversion isn't a priority right now, no worries at all. If you ever want to check our 2-minute fit assessment or look at the numbers, you can bookmark this link:

{{TRACKED_URL_TOUCH_3}}

Wishing you and the team continued success in Rockville!

Best,
Hudson","https://abaclinics.clubemkt.digital/aba?lid={{LEAD_ID}}&utm_source=cold_email&utm_medium=email&utm_campaign=pilot-2026-09-25&utm_content=touch_3"
"Step Ahead Autism Horizons","Courtney Mason","Courtney","courtney.mason@stepaheadabail.com","Aurora","IL","3","pilot-2026-09-25","Quick question about Step Ahead Autism Horizons's openings in IL","Hi Courtney,

I was looking at independent ABA practices in Aurora and came across Step Ahead Autism Horizons. 

A lot of clinic owners we talk to with 1–3 locations tell us their biggest bottleneck isn't clinical interest—it's getting predictable commercial-insurance & private-pay inquiries without giving up margins to PE aggregators.

We built an intake & patient growth system specifically for independent practices across your 3 locations. You can see how the intake flow and caseload matching work here:

{{TRACKED_URL_TOUCH_1}}

Do you have 15 minutes this Thursday or Friday to see if this fits your current openings?

Best,
Hudson Argollo
Gold Traffic / ABA Practice Growth","https://abaclinics.clubemkt.digital/aba?lid={{LEAD_ID}}&utm_source=cold_email&utm_medium=email&utm_campaign=pilot-2026-09-25&utm_content=touch_1","Re: Step Ahead Autism Horizons's openings in IL","Hi Courtney,

Quick follow-up on my note from earlier this week.

When clinics expand or try to hire new BCBAs, keeping the waitlist warm and converting families at the exact moment a slot opens is usually what keeps rooms full.

We put together a 20-minute discovery breakdown for independent practices:
{{TRACKED_URL_TOUCH_2}}

Would love to share what's working for clinics in IL if you're open to it.

Best,
Hudson","https://abaclinics.clubemkt.digital/aba?lid={{LEAD_ID}}&utm_source=cold_email&utm_medium=email&utm_campaign=pilot-2026-09-25&utm_content=touch_2","Filling Step Ahead Autism Horizons's caseload (IL)","Hi Courtney,

I know you're busy running Step Ahead Autism Horizons. 

If patient intake or waitlist conversion isn't a priority right now, no worries at all. If you ever want to check our 2-minute fit assessment or look at the numbers, you can bookmark this link:

{{TRACKED_URL_TOUCH_3}}

Wishing you and the team continued success in Aurora!

Best,
Hudson","https://abaclinics.clubemkt.digital/aba?lid={{LEAD_ID}}&utm_source=cold_email&utm_medium=email&utm_campaign=pilot-2026-09-25&utm_content=touch_3"
"Summit Therapy & Learning Center","Jonathan Morales","Jonathan","jmorales@summitautismut.com","Orem","UT","4","pilot-2026-09-25","Quick question about Summit Therapy & Learning Center's openings in UT","Hi Jonathan,

I was looking at independent ABA practices in Orem and came across Summit Therapy & Learning Center. 

A lot of clinic owners we talk to with 1–4 locations tell us their biggest bottleneck isn't clinical interest—it's getting predictable commercial-insurance & private-pay inquiries without giving up margins to PE aggregators.

We built an intake & patient growth system specifically for independent practices across your 4 locations. You can see how the intake flow and caseload matching work here:

{{TRACKED_URL_TOUCH_1}}

Do you have 15 minutes this Thursday or Friday to see if this fits your current openings?

Best,
Hudson Argollo
Gold Traffic / ABA Practice Growth","https://abaclinics.clubemkt.digital/aba?lid={{LEAD_ID}}&utm_source=cold_email&utm_medium=email&utm_campaign=pilot-2026-09-25&utm_content=touch_1","Re: Summit Therapy & Learning Center's openings in UT","Hi Jonathan,

Quick follow-up on my note from earlier this week.

When clinics expand or try to hire new BCBAs, keeping the waitlist warm and converting families at the exact moment a slot opens is usually what keeps rooms full.

We put together a 20-minute discovery breakdown for independent practices:
{{TRACKED_URL_TOUCH_2}}

Would love to share what's working for clinics in UT if you're open to it.

Best,
Hudson","https://abaclinics.clubemkt.digital/aba?lid={{LEAD_ID}}&utm_source=cold_email&utm_medium=email&utm_campaign=pilot-2026-09-25&utm_content=touch_2","Filling Summit Therapy & Learning Center's caseload (UT)","Hi Jonathan,

I know you're busy running Summit Therapy & Learning Center. 

If patient intake or waitlist conversion isn't a priority right now, no worries at all. If you ever want to check our 2-minute fit assessment or look at the numbers, you can bookmark this link:

{{TRACKED_URL_TOUCH_3}}

Wishing you and the team continued success in Orem!

Best,
Hudson","https://abaclinics.clubemkt.digital/aba?lid={{LEAD_ID}}&utm_source=cold_email&utm_medium=email&utm_campaign=pilot-2026-09-25&utm_content=touch_3"
"Sunburst Behavioral Interventions","Tiffany Kennedy","Tiffany","tiffany.kennedy@sunburstbehavioralnj.com","Edison","NJ","1","pilot-2026-09-25","Quick question about Sunburst Behavioral Interventions's openings in NJ","Hi Tiffany,

I was looking at independent ABA practices in Edison and came across Sunburst Behavioral Interventions. 

A lot of clinic owners we talk to with 1–3 locations tell us their biggest bottleneck isn't clinical interest—it's getting predictable commercial-insurance & private-pay inquiries without giving up margins to PE aggregators.

We built an intake & patient growth system specifically for independent practices at Sunburst Behavioral Interventions. You can see how the intake flow and caseload matching work here:

{{TRACKED_URL_TOUCH_1}}

Do you have 15 minutes this Thursday or Friday to see if this fits your current openings?

Best,
Hudson Argollo
Gold Traffic / ABA Practice Growth","https://abaclinics.clubemkt.digital/aba?lid={{LEAD_ID}}&utm_source=cold_email&utm_medium=email&utm_campaign=pilot-2026-09-25&utm_content=touch_1","Re: Sunburst Behavioral Interventions's openings in NJ","Hi Tiffany,

Quick follow-up on my note from earlier this week.

When clinics expand or try to hire new BCBAs, keeping the waitlist warm and converting families at the exact moment a slot opens is usually what keeps rooms full.

We put together a 20-minute discovery breakdown for independent practices:
{{TRACKED_URL_TOUCH_2}}

Would love to share what's working for clinics in NJ if you're open to it.

Best,
Hudson","https://abaclinics.clubemkt.digital/aba?lid={{LEAD_ID}}&utm_source=cold_email&utm_medium=email&utm_campaign=pilot-2026-09-25&utm_content=touch_2","Filling Sunburst Behavioral Interventions's caseload (NJ)","Hi Tiffany,

I know you're busy running Sunburst Behavioral Interventions. 

If patient intake or waitlist conversion isn't a priority right now, no worries at all. If you ever want to check our 2-minute fit assessment or look at the numbers, you can bookmark this link:

{{TRACKED_URL_TOUCH_3}}

Wishing you and the team continued success in Edison!

Best,
Hudson","https://abaclinics.clubemkt.digital/aba?lid={{LEAD_ID}}&utm_source=cold_email&utm_medium=email&utm_campaign=pilot-2026-09-25&utm_content=touch_3"
"Sunrise Autism Center","Tyler Warren","Tyler","twarren@sunriseabatx.org","Austin","TX","2","pilot-2026-09-25","Quick question about Sunrise Autism Center's openings in TX","Hi Tyler,

I was looking at independent ABA practices in Austin and came across Sunrise Autism Center. 

A lot of clinic owners we talk to with 1–3 locations tell us their biggest bottleneck isn't clinical interest—it's getting predictable commercial-insurance & private-pay inquiries without giving up margins to PE aggregators.

We built an intake & patient growth system specifically for independent practices across your 2 locations. You can see how the intake flow and caseload matching work here:

{{TRACKED_URL_TOUCH_1}}

Do you have 15 minutes this Thursday or Friday to see if this fits your current openings?

Best,
Hudson Argollo
Gold Traffic / ABA Practice Growth","https://abaclinics.clubemkt.digital/aba?lid={{LEAD_ID}}&utm_source=cold_email&utm_medium=email&utm_campaign=pilot-2026-09-25&utm_content=touch_1","Re: Sunrise Autism Center's openings in TX","Hi Tyler,

Quick follow-up on my note from earlier this week.

When clinics expand or try to hire new BCBAs, keeping the waitlist warm and converting families at the exact moment a slot opens is usually what keeps rooms full.

We put together a 20-minute discovery breakdown for independent practices:
{{TRACKED_URL_TOUCH_2}}

Would love to share what's working for clinics in TX if you're open to it.

Best,
Hudson","https://abaclinics.clubemkt.digital/aba?lid={{LEAD_ID}}&utm_source=cold_email&utm_medium=email&utm_campaign=pilot-2026-09-25&utm_content=touch_2","Filling Sunrise Autism Center's caseload (TX)","Hi Tyler,

I know you're busy running Sunrise Autism Center. 

If patient intake or waitlist conversion isn't a priority right now, no worries at all. If you ever want to check our 2-minute fit assessment or look at the numbers, you can bookmark this link:

{{TRACKED_URL_TOUCH_3}}

Wishing you and the team continued success in Austin!

Best,
Hudson","https://abaclinics.clubemkt.digital/aba?lid={{LEAD_ID}}&utm_source=cold_email&utm_medium=email&utm_campaign=pilot-2026-09-25&utm_content=touch_3"
"Synergy ABA Therapy Group","Christine Dixon","Christine","christine.dixon@synergyautismfl.com","Orlando","FL","3","pilot-2026-09-25","Quick question about Synergy ABA Therapy Group's openings in FL","Hi Christine,

I was looking at independent ABA practices in Orlando and came across Synergy ABA Therapy Group. 

A lot of clinic owners we talk to with 1–3 locations tell us their biggest bottleneck isn't clinical interest—it's getting predictable commercial-insurance & private-pay inquiries without giving up margins to PE aggregators.

We built an intake & patient growth system specifically for independent practices across your 3 locations. You can see how the intake flow and caseload matching work here:

{{TRACKED_URL_TOUCH_1}}

Do you have 15 minutes this Thursday or Friday to see if this fits your current openings?

Best,
Hudson Argollo
Gold Traffic / ABA Practice Growth","https://abaclinics.clubemkt.digital/aba?lid={{LEAD_ID}}&utm_source=cold_email&utm_medium=email&utm_campaign=pilot-2026-09-25&utm_content=touch_1","Re: Synergy ABA Therapy Group's openings in FL","Hi Christine,

Quick follow-up on my note from earlier this week.

When clinics expand or try to hire new BCBAs, keeping the waitlist warm and converting families at the exact moment a slot opens is usually what keeps rooms full.

We put together a 20-minute discovery breakdown for independent practices:
{{TRACKED_URL_TOUCH_2}}

Would love to share what's working for clinics in FL if you're open to it.

Best,
Hudson","https://abaclinics.clubemkt.digital/aba?lid={{LEAD_ID}}&utm_source=cold_email&utm_medium=email&utm_campaign=pilot-2026-09-25&utm_content=touch_2","Filling Synergy ABA Therapy Group's caseload (FL)","Hi Christine,

I know you're busy running Synergy ABA Therapy Group. 

If patient intake or waitlist conversion isn't a priority right now, no worries at all. If you ever want to check our 2-minute fit assessment or look at the numbers, you can bookmark this link:

{{TRACKED_URL_TOUCH_3}}

Wishing you and the team continued success in Orlando!

Best,
Hudson","https://abaclinics.clubemkt.digital/aba?lid={{LEAD_ID}}&utm_source=cold_email&utm_medium=email&utm_campaign=pilot-2026-09-25&utm_content=touch_3"
"Thrive Behavioral Solutions","Nicholas Ramos","Nicholas","nramos@thrivebehavioralca.com","San Jose","CA","4","pilot-2026-09-25","Quick question about Thrive Behavioral Solutions's openings in CA","Hi Nicholas,

I was looking at independent ABA practices in San Jose and came across Thrive Behavioral Solutions. 

A lot of clinic owners we talk to with 1–4 locations tell us their biggest bottleneck isn't clinical interest—it's getting predictable commercial-insurance & private-pay inquiries without giving up margins to PE aggregators.

We built an intake & patient growth system specifically for independent practices across your 4 locations. You can see how the intake flow and caseload matching work here:

{{TRACKED_URL_TOUCH_1}}

Do you have 15 minutes this Thursday or Friday to see if this fits your current openings?

Best,
Hudson Argollo
Gold Traffic / ABA Practice Growth","https://abaclinics.clubemkt.digital/aba?lid={{LEAD_ID}}&utm_source=cold_email&utm_medium=email&utm_campaign=pilot-2026-09-25&utm_content=touch_1","Re: Thrive Behavioral Solutions's openings in CA","Hi Nicholas,

Quick follow-up on my note from earlier this week.

When clinics expand or try to hire new BCBAs, keeping the waitlist warm and converting families at the exact moment a slot opens is usually what keeps rooms full.

We put together a 20-minute discovery breakdown for independent practices:
{{TRACKED_URL_TOUCH_2}}

Would love to share what's working for clinics in CA if you're open to it.

Best,
Hudson","https://abaclinics.clubemkt.digital/aba?lid={{LEAD_ID}}&utm_source=cold_email&utm_medium=email&utm_campaign=pilot-2026-09-25&utm_content=touch_2","Filling Thrive Behavioral Solutions's caseload (CA)","Hi Nicholas,

I know you're busy running Thrive Behavioral Solutions. 

If patient intake or waitlist conversion isn't a priority right now, no worries at all. If you ever want to check our 2-minute fit assessment or look at the numbers, you can bookmark this link:

{{TRACKED_URL_TOUCH_3}}

Wishing you and the team continued success in San Jose!

Best,
Hudson","https://abaclinics.clubemkt.digital/aba?lid={{LEAD_ID}}&utm_source=cold_email&utm_medium=email&utm_campaign=pilot-2026-09-25&utm_content=touch_3"
"Timberline Autism Services","Alyssa Reyes","Alyssa","alyssa.reyes@timberlineabanc.com","Charlotte","NC","1","pilot-2026-09-25","Quick question about Timberline Autism Services's openings in NC","Hi Alyssa,

I was looking at independent ABA practices in Charlotte and came across Timberline Autism Services. 

A lot of clinic owners we talk to with 1–3 locations tell us their biggest bottleneck isn't clinical interest—it's getting predictable commercial-insurance & private-pay inquiries without giving up margins to PE aggregators.

We built an intake & patient growth system specifically for independent practices at Timberline Autism Services. You can see how the intake flow and caseload matching work here:

{{TRACKED_URL_TOUCH_1}}

Do you have 15 minutes this Thursday or Friday to see if this fits your current openings?

Best,
Hudson Argollo
Gold Traffic / ABA Practice Growth","https://abaclinics.clubemkt.digital/aba?lid={{LEAD_ID}}&utm_source=cold_email&utm_medium=email&utm_campaign=pilot-2026-09-25&utm_content=touch_1","Re: Timberline Autism Services's openings in NC","Hi Alyssa,

Quick follow-up on my note from earlier this week.

When clinics expand or try to hire new BCBAs, keeping the waitlist warm and converting families at the exact moment a slot opens is usually what keeps rooms full.

We put together a 20-minute discovery breakdown for independent practices:
{{TRACKED_URL_TOUCH_2}}

Would love to share what's working for clinics in NC if you're open to it.

Best,
Hudson","https://abaclinics.clubemkt.digital/aba?lid={{LEAD_ID}}&utm_source=cold_email&utm_medium=email&utm_campaign=pilot-2026-09-25&utm_content=touch_2","Filling Timberline Autism Services's caseload (NC)","Hi Alyssa,

I know you're busy running Timberline Autism Services. 

If patient intake or waitlist conversion isn't a priority right now, no worries at all. If you ever want to check our 2-minute fit assessment or look at the numbers, you can bookmark this link:

{{TRACKED_URL_TOUCH_3}}

Wishing you and the team continued success in Charlotte!

Best,
Hudson","https://abaclinics.clubemkt.digital/aba?lid={{LEAD_ID}}&utm_source=cold_email&utm_medium=email&utm_campaign=pilot-2026-09-25&utm_content=touch_3"
"Touchstone Behavioral Health","Jacob Jenkins","Jacob","jjenkins@touchstoneautismga.com","Augusta","GA","2","pilot-2026-09-25","Quick question about Touchstone Behavioral Health's openings in GA","Hi Jacob,

I was looking at independent ABA practices in Augusta and came across Touchstone Behavioral Health. 

A lot of clinic owners we talk to with 1–3 locations tell us their biggest bottleneck isn't clinical interest—it's getting predictable commercial-insurance & private-pay inquiries without giving up margins to PE aggregators.

We built an intake & patient growth system specifically for independent practices across your 2 locations. You can see how the intake flow and caseload matching work here:

{{TRACKED_URL_TOUCH_1}}

Do you have 15 minutes this Thursday or Friday to see if this fits your current openings?

Best,
Hudson Argollo
Gold Traffic / ABA Practice Growth","https://abaclinics.clubemkt.digital/aba?lid={{LEAD_ID}}&utm_source=cold_email&utm_medium=email&utm_campaign=pilot-2026-09-25&utm_content=touch_1","Re: Touchstone Behavioral Health's openings in GA","Hi Jacob,

Quick follow-up on my note from earlier this week.

When clinics expand or try to hire new BCBAs, keeping the waitlist warm and converting families at the exact moment a slot opens is usually what keeps rooms full.

We put together a 20-minute discovery breakdown for independent practices:
{{TRACKED_URL_TOUCH_2}}

Would love to share what's working for clinics in GA if you're open to it.

Best,
Hudson","https://abaclinics.clubemkt.digital/aba?lid={{LEAD_ID}}&utm_source=cold_email&utm_medium=email&utm_campaign=pilot-2026-09-25&utm_content=touch_2","Filling Touchstone Behavioral Health's caseload (GA)","Hi Jacob,

I know you're busy running Touchstone Behavioral Health. 

If patient intake or waitlist conversion isn't a priority right now, no worries at all. If you ever want to check our 2-minute fit assessment or look at the numbers, you can bookmark this link:

{{TRACKED_URL_TOUCH_3}}

Wishing you and the team continued success in Augusta!

Best,
Hudson","https://abaclinics.clubemkt.digital/aba?lid={{LEAD_ID}}&utm_source=cold_email&utm_medium=email&utm_campaign=pilot-2026-09-25&utm_content=touch_3"
"Trailblazer Therapy Associates","Hannah Vance","Hannah","hannah.vance@trailblazerbehavioralco.org","Denver","CO","3","pilot-2026-09-25","Quick question about Trailblazer Therapy Associates's openings in CO","Hi Hannah,

I was looking at independent ABA practices in Denver and came across Trailblazer Therapy Associates. 

A lot of clinic owners we talk to with 1–3 locations tell us their biggest bottleneck isn't clinical interest—it's getting predictable commercial-insurance & private-pay inquiries without giving up margins to PE aggregators.

We built an intake & patient growth system specifically for independent practices across your 3 locations. You can see how the intake flow and caseload matching work here:

{{TRACKED_URL_TOUCH_1}}

Do you have 15 minutes this Thursday or Friday to see if this fits your current openings?

Best,
Hudson Argollo
Gold Traffic / ABA Practice Growth","https://abaclinics.clubemkt.digital/aba?lid={{LEAD_ID}}&utm_source=cold_email&utm_medium=email&utm_campaign=pilot-2026-09-25&utm_content=touch_1","Re: Trailblazer Therapy Associates's openings in CO","Hi Hannah,

Quick follow-up on my note from earlier this week.

When clinics expand or try to hire new BCBAs, keeping the waitlist warm and converting families at the exact moment a slot opens is usually what keeps rooms full.

We put together a 20-minute discovery breakdown for independent practices:
{{TRACKED_URL_TOUCH_2}}

Would love to share what's working for clinics in CO if you're open to it.

Best,
Hudson","https://abaclinics.clubemkt.digital/aba?lid={{LEAD_ID}}&utm_source=cold_email&utm_medium=email&utm_campaign=pilot-2026-09-25&utm_content=touch_2","Filling Trailblazer Therapy Associates's caseload (CO)","Hi Hannah,

I know you're busy running Trailblazer Therapy Associates. 

If patient intake or waitlist conversion isn't a priority right now, no worries at all. If you ever want to check our 2-minute fit assessment or look at the numbers, you can bookmark this link:

{{TRACKED_URL_TOUCH_3}}

Wishing you and the team continued success in Denver!

Best,
Hudson","https://abaclinics.clubemkt.digital/aba?lid={{LEAD_ID}}&utm_source=cold_email&utm_medium=email&utm_campaign=pilot-2026-09-25&utm_content=touch_3"
"True North Developmental Clinic","Austin Rostova","Austin","arostova@truenorthabava.com","Virginia Beach","VA","4","pilot-2026-09-25","Quick question about True North Developmental Clinic's openings in VA","Hi Austin,

I was looking at independent ABA practices in Virginia Beach and came across True North Developmental Clinic. 

A lot of clinic owners we talk to with 1–4 locations tell us their biggest bottleneck isn't clinical interest—it's getting predictable commercial-insurance & private-pay inquiries without giving up margins to PE aggregators.

We built an intake & patient growth system specifically for independent practices across your 4 locations. You can see how the intake flow and caseload matching work here:

{{TRACKED_URL_TOUCH_1}}

Do you have 15 minutes this Thursday or Friday to see if this fits your current openings?

Best,
Hudson Argollo
Gold Traffic / ABA Practice Growth","https://abaclinics.clubemkt.digital/aba?lid={{LEAD_ID}}&utm_source=cold_email&utm_medium=email&utm_campaign=pilot-2026-09-25&utm_content=touch_1","Re: True North Developmental Clinic's openings in VA","Hi Austin,

Quick follow-up on my note from earlier this week.

When clinics expand or try to hire new BCBAs, keeping the waitlist warm and converting families at the exact moment a slot opens is usually what keeps rooms full.

We put together a 20-minute discovery breakdown for independent practices:
{{TRACKED_URL_TOUCH_2}}

Would love to share what's working for clinics in VA if you're open to it.

Best,
Hudson","https://abaclinics.clubemkt.digital/aba?lid={{LEAD_ID}}&utm_source=cold_email&utm_medium=email&utm_campaign=pilot-2026-09-25&utm_content=touch_2","Filling True North Developmental Clinic's caseload (VA)","Hi Austin,

I know you're busy running True North Developmental Clinic. 

If patient intake or waitlist conversion isn't a priority right now, no worries at all. If you ever want to check our 2-minute fit assessment or look at the numbers, you can bookmark this link:

{{TRACKED_URL_TOUCH_3}}

Wishing you and the team continued success in Virginia Beach!

Best,
Hudson","https://abaclinics.clubemkt.digital/aba?lid={{LEAD_ID}}&utm_source=cold_email&utm_medium=email&utm_campaign=pilot-2026-09-25&utm_content=touch_3"
"Unity ABA Services","Taylor Miller","Taylor","taylor.miller@unityautismmd.com","Bethesda","MD","1","pilot-2026-09-25","Quick question about Unity ABA Services's openings in MD","Hi Taylor,

I was looking at independent ABA practices in Bethesda and came across Unity ABA Services. 

A lot of clinic owners we talk to with 1–3 locations tell us their biggest bottleneck isn't clinical interest—it's getting predictable commercial-insurance & private-pay inquiries without giving up margins to PE aggregators.

We built an intake & patient growth system specifically for independent practices at Unity ABA Services. You can see how the intake flow and caseload matching work here:

{{TRACKED_URL_TOUCH_1}}

Do you have 15 minutes this Thursday or Friday to see if this fits your current openings?

Best,
Hudson Argollo
Gold Traffic / ABA Practice Growth","https://abaclinics.clubemkt.digital/aba?lid={{LEAD_ID}}&utm_source=cold_email&utm_medium=email&utm_campaign=pilot-2026-09-25&utm_content=touch_1","Re: Unity ABA Services's openings in MD","Hi Taylor,

Quick follow-up on my note from earlier this week.

When clinics expand or try to hire new BCBAs, keeping the waitlist warm and converting families at the exact moment a slot opens is usually what keeps rooms full.

We put together a 20-minute discovery breakdown for independent practices:
{{TRACKED_URL_TOUCH_2}}

Would love to share what's working for clinics in MD if you're open to it.

Best,
Hudson","https://abaclinics.clubemkt.digital/aba?lid={{LEAD_ID}}&utm_source=cold_email&utm_medium=email&utm_campaign=pilot-2026-09-25&utm_content=touch_2","Filling Unity ABA Services's caseload (MD)","Hi Taylor,

I know you're busy running Unity ABA Services. 

If patient intake or waitlist conversion isn't a priority right now, no worries at all. If you ever want to check our 2-minute fit assessment or look at the numbers, you can bookmark this link:

{{TRACKED_URL_TOUCH_3}}

Wishing you and the team continued success in Bethesda!

Best,
Hudson","https://abaclinics.clubemkt.digital/aba?lid={{LEAD_ID}}&utm_source=cold_email&utm_medium=email&utm_campaign=pilot-2026-09-25&utm_content=touch_3"
"Vanguard Autism & Behavioral Clinic","Alexander Adams","Alexander","aadams@vanguardbehavioralil.com","Rockford","IL","2","pilot-2026-09-25","Quick question about Vanguard Autism & Behavioral Clinic's openings in IL","Hi Alexander,

I was looking at independent ABA practices in Rockford and came across Vanguard Autism & Behavioral Clinic. 

A lot of clinic owners we talk to with 1–3 locations tell us their biggest bottleneck isn't clinical interest—it's getting predictable commercial-insurance & private-pay inquiries without giving up margins to PE aggregators.

We built an intake & patient growth system specifically for independent practices across your 2 locations. You can see how the intake flow and caseload matching work here:

{{TRACKED_URL_TOUCH_1}}

Do you have 15 minutes this Thursday or Friday to see if this fits your current openings?

Best,
Hudson Argollo
Gold Traffic / ABA Practice Growth","https://abaclinics.clubemkt.digital/aba?lid={{LEAD_ID}}&utm_source=cold_email&utm_medium=email&utm_campaign=pilot-2026-09-25&utm_content=touch_1","Re: Vanguard Autism & Behavioral Clinic's openings in IL","Hi Alexander,

Quick follow-up on my note from earlier this week.

When clinics expand or try to hire new BCBAs, keeping the waitlist warm and converting families at the exact moment a slot opens is usually what keeps rooms full.

We put together a 20-minute discovery breakdown for independent practices:
{{TRACKED_URL_TOUCH_2}}

Would love to share what's working for clinics in IL if you're open to it.

Best,
Hudson","https://abaclinics.clubemkt.digital/aba?lid={{LEAD_ID}}&utm_source=cold_email&utm_medium=email&utm_campaign=pilot-2026-09-25&utm_content=touch_2","Filling Vanguard Autism & Behavioral Clinic's caseload (IL)","Hi Alexander,

I know you're busy running Vanguard Autism & Behavioral Clinic. 

If patient intake or waitlist conversion isn't a priority right now, no worries at all. If you ever want to check our 2-minute fit assessment or look at the numbers, you can bookmark this link:

{{TRACKED_URL_TOUCH_3}}

Wishing you and the team continued success in Rockford!

Best,
Hudson","https://abaclinics.clubemkt.digital/aba?lid={{LEAD_ID}}&utm_source=cold_email&utm_medium=email&utm_campaign=pilot-2026-09-25&utm_content=touch_3"
"Velocity Child Development Center","Kayla Patel","Kayla","kayla.patel@velocityabaut.com","Sandy","UT","3","pilot-2026-09-25","Quick question about Velocity Child Development Center's openings in UT","Hi Kayla,

I was looking at independent ABA practices in Sandy and came across Velocity Child Development Center. 

A lot of clinic owners we talk to with 1–3 locations tell us their biggest bottleneck isn't clinical interest—it's getting predictable commercial-insurance & private-pay inquiries without giving up margins to PE aggregators.

We built an intake & patient growth system specifically for independent practices across your 3 locations. You can see how the intake flow and caseload matching work here:

{{TRACKED_URL_TOUCH_1}}

Do you have 15 minutes this Thursday or Friday to see if this fits your current openings?

Best,
Hudson Argollo
Gold Traffic / ABA Practice Growth","https://abaclinics.clubemkt.digital/aba?lid={{LEAD_ID}}&utm_source=cold_email&utm_medium=email&utm_campaign=pilot-2026-09-25&utm_content=touch_1","Re: Velocity Child Development Center's openings in UT","Hi Kayla,

Quick follow-up on my note from earlier this week.

When clinics expand or try to hire new BCBAs, keeping the waitlist warm and converting families at the exact moment a slot opens is usually what keeps rooms full.

We put together a 20-minute discovery breakdown for independent practices:
{{TRACKED_URL_TOUCH_2}}

Would love to share what's working for clinics in UT if you're open to it.

Best,
Hudson","https://abaclinics.clubemkt.digital/aba?lid={{LEAD_ID}}&utm_source=cold_email&utm_medium=email&utm_campaign=pilot-2026-09-25&utm_content=touch_2","Filling Velocity Child Development Center's caseload (UT)","Hi Kayla,

I know you're busy running Velocity Child Development Center. 

If patient intake or waitlist conversion isn't a priority right now, no worries at all. If you ever want to check our 2-minute fit assessment or look at the numbers, you can bookmark this link:

{{TRACKED_URL_TOUCH_3}}

Wishing you and the team continued success in Sandy!

Best,
Hudson","https://abaclinics.clubemkt.digital/aba?lid={{LEAD_ID}}&utm_source=cold_email&utm_medium=email&utm_campaign=pilot-2026-09-25&utm_content=touch_3"
"Ventures Behavior Analysis Partners","Benjamin Hughes","Benjamin","bhughes@venturesautismnj.org","Woodbridge","NJ","4","pilot-2026-09-25","Quick question about Ventures Behavior Analysis Partners's openings in NJ","Hi Benjamin,

I was looking at independent ABA practices in Woodbridge and came across Ventures Behavior Analysis Partners. 

A lot of clinic owners we talk to with 1–4 locations tell us their biggest bottleneck isn't clinical interest—it's getting predictable commercial-insurance & private-pay inquiries without giving up margins to PE aggregators.

We built an intake & patient growth system specifically for independent practices across your 4 locations. You can see how the intake flow and caseload matching work here:

{{TRACKED_URL_TOUCH_1}}

Do you have 15 minutes this Thursday or Friday to see if this fits your current openings?

Best,
Hudson Argollo
Gold Traffic / ABA Practice Growth","https://abaclinics.clubemkt.digital/aba?lid={{LEAD_ID}}&utm_source=cold_email&utm_medium=email&utm_campaign=pilot-2026-09-25&utm_content=touch_1","Re: Ventures Behavior Analysis Partners's openings in NJ","Hi Benjamin,

Quick follow-up on my note from earlier this week.

When clinics expand or try to hire new BCBAs, keeping the waitlist warm and converting families at the exact moment a slot opens is usually what keeps rooms full.

We put together a 20-minute discovery breakdown for independent practices:
{{TRACKED_URL_TOUCH_2}}

Would love to share what's working for clinics in NJ if you're open to it.

Best,
Hudson","https://abaclinics.clubemkt.digital/aba?lid={{LEAD_ID}}&utm_source=cold_email&utm_medium=email&utm_campaign=pilot-2026-09-25&utm_content=touch_2","Filling Ventures Behavior Analysis Partners's caseload (NJ)","Hi Benjamin,

I know you're busy running Ventures Behavior Analysis Partners. 

If patient intake or waitlist conversion isn't a priority right now, no worries at all. If you ever want to check our 2-minute fit assessment or look at the numbers, you can bookmark this link:

{{TRACKED_URL_TOUCH_3}}

Wishing you and the team continued success in Woodbridge!

Best,
Hudson","https://abaclinics.clubemkt.digital/aba?lid={{LEAD_ID}}&utm_source=cold_email&utm_medium=email&utm_campaign=pilot-2026-09-25&utm_content=touch_3"
"Vibrant Behavioral Care","Alexis Scott","Alexis","alexis.scott@vibrantbehavioraltx.com","El Paso","TX","1","pilot-2026-09-25","Quick question about Vibrant Behavioral Care's openings in TX","Hi Alexis,

I was looking at independent ABA practices in El Paso and came across Vibrant Behavioral Care. 

A lot of clinic owners we talk to with 1–3 locations tell us their biggest bottleneck isn't clinical interest—it's getting predictable commercial-insurance & private-pay inquiries without giving up margins to PE aggregators.

We built an intake & patient growth system specifically for independent practices at Vibrant Behavioral Care. You can see how the intake flow and caseload matching work here:

{{TRACKED_URL_TOUCH_1}}

Do you have 15 minutes this Thursday or Friday to see if this fits your current openings?

Best,
Hudson Argollo
Gold Traffic / ABA Practice Growth","https://abaclinics.clubemkt.digital/aba?lid={{LEAD_ID}}&utm_source=cold_email&utm_medium=email&utm_campaign=pilot-2026-09-25&utm_content=touch_1","Re: Vibrant Behavioral Care's openings in TX","Hi Alexis,

Quick follow-up on my note from earlier this week.

When clinics expand or try to hire new BCBAs, keeping the waitlist warm and converting families at the exact moment a slot opens is usually what keeps rooms full.

We put together a 20-minute discovery breakdown for independent practices:
{{TRACKED_URL_TOUCH_2}}

Would love to share what's working for clinics in TX if you're open to it.

Best,
Hudson","https://abaclinics.clubemkt.digital/aba?lid={{LEAD_ID}}&utm_source=cold_email&utm_medium=email&utm_campaign=pilot-2026-09-25&utm_content=touch_2","Filling Vibrant Behavioral Care's caseload (TX)","Hi Alexis,

I know you're busy running Vibrant Behavioral Care. 

If patient intake or waitlist conversion isn't a priority right now, no worries at all. If you ever want to check our 2-minute fit assessment or look at the numbers, you can bookmark this link:

{{TRACKED_URL_TOUCH_3}}

Wishing you and the team continued success in El Paso!

Best,
Hudson","https://abaclinics.clubemkt.digital/aba?lid={{LEAD_ID}}&utm_source=cold_email&utm_medium=email&utm_campaign=pilot-2026-09-25&utm_content=touch_3"
"Victory Autism Horizons","Christian Walker","Christian","cwalker@victoryabafl.com","Clearwater","FL","2","pilot-2026-09-25","Quick question about Victory Autism Horizons's openings in FL","Hi Christian,

I was looking at independent ABA practices in Clearwater and came across Victory Autism Horizons. 

A lot of clinic owners we talk to with 1–3 locations tell us their biggest bottleneck isn't clinical interest—it's getting predictable commercial-insurance & private-pay inquiries without giving up margins to PE aggregators.

We built an intake & patient growth system specifically for independent practices across your 2 locations. You can see how the intake flow and caseload matching work here:

{{TRACKED_URL_TOUCH_1}}

Do you have 15 minutes this Thursday or Friday to see if this fits your current openings?

Best,
Hudson Argollo
Gold Traffic / ABA Practice Growth","https://abaclinics.clubemkt.digital/aba?lid={{LEAD_ID}}&utm_source=cold_email&utm_medium=email&utm_campaign=pilot-2026-09-25&utm_content=touch_1","Re: Victory Autism Horizons's openings in FL","Hi Christian,

Quick follow-up on my note from earlier this week.

When clinics expand or try to hire new BCBAs, keeping the waitlist warm and converting families at the exact moment a slot opens is usually what keeps rooms full.

We put together a 20-minute discovery breakdown for independent practices:
{{TRACKED_URL_TOUCH_2}}

Would love to share what's working for clinics in FL if you're open to it.

Best,
Hudson","https://abaclinics.clubemkt.digital/aba?lid={{LEAD_ID}}&utm_source=cold_email&utm_medium=email&utm_campaign=pilot-2026-09-25&utm_content=touch_2","Filling Victory Autism Horizons's caseload (FL)","Hi Christian,

I know you're busy running Victory Autism Horizons. 

If patient intake or waitlist conversion isn't a priority right now, no worries at all. If you ever want to check our 2-minute fit assessment or look at the numbers, you can bookmark this link:

{{TRACKED_URL_TOUCH_3}}

Wishing you and the team continued success in Clearwater!

Best,
Hudson","https://abaclinics.clubemkt.digital/aba?lid={{LEAD_ID}}&utm_source=cold_email&utm_medium=email&utm_campaign=pilot-2026-09-25&utm_content=touch_3"
"Vista Therapy & Learning Center","Victoria Bennett","Victoria","victoria.bennett@vistaautismca.com","Chula Vista","CA","3","pilot-2026-09-25","Quick question about Vista Therapy & Learning Center's openings in CA","Hi Victoria,

I was looking at independent ABA practices in Chula Vista and came across Vista Therapy & Learning Center. 

A lot of clinic owners we talk to with 1–3 locations tell us their biggest bottleneck isn't clinical interest—it's getting predictable commercial-insurance & private-pay inquiries without giving up margins to PE aggregators.

We built an intake & patient growth system specifically for independent practices across your 3 locations. You can see how the intake flow and caseload matching work here:

{{TRACKED_URL_TOUCH_1}}

Do you have 15 minutes this Thursday or Friday to see if this fits your current openings?

Best,
Hudson Argollo
Gold Traffic / ABA Practice Growth","https://abaclinics.clubemkt.digital/aba?lid={{LEAD_ID}}&utm_source=cold_email&utm_medium=email&utm_campaign=pilot-2026-09-25&utm_content=touch_1","Re: Vista Therapy & Learning Center's openings in CA","Hi Victoria,

Quick follow-up on my note from earlier this week.

When clinics expand or try to hire new BCBAs, keeping the waitlist warm and converting families at the exact moment a slot opens is usually what keeps rooms full.

We put together a 20-minute discovery breakdown for independent practices:
{{TRACKED_URL_TOUCH_2}}

Would love to share what's working for clinics in CA if you're open to it.

Best,
Hudson","https://abaclinics.clubemkt.digital/aba?lid={{LEAD_ID}}&utm_source=cold_email&utm_medium=email&utm_campaign=pilot-2026-09-25&utm_content=touch_2","Filling Vista Therapy & Learning Center's caseload (CA)","Hi Victoria,

I know you're busy running Vista Therapy & Learning Center. 

If patient intake or waitlist conversion isn't a priority right now, no worries at all. If you ever want to check our 2-minute fit assessment or look at the numbers, you can bookmark this link:

{{TRACKED_URL_TOUCH_3}}

Wishing you and the team continued success in Chula Vista!

Best,
Hudson","https://abaclinics.clubemkt.digital/aba?lid={{LEAD_ID}}&utm_source=cold_email&utm_medium=email&utm_campaign=pilot-2026-09-25&utm_content=touch_3"
"Voyage Behavioral Interventions","Samuel Hayes","Samuel","shayes@voyagebehavioralnc.com","Chapel Hill","NC","4","pilot-2026-09-25","Quick question about Voyage Behavioral Interventions's openings in NC","Hi Samuel,

I was looking at independent ABA practices in Chapel Hill and came across Voyage Behavioral Interventions. 

A lot of clinic owners we talk to with 1–4 locations tell us their biggest bottleneck isn't clinical interest—it's getting predictable commercial-insurance & private-pay inquiries without giving up margins to PE aggregators.

We built an intake & patient growth system specifically for independent practices across your 4 locations. You can see how the intake flow and caseload matching work here:

{{TRACKED_URL_TOUCH_1}}

Do you have 15 minutes this Thursday or Friday to see if this fits your current openings?

Best,
Hudson Argollo
Gold Traffic / ABA Practice Growth","https://abaclinics.clubemkt.digital/aba?lid={{LEAD_ID}}&utm_source=cold_email&utm_medium=email&utm_campaign=pilot-2026-09-25&utm_content=touch_1","Re: Voyage Behavioral Interventions's openings in NC","Hi Samuel,

Quick follow-up on my note from earlier this week.

When clinics expand or try to hire new BCBAs, keeping the waitlist warm and converting families at the exact moment a slot opens is usually what keeps rooms full.

We put together a 20-minute discovery breakdown for independent practices:
{{TRACKED_URL_TOUCH_2}}

Would love to share what's working for clinics in NC if you're open to it.

Best,
Hudson","https://abaclinics.clubemkt.digital/aba?lid={{LEAD_ID}}&utm_source=cold_email&utm_medium=email&utm_campaign=pilot-2026-09-25&utm_content=touch_2","Filling Voyage Behavioral Interventions's caseload (NC)","Hi Samuel,

I know you're busy running Voyage Behavioral Interventions. 

If patient intake or waitlist conversion isn't a priority right now, no worries at all. If you ever want to check our 2-minute fit assessment or look at the numbers, you can bookmark this link:

{{TRACKED_URL_TOUCH_3}}

Wishing you and the team continued success in Chapel Hill!

Best,
Hudson","https://abaclinics.clubemkt.digital/aba?lid={{LEAD_ID}}&utm_source=cold_email&utm_medium=email&utm_campaign=pilot-2026-09-25&utm_content=touch_3"
"Wayfinder Autism Center","Sarah Harrison","Sarah","sarah.harrison@wayfinderabaga.org","Atlanta","GA","1","pilot-2026-09-25","Quick question about Wayfinder Autism Center's openings in GA","Hi Sarah,

I was looking at independent ABA practices in Atlanta and came across Wayfinder Autism Center. 

A lot of clinic owners we talk to with 1–3 locations tell us their biggest bottleneck isn't clinical interest—it's getting predictable commercial-insurance & private-pay inquiries without giving up margins to PE aggregators.

We built an intake & patient growth system specifically for independent practices at Wayfinder Autism Center. You can see how the intake flow and caseload matching work here:

{{TRACKED_URL_TOUCH_1}}

Do you have 15 minutes this Thursday or Friday to see if this fits your current openings?

Best,
Hudson Argollo
Gold Traffic / ABA Practice Growth","https://abaclinics.clubemkt.digital/aba?lid={{LEAD_ID}}&utm_source=cold_email&utm_medium=email&utm_campaign=pilot-2026-09-25&utm_content=touch_1","Re: Wayfinder Autism Center's openings in GA","Hi Sarah,

Quick follow-up on my note from earlier this week.

When clinics expand or try to hire new BCBAs, keeping the waitlist warm and converting families at the exact moment a slot opens is usually what keeps rooms full.

We put together a 20-minute discovery breakdown for independent practices:
{{TRACKED_URL_TOUCH_2}}

Would love to share what's working for clinics in GA if you're open to it.

Best,
Hudson","https://abaclinics.clubemkt.digital/aba?lid={{LEAD_ID}}&utm_source=cold_email&utm_medium=email&utm_campaign=pilot-2026-09-25&utm_content=touch_2","Filling Wayfinder Autism Center's caseload (GA)","Hi Sarah,

I know you're busy running Wayfinder Autism Center. 

If patient intake or waitlist conversion isn't a priority right now, no worries at all. If you ever want to check our 2-minute fit assessment or look at the numbers, you can bookmark this link:

{{TRACKED_URL_TOUCH_3}}

Wishing you and the team continued success in Atlanta!

Best,
Hudson","https://abaclinics.clubemkt.digital/aba?lid={{LEAD_ID}}&utm_source=cold_email&utm_medium=email&utm_campaign=pilot-2026-09-25&utm_content=touch_3"
"Willow ABA Therapy Group","Marcus Simmons","Marcus","msimmons@willowautismco.com","Colorado Springs","CO","2","pilot-2026-09-25","Quick question about Willow ABA Therapy Group's openings in CO","Hi Marcus,

I was looking at independent ABA practices in Colorado Springs and came across Willow ABA Therapy Group. 

A lot of clinic owners we talk to with 1–3 locations tell us their biggest bottleneck isn't clinical interest—it's getting predictable commercial-insurance & private-pay inquiries without giving up margins to PE aggregators.

We built an intake & patient growth system specifically for independent practices across your 2 locations. You can see how the intake flow and caseload matching work here:

{{TRACKED_URL_TOUCH_1}}

Do you have 15 minutes this Thursday or Friday to see if this fits your current openings?

Best,
Hudson Argollo
Gold Traffic / ABA Practice Growth","https://abaclinics.clubemkt.digital/aba?lid={{LEAD_ID}}&utm_source=cold_email&utm_medium=email&utm_campaign=pilot-2026-09-25&utm_content=touch_1","Re: Willow ABA Therapy Group's openings in CO","Hi Marcus,

Quick follow-up on my note from earlier this week.

When clinics expand or try to hire new BCBAs, keeping the waitlist warm and converting families at the exact moment a slot opens is usually what keeps rooms full.

We put together a 20-minute discovery breakdown for independent practices:
{{TRACKED_URL_TOUCH_2}}

Would love to share what's working for clinics in CO if you're open to it.

Best,
Hudson","https://abaclinics.clubemkt.digital/aba?lid={{LEAD_ID}}&utm_source=cold_email&utm_medium=email&utm_campaign=pilot-2026-09-25&utm_content=touch_2","Filling Willow ABA Therapy Group's caseload (CO)","Hi Marcus,

I know you're busy running Willow ABA Therapy Group. 

If patient intake or waitlist conversion isn't a priority right now, no worries at all. If you ever want to check our 2-minute fit assessment or look at the numbers, you can bookmark this link:

{{TRACKED_URL_TOUCH_3}}

Wishing you and the team continued success in Colorado Springs!

Best,
Hudson","https://abaclinics.clubemkt.digital/aba?lid={{LEAD_ID}}&utm_source=cold_email&utm_medium=email&utm_campaign=pilot-2026-09-25&utm_content=touch_3"
"Zenith Behavioral Solutions","Elena Foster","Elena","elena.foster@zenithbehavioralva.com","Norfolk","VA","3","pilot-2026-09-25","Quick question about Zenith Behavioral Solutions's openings in VA","Hi Elena,

I was looking at independent ABA practices in Norfolk and came across Zenith Behavioral Solutions. 

A lot of clinic owners we talk to with 1–3 locations tell us their biggest bottleneck isn't clinical interest—it's getting predictable commercial-insurance & private-pay inquiries without giving up margins to PE aggregators.

We built an intake & patient growth system specifically for independent practices across your 3 locations. You can see how the intake flow and caseload matching work here:

{{TRACKED_URL_TOUCH_1}}

Do you have 15 minutes this Thursday or Friday to see if this fits your current openings?

Best,
Hudson Argollo
Gold Traffic / ABA Practice Growth","https://abaclinics.clubemkt.digital/aba?lid={{LEAD_ID}}&utm_source=cold_email&utm_medium=email&utm_campaign=pilot-2026-09-25&utm_content=touch_1","Re: Zenith Behavioral Solutions's openings in VA","Hi Elena,

Quick follow-up on my note from earlier this week.

When clinics expand or try to hire new BCBAs, keeping the waitlist warm and converting families at the exact moment a slot opens is usually what keeps rooms full.

We put together a 20-minute discovery breakdown for independent practices:
{{TRACKED_URL_TOUCH_2}}

Would love to share what's working for clinics in VA if you're open to it.

Best,
Hudson","https://abaclinics.clubemkt.digital/aba?lid={{LEAD_ID}}&utm_source=cold_email&utm_medium=email&utm_campaign=pilot-2026-09-25&utm_content=touch_2","Filling Zenith Behavioral Solutions's caseload (VA)","Hi Elena,

I know you're busy running Zenith Behavioral Solutions. 

If patient intake or waitlist conversion isn't a priority right now, no worries at all. If you ever want to check our 2-minute fit assessment or look at the numbers, you can bookmark this link:

{{TRACKED_URL_TOUCH_3}}

Wishing you and the team continued success in Norfolk!

Best,
Hudson","https://abaclinics.clubemkt.digital/aba?lid={{LEAD_ID}}&utm_source=cold_email&utm_medium=email&utm_campaign=pilot-2026-09-25&utm_content=touch_3"
"Allied Autism Services","David Gonzales","David","dgonzales@alliedabamd.com","Silver Spring","MD","4","pilot-2026-09-25","Quick question about Allied Autism Services's openings in MD","Hi David,

I was looking at independent ABA practices in Silver Spring and came across Allied Autism Services. 

A lot of clinic owners we talk to with 1–4 locations tell us their biggest bottleneck isn't clinical interest—it's getting predictable commercial-insurance & private-pay inquiries without giving up margins to PE aggregators.

We built an intake & patient growth system specifically for independent practices across your 4 locations. You can see how the intake flow and caseload matching work here:

{{TRACKED_URL_TOUCH_1}}

Do you have 15 minutes this Thursday or Friday to see if this fits your current openings?

Best,
Hudson Argollo
Gold Traffic / ABA Practice Growth","https://abaclinics.clubemkt.digital/aba?lid={{LEAD_ID}}&utm_source=cold_email&utm_medium=email&utm_campaign=pilot-2026-09-25&utm_content=touch_1","Re: Allied Autism Services's openings in MD","Hi David,

Quick follow-up on my note from earlier this week.

When clinics expand or try to hire new BCBAs, keeping the waitlist warm and converting families at the exact moment a slot opens is usually what keeps rooms full.

We put together a 20-minute discovery breakdown for independent practices:
{{TRACKED_URL_TOUCH_2}}

Would love to share what's working for clinics in MD if you're open to it.

Best,
Hudson","https://abaclinics.clubemkt.digital/aba?lid={{LEAD_ID}}&utm_source=cold_email&utm_medium=email&utm_campaign=pilot-2026-09-25&utm_content=touch_2","Filling Allied Autism Services's caseload (MD)","Hi David,

I know you're busy running Allied Autism Services. 

If patient intake or waitlist conversion isn't a priority right now, no worries at all. If you ever want to check our 2-minute fit assessment or look at the numbers, you can bookmark this link:

{{TRACKED_URL_TOUCH_3}}

Wishing you and the team continued success in Silver Spring!

Best,
Hudson","https://abaclinics.clubemkt.digital/aba?lid={{LEAD_ID}}&utm_source=cold_email&utm_medium=email&utm_campaign=pilot-2026-09-25&utm_content=touch_3"
"Anchor Behavioral Health","Chloe Bryant","Chloe","chloe.bryant@anchorautismil.com","Joliet","IL","1","pilot-2026-09-25","Quick question about Anchor Behavioral Health's openings in IL","Hi Chloe,

I was looking at independent ABA practices in Joliet and came across Anchor Behavioral Health. 

A lot of clinic owners we talk to with 1–3 locations tell us their biggest bottleneck isn't clinical interest—it's getting predictable commercial-insurance & private-pay inquiries without giving up margins to PE aggregators.

We built an intake & patient growth system specifically for independent practices at Anchor Behavioral Health. You can see how the intake flow and caseload matching work here:

{{TRACKED_URL_TOUCH_1}}

Do you have 15 minutes this Thursday or Friday to see if this fits your current openings?

Best,
Hudson Argollo
Gold Traffic / ABA Practice Growth","https://abaclinics.clubemkt.digital/aba?lid={{LEAD_ID}}&utm_source=cold_email&utm_medium=email&utm_campaign=pilot-2026-09-25&utm_content=touch_1","Re: Anchor Behavioral Health's openings in IL","Hi Chloe,

Quick follow-up on my note from earlier this week.

When clinics expand or try to hire new BCBAs, keeping the waitlist warm and converting families at the exact moment a slot opens is usually what keeps rooms full.

We put together a 20-minute discovery breakdown for independent practices:
{{TRACKED_URL_TOUCH_2}}

Would love to share what's working for clinics in IL if you're open to it.

Best,
Hudson","https://abaclinics.clubemkt.digital/aba?lid={{LEAD_ID}}&utm_source=cold_email&utm_medium=email&utm_campaign=pilot-2026-09-25&utm_content=touch_2","Filling Anchor Behavioral Health's caseload (IL)","Hi Chloe,

I know you're busy running Anchor Behavioral Health. 

If patient intake or waitlist conversion isn't a priority right now, no worries at all. If you ever want to check our 2-minute fit assessment or look at the numbers, you can bookmark this link:

{{TRACKED_URL_TOUCH_3}}

Wishing you and the team continued success in Joliet!

Best,
Hudson","https://abaclinics.clubemkt.digital/aba?lid={{LEAD_ID}}&utm_source=cold_email&utm_medium=email&utm_campaign=pilot-2026-09-25&utm_content=touch_3"
"Ascend Therapy Associates","Brian Alexander","Brian","balexander@ascendbehavioralut.org","Ogden","UT","2","pilot-2026-09-25","Quick question about Ascend Therapy Associates's openings in UT","Hi Brian,

I was looking at independent ABA practices in Ogden and came across Ascend Therapy Associates. 

A lot of clinic owners we talk to with 1–3 locations tell us their biggest bottleneck isn't clinical interest—it's getting predictable commercial-insurance & private-pay inquiries without giving up margins to PE aggregators.

We built an intake & patient growth system specifically for independent practices across your 2 locations. You can see how the intake flow and caseload matching work here:

{{TRACKED_URL_TOUCH_1}}

Do you have 15 minutes this Thursday or Friday to see if this fits your current openings?

Best,
Hudson Argollo
Gold Traffic / ABA Practice Growth","https://abaclinics.clubemkt.digital/aba?lid={{LEAD_ID}}&utm_source=cold_email&utm_medium=email&utm_campaign=pilot-2026-09-25&utm_content=touch_1","Re: Ascend Therapy Associates's openings in UT","Hi Brian,

Quick follow-up on my note from earlier this week.

When clinics expand or try to hire new BCBAs, keeping the waitlist warm and converting families at the exact moment a slot opens is usually what keeps rooms full.

We put together a 20-minute discovery breakdown for independent practices:
{{TRACKED_URL_TOUCH_2}}

Would love to share what's working for clinics in UT if you're open to it.

Best,
Hudson","https://abaclinics.clubemkt.digital/aba?lid={{LEAD_ID}}&utm_source=cold_email&utm_medium=email&utm_campaign=pilot-2026-09-25&utm_content=touch_2","Filling Ascend Therapy Associates's caseload (UT)","Hi Brian,

I know you're busy running Ascend Therapy Associates. 

If patient intake or waitlist conversion isn't a priority right now, no worries at all. If you ever want to check our 2-minute fit assessment or look at the numbers, you can bookmark this link:

{{TRACKED_URL_TOUCH_3}}

Wishing you and the team continued success in Ogden!

Best,
Hudson","https://abaclinics.clubemkt.digital/aba?lid={{LEAD_ID}}&utm_source=cold_email&utm_medium=email&utm_campaign=pilot-2026-09-25&utm_content=touch_3"
"Aurora Developmental Clinic","Rachel Russell","Rachel","rachel.russell@auroraabanj.com","Princeton","NJ","3","pilot-2026-09-25","Quick question about Aurora Developmental Clinic's openings in NJ","Hi Rachel,

I was looking at independent ABA practices in Princeton and came across Aurora Developmental Clinic. 

A lot of clinic owners we talk to with 1–3 locations tell us their biggest bottleneck isn't clinical interest—it's getting predictable commercial-insurance & private-pay inquiries without giving up margins to PE aggregators.

We built an intake & patient growth system specifically for independent practices across your 3 locations. You can see how the intake flow and caseload matching work here:

{{TRACKED_URL_TOUCH_1}}

Do you have 15 minutes this Thursday or Friday to see if this fits your current openings?

Best,
Hudson Argollo
Gold Traffic / ABA Practice Growth","https://abaclinics.clubemkt.digital/aba?lid={{LEAD_ID}}&utm_source=cold_email&utm_medium=email&utm_campaign=pilot-2026-09-25&utm_content=touch_1","Re: Aurora Developmental Clinic's openings in NJ","Hi Rachel,

Quick follow-up on my note from earlier this week.

When clinics expand or try to hire new BCBAs, keeping the waitlist warm and converting families at the exact moment a slot opens is usually what keeps rooms full.

We put together a 20-minute discovery breakdown for independent practices:
{{TRACKED_URL_TOUCH_2}}

Would love to share what's working for clinics in NJ if you're open to it.

Best,
Hudson","https://abaclinics.clubemkt.digital/aba?lid={{LEAD_ID}}&utm_source=cold_email&utm_medium=email&utm_campaign=pilot-2026-09-25&utm_content=touch_2","Filling Aurora Developmental Clinic's caseload (NJ)","Hi Rachel,

I know you're busy running Aurora Developmental Clinic. 

If patient intake or waitlist conversion isn't a priority right now, no worries at all. If you ever want to check our 2-minute fit assessment or look at the numbers, you can bookmark this link:

{{TRACKED_URL_TOUCH_3}}

Wishing you and the team continued success in Princeton!

Best,
Hudson","https://abaclinics.clubemkt.digital/aba?lid={{LEAD_ID}}&utm_source=cold_email&utm_medium=email&utm_campaign=pilot-2026-09-25&utm_content=touch_3"
"Bloom ABA Services","Gregory Griffin","Gregory","ggriffin@bloomautismtx.com","Frisco","TX","4","pilot-2026-09-25","Quick question about Bloom ABA Services's openings in TX","Hi Gregory,

I was looking at independent ABA practices in Frisco and came across Bloom ABA Services. 

A lot of clinic owners we talk to with 1–4 locations tell us their biggest bottleneck isn't clinical interest—it's getting predictable commercial-insurance & private-pay inquiries without giving up margins to PE aggregators.

We built an intake & patient growth system specifically for independent practices across your 4 locations. You can see how the intake flow and caseload matching work here:

{{TRACKED_URL_TOUCH_1}}

Do you have 15 minutes this Thursday or Friday to see if this fits your current openings?

Best,
Hudson Argollo
Gold Traffic / ABA Practice Growth","https://abaclinics.clubemkt.digital/aba?lid={{LEAD_ID}}&utm_source=cold_email&utm_medium=email&utm_campaign=pilot-2026-09-25&utm_content=touch_1","Re: Bloom ABA Services's openings in TX","Hi Gregory,

Quick follow-up on my note from earlier this week.

When clinics expand or try to hire new BCBAs, keeping the waitlist warm and converting families at the exact moment a slot opens is usually what keeps rooms full.

We put together a 20-minute discovery breakdown for independent practices:
{{TRACKED_URL_TOUCH_2}}

Would love to share what's working for clinics in TX if you're open to it.

Best,
Hudson","https://abaclinics.clubemkt.digital/aba?lid={{LEAD_ID}}&utm_source=cold_email&utm_medium=email&utm_campaign=pilot-2026-09-25&utm_content=touch_2","Filling Bloom ABA Services's caseload (TX)","Hi Gregory,

I know you're busy running Bloom ABA Services. 

If patient intake or waitlist conversion isn't a priority right now, no worries at all. If you ever want to check our 2-minute fit assessment or look at the numbers, you can bookmark this link:

{{TRACKED_URL_TOUCH_3}}

Wishing you and the team continued success in Frisco!

Best,
Hudson","https://abaclinics.clubemkt.digital/aba?lid={{LEAD_ID}}&utm_source=cold_email&utm_medium=email&utm_campaign=pilot-2026-09-25&utm_content=touch_3"
"Bridge Autism & Behavioral Clinic","Jessica Diaz","Jessica","jessica.diaz@bridgebehavioralfl.com","Cape Coral","FL","1","pilot-2026-09-25","Quick question about Bridge Autism & Behavioral Clinic's openings in FL","Hi Jessica,

I was looking at independent ABA practices in Cape Coral and came across Bridge Autism & Behavioral Clinic. 

A lot of clinic owners we talk to with 1–3 locations tell us their biggest bottleneck isn't clinical interest—it's getting predictable commercial-insurance & private-pay inquiries without giving up margins to PE aggregators.

We built an intake & patient growth system specifically for independent practices at Bridge Autism & Behavioral Clinic. You can see how the intake flow and caseload matching work here:

{{TRACKED_URL_TOUCH_1}}

Do you have 15 minutes this Thursday or Friday to see if this fits your current openings?

Best,
Hudson Argollo
Gold Traffic / ABA Practice Growth","https://abaclinics.clubemkt.digital/aba?lid={{LEAD_ID}}&utm_source=cold_email&utm_medium=email&utm_campaign=pilot-2026-09-25&utm_content=touch_1","Re: Bridge Autism & Behavioral Clinic's openings in FL","Hi Jessica,

Quick follow-up on my note from earlier this week.

When clinics expand or try to hire new BCBAs, keeping the waitlist warm and converting families at the exact moment a slot opens is usually what keeps rooms full.

We put together a 20-minute discovery breakdown for independent practices:
{{TRACKED_URL_TOUCH_2}}

Would love to share what's working for clinics in FL if you're open to it.

Best,
Hudson","https://abaclinics.clubemkt.digital/aba?lid={{LEAD_ID}}&utm_source=cold_email&utm_medium=email&utm_campaign=pilot-2026-09-25&utm_content=touch_2","Filling Bridge Autism & Behavioral Clinic's caseload (FL)","Hi Jessica,

I know you're busy running Bridge Autism & Behavioral Clinic. 

If patient intake or waitlist conversion isn't a priority right now, no worries at all. If you ever want to check our 2-minute fit assessment or look at the numbers, you can bookmark this link:

{{TRACKED_URL_TOUCH_3}}

Wishing you and the team continued success in Cape Coral!

Best,
Hudson","https://abaclinics.clubemkt.digital/aba?lid={{LEAD_ID}}&utm_source=cold_email&utm_medium=email&utm_campaign=pilot-2026-09-25&utm_content=touch_3"
"Catalyst Child Development Center","Michael Myers","Michael","mmyers@catalystabaca.com","Oakland","CA","2","pilot-2026-09-25","Quick question about Catalyst Child Development Center's openings in CA","Hi Michael,

I was looking at independent ABA practices in Oakland and came across Catalyst Child Development Center. 

A lot of clinic owners we talk to with 1–3 locations tell us their biggest bottleneck isn't clinical interest—it's getting predictable commercial-insurance & private-pay inquiries without giving up margins to PE aggregators.

We built an intake & patient growth system specifically for independent practices across your 2 locations. You can see how the intake flow and caseload matching work here:

{{TRACKED_URL_TOUCH_1}}

Do you have 15 minutes this Thursday or Friday to see if this fits your current openings?

Best,
Hudson Argollo
Gold Traffic / ABA Practice Growth","https://abaclinics.clubemkt.digital/aba?lid={{LEAD_ID}}&utm_source=cold_email&utm_medium=email&utm_campaign=pilot-2026-09-25&utm_content=touch_1","Re: Catalyst Child Development Center's openings in CA","Hi Michael,

Quick follow-up on my note from earlier this week.

When clinics expand or try to hire new BCBAs, keeping the waitlist warm and converting families at the exact moment a slot opens is usually what keeps rooms full.

We put together a 20-minute discovery breakdown for independent practices:
{{TRACKED_URL_TOUCH_2}}

Would love to share what's working for clinics in CA if you're open to it.

Best,
Hudson","https://abaclinics.clubemkt.digital/aba?lid={{LEAD_ID}}&utm_source=cold_email&utm_medium=email&utm_campaign=pilot-2026-09-25&utm_content=touch_2","Filling Catalyst Child Development Center's caseload (CA)","Hi Michael,

I know you're busy running Catalyst Child Development Center. 

If patient intake or waitlist conversion isn't a priority right now, no worries at all. If you ever want to check our 2-minute fit assessment or look at the numbers, you can bookmark this link:

{{TRACKED_URL_TOUCH_3}}

Wishing you and the team continued success in Oakland!

Best,
Hudson","https://abaclinics.clubemkt.digital/aba?lid={{LEAD_ID}}&utm_source=cold_email&utm_medium=email&utm_campaign=pilot-2026-09-25&utm_content=touch_3"
"Clarity Behavior Analysis Partners","Amanda Ford","Amanda","amanda.ford@clarityautismnc.org","Gastonia","NC","3","pilot-2026-09-25","Quick question about Clarity Behavior Analysis Partners's openings in NC","Hi Amanda,

I was looking at independent ABA practices in Gastonia and came across Clarity Behavior Analysis Partners. 

A lot of clinic owners we talk to with 1–3 locations tell us their biggest bottleneck isn't clinical interest—it's getting predictable commercial-insurance & private-pay inquiries without giving up margins to PE aggregators.

We built an intake & patient growth system specifically for independent practices across your 3 locations. You can see how the intake flow and caseload matching work here:

{{TRACKED_URL_TOUCH_1}}

Do you have 15 minutes this Thursday or Friday to see if this fits your current openings?

Best,
Hudson Argollo
Gold Traffic / ABA Practice Growth","https://abaclinics.clubemkt.digital/aba?lid={{LEAD_ID}}&utm_source=cold_email&utm_medium=email&utm_campaign=pilot-2026-09-25&utm_content=touch_1","Re: Clarity Behavior Analysis Partners's openings in NC","Hi Amanda,

Quick follow-up on my note from earlier this week.

When clinics expand or try to hire new BCBAs, keeping the waitlist warm and converting families at the exact moment a slot opens is usually what keeps rooms full.

We put together a 20-minute discovery breakdown for independent practices:
{{TRACKED_URL_TOUCH_2}}

Would love to share what's working for clinics in NC if you're open to it.

Best,
Hudson","https://abaclinics.clubemkt.digital/aba?lid={{LEAD_ID}}&utm_source=cold_email&utm_medium=email&utm_campaign=pilot-2026-09-25&utm_content=touch_2","Filling Clarity Behavior Analysis Partners's caseload (NC)","Hi Amanda,

I know you're busy running Clarity Behavior Analysis Partners. 

If patient intake or waitlist conversion isn't a priority right now, no worries at all. If you ever want to check our 2-minute fit assessment or look at the numbers, you can bookmark this link:

{{TRACKED_URL_TOUCH_3}}

Wishing you and the team continued success in Gastonia!

Best,
Hudson","https://abaclinics.clubemkt.digital/aba?lid={{LEAD_ID}}&utm_source=cold_email&utm_medium=email&utm_campaign=pilot-2026-09-25&utm_content=touch_3"
"Continuum Behavioral Care","Daniel Hamilton","Daniel","dhamilton@continuumbehavioralga.com","Cumming","GA","4","pilot-2026-09-25","Quick question about Continuum Behavioral Care's openings in GA","Hi Daniel,

I was looking at independent ABA practices in Cumming and came across Continuum Behavioral Care. 

A lot of clinic owners we talk to with 1–4 locations tell us their biggest bottleneck isn't clinical interest—it's getting predictable commercial-insurance & private-pay inquiries without giving up margins to PE aggregators.

We built an intake & patient growth system specifically for independent practices across your 4 locations. You can see how the intake flow and caseload matching work here:

{{TRACKED_URL_TOUCH_1}}

Do you have 15 minutes this Thursday or Friday to see if this fits your current openings?

Best,
Hudson Argollo
Gold Traffic / ABA Practice Growth","https://abaclinics.clubemkt.digital/aba?lid={{LEAD_ID}}&utm_source=cold_email&utm_medium=email&utm_campaign=pilot-2026-09-25&utm_content=touch_1","Re: Continuum Behavioral Care's openings in GA","Hi Daniel,

Quick follow-up on my note from earlier this week.

When clinics expand or try to hire new BCBAs, keeping the waitlist warm and converting families at the exact moment a slot opens is usually what keeps rooms full.

We put together a 20-minute discovery breakdown for independent practices:
{{TRACKED_URL_TOUCH_2}}

Would love to share what's working for clinics in GA if you're open to it.

Best,
Hudson","https://abaclinics.clubemkt.digital/aba?lid={{LEAD_ID}}&utm_source=cold_email&utm_medium=email&utm_campaign=pilot-2026-09-25&utm_content=touch_2","Filling Continuum Behavioral Care's caseload (GA)","Hi Daniel,

I know you're busy running Continuum Behavioral Care. 

If patient intake or waitlist conversion isn't a priority right now, no worries at all. If you ever want to check our 2-minute fit assessment or look at the numbers, you can bookmark this link:

{{TRACKED_URL_TOUCH_3}}

Wishing you and the team continued success in Cumming!

Best,
Hudson","https://abaclinics.clubemkt.digital/aba?lid={{LEAD_ID}}&utm_source=cold_email&utm_medium=email&utm_campaign=pilot-2026-09-25&utm_content=touch_3"
"Core Autism Horizons","Lauren Graham","Lauren","lauren.graham@coreabaco.com","Aurora","CO","1","pilot-2026-09-25","Quick question about Core Autism Horizons's openings in CO","Hi Lauren,

I was looking at independent ABA practices in Aurora and came across Core Autism Horizons. 

A lot of clinic owners we talk to with 1–3 locations tell us their biggest bottleneck isn't clinical interest—it's getting predictable commercial-insurance & private-pay inquiries without giving up margins to PE aggregators.

We built an intake & patient growth system specifically for independent practices at Core Autism Horizons. You can see how the intake flow and caseload matching work here:

{{TRACKED_URL_TOUCH_1}}

Do you have 15 minutes this Thursday or Friday to see if this fits your current openings?

Best,
Hudson Argollo
Gold Traffic / ABA Practice Growth","https://abaclinics.clubemkt.digital/aba?lid={{LEAD_ID}}&utm_source=cold_email&utm_medium=email&utm_campaign=pilot-2026-09-25&utm_content=touch_1","Re: Core Autism Horizons's openings in CO","Hi Lauren,

Quick follow-up on my note from earlier this week.

When clinics expand or try to hire new BCBAs, keeping the waitlist warm and converting families at the exact moment a slot opens is usually what keeps rooms full.

We put together a 20-minute discovery breakdown for independent practices:
{{TRACKED_URL_TOUCH_2}}

Would love to share what's working for clinics in CO if you're open to it.

Best,
Hudson","https://abaclinics.clubemkt.digital/aba?lid={{LEAD_ID}}&utm_source=cold_email&utm_medium=email&utm_campaign=pilot-2026-09-25&utm_content=touch_2","Filling Core Autism Horizons's caseload (CO)","Hi Lauren,

I know you're busy running Core Autism Horizons. 

If patient intake or waitlist conversion isn't a priority right now, no worries at all. If you ever want to check our 2-minute fit assessment or look at the numbers, you can bookmark this link:

{{TRACKED_URL_TOUCH_3}}

Wishing you and the team continued success in Aurora!

Best,
Hudson","https://abaclinics.clubemkt.digital/aba?lid={{LEAD_ID}}&utm_source=cold_email&utm_medium=email&utm_campaign=pilot-2026-09-25&utm_content=touch_3"
"Covenant Therapy & Learning Center","James Sullivan","James","jsullivan@covenantautismva.com","Chesapeake","VA","2","pilot-2026-09-25","Quick question about Covenant Therapy & Learning Center's openings in VA","Hi James,

I was looking at independent ABA practices in Chesapeake and came across Covenant Therapy & Learning Center. 

A lot of clinic owners we talk to with 1–3 locations tell us their biggest bottleneck isn't clinical interest—it's getting predictable commercial-insurance & private-pay inquiries without giving up margins to PE aggregators.

We built an intake & patient growth system specifically for independent practices across your 2 locations. You can see how the intake flow and caseload matching work here:

{{TRACKED_URL_TOUCH_1}}

Do you have 15 minutes this Thursday or Friday to see if this fits your current openings?

Best,
Hudson Argollo
Gold Traffic / ABA Practice Growth","https://abaclinics.clubemkt.digital/aba?lid={{LEAD_ID}}&utm_source=cold_email&utm_medium=email&utm_campaign=pilot-2026-09-25&utm_content=touch_1","Re: Covenant Therapy & Learning Center's openings in VA","Hi James,

Quick follow-up on my note from earlier this week.

When clinics expand or try to hire new BCBAs, keeping the waitlist warm and converting families at the exact moment a slot opens is usually what keeps rooms full.

We put together a 20-minute discovery breakdown for independent practices:
{{TRACKED_URL_TOUCH_2}}

Would love to share what's working for clinics in VA if you're open to it.

Best,
Hudson","https://abaclinics.clubemkt.digital/aba?lid={{LEAD_ID}}&utm_source=cold_email&utm_medium=email&utm_campaign=pilot-2026-09-25&utm_content=touch_2","Filling Covenant Therapy & Learning Center's caseload (VA)","Hi James,

I know you're busy running Covenant Therapy & Learning Center. 

If patient intake or waitlist conversion isn't a priority right now, no worries at all. If you ever want to check our 2-minute fit assessment or look at the numbers, you can bookmark this link:

{{TRACKED_URL_TOUCH_3}}

Wishing you and the team continued success in Chesapeake!

Best,
Hudson","https://abaclinics.clubemkt.digital/aba?lid={{LEAD_ID}}&utm_source=cold_email&utm_medium=email&utm_campaign=pilot-2026-09-25&utm_content=touch_3"
"Crest Behavioral Interventions","Stephanie Wallace","Stephanie","stephanie.wallace@crestbehavioralmd.com","Frederick","MD","3","pilot-2026-09-25","Quick question about Crest Behavioral Interventions's openings in MD","Hi Stephanie,

I was looking at independent ABA practices in Frederick and came across Crest Behavioral Interventions. 

A lot of clinic owners we talk to with 1–3 locations tell us their biggest bottleneck isn't clinical interest—it's getting predictable commercial-insurance & private-pay inquiries without giving up margins to PE aggregators.

We built an intake & patient growth system specifically for independent practices across your 3 locations. You can see how the intake flow and caseload matching work here:

{{TRACKED_URL_TOUCH_1}}

Do you have 15 minutes this Thursday or Friday to see if this fits your current openings?

Best,
Hudson Argollo
Gold Traffic / ABA Practice Growth","https://abaclinics.clubemkt.digital/aba?lid={{LEAD_ID}}&utm_source=cold_email&utm_medium=email&utm_campaign=pilot-2026-09-25&utm_content=touch_1","Re: Crest Behavioral Interventions's openings in MD","Hi Stephanie,

Quick follow-up on my note from earlier this week.

When clinics expand or try to hire new BCBAs, keeping the waitlist warm and converting families at the exact moment a slot opens is usually what keeps rooms full.

We put together a 20-minute discovery breakdown for independent practices:
{{TRACKED_URL_TOUCH_2}}

Would love to share what's working for clinics in MD if you're open to it.

Best,
Hudson","https://abaclinics.clubemkt.digital/aba?lid={{LEAD_ID}}&utm_source=cold_email&utm_medium=email&utm_campaign=pilot-2026-09-25&utm_content=touch_2","Filling Crest Behavioral Interventions's caseload (MD)","Hi Stephanie,

I know you're busy running Crest Behavioral Interventions. 

If patient intake or waitlist conversion isn't a priority right now, no worries at all. If you ever want to check our 2-minute fit assessment or look at the numbers, you can bookmark this link:

{{TRACKED_URL_TOUCH_3}}

Wishing you and the team continued success in Frederick!

Best,
Hudson","https://abaclinics.clubemkt.digital/aba?lid={{LEAD_ID}}&utm_source=cold_email&utm_medium=email&utm_campaign=pilot-2026-09-25&utm_content=touch_3"
"Crown Autism Center","Robert Woods","Robert","rwoods@crownabail.org","Evanston","IL","4","pilot-2026-09-25","Quick question about Crown Autism Center's openings in IL","Hi Robert,

I was looking at independent ABA practices in Evanston and came across Crown Autism Center. 

A lot of clinic owners we talk to with 1–4 locations tell us their biggest bottleneck isn't clinical interest—it's getting predictable commercial-insurance & private-pay inquiries without giving up margins to PE aggregators.

We built an intake & patient growth system specifically for independent practices across your 4 locations. You can see how the intake flow and caseload matching work here:

{{TRACKED_URL_TOUCH_1}}

Do you have 15 minutes this Thursday or Friday to see if this fits your current openings?

Best,
Hudson Argollo
Gold Traffic / ABA Practice Growth","https://abaclinics.clubemkt.digital/aba?lid={{LEAD_ID}}&utm_source=cold_email&utm_medium=email&utm_campaign=pilot-2026-09-25&utm_content=touch_1","Re: Crown Autism Center's openings in IL","Hi Robert,

Quick follow-up on my note from earlier this week.

When clinics expand or try to hire new BCBAs, keeping the waitlist warm and converting families at the exact moment a slot opens is usually what keeps rooms full.

We put together a 20-minute discovery breakdown for independent practices:
{{TRACKED_URL_TOUCH_2}}

Would love to share what's working for clinics in IL if you're open to it.

Best,
Hudson","https://abaclinics.clubemkt.digital/aba?lid={{LEAD_ID}}&utm_source=cold_email&utm_medium=email&utm_campaign=pilot-2026-09-25&utm_content=touch_2","Filling Crown Autism Center's caseload (IL)","Hi Robert,

I know you're busy running Crown Autism Center. 

If patient intake or waitlist conversion isn't a priority right now, no worries at all. If you ever want to check our 2-minute fit assessment or look at the numbers, you can bookmark this link:

{{TRACKED_URL_TOUCH_3}}

Wishing you and the team continued success in Evanston!

Best,
Hudson","https://abaclinics.clubemkt.digital/aba?lid={{LEAD_ID}}&utm_source=cold_email&utm_medium=email&utm_campaign=pilot-2026-09-25&utm_content=touch_3"
"Apex ABA Therapy Group","Melissa Cole","Melissa","melissa.cole@apexautismut.com","St. George","UT","1","pilot-2026-09-25","Quick question about Apex ABA Therapy Group's openings in UT","Hi Melissa,

I was looking at independent ABA practices in St. George and came across Apex ABA Therapy Group. 

A lot of clinic owners we talk to with 1–3 locations tell us their biggest bottleneck isn't clinical interest—it's getting predictable commercial-insurance & private-pay inquiries without giving up margins to PE aggregators.

We built an intake & patient growth system specifically for independent practices at Apex ABA Therapy Group. You can see how the intake flow and caseload matching work here:

{{TRACKED_URL_TOUCH_1}}

Do you have 15 minutes this Thursday or Friday to see if this fits your current openings?

Best,
Hudson Argollo
Gold Traffic / ABA Practice Growth","https://abaclinics.clubemkt.digital/aba?lid={{LEAD_ID}}&utm_source=cold_email&utm_medium=email&utm_campaign=pilot-2026-09-25&utm_content=touch_1","Re: Apex ABA Therapy Group's openings in UT","Hi Melissa,

Quick follow-up on my note from earlier this week.

When clinics expand or try to hire new BCBAs, keeping the waitlist warm and converting families at the exact moment a slot opens is usually what keeps rooms full.

We put together a 20-minute discovery breakdown for independent practices:
{{TRACKED_URL_TOUCH_2}}

Would love to share what's working for clinics in UT if you're open to it.

Best,
Hudson","https://abaclinics.clubemkt.digital/aba?lid={{LEAD_ID}}&utm_source=cold_email&utm_medium=email&utm_campaign=pilot-2026-09-25&utm_content=touch_2","Filling Apex ABA Therapy Group's caseload (UT)","Hi Melissa,

I know you're busy running Apex ABA Therapy Group. 

If patient intake or waitlist conversion isn't a priority right now, no worries at all. If you ever want to check our 2-minute fit assessment or look at the numbers, you can bookmark this link:

{{TRACKED_URL_TOUCH_3}}

Wishing you and the team continued success in St. George!

Best,
Hudson","https://abaclinics.clubemkt.digital/aba?lid={{LEAD_ID}}&utm_source=cold_email&utm_medium=email&utm_campaign=pilot-2026-09-25&utm_content=touch_3"
"Beacon Behavioral Solutions","William West","William","wwest@beaconbehavioralnj.com","Toms River","NJ","2","pilot-2026-09-25","Quick question about Beacon Behavioral Solutions's openings in NJ","Hi William,

I was looking at independent ABA practices in Toms River and came across Beacon Behavioral Solutions. 

A lot of clinic owners we talk to with 1–3 locations tell us their biggest bottleneck isn't clinical interest—it's getting predictable commercial-insurance & private-pay inquiries without giving up margins to PE aggregators.

We built an intake & patient growth system specifically for independent practices across your 2 locations. You can see how the intake flow and caseload matching work here:

{{TRACKED_URL_TOUCH_1}}

Do you have 15 minutes this Thursday or Friday to see if this fits your current openings?

Best,
Hudson Argollo
Gold Traffic / ABA Practice Growth","https://abaclinics.clubemkt.digital/aba?lid={{LEAD_ID}}&utm_source=cold_email&utm_medium=email&utm_campaign=pilot-2026-09-25&utm_content=touch_1","Re: Beacon Behavioral Solutions's openings in NJ","Hi William,

Quick follow-up on my note from earlier this week.

When clinics expand or try to hire new BCBAs, keeping the waitlist warm and converting families at the exact moment a slot opens is usually what keeps rooms full.

We put together a 20-minute discovery breakdown for independent practices:
{{TRACKED_URL_TOUCH_2}}

Would love to share what's working for clinics in NJ if you're open to it.

Best,
Hudson","https://abaclinics.clubemkt.digital/aba?lid={{LEAD_ID}}&utm_source=cold_email&utm_medium=email&utm_campaign=pilot-2026-09-25&utm_content=touch_2","Filling Beacon Behavioral Solutions's caseload (NJ)","Hi William,

I know you're busy running Beacon Behavioral Solutions. 

If patient intake or waitlist conversion isn't a priority right now, no worries at all. If you ever want to check our 2-minute fit assessment or look at the numbers, you can bookmark this link:

{{TRACKED_URL_TOUCH_3}}

Wishing you and the team continued success in Toms River!

Best,
Hudson","https://abaclinics.clubemkt.digital/aba?lid={{LEAD_ID}}&utm_source=cold_email&utm_medium=email&utm_campaign=pilot-2026-09-25&utm_content=touch_3"
"Blue Sky Autism Services","Nicole Jordan","Nicole","nicole.jordan@blueskyabatx.com","San Antonio","TX","3","pilot-2026-09-25","Quick question about Blue Sky Autism Services's openings in TX","Hi Nicole,

I was looking at independent ABA practices in San Antonio and came across Blue Sky Autism Services. 

A lot of clinic owners we talk to with 1–3 locations tell us their biggest bottleneck isn't clinical interest—it's getting predictable commercial-insurance & private-pay inquiries without giving up margins to PE aggregators.

We built an intake & patient growth system specifically for independent practices across your 3 locations. You can see how the intake flow and caseload matching work here:

{{TRACKED_URL_TOUCH_1}}

Do you have 15 minutes this Thursday or Friday to see if this fits your current openings?

Best,
Hudson Argollo
Gold Traffic / ABA Practice Growth","https://abaclinics.clubemkt.digital/aba?lid={{LEAD_ID}}&utm_source=cold_email&utm_medium=email&utm_campaign=pilot-2026-09-25&utm_content=touch_1","Re: Blue Sky Autism Services's openings in TX","Hi Nicole,

Quick follow-up on my note from earlier this week.

When clinics expand or try to hire new BCBAs, keeping the waitlist warm and converting families at the exact moment a slot opens is usually what keeps rooms full.

We put together a 20-minute discovery breakdown for independent practices:
{{TRACKED_URL_TOUCH_2}}

Would love to share what's working for clinics in TX if you're open to it.

Best,
Hudson","https://abaclinics.clubemkt.digital/aba?lid={{LEAD_ID}}&utm_source=cold_email&utm_medium=email&utm_campaign=pilot-2026-09-25&utm_content=touch_2","Filling Blue Sky Autism Services's caseload (TX)","Hi Nicole,

I know you're busy running Blue Sky Autism Services. 

If patient intake or waitlist conversion isn't a priority right now, no worries at all. If you ever want to check our 2-minute fit assessment or look at the numbers, you can bookmark this link:

{{TRACKED_URL_TOUCH_3}}

Wishing you and the team continued success in San Antonio!

Best,
Hudson","https://abaclinics.clubemkt.digital/aba?lid={{LEAD_ID}}&utm_source=cold_email&utm_medium=email&utm_campaign=pilot-2026-09-25&utm_content=touch_3"
"Bright Path Behavioral Health","Anthony Owens","Anthony","aowens@brightpathautismfl.com","Fort Lauderdale","FL","4","pilot-2026-09-25","Quick question about Bright Path Behavioral Health's openings in FL","Hi Anthony,

I was looking at independent ABA practices in Fort Lauderdale and came across Bright Path Behavioral Health. 

A lot of clinic owners we talk to with 1–4 locations tell us their biggest bottleneck isn't clinical interest—it's getting predictable commercial-insurance & private-pay inquiries without giving up margins to PE aggregators.

We built an intake & patient growth system specifically for independent practices across your 4 locations. You can see how the intake flow and caseload matching work here:

{{TRACKED_URL_TOUCH_1}}

Do you have 15 minutes this Thursday or Friday to see if this fits your current openings?

Best,
Hudson Argollo
Gold Traffic / ABA Practice Growth","https://abaclinics.clubemkt.digital/aba?lid={{LEAD_ID}}&utm_source=cold_email&utm_medium=email&utm_campaign=pilot-2026-09-25&utm_content=touch_1","Re: Bright Path Behavioral Health's openings in FL","Hi Anthony,

Quick follow-up on my note from earlier this week.

When clinics expand or try to hire new BCBAs, keeping the waitlist warm and converting families at the exact moment a slot opens is usually what keeps rooms full.

We put together a 20-minute discovery breakdown for independent practices:
{{TRACKED_URL_TOUCH_2}}

Would love to share what's working for clinics in FL if you're open to it.

Best,
Hudson","https://abaclinics.clubemkt.digital/aba?lid={{LEAD_ID}}&utm_source=cold_email&utm_medium=email&utm_campaign=pilot-2026-09-25&utm_content=touch_2","Filling Bright Path Behavioral Health's caseload (FL)","Hi Anthony,

I know you're busy running Bright Path Behavioral Health. 

If patient intake or waitlist conversion isn't a priority right now, no worries at all. If you ever want to check our 2-minute fit assessment or look at the numbers, you can bookmark this link:

{{TRACKED_URL_TOUCH_3}}

Wishing you and the team continued success in Fort Lauderdale!

Best,
Hudson","https://abaclinics.clubemkt.digital/aba?lid={{LEAD_ID}}&utm_source=cold_email&utm_medium=email&utm_campaign=pilot-2026-09-25&utm_content=touch_3"
"Clear Horizon Therapy Associates","Ashley Reynolds","Ashley","ashley.reynolds@clearhorizonbehavioralca.org","Fresno","CA","1","pilot-2026-09-25","Quick question about Clear Horizon Therapy Associates's openings in CA","Hi Ashley,

I was looking at independent ABA practices in Fresno and came across Clear Horizon Therapy Associates. 

A lot of clinic owners we talk to with 1–3 locations tell us their biggest bottleneck isn't clinical interest—it's getting predictable commercial-insurance & private-pay inquiries without giving up margins to PE aggregators.

We built an intake & patient growth system specifically for independent practices at Clear Horizon Therapy Associates. You can see how the intake flow and caseload matching work here:

{{TRACKED_URL_TOUCH_1}}

Do you have 15 minutes this Thursday or Friday to see if this fits your current openings?

Best,
Hudson Argollo
Gold Traffic / ABA Practice Growth","https://abaclinics.clubemkt.digital/aba?lid={{LEAD_ID}}&utm_source=cold_email&utm_medium=email&utm_campaign=pilot-2026-09-25&utm_content=touch_1","Re: Clear Horizon Therapy Associates's openings in CA","Hi Ashley,

Quick follow-up on my note from earlier this week.

When clinics expand or try to hire new BCBAs, keeping the waitlist warm and converting families at the exact moment a slot opens is usually what keeps rooms full.

We put together a 20-minute discovery breakdown for independent practices:
{{TRACKED_URL_TOUCH_2}}

Would love to share what's working for clinics in CA if you're open to it.

Best,
Hudson","https://abaclinics.clubemkt.digital/aba?lid={{LEAD_ID}}&utm_source=cold_email&utm_medium=email&utm_campaign=pilot-2026-09-25&utm_content=touch_2","Filling Clear Horizon Therapy Associates's caseload (CA)","Hi Ashley,

I know you're busy running Clear Horizon Therapy Associates. 

If patient intake or waitlist conversion isn't a priority right now, no worries at all. If you ever want to check our 2-minute fit assessment or look at the numbers, you can bookmark this link:

{{TRACKED_URL_TOUCH_3}}

Wishing you and the team continued success in Fresno!

Best,
Hudson","https://abaclinics.clubemkt.digital/aba?lid={{LEAD_ID}}&utm_source=cold_email&utm_medium=email&utm_campaign=pilot-2026-09-25&utm_content=touch_3"
"Compass Developmental Clinic","Christopher Fisher","Christopher","cfisher@compassabanc.com","Concord","NC","2","pilot-2026-09-25","Quick question about Compass Developmental Clinic's openings in NC","Hi Christopher,

I was looking at independent ABA practices in Concord and came across Compass Developmental Clinic. 

A lot of clinic owners we talk to with 1–3 locations tell us their biggest bottleneck isn't clinical interest—it's getting predictable commercial-insurance & private-pay inquiries without giving up margins to PE aggregators.

We built an intake & patient growth system specifically for independent practices across your 2 locations. You can see how the intake flow and caseload matching work here:

{{TRACKED_URL_TOUCH_1}}

Do you have 15 minutes this Thursday or Friday to see if this fits your current openings?

Best,
Hudson Argollo
Gold Traffic / ABA Practice Growth","https://abaclinics.clubemkt.digital/aba?lid={{LEAD_ID}}&utm_source=cold_email&utm_medium=email&utm_campaign=pilot-2026-09-25&utm_content=touch_1","Re: Compass Developmental Clinic's openings in NC","Hi Christopher,

Quick follow-up on my note from earlier this week.

When clinics expand or try to hire new BCBAs, keeping the waitlist warm and converting families at the exact moment a slot opens is usually what keeps rooms full.

We put together a 20-minute discovery breakdown for independent practices:
{{TRACKED_URL_TOUCH_2}}

Would love to share what's working for clinics in NC if you're open to it.

Best,
Hudson","https://abaclinics.clubemkt.digital/aba?lid={{LEAD_ID}}&utm_source=cold_email&utm_medium=email&utm_campaign=pilot-2026-09-25&utm_content=touch_2","Filling Compass Developmental Clinic's caseload (NC)","Hi Christopher,

I know you're busy running Compass Developmental Clinic. 

If patient intake or waitlist conversion isn't a priority right now, no worries at all. If you ever want to check our 2-minute fit assessment or look at the numbers, you can bookmark this link:

{{TRACKED_URL_TOUCH_3}}

Wishing you and the team continued success in Concord!

Best,
Hudson","https://abaclinics.clubemkt.digital/aba?lid={{LEAD_ID}}&utm_source=cold_email&utm_medium=email&utm_campaign=pilot-2026-09-25&utm_content=touch_3"
"Crestview ABA Services","Megan Ellis","Megan","megan.ellis@crestviewautismga.com","Tyrone","GA","3","pilot-2026-09-25","Quick question about Crestview ABA Services's openings in GA","Hi Megan,

I was looking at independent ABA practices in Tyrone and came across Crestview ABA Services. 

A lot of clinic owners we talk to with 1–3 locations tell us their biggest bottleneck isn't clinical interest—it's getting predictable commercial-insurance & private-pay inquiries without giving up margins to PE aggregators.

We built an intake & patient growth system specifically for independent practices across your 3 locations. You can see how the intake flow and caseload matching work here:

{{TRACKED_URL_TOUCH_1}}

Do you have 15 minutes this Thursday or Friday to see if this fits your current openings?

Best,
Hudson Argollo
Gold Traffic / ABA Practice Growth","https://abaclinics.clubemkt.digital/aba?lid={{LEAD_ID}}&utm_source=cold_email&utm_medium=email&utm_campaign=pilot-2026-09-25&utm_content=touch_1","Re: Crestview ABA Services's openings in GA","Hi Megan,

Quick follow-up on my note from earlier this week.

When clinics expand or try to hire new BCBAs, keeping the waitlist warm and converting families at the exact moment a slot opens is usually what keeps rooms full.

We put together a 20-minute discovery breakdown for independent practices:
{{TRACKED_URL_TOUCH_2}}

Would love to share what's working for clinics in GA if you're open to it.

Best,
Hudson","https://abaclinics.clubemkt.digital/aba?lid={{LEAD_ID}}&utm_source=cold_email&utm_medium=email&utm_campaign=pilot-2026-09-25&utm_content=touch_2","Filling Crestview ABA Services's caseload (GA)","Hi Megan,

I know you're busy running Crestview ABA Services. 

If patient intake or waitlist conversion isn't a priority right now, no worries at all. If you ever want to check our 2-minute fit assessment or look at the numbers, you can bookmark this link:

{{TRACKED_URL_TOUCH_3}}

Wishing you and the team continued success in Tyrone!

Best,
Hudson","https://abaclinics.clubemkt.digital/aba?lid={{LEAD_ID}}&utm_source=cold_email&utm_medium=email&utm_campaign=pilot-2026-09-25&utm_content=touch_3"
"Discovery Autism & Behavioral Clinic","Matthew Gibson","Matthew","mgibson@discoverybehavioralco.com","Fort Collins","CO","4","pilot-2026-09-25","Quick question about Discovery Autism & Behavioral Clinic's openings in CO","Hi Matthew,

I was looking at independent ABA practices in Fort Collins and came across Discovery Autism & Behavioral Clinic. 

A lot of clinic owners we talk to with 1–4 locations tell us their biggest bottleneck isn't clinical interest—it's getting predictable commercial-insurance & private-pay inquiries without giving up margins to PE aggregators.

We built an intake & patient growth system specifically for independent practices across your 4 locations. You can see how the intake flow and caseload matching work here:

{{TRACKED_URL_TOUCH_1}}

Do you have 15 minutes this Thursday or Friday to see if this fits your current openings?

Best,
Hudson Argollo
Gold Traffic / ABA Practice Growth","https://abaclinics.clubemkt.digital/aba?lid={{LEAD_ID}}&utm_source=cold_email&utm_medium=email&utm_campaign=pilot-2026-09-25&utm_content=touch_1","Re: Discovery Autism & Behavioral Clinic's openings in CO","Hi Matthew,

Quick follow-up on my note from earlier this week.

When clinics expand or try to hire new BCBAs, keeping the waitlist warm and converting families at the exact moment a slot opens is usually what keeps rooms full.

We put together a 20-minute discovery breakdown for independent practices:
{{TRACKED_URL_TOUCH_2}}

Would love to share what's working for clinics in CO if you're open to it.

Best,
Hudson","https://abaclinics.clubemkt.digital/aba?lid={{LEAD_ID}}&utm_source=cold_email&utm_medium=email&utm_campaign=pilot-2026-09-25&utm_content=touch_2","Filling Discovery Autism & Behavioral Clinic's caseload (CO)","Hi Matthew,

I know you're busy running Discovery Autism & Behavioral Clinic. 

If patient intake or waitlist conversion isn't a priority right now, no worries at all. If you ever want to check our 2-minute fit assessment or look at the numbers, you can bookmark this link:

{{TRACKED_URL_TOUCH_3}}

Wishing you and the team continued success in Fort Collins!

Best,
Hudson","https://abaclinics.clubemkt.digital/aba?lid={{LEAD_ID}}&utm_source=cold_email&utm_medium=email&utm_campaign=pilot-2026-09-25&utm_content=touch_3"
"Elevate Child Development Center","Heather McDonald","Heather","heather.mcdonald@elevateabava.com","Arlington","VA","1","pilot-2026-09-25","Quick question about Elevate Child Development Center's openings in VA","Hi Heather,

I was looking at independent ABA practices in Arlington and came across Elevate Child Development Center. 

A lot of clinic owners we talk to with 1–3 locations tell us their biggest bottleneck isn't clinical interest—it's getting predictable commercial-insurance & private-pay inquiries without giving up margins to PE aggregators.

We built an intake & patient growth system specifically for independent practices at Elevate Child Development Center. You can see how the intake flow and caseload matching work here:

{{TRACKED_URL_TOUCH_1}}

Do you have 15 minutes this Thursday or Friday to see if this fits your current openings?

Best,
Hudson Argollo
Gold Traffic / ABA Practice Growth","https://abaclinics.clubemkt.digital/aba?lid={{LEAD_ID}}&utm_source=cold_email&utm_medium=email&utm_campaign=pilot-2026-09-25&utm_content=touch_1","Re: Elevate Child Development Center's openings in VA","Hi Heather,

Quick follow-up on my note from earlier this week.

When clinics expand or try to hire new BCBAs, keeping the waitlist warm and converting families at the exact moment a slot opens is usually what keeps rooms full.

We put together a 20-minute discovery breakdown for independent practices:
{{TRACKED_URL_TOUCH_2}}

Would love to share what's working for clinics in VA if you're open to it.

Best,
Hudson","https://abaclinics.clubemkt.digital/aba?lid={{LEAD_ID}}&utm_source=cold_email&utm_medium=email&utm_campaign=pilot-2026-09-25&utm_content=touch_2","Filling Elevate Child Development Center's caseload (VA)","Hi Heather,

I know you're busy running Elevate Child Development Center. 

If patient intake or waitlist conversion isn't a priority right now, no worries at all. If you ever want to check our 2-minute fit assessment or look at the numbers, you can bookmark this link:

{{TRACKED_URL_TOUCH_3}}

Wishing you and the team continued success in Arlington!

Best,
Hudson","https://abaclinics.clubemkt.digital/aba?lid={{LEAD_ID}}&utm_source=cold_email&utm_medium=email&utm_campaign=pilot-2026-09-25&utm_content=touch_3"
"Empower Behavior Analysis Partners","Andrew Cruz","Andrew","acruz@empowerautismmd.org","Gaithersburg","MD","2","pilot-2026-09-25","Quick question about Empower Behavior Analysis Partners's openings in MD","Hi Andrew,

I was looking at independent ABA practices in Gaithersburg and came across Empower Behavior Analysis Partners. 

A lot of clinic owners we talk to with 1–3 locations tell us their biggest bottleneck isn't clinical interest—it's getting predictable commercial-insurance & private-pay inquiries without giving up margins to PE aggregators.

We built an intake & patient growth system specifically for independent practices across your 2 locations. You can see how the intake flow and caseload matching work here:

{{TRACKED_URL_TOUCH_1}}

Do you have 15 minutes this Thursday or Friday to see if this fits your current openings?

Best,
Hudson Argollo
Gold Traffic / ABA Practice Growth","https://abaclinics.clubemkt.digital/aba?lid={{LEAD_ID}}&utm_source=cold_email&utm_medium=email&utm_campaign=pilot-2026-09-25&utm_content=touch_1","Re: Empower Behavior Analysis Partners's openings in MD","Hi Andrew,

Quick follow-up on my note from earlier this week.

When clinics expand or try to hire new BCBAs, keeping the waitlist warm and converting families at the exact moment a slot opens is usually what keeps rooms full.

We put together a 20-minute discovery breakdown for independent practices:
{{TRACKED_URL_TOUCH_2}}

Would love to share what's working for clinics in MD if you're open to it.

Best,
Hudson","https://abaclinics.clubemkt.digital/aba?lid={{LEAD_ID}}&utm_source=cold_email&utm_medium=email&utm_campaign=pilot-2026-09-25&utm_content=touch_2","Filling Empower Behavior Analysis Partners's caseload (MD)","Hi Andrew,

I know you're busy running Empower Behavior Analysis Partners. 

If patient intake or waitlist conversion isn't a priority right now, no worries at all. If you ever want to check our 2-minute fit assessment or look at the numbers, you can bookmark this link:

{{TRACKED_URL_TOUCH_3}}

Wishing you and the team continued success in Gaithersburg!

Best,
Hudson","https://abaclinics.clubemkt.digital/aba?lid={{LEAD_ID}}&utm_source=cold_email&utm_medium=email&utm_campaign=pilot-2026-09-25&utm_content=touch_3"
"Endeavor Behavioral Care","Elizabeth Marshall","Elizabeth","elizabeth.marshall@endeavorbehavioralil.com","Schaumburg","IL","3","pilot-2026-09-25","Quick question about Endeavor Behavioral Care's openings in IL","Hi Elizabeth,

I was looking at independent ABA practices in Schaumburg and came across Endeavor Behavioral Care. 

A lot of clinic owners we talk to with 1–3 locations tell us their biggest bottleneck isn't clinical interest—it's getting predictable commercial-insurance & private-pay inquiries without giving up margins to PE aggregators.

We built an intake & patient growth system specifically for independent practices across your 3 locations. You can see how the intake flow and caseload matching work here:

{{TRACKED_URL_TOUCH_1}}

Do you have 15 minutes this Thursday or Friday to see if this fits your current openings?

Best,
Hudson Argollo
Gold Traffic / ABA Practice Growth","https://abaclinics.clubemkt.digital/aba?lid={{LEAD_ID}}&utm_source=cold_email&utm_medium=email&utm_campaign=pilot-2026-09-25&utm_content=touch_1","Re: Endeavor Behavioral Care's openings in IL","Hi Elizabeth,

Quick follow-up on my note from earlier this week.

When clinics expand or try to hire new BCBAs, keeping the waitlist warm and converting families at the exact moment a slot opens is usually what keeps rooms full.

We put together a 20-minute discovery breakdown for independent practices:
{{TRACKED_URL_TOUCH_2}}

Would love to share what's working for clinics in IL if you're open to it.

Best,
Hudson","https://abaclinics.clubemkt.digital/aba?lid={{LEAD_ID}}&utm_source=cold_email&utm_medium=email&utm_campaign=pilot-2026-09-25&utm_content=touch_2","Filling Endeavor Behavioral Care's caseload (IL)","Hi Elizabeth,

I know you're busy running Endeavor Behavioral Care. 

If patient intake or waitlist conversion isn't a priority right now, no worries at all. If you ever want to check our 2-minute fit assessment or look at the numbers, you can bookmark this link:

{{TRACKED_URL_TOUCH_3}}

Wishing you and the team continued success in Schaumburg!

Best,
Hudson","https://abaclinics.clubemkt.digital/aba?lid={{LEAD_ID}}&utm_source=cold_email&utm_medium=email&utm_campaign=pilot-2026-09-25&utm_content=touch_3"
"Enrich Autism Horizons","Joseph Ortiz","Joseph","jortiz@enrichabaut.com","Layton","UT","4","pilot-2026-09-25","Quick question about Enrich Autism Horizons's openings in UT","Hi Joseph,

I was looking at independent ABA practices in Layton and came across Enrich Autism Horizons. 

A lot of clinic owners we talk to with 1–4 locations tell us their biggest bottleneck isn't clinical interest—it's getting predictable commercial-insurance & private-pay inquiries without giving up margins to PE aggregators.

We built an intake & patient growth system specifically for independent practices across your 4 locations. You can see how the intake flow and caseload matching work here:

{{TRACKED_URL_TOUCH_1}}

Do you have 15 minutes this Thursday or Friday to see if this fits your current openings?

Best,
Hudson Argollo
Gold Traffic / ABA Practice Growth","https://abaclinics.clubemkt.digital/aba?lid={{LEAD_ID}}&utm_source=cold_email&utm_medium=email&utm_campaign=pilot-2026-09-25&utm_content=touch_1","Re: Enrich Autism Horizons's openings in UT","Hi Joseph,

Quick follow-up on my note from earlier this week.

When clinics expand or try to hire new BCBAs, keeping the waitlist warm and converting families at the exact moment a slot opens is usually what keeps rooms full.

We put together a 20-minute discovery breakdown for independent practices:
{{TRACKED_URL_TOUCH_2}}

Would love to share what's working for clinics in UT if you're open to it.

Best,
Hudson","https://abaclinics.clubemkt.digital/aba?lid={{LEAD_ID}}&utm_source=cold_email&utm_medium=email&utm_campaign=pilot-2026-09-25&utm_content=touch_2","Filling Enrich Autism Horizons's caseload (UT)","Hi Joseph,

I know you're busy running Enrich Autism Horizons. 

If patient intake or waitlist conversion isn't a priority right now, no worries at all. If you ever want to check our 2-minute fit assessment or look at the numbers, you can bookmark this link:

{{TRACKED_URL_TOUCH_3}}

Wishing you and the team continued success in Layton!

Best,
Hudson","https://abaclinics.clubemkt.digital/aba?lid={{LEAD_ID}}&utm_source=cold_email&utm_medium=email&utm_campaign=pilot-2026-09-25&utm_content=touch_3"
"Forward Therapy & Learning Center","Jennifer Gomez","Jennifer","jennifer.gomez@forwardautismnj.com","Trenton","NJ","1","pilot-2026-09-25","Quick question about Forward Therapy & Learning Center's openings in NJ","Hi Jennifer,

I was looking at independent ABA practices in Trenton and came across Forward Therapy & Learning Center. 

A lot of clinic owners we talk to with 1–3 locations tell us their biggest bottleneck isn't clinical interest—it's getting predictable commercial-insurance & private-pay inquiries without giving up margins to PE aggregators.

We built an intake & patient growth system specifically for independent practices at Forward Therapy & Learning Center. You can see how the intake flow and caseload matching work here:

{{TRACKED_URL_TOUCH_1}}

Do you have 15 minutes this Thursday or Friday to see if this fits your current openings?

Best,
Hudson Argollo
Gold Traffic / ABA Practice Growth","https://abaclinics.clubemkt.digital/aba?lid={{LEAD_ID}}&utm_source=cold_email&utm_medium=email&utm_campaign=pilot-2026-09-25&utm_content=touch_1","Re: Forward Therapy & Learning Center's openings in NJ","Hi Jennifer,

Quick follow-up on my note from earlier this week.

When clinics expand or try to hire new BCBAs, keeping the waitlist warm and converting families at the exact moment a slot opens is usually what keeps rooms full.

We put together a 20-minute discovery breakdown for independent practices:
{{TRACKED_URL_TOUCH_2}}

Would love to share what's working for clinics in NJ if you're open to it.

Best,
Hudson","https://abaclinics.clubemkt.digital/aba?lid={{LEAD_ID}}&utm_source=cold_email&utm_medium=email&utm_campaign=pilot-2026-09-25&utm_content=touch_2","Filling Forward Therapy & Learning Center's caseload (NJ)","Hi Jennifer,

I know you're busy running Forward Therapy & Learning Center. 

If patient intake or waitlist conversion isn't a priority right now, no worries at all. If you ever want to check our 2-minute fit assessment or look at the numbers, you can bookmark this link:

{{TRACKED_URL_TOUCH_3}}

Wishing you and the team continued success in Trenton!

Best,
Hudson","https://abaclinics.clubemkt.digital/aba?lid={{LEAD_ID}}&utm_source=cold_email&utm_medium=email&utm_campaign=pilot-2026-09-25&utm_content=touch_3"
"Foundation Behavioral Interventions","Joshua Murray","Joshua","jmurray@foundationbehavioraltx.com","Denton","TX","2","pilot-2026-09-25","Quick question about Foundation Behavioral Interventions's openings in TX","Hi Joshua,

I was looking at independent ABA practices in Denton and came across Foundation Behavioral Interventions. 

A lot of clinic owners we talk to with 1–3 locations tell us their biggest bottleneck isn't clinical interest—it's getting predictable commercial-insurance & private-pay inquiries without giving up margins to PE aggregators.

We built an intake & patient growth system specifically for independent practices across your 2 locations. You can see how the intake flow and caseload matching work here:

{{TRACKED_URL_TOUCH_1}}

Do you have 15 minutes this Thursday or Friday to see if this fits your current openings?

Best,
Hudson Argollo
Gold Traffic / ABA Practice Growth","https://abaclinics.clubemkt.digital/aba?lid={{LEAD_ID}}&utm_source=cold_email&utm_medium=email&utm_campaign=pilot-2026-09-25&utm_content=touch_1","Re: Foundation Behavioral Interventions's openings in TX","Hi Joshua,

Quick follow-up on my note from earlier this week.

When clinics expand or try to hire new BCBAs, keeping the waitlist warm and converting families at the exact moment a slot opens is usually what keeps rooms full.

We put together a 20-minute discovery breakdown for independent practices:
{{TRACKED_URL_TOUCH_2}}

Would love to share what's working for clinics in TX if you're open to it.

Best,
Hudson","https://abaclinics.clubemkt.digital/aba?lid={{LEAD_ID}}&utm_source=cold_email&utm_medium=email&utm_campaign=pilot-2026-09-25&utm_content=touch_2","Filling Foundation Behavioral Interventions's caseload (TX)","Hi Joshua,

I know you're busy running Foundation Behavioral Interventions. 

If patient intake or waitlist conversion isn't a priority right now, no worries at all. If you ever want to check our 2-minute fit assessment or look at the numbers, you can bookmark this link:

{{TRACKED_URL_TOUCH_3}}

Wishing you and the team continued success in Denton!

Best,
Hudson","https://abaclinics.clubemkt.digital/aba?lid={{LEAD_ID}}&utm_source=cold_email&utm_medium=email&utm_campaign=pilot-2026-09-25&utm_content=touch_3"
"Grace Autism Center","Rebecca Freeman","Rebecca","rebecca.freeman@graceabafl.org","Miami","FL","3","pilot-2026-09-25","Quick question about Grace Autism Center's openings in FL","Hi Rebecca,

I was looking at independent ABA practices in Miami and came across Grace Autism Center. 

A lot of clinic owners we talk to with 1–3 locations tell us their biggest bottleneck isn't clinical interest—it's getting predictable commercial-insurance & private-pay inquiries without giving up margins to PE aggregators.

We built an intake & patient growth system specifically for independent practices across your 3 locations. You can see how the intake flow and caseload matching work here:

{{TRACKED_URL_TOUCH_1}}

Do you have 15 minutes this Thursday or Friday to see if this fits your current openings?

Best,
Hudson Argollo
Gold Traffic / ABA Practice Growth","https://abaclinics.clubemkt.digital/aba?lid={{LEAD_ID}}&utm_source=cold_email&utm_medium=email&utm_campaign=pilot-2026-09-25&utm_content=touch_1","Re: Grace Autism Center's openings in FL","Hi Rebecca,

Quick follow-up on my note from earlier this week.

When clinics expand or try to hire new BCBAs, keeping the waitlist warm and converting families at the exact moment a slot opens is usually what keeps rooms full.

We put together a 20-minute discovery breakdown for independent practices:
{{TRACKED_URL_TOUCH_2}}

Would love to share what's working for clinics in FL if you're open to it.

Best,
Hudson","https://abaclinics.clubemkt.digital/aba?lid={{LEAD_ID}}&utm_source=cold_email&utm_medium=email&utm_campaign=pilot-2026-09-25&utm_content=touch_2","Filling Grace Autism Center's caseload (FL)","Hi Rebecca,

I know you're busy running Grace Autism Center. 

If patient intake or waitlist conversion isn't a priority right now, no worries at all. If you ever want to check our 2-minute fit assessment or look at the numbers, you can bookmark this link:

{{TRACKED_URL_TOUCH_3}}

Wishing you and the team continued success in Miami!

Best,
Hudson","https://abaclinics.clubemkt.digital/aba?lid={{LEAD_ID}}&utm_source=cold_email&utm_medium=email&utm_campaign=pilot-2026-09-25&utm_content=touch_3"
"Growth Point ABA Therapy Group","Kevin Wells","Kevin","kwells@growthpointautismca.com","Los Angeles","CA","4","pilot-2026-09-25","Quick question about Growth Point ABA Therapy Group's openings in CA","Hi Kevin,

I was looking at independent ABA practices in Los Angeles and came across Growth Point ABA Therapy Group. 

A lot of clinic owners we talk to with 1–4 locations tell us their biggest bottleneck isn't clinical interest—it's getting predictable commercial-insurance & private-pay inquiries without giving up margins to PE aggregators.

We built an intake & patient growth system specifically for independent practices across your 4 locations. You can see how the intake flow and caseload matching work here:

{{TRACKED_URL_TOUCH_1}}

Do you have 15 minutes this Thursday or Friday to see if this fits your current openings?

Best,
Hudson Argollo
Gold Traffic / ABA Practice Growth","https://abaclinics.clubemkt.digital/aba?lid={{LEAD_ID}}&utm_source=cold_email&utm_medium=email&utm_campaign=pilot-2026-09-25&utm_content=touch_1","Re: Growth Point ABA Therapy Group's openings in CA","Hi Kevin,

Quick follow-up on my note from earlier this week.

When clinics expand or try to hire new BCBAs, keeping the waitlist warm and converting families at the exact moment a slot opens is usually what keeps rooms full.

We put together a 20-minute discovery breakdown for independent practices:
{{TRACKED_URL_TOUCH_2}}

Would love to share what's working for clinics in CA if you're open to it.

Best,
Hudson","https://abaclinics.clubemkt.digital/aba?lid={{LEAD_ID}}&utm_source=cold_email&utm_medium=email&utm_campaign=pilot-2026-09-25&utm_content=touch_2","Filling Growth Point ABA Therapy Group's caseload (CA)","Hi Kevin,

I know you're busy running Growth Point ABA Therapy Group. 

If patient intake or waitlist conversion isn't a priority right now, no worries at all. If you ever want to check our 2-minute fit assessment or look at the numbers, you can bookmark this link:

{{TRACKED_URL_TOUCH_3}}

Wishing you and the team continued success in Los Angeles!

Best,
Hudson","https://abaclinics.clubemkt.digital/aba?lid={{LEAD_ID}}&utm_source=cold_email&utm_medium=email&utm_campaign=pilot-2026-09-25&utm_content=touch_3"
"Harbor Behavioral Solutions","Emily Webb","Emily","emily.webb@harborbehavioralnc.com","Asheville","NC","1","pilot-2026-09-25","Quick question about Harbor Behavioral Solutions's openings in NC","Hi Emily,

I was looking at independent ABA practices in Asheville and came across Harbor Behavioral Solutions. 

A lot of clinic owners we talk to with 1–3 locations tell us their biggest bottleneck isn't clinical interest—it's getting predictable commercial-insurance & private-pay inquiries without giving up margins to PE aggregators.

We built an intake & patient growth system specifically for independent practices at Harbor Behavioral Solutions. You can see how the intake flow and caseload matching work here:

{{TRACKED_URL_TOUCH_1}}

Do you have 15 minutes this Thursday or Friday to see if this fits your current openings?

Best,
Hudson Argollo
Gold Traffic / ABA Practice Growth","https://abaclinics.clubemkt.digital/aba?lid={{LEAD_ID}}&utm_source=cold_email&utm_medium=email&utm_campaign=pilot-2026-09-25&utm_content=touch_1","Re: Harbor Behavioral Solutions's openings in NC","Hi Emily,

Quick follow-up on my note from earlier this week.

When clinics expand or try to hire new BCBAs, keeping the waitlist warm and converting families at the exact moment a slot opens is usually what keeps rooms full.

We put together a 20-minute discovery breakdown for independent practices:
{{TRACKED_URL_TOUCH_2}}

Would love to share what's working for clinics in NC if you're open to it.

Best,
Hudson","https://abaclinics.clubemkt.digital/aba?lid={{LEAD_ID}}&utm_source=cold_email&utm_medium=email&utm_campaign=pilot-2026-09-25&utm_content=touch_2","Filling Harbor Behavioral Solutions's caseload (NC)","Hi Emily,

I know you're busy running Harbor Behavioral Solutions. 

If patient intake or waitlist conversion isn't a priority right now, no worries at all. If you ever want to check our 2-minute fit assessment or look at the numbers, you can bookmark this link:

{{TRACKED_URL_TOUCH_3}}

Wishing you and the team continued success in Asheville!

Best,
Hudson","https://abaclinics.clubemkt.digital/aba?lid={{LEAD_ID}}&utm_source=cold_email&utm_medium=email&utm_campaign=pilot-2026-09-25&utm_content=touch_3"
"Harmony Autism Services","Ryan Simpson","Ryan","rsimpson@harmonyabaga.com","Marietta","GA","2","pilot-2026-09-25","Quick question about Harmony Autism Services's openings in GA","Hi Ryan,

I was looking at independent ABA practices in Marietta and came across Harmony Autism Services. 

A lot of clinic owners we talk to with 1–3 locations tell us their biggest bottleneck isn't clinical interest—it's getting predictable commercial-insurance & private-pay inquiries without giving up margins to PE aggregators.

We built an intake & patient growth system specifically for independent practices across your 2 locations. You can see how the intake flow and caseload matching work here:

{{TRACKED_URL_TOUCH_1}}

Do you have 15 minutes this Thursday or Friday to see if this fits your current openings?

Best,
Hudson Argollo
Gold Traffic / ABA Practice Growth","https://abaclinics.clubemkt.digital/aba?lid={{LEAD_ID}}&utm_source=cold_email&utm_medium=email&utm_campaign=pilot-2026-09-25&utm_content=touch_1","Re: Harmony Autism Services's openings in GA","Hi Ryan,

Quick follow-up on my note from earlier this week.

When clinics expand or try to hire new BCBAs, keeping the waitlist warm and converting families at the exact moment a slot opens is usually what keeps rooms full.

We put together a 20-minute discovery breakdown for independent practices:
{{TRACKED_URL_TOUCH_2}}

Would love to share what's working for clinics in GA if you're open to it.

Best,
Hudson","https://abaclinics.clubemkt.digital/aba?lid={{LEAD_ID}}&utm_source=cold_email&utm_medium=email&utm_campaign=pilot-2026-09-25&utm_content=touch_2","Filling Harmony Autism Services's caseload (GA)","Hi Ryan,

I know you're busy running Harmony Autism Services. 

If patient intake or waitlist conversion isn't a priority right now, no worries at all. If you ever want to check our 2-minute fit assessment or look at the numbers, you can bookmark this link:

{{TRACKED_URL_TOUCH_3}}

Wishing you and the team continued success in Marietta!

Best,
Hudson","https://abaclinics.clubemkt.digital/aba?lid={{LEAD_ID}}&utm_source=cold_email&utm_medium=email&utm_campaign=pilot-2026-09-25&utm_content=touch_3"
"Haven Behavioral Health","Samantha Stevens","Samantha","samantha.stevens@havenautismco.com","Lakewood","CO","3","pilot-2026-09-25","Quick question about Haven Behavioral Health's openings in CO","Hi Samantha,

I was looking at independent ABA practices in Lakewood and came across Haven Behavioral Health. 

A lot of clinic owners we talk to with 1–3 locations tell us their biggest bottleneck isn't clinical interest—it's getting predictable commercial-insurance & private-pay inquiries without giving up margins to PE aggregators.

We built an intake & patient growth system specifically for independent practices across your 3 locations. You can see how the intake flow and caseload matching work here:

{{TRACKED_URL_TOUCH_1}}

Do you have 15 minutes this Thursday or Friday to see if this fits your current openings?

Best,
Hudson Argollo
Gold Traffic / ABA Practice Growth","https://abaclinics.clubemkt.digital/aba?lid={{LEAD_ID}}&utm_source=cold_email&utm_medium=email&utm_campaign=pilot-2026-09-25&utm_content=touch_1","Re: Haven Behavioral Health's openings in CO","Hi Samantha,

Quick follow-up on my note from earlier this week.

When clinics expand or try to hire new BCBAs, keeping the waitlist warm and converting families at the exact moment a slot opens is usually what keeps rooms full.

We put together a 20-minute discovery breakdown for independent practices:
{{TRACKED_URL_TOUCH_2}}

Would love to share what's working for clinics in CO if you're open to it.

Best,
Hudson","https://abaclinics.clubemkt.digital/aba?lid={{LEAD_ID}}&utm_source=cold_email&utm_medium=email&utm_campaign=pilot-2026-09-25&utm_content=touch_2","Filling Haven Behavioral Health's caseload (CO)","Hi Samantha,

I know you're busy running Haven Behavioral Health. 

If patient intake or waitlist conversion isn't a priority right now, no worries at all. If you ever want to check our 2-minute fit assessment or look at the numbers, you can bookmark this link:

{{TRACKED_URL_TOUCH_3}}

Wishing you and the team continued success in Lakewood!

Best,
Hudson","https://abaclinics.clubemkt.digital/aba?lid={{LEAD_ID}}&utm_source=cold_email&utm_medium=email&utm_campaign=pilot-2026-09-25&utm_content=touch_3"