company_name,contact_name,contact_first_name,email,city,state,locations_count,batch_id,touch1_subject,touch1_body,touch1_url,touch2_subject,touch2_body,touch2_url,touch3_subject,touch3_body,touch3_url
"Acorn Autism Clinic","Aaron Amato","Aaron","aaron.amato@acornabanc.org","Charlotte","NC","1","pilot-2026-09-25-b2","Quick question about Acorn Autism Clinic's openings in NC","Hi Aaron,

I was looking at independent ABA practices in Charlotte and came across Acorn Autism Clinic. 

A lot of clinic owners we talk to with 1–3 locations tell us their biggest bottleneck isn't clinical interest—it's getting predictable commercial-insurance & private-pay inquiries without giving up margins to PE aggregators.

We built an intake & patient growth system specifically for independent practices at Acorn Autism Clinic. You can see how the intake flow and caseload matching work here:

{{TRACKED_URL_TOUCH_1}}

Do you have 15 minutes this Thursday or Friday to see if this fits your current openings?

Best,
Hudson Argollo
Gold Traffic / ABA Practice Growth","https://abaclinics.clubemkt.digital/aba?lid={{LEAD_ID}}&utm_source=cold_email&utm_medium=email&utm_campaign=pilot-2026-09-25-b2&utm_content=touch_1","Re: Acorn Autism Clinic's openings in NC","Hi Aaron,

Quick follow-up on my note from earlier this week.

When clinics expand or try to hire new BCBAs, keeping the waitlist warm and converting families at the exact moment a slot opens is usually what keeps rooms full.

We put together a 20-minute discovery breakdown for independent practices:
{{TRACKED_URL_TOUCH_2}}

Would love to share what's working for clinics in NC if you're open to it.

Best,
Hudson","https://abaclinics.clubemkt.digital/aba?lid={{LEAD_ID}}&utm_source=cold_email&utm_medium=email&utm_campaign=pilot-2026-09-25-b2&utm_content=touch_2","Filling Acorn Autism Clinic's caseload (NC)","Hi Aaron,

I know you're busy running Acorn Autism Clinic. 

If patient intake or waitlist conversion isn't a priority right now, no worries at all. If you ever want to check our 2-minute fit assessment or look at the numbers, you can bookmark this link:

{{TRACKED_URL_TOUCH_3}}

Wishing you and the team continued success in Charlotte!

Best,
Hudson","https://abaclinics.clubemkt.digital/aba?lid={{LEAD_ID}}&utm_source=cold_email&utm_medium=email&utm_campaign=pilot-2026-09-25-b2&utm_content=touch_3"
"Action ABA Center","Abigail Ambrose","Abigail","aambrose@actionautismga.com","Augusta","GA","2","pilot-2026-09-25-b2","Quick question about Action ABA Center's openings in GA","Hi Abigail,

I was looking at independent ABA practices in Augusta and came across Action ABA Center. 

A lot of clinic owners we talk to with 1–3 locations tell us their biggest bottleneck isn't clinical interest—it's getting predictable commercial-insurance & private-pay inquiries without giving up margins to PE aggregators.

We built an intake & patient growth system specifically for independent practices across your 2 locations. You can see how the intake flow and caseload matching work here:

{{TRACKED_URL_TOUCH_1}}

Do you have 15 minutes this Thursday or Friday to see if this fits your current openings?

Best,
Hudson Argollo
Gold Traffic / ABA Practice Growth","https://abaclinics.clubemkt.digital/aba?lid={{LEAD_ID}}&utm_source=cold_email&utm_medium=email&utm_campaign=pilot-2026-09-25-b2&utm_content=touch_1","Re: Action ABA Center's openings in GA","Hi Abigail,

Quick follow-up on my note from earlier this week.

When clinics expand or try to hire new BCBAs, keeping the waitlist warm and converting families at the exact moment a slot opens is usually what keeps rooms full.

We put together a 20-minute discovery breakdown for independent practices:
{{TRACKED_URL_TOUCH_2}}

Would love to share what's working for clinics in GA if you're open to it.

Best,
Hudson","https://abaclinics.clubemkt.digital/aba?lid={{LEAD_ID}}&utm_source=cold_email&utm_medium=email&utm_campaign=pilot-2026-09-25-b2&utm_content=touch_2","Filling Action ABA Center's caseload (GA)","Hi Abigail,

I know you're busy running Action ABA Center. 

If patient intake or waitlist conversion isn't a priority right now, no worries at all. If you ever want to check our 2-minute fit assessment or look at the numbers, you can bookmark this link:

{{TRACKED_URL_TOUCH_3}}

Wishing you and the team continued success in Augusta!

Best,
Hudson","https://abaclinics.clubemkt.digital/aba?lid={{LEAD_ID}}&utm_source=cold_email&utm_medium=email&utm_campaign=pilot-2026-09-25-b2&utm_content=touch_3"
"Active Behavioral Health Network","Adam Ames","Adam","adam.ames@activecareco.com","Aurora","CO","3","pilot-2026-09-25-b2","Quick question about Active Behavioral Health Network's openings in CO","Hi Adam,

I was looking at independent ABA practices in Aurora and came across Active Behavioral Health Network. 

A lot of clinic owners we talk to with 1–3 locations tell us their biggest bottleneck isn't clinical interest—it's getting predictable commercial-insurance & private-pay inquiries without giving up margins to PE aggregators.

We built an intake & patient growth system specifically for independent practices across your 3 locations. You can see how the intake flow and caseload matching work here:

{{TRACKED_URL_TOUCH_1}}

Do you have 15 minutes this Thursday or Friday to see if this fits your current openings?

Best,
Hudson Argollo
Gold Traffic / ABA Practice Growth","https://abaclinics.clubemkt.digital/aba?lid={{LEAD_ID}}&utm_source=cold_email&utm_medium=email&utm_campaign=pilot-2026-09-25-b2&utm_content=touch_1","Re: Active Behavioral Health Network's openings in CO","Hi Adam,

Quick follow-up on my note from earlier this week.

When clinics expand or try to hire new BCBAs, keeping the waitlist warm and converting families at the exact moment a slot opens is usually what keeps rooms full.

We put together a 20-minute discovery breakdown for independent practices:
{{TRACKED_URL_TOUCH_2}}

Would love to share what's working for clinics in CO if you're open to it.

Best,
Hudson","https://abaclinics.clubemkt.digital/aba?lid={{LEAD_ID}}&utm_source=cold_email&utm_medium=email&utm_campaign=pilot-2026-09-25-b2&utm_content=touch_2","Filling Active Behavioral Health Network's caseload (CO)","Hi Adam,

I know you're busy running Active Behavioral Health Network. 

If patient intake or waitlist conversion isn't a priority right now, no worries at all. If you ever want to check our 2-minute fit assessment or look at the numbers, you can bookmark this link:

{{TRACKED_URL_TOUCH_3}}

Wishing you and the team continued success in Aurora!

Best,
Hudson","https://abaclinics.clubemkt.digital/aba?lid={{LEAD_ID}}&utm_source=cold_email&utm_medium=email&utm_campaign=pilot-2026-09-25-b2&utm_content=touch_3"
"Advance Autism Group","Adrian Amos","Adrian","aamos@advanceabava.com","Chesapeake","VA","4","pilot-2026-09-25-b2","Quick question about Advance Autism Group's openings in VA","Hi Adrian,

I was looking at independent ABA practices in Chesapeake and came across Advance Autism Group. 

A lot of clinic owners we talk to with 1–4 locations tell us their biggest bottleneck isn't clinical interest—it's getting predictable commercial-insurance & private-pay inquiries without giving up margins to PE aggregators.

We built an intake & patient growth system specifically for independent practices across your 4 locations. You can see how the intake flow and caseload matching work here:

{{TRACKED_URL_TOUCH_1}}

Do you have 15 minutes this Thursday or Friday to see if this fits your current openings?

Best,
Hudson Argollo
Gold Traffic / ABA Practice Growth","https://abaclinics.clubemkt.digital/aba?lid={{LEAD_ID}}&utm_source=cold_email&utm_medium=email&utm_campaign=pilot-2026-09-25-b2&utm_content=touch_1","Re: Advance Autism Group's openings in VA","Hi Adrian,

Quick follow-up on my note from earlier this week.

When clinics expand or try to hire new BCBAs, keeping the waitlist warm and converting families at the exact moment a slot opens is usually what keeps rooms full.

We put together a 20-minute discovery breakdown for independent practices:
{{TRACKED_URL_TOUCH_2}}

Would love to share what's working for clinics in VA if you're open to it.

Best,
Hudson","https://abaclinics.clubemkt.digital/aba?lid={{LEAD_ID}}&utm_source=cold_email&utm_medium=email&utm_campaign=pilot-2026-09-25-b2&utm_content=touch_2","Filling Advance Autism Group's caseload (VA)","Hi Adrian,

I know you're busy running Advance Autism Group. 

If patient intake or waitlist conversion isn't a priority right now, no worries at all. If you ever want to check our 2-minute fit assessment or look at the numbers, you can bookmark this link:

{{TRACKED_URL_TOUCH_3}}

Wishing you and the team continued success in Chesapeake!

Best,
Hudson","https://abaclinics.clubemkt.digital/aba?lid={{LEAD_ID}}&utm_source=cold_email&utm_medium=email&utm_campaign=pilot-2026-09-25-b2&utm_content=touch_3"
"Advantage Applied Behavior Specialists","Aiden Anaya","Aiden","aiden.anaya@advantageautismmd.org","Frederick","MD","1","pilot-2026-09-25-b2","Quick question about Advantage Applied Behavior Specialists's openings in MD","Hi Aiden,

I was looking at independent ABA practices in Frederick and came across Advantage Applied Behavior Specialists. 

A lot of clinic owners we talk to with 1–3 locations tell us their biggest bottleneck isn't clinical interest—it's getting predictable commercial-insurance & private-pay inquiries without giving up margins to PE aggregators.

We built an intake & patient growth system specifically for independent practices at Advantage Applied Behavior Specialists. You can see how the intake flow and caseload matching work here:

{{TRACKED_URL_TOUCH_1}}

Do you have 15 minutes this Thursday or Friday to see if this fits your current openings?

Best,
Hudson Argollo
Gold Traffic / ABA Practice Growth","https://abaclinics.clubemkt.digital/aba?lid={{LEAD_ID}}&utm_source=cold_email&utm_medium=email&utm_campaign=pilot-2026-09-25-b2&utm_content=touch_1","Re: Advantage Applied Behavior Specialists's openings in MD","Hi Aiden,

Quick follow-up on my note from earlier this week.

When clinics expand or try to hire new BCBAs, keeping the waitlist warm and converting families at the exact moment a slot opens is usually what keeps rooms full.

We put together a 20-minute discovery breakdown for independent practices:
{{TRACKED_URL_TOUCH_2}}

Would love to share what's working for clinics in MD if you're open to it.

Best,
Hudson","https://abaclinics.clubemkt.digital/aba?lid={{LEAD_ID}}&utm_source=cold_email&utm_medium=email&utm_campaign=pilot-2026-09-25-b2&utm_content=touch_2","Filling Advantage Applied Behavior Specialists's caseload (MD)","Hi Aiden,

I know you're busy running Advantage Applied Behavior Specialists. 

If patient intake or waitlist conversion isn't a priority right now, no worries at all. If you ever want to check our 2-minute fit assessment or look at the numbers, you can bookmark this link:

{{TRACKED_URL_TOUCH_3}}

Wishing you and the team continued success in Frederick!

Best,
Hudson","https://abaclinics.clubemkt.digital/aba?lid={{LEAD_ID}}&utm_source=cold_email&utm_medium=email&utm_campaign=pilot-2026-09-25-b2&utm_content=touch_3"
"Aim Therapy Partners","Alex Anders","Alex","aanders@aimcareil.com","Evanston","IL","2","pilot-2026-09-25-b2","Quick question about Aim Therapy Partners's openings in IL","Hi Alex,

I was looking at independent ABA practices in Evanston and came across Aim Therapy Partners. 

A lot of clinic owners we talk to with 1–3 locations tell us their biggest bottleneck isn't clinical interest—it's getting predictable commercial-insurance & private-pay inquiries without giving up margins to PE aggregators.

We built an intake & patient growth system specifically for independent practices across your 2 locations. You can see how the intake flow and caseload matching work here:

{{TRACKED_URL_TOUCH_1}}

Do you have 15 minutes this Thursday or Friday to see if this fits your current openings?

Best,
Hudson Argollo
Gold Traffic / ABA Practice Growth","https://abaclinics.clubemkt.digital/aba?lid={{LEAD_ID}}&utm_source=cold_email&utm_medium=email&utm_campaign=pilot-2026-09-25-b2&utm_content=touch_1","Re: Aim Therapy Partners's openings in IL","Hi Alex,

Quick follow-up on my note from earlier this week.

When clinics expand or try to hire new BCBAs, keeping the waitlist warm and converting families at the exact moment a slot opens is usually what keeps rooms full.

We put together a 20-minute discovery breakdown for independent practices:
{{TRACKED_URL_TOUCH_2}}

Would love to share what's working for clinics in IL if you're open to it.

Best,
Hudson","https://abaclinics.clubemkt.digital/aba?lid={{LEAD_ID}}&utm_source=cold_email&utm_medium=email&utm_campaign=pilot-2026-09-25-b2&utm_content=touch_2","Filling Aim Therapy Partners's caseload (IL)","Hi Alex,

I know you're busy running Aim Therapy Partners. 

If patient intake or waitlist conversion isn't a priority right now, no worries at all. If you ever want to check our 2-minute fit assessment or look at the numbers, you can bookmark this link:

{{TRACKED_URL_TOUCH_3}}

Wishing you and the team continued success in Evanston!

Best,
Hudson","https://abaclinics.clubemkt.digital/aba?lid={{LEAD_ID}}&utm_source=cold_email&utm_medium=email&utm_campaign=pilot-2026-09-25-b2&utm_content=touch_3"
"Alliance Pediatric Autism Services","Alexander Andersen","Alexander","alexander.andersen@allianceabaut.com","St. George","UT","3","pilot-2026-09-25-b2","Quick question about Alliance Pediatric Autism Services's openings in UT","Hi Alexander,

I was looking at independent ABA practices in St. George and came across Alliance Pediatric Autism Services. 

A lot of clinic owners we talk to with 1–3 locations tell us their biggest bottleneck isn't clinical interest—it's getting predictable commercial-insurance & private-pay inquiries without giving up margins to PE aggregators.

We built an intake & patient growth system specifically for independent practices across your 3 locations. You can see how the intake flow and caseload matching work here:

{{TRACKED_URL_TOUCH_1}}

Do you have 15 minutes this Thursday or Friday to see if this fits your current openings?

Best,
Hudson Argollo
Gold Traffic / ABA Practice Growth","https://abaclinics.clubemkt.digital/aba?lid={{LEAD_ID}}&utm_source=cold_email&utm_medium=email&utm_campaign=pilot-2026-09-25-b2&utm_content=touch_1","Re: Alliance Pediatric Autism Services's openings in UT","Hi Alexander,

Quick follow-up on my note from earlier this week.

When clinics expand or try to hire new BCBAs, keeping the waitlist warm and converting families at the exact moment a slot opens is usually what keeps rooms full.

We put together a 20-minute discovery breakdown for independent practices:
{{TRACKED_URL_TOUCH_2}}

Would love to share what's working for clinics in UT if you're open to it.

Best,
Hudson","https://abaclinics.clubemkt.digital/aba?lid={{LEAD_ID}}&utm_source=cold_email&utm_medium=email&utm_campaign=pilot-2026-09-25-b2&utm_content=touch_2","Filling Alliance Pediatric Autism Services's caseload (UT)","Hi Alexander,

I know you're busy running Alliance Pediatric Autism Services. 

If patient intake or waitlist conversion isn't a priority right now, no worries at all. If you ever want to check our 2-minute fit assessment or look at the numbers, you can bookmark this link:

{{TRACKED_URL_TOUCH_3}}

Wishing you and the team continued success in St. George!

Best,
Hudson","https://abaclinics.clubemkt.digital/aba?lid={{LEAD_ID}}&utm_source=cold_email&utm_medium=email&utm_campaign=pilot-2026-09-25-b2&utm_content=touch_3"
"Alpine Behavioral Care Center","Alexandra Anderson","Alexandra","aanderson@alpineautismnj.net","Toms River","NJ","4","pilot-2026-09-25-b2","Quick question about Alpine Behavioral Care Center's openings in NJ","Hi Alexandra,

I was looking at independent ABA practices in Toms River and came across Alpine Behavioral Care Center. 

A lot of clinic owners we talk to with 1–4 locations tell us their biggest bottleneck isn't clinical interest—it's getting predictable commercial-insurance & private-pay inquiries without giving up margins to PE aggregators.

We built an intake & patient growth system specifically for independent practices across your 4 locations. You can see how the intake flow and caseload matching work here:

{{TRACKED_URL_TOUCH_1}}

Do you have 15 minutes this Thursday or Friday to see if this fits your current openings?

Best,
Hudson Argollo
Gold Traffic / ABA Practice Growth","https://abaclinics.clubemkt.digital/aba?lid={{LEAD_ID}}&utm_source=cold_email&utm_medium=email&utm_campaign=pilot-2026-09-25-b2&utm_content=touch_1","Re: Alpine Behavioral Care Center's openings in NJ","Hi Alexandra,

Quick follow-up on my note from earlier this week.

When clinics expand or try to hire new BCBAs, keeping the waitlist warm and converting families at the exact moment a slot opens is usually what keeps rooms full.

We put together a 20-minute discovery breakdown for independent practices:
{{TRACKED_URL_TOUCH_2}}

Would love to share what's working for clinics in NJ if you're open to it.

Best,
Hudson","https://abaclinics.clubemkt.digital/aba?lid={{LEAD_ID}}&utm_source=cold_email&utm_medium=email&utm_campaign=pilot-2026-09-25-b2&utm_content=touch_2","Filling Alpine Behavioral Care Center's caseload (NJ)","Hi Alexandra,

I know you're busy running Alpine Behavioral Care Center. 

If patient intake or waitlist conversion isn't a priority right now, no worries at all. If you ever want to check our 2-minute fit assessment or look at the numbers, you can bookmark this link:

{{TRACKED_URL_TOUCH_3}}

Wishing you and the team continued success in Toms River!

Best,
Hudson","https://abaclinics.clubemkt.digital/aba?lid={{LEAD_ID}}&utm_source=cold_email&utm_medium=email&utm_campaign=pilot-2026-09-25-b2&utm_content=touch_3"
"Altus Autism & Learning Institute","Alexis Andrade","Alexis","alexis.andrade@altuscaretx.org","The Woodlands","TX","1","pilot-2026-09-25-b2","Quick question about Altus Autism & Learning Institute's openings in TX","Hi Alexis,

I was looking at independent ABA practices in The Woodlands and came across Altus Autism & Learning Institute. 

A lot of clinic owners we talk to with 1–3 locations tell us their biggest bottleneck isn't clinical interest—it's getting predictable commercial-insurance & private-pay inquiries without giving up margins to PE aggregators.

We built an intake & patient growth system specifically for independent practices at Altus Autism & Learning Institute. You can see how the intake flow and caseload matching work here:

{{TRACKED_URL_TOUCH_1}}

Do you have 15 minutes this Thursday or Friday to see if this fits your current openings?

Best,
Hudson Argollo
Gold Traffic / ABA Practice Growth","https://abaclinics.clubemkt.digital/aba?lid={{LEAD_ID}}&utm_source=cold_email&utm_medium=email&utm_campaign=pilot-2026-09-25-b2&utm_content=touch_1","Re: Altus Autism & Learning Institute's openings in TX","Hi Alexis,

Quick follow-up on my note from earlier this week.

When clinics expand or try to hire new BCBAs, keeping the waitlist warm and converting families at the exact moment a slot opens is usually what keeps rooms full.

We put together a 20-minute discovery breakdown for independent practices:
{{TRACKED_URL_TOUCH_2}}

Would love to share what's working for clinics in TX if you're open to it.

Best,
Hudson","https://abaclinics.clubemkt.digital/aba?lid={{LEAD_ID}}&utm_source=cold_email&utm_medium=email&utm_campaign=pilot-2026-09-25-b2&utm_content=touch_2","Filling Altus Autism & Learning Institute's caseload (TX)","Hi Alexis,

I know you're busy running Altus Autism & Learning Institute. 

If patient intake or waitlist conversion isn't a priority right now, no worries at all. If you ever want to check our 2-minute fit assessment or look at the numbers, you can bookmark this link:

{{TRACKED_URL_TOUCH_3}}

Wishing you and the team continued success in The Woodlands!

Best,
Hudson","https://abaclinics.clubemkt.digital/aba?lid={{LEAD_ID}}&utm_source=cold_email&utm_medium=email&utm_campaign=pilot-2026-09-25-b2&utm_content=touch_3"
"Amity Developmental Solutions","Alice Andrews","Alice","aandrews@amityabafl.com","Gainesville","FL","2","pilot-2026-09-25-b2","Quick question about Amity Developmental Solutions's openings in FL","Hi Alice,

I was looking at independent ABA practices in Gainesville and came across Amity Developmental Solutions. 

A lot of clinic owners we talk to with 1–3 locations tell us their biggest bottleneck isn't clinical interest—it's getting predictable commercial-insurance & private-pay inquiries without giving up margins to PE aggregators.

We built an intake & patient growth system specifically for independent practices across your 2 locations. You can see how the intake flow and caseload matching work here:

{{TRACKED_URL_TOUCH_1}}

Do you have 15 minutes this Thursday or Friday to see if this fits your current openings?

Best,
Hudson Argollo
Gold Traffic / ABA Practice Growth","https://abaclinics.clubemkt.digital/aba?lid={{LEAD_ID}}&utm_source=cold_email&utm_medium=email&utm_campaign=pilot-2026-09-25-b2&utm_content=touch_1","Re: Amity Developmental Solutions's openings in FL","Hi Alice,

Quick follow-up on my note from earlier this week.

When clinics expand or try to hire new BCBAs, keeping the waitlist warm and converting families at the exact moment a slot opens is usually what keeps rooms full.

We put together a 20-minute discovery breakdown for independent practices:
{{TRACKED_URL_TOUCH_2}}

Would love to share what's working for clinics in FL if you're open to it.

Best,
Hudson","https://abaclinics.clubemkt.digital/aba?lid={{LEAD_ID}}&utm_source=cold_email&utm_medium=email&utm_campaign=pilot-2026-09-25-b2&utm_content=touch_2","Filling Amity Developmental Solutions's caseload (FL)","Hi Alice,

I know you're busy running Amity Developmental Solutions. 

If patient intake or waitlist conversion isn't a priority right now, no worries at all. If you ever want to check our 2-minute fit assessment or look at the numbers, you can bookmark this link:

{{TRACKED_URL_TOUCH_3}}

Wishing you and the team continued success in Gainesville!

Best,
Hudson","https://abaclinics.clubemkt.digital/aba?lid={{LEAD_ID}}&utm_source=cold_email&utm_medium=email&utm_campaign=pilot-2026-09-25-b2&utm_content=touch_3"
"Apex Care Behavioral Therapy Center","Allison Anthony","Allison","allison.anthony@apexcareautismca.com","Anaheim","CA","3","pilot-2026-09-25-b2","Quick question about Apex Care Behavioral Therapy Center's openings in CA","Hi Allison,

I was looking at independent ABA practices in Anaheim and came across Apex Care Behavioral Therapy Center. 

A lot of clinic owners we talk to with 1–3 locations tell us their biggest bottleneck isn't clinical interest—it's getting predictable commercial-insurance & private-pay inquiries without giving up margins to PE aggregators.

We built an intake & patient growth system specifically for independent practices across your 3 locations. You can see how the intake flow and caseload matching work here:

{{TRACKED_URL_TOUCH_1}}

Do you have 15 minutes this Thursday or Friday to see if this fits your current openings?

Best,
Hudson Argollo
Gold Traffic / ABA Practice Growth","https://abaclinics.clubemkt.digital/aba?lid={{LEAD_ID}}&utm_source=cold_email&utm_medium=email&utm_campaign=pilot-2026-09-25-b2&utm_content=touch_1","Re: Apex Care Behavioral Therapy Center's openings in CA","Hi Allison,

Quick follow-up on my note from earlier this week.

When clinics expand or try to hire new BCBAs, keeping the waitlist warm and converting families at the exact moment a slot opens is usually what keeps rooms full.

We put together a 20-minute discovery breakdown for independent practices:
{{TRACKED_URL_TOUCH_2}}

Would love to share what's working for clinics in CA if you're open to it.

Best,
Hudson","https://abaclinics.clubemkt.digital/aba?lid={{LEAD_ID}}&utm_source=cold_email&utm_medium=email&utm_campaign=pilot-2026-09-25-b2&utm_content=touch_2","Filling Apex Care Behavioral Therapy Center's caseload (CA)","Hi Allison,

I know you're busy running Apex Care Behavioral Therapy Center. 

If patient intake or waitlist conversion isn't a priority right now, no worries at all. If you ever want to check our 2-minute fit assessment or look at the numbers, you can bookmark this link:

{{TRACKED_URL_TOUCH_3}}

Wishing you and the team continued success in Anaheim!

Best,
Hudson","https://abaclinics.clubemkt.digital/aba?lid={{LEAD_ID}}&utm_source=cold_email&utm_medium=email&utm_campaign=pilot-2026-09-25-b2&utm_content=touch_3"
"Aquila Autism Discovery Center","Alyssa Archer","Alyssa","aarcher@aquilacarenc.com","Chapel Hill","NC","4","pilot-2026-09-25-b2","Quick question about Aquila Autism Discovery Center's openings in NC","Hi Alyssa,

I was looking at independent ABA practices in Chapel Hill and came across Aquila Autism Discovery Center. 

A lot of clinic owners we talk to with 1–4 locations tell us their biggest bottleneck isn't clinical interest—it's getting predictable commercial-insurance & private-pay inquiries without giving up margins to PE aggregators.

We built an intake & patient growth system specifically for independent practices across your 4 locations. You can see how the intake flow and caseload matching work here:

{{TRACKED_URL_TOUCH_1}}

Do you have 15 minutes this Thursday or Friday to see if this fits your current openings?

Best,
Hudson Argollo
Gold Traffic / ABA Practice Growth","https://abaclinics.clubemkt.digital/aba?lid={{LEAD_ID}}&utm_source=cold_email&utm_medium=email&utm_campaign=pilot-2026-09-25-b2&utm_content=touch_1","Re: Aquila Autism Discovery Center's openings in NC","Hi Alyssa,

Quick follow-up on my note from earlier this week.

When clinics expand or try to hire new BCBAs, keeping the waitlist warm and converting families at the exact moment a slot opens is usually what keeps rooms full.

We put together a 20-minute discovery breakdown for independent practices:
{{TRACKED_URL_TOUCH_2}}

Would love to share what's working for clinics in NC if you're open to it.

Best,
Hudson","https://abaclinics.clubemkt.digital/aba?lid={{LEAD_ID}}&utm_source=cold_email&utm_medium=email&utm_campaign=pilot-2026-09-25-b2&utm_content=touch_2","Filling Aquila Autism Discovery Center's caseload (NC)","Hi Alyssa,

I know you're busy running Aquila Autism Discovery Center. 

If patient intake or waitlist conversion isn't a priority right now, no worries at all. If you ever want to check our 2-minute fit assessment or look at the numbers, you can bookmark this link:

{{TRACKED_URL_TOUCH_3}}

Wishing you and the team continued success in Chapel Hill!

Best,
Hudson","https://abaclinics.clubemkt.digital/aba?lid={{LEAD_ID}}&utm_source=cold_email&utm_medium=email&utm_campaign=pilot-2026-09-25-b2&utm_content=touch_3"
"Arch Behavioral Foundations","Amber Arellano","Amber","amber.arellano@archabaga.org","Decatur","GA","1","pilot-2026-09-25-b2","Quick question about Arch Behavioral Foundations's openings in GA","Hi Amber,

I was looking at independent ABA practices in Decatur and came across Arch Behavioral Foundations. 

A lot of clinic owners we talk to with 1–3 locations tell us their biggest bottleneck isn't clinical interest—it's getting predictable commercial-insurance & private-pay inquiries without giving up margins to PE aggregators.

We built an intake & patient growth system specifically for independent practices at Arch Behavioral Foundations. You can see how the intake flow and caseload matching work here:

{{TRACKED_URL_TOUCH_1}}

Do you have 15 minutes this Thursday or Friday to see if this fits your current openings?

Best,
Hudson Argollo
Gold Traffic / ABA Practice Growth","https://abaclinics.clubemkt.digital/aba?lid={{LEAD_ID}}&utm_source=cold_email&utm_medium=email&utm_campaign=pilot-2026-09-25-b2&utm_content=touch_1","Re: Arch Behavioral Foundations's openings in GA","Hi Amber,

Quick follow-up on my note from earlier this week.

When clinics expand or try to hire new BCBAs, keeping the waitlist warm and converting families at the exact moment a slot opens is usually what keeps rooms full.

We put together a 20-minute discovery breakdown for independent practices:
{{TRACKED_URL_TOUCH_2}}

Would love to share what's working for clinics in GA if you're open to it.

Best,
Hudson","https://abaclinics.clubemkt.digital/aba?lid={{LEAD_ID}}&utm_source=cold_email&utm_medium=email&utm_campaign=pilot-2026-09-25-b2&utm_content=touch_2","Filling Arch Behavioral Foundations's caseload (GA)","Hi Amber,

I know you're busy running Arch Behavioral Foundations. 

If patient intake or waitlist conversion isn't a priority right now, no worries at all. If you ever want to check our 2-minute fit assessment or look at the numbers, you can bookmark this link:

{{TRACKED_URL_TOUCH_3}}

Wishing you and the team continued success in Decatur!

Best,
Hudson","https://abaclinics.clubemkt.digital/aba?lid={{LEAD_ID}}&utm_source=cold_email&utm_medium=email&utm_campaign=pilot-2026-09-25-b2&utm_content=touch_3"
"Ardent Therapeutic Solutions","Amy Armenta","Amy","aarmenta@ardentautismco.com","Denver","CO","2","pilot-2026-09-25-b2","Quick question about Ardent Therapeutic Solutions's openings in CO","Hi Amy,

I was looking at independent ABA practices in Denver and came across Ardent Therapeutic Solutions. 

A lot of clinic owners we talk to with 1–3 locations tell us their biggest bottleneck isn't clinical interest—it's getting predictable commercial-insurance & private-pay inquiries without giving up margins to PE aggregators.

We built an intake & patient growth system specifically for independent practices across your 2 locations. You can see how the intake flow and caseload matching work here:

{{TRACKED_URL_TOUCH_1}}

Do you have 15 minutes this Thursday or Friday to see if this fits your current openings?

Best,
Hudson Argollo
Gold Traffic / ABA Practice Growth","https://abaclinics.clubemkt.digital/aba?lid={{LEAD_ID}}&utm_source=cold_email&utm_medium=email&utm_campaign=pilot-2026-09-25-b2&utm_content=touch_1","Re: Ardent Therapeutic Solutions's openings in CO","Hi Amy,

Quick follow-up on my note from earlier this week.

When clinics expand or try to hire new BCBAs, keeping the waitlist warm and converting families at the exact moment a slot opens is usually what keeps rooms full.

We put together a 20-minute discovery breakdown for independent practices:
{{TRACKED_URL_TOUCH_2}}

Would love to share what's working for clinics in CO if you're open to it.

Best,
Hudson","https://abaclinics.clubemkt.digital/aba?lid={{LEAD_ID}}&utm_source=cold_email&utm_medium=email&utm_campaign=pilot-2026-09-25-b2&utm_content=touch_2","Filling Ardent Therapeutic Solutions's caseload (CO)","Hi Amy,

I know you're busy running Ardent Therapeutic Solutions. 

If patient intake or waitlist conversion isn't a priority right now, no worries at all. If you ever want to check our 2-minute fit assessment or look at the numbers, you can bookmark this link:

{{TRACKED_URL_TOUCH_3}}

Wishing you and the team continued success in Denver!

Best,
Hudson","https://abaclinics.clubemkt.digital/aba?lid={{LEAD_ID}}&utm_source=cold_email&utm_medium=email&utm_campaign=pilot-2026-09-25-b2&utm_content=touch_3"
"Aspen ABA Collective","Andrea Armstrong","Andrea","andrea.armstrong@aspencareva.net","Virginia Beach","VA","3","pilot-2026-09-25-b2","Quick question about Aspen ABA Collective's openings in VA","Hi Andrea,

I was looking at independent ABA practices in Virginia Beach and came across Aspen ABA Collective. 

A lot of clinic owners we talk to with 1–3 locations tell us their biggest bottleneck isn't clinical interest—it's getting predictable commercial-insurance & private-pay inquiries without giving up margins to PE aggregators.

We built an intake & patient growth system specifically for independent practices across your 3 locations. You can see how the intake flow and caseload matching work here:

{{TRACKED_URL_TOUCH_1}}

Do you have 15 minutes this Thursday or Friday to see if this fits your current openings?

Best,
Hudson Argollo
Gold Traffic / ABA Practice Growth","https://abaclinics.clubemkt.digital/aba?lid={{LEAD_ID}}&utm_source=cold_email&utm_medium=email&utm_campaign=pilot-2026-09-25-b2&utm_content=touch_1","Re: Aspen ABA Collective's openings in VA","Hi Andrea,

Quick follow-up on my note from earlier this week.

When clinics expand or try to hire new BCBAs, keeping the waitlist warm and converting families at the exact moment a slot opens is usually what keeps rooms full.

We put together a 20-minute discovery breakdown for independent practices:
{{TRACKED_URL_TOUCH_2}}

Would love to share what's working for clinics in VA if you're open to it.

Best,
Hudson","https://abaclinics.clubemkt.digital/aba?lid={{LEAD_ID}}&utm_source=cold_email&utm_medium=email&utm_campaign=pilot-2026-09-25-b2&utm_content=touch_2","Filling Aspen ABA Collective's caseload (VA)","Hi Andrea,

I know you're busy running Aspen ABA Collective. 

If patient intake or waitlist conversion isn't a priority right now, no worries at all. If you ever want to check our 2-minute fit assessment or look at the numbers, you can bookmark this link:

{{TRACKED_URL_TOUCH_3}}

Wishing you and the team continued success in Virginia Beach!

Best,
Hudson","https://abaclinics.clubemkt.digital/aba?lid={{LEAD_ID}}&utm_source=cold_email&utm_medium=email&utm_campaign=pilot-2026-09-25-b2&utm_content=touch_3"
"Aspire Autism Clinic","Andrew Arndt","Andrew","aarndt@aspireabamd.com","Bethesda","MD","4","pilot-2026-09-25-b2","Quick question about Aspire Autism Clinic's openings in MD","Hi Andrew,

I was looking at independent ABA practices in Bethesda and came across Aspire Autism Clinic. 

A lot of clinic owners we talk to with 1–4 locations tell us their biggest bottleneck isn't clinical interest—it's getting predictable commercial-insurance & private-pay inquiries without giving up margins to PE aggregators.

We built an intake & patient growth system specifically for independent practices across your 4 locations. You can see how the intake flow and caseload matching work here:

{{TRACKED_URL_TOUCH_1}}

Do you have 15 minutes this Thursday or Friday to see if this fits your current openings?

Best,
Hudson Argollo
Gold Traffic / ABA Practice Growth","https://abaclinics.clubemkt.digital/aba?lid={{LEAD_ID}}&utm_source=cold_email&utm_medium=email&utm_campaign=pilot-2026-09-25-b2&utm_content=touch_1","Re: Aspire Autism Clinic's openings in MD","Hi Andrew,

Quick follow-up on my note from earlier this week.

When clinics expand or try to hire new BCBAs, keeping the waitlist warm and converting families at the exact moment a slot opens is usually what keeps rooms full.

We put together a 20-minute discovery breakdown for independent practices:
{{TRACKED_URL_TOUCH_2}}

Would love to share what's working for clinics in MD if you're open to it.

Best,
Hudson","https://abaclinics.clubemkt.digital/aba?lid={{LEAD_ID}}&utm_source=cold_email&utm_medium=email&utm_campaign=pilot-2026-09-25-b2&utm_content=touch_2","Filling Aspire Autism Clinic's caseload (MD)","Hi Andrew,

I know you're busy running Aspire Autism Clinic. 

If patient intake or waitlist conversion isn't a priority right now, no worries at all. If you ever want to check our 2-minute fit assessment or look at the numbers, you can bookmark this link:

{{TRACKED_URL_TOUCH_3}}

Wishing you and the team continued success in Bethesda!

Best,
Hudson","https://abaclinics.clubemkt.digital/aba?lid={{LEAD_ID}}&utm_source=cold_email&utm_medium=email&utm_campaign=pilot-2026-09-25-b2&utm_content=touch_3"
"Aston ABA Center","Angela Arnold","Angela","angela.arnold@astonautismil.org","Aurora","IL","1","pilot-2026-09-25-b2","Quick question about Aston ABA Center's openings in IL","Hi Angela,

I was looking at independent ABA practices in Aurora and came across Aston ABA Center. 

A lot of clinic owners we talk to with 1–3 locations tell us their biggest bottleneck isn't clinical interest—it's getting predictable commercial-insurance & private-pay inquiries without giving up margins to PE aggregators.

We built an intake & patient growth system specifically for independent practices at Aston ABA Center. You can see how the intake flow and caseload matching work here:

{{TRACKED_URL_TOUCH_1}}

Do you have 15 minutes this Thursday or Friday to see if this fits your current openings?

Best,
Hudson Argollo
Gold Traffic / ABA Practice Growth","https://abaclinics.clubemkt.digital/aba?lid={{LEAD_ID}}&utm_source=cold_email&utm_medium=email&utm_campaign=pilot-2026-09-25-b2&utm_content=touch_1","Re: Aston ABA Center's openings in IL","Hi Angela,

Quick follow-up on my note from earlier this week.

When clinics expand or try to hire new BCBAs, keeping the waitlist warm and converting families at the exact moment a slot opens is usually what keeps rooms full.

We put together a 20-minute discovery breakdown for independent practices:
{{TRACKED_URL_TOUCH_2}}

Would love to share what's working for clinics in IL if you're open to it.

Best,
Hudson","https://abaclinics.clubemkt.digital/aba?lid={{LEAD_ID}}&utm_source=cold_email&utm_medium=email&utm_campaign=pilot-2026-09-25-b2&utm_content=touch_2","Filling Aston ABA Center's caseload (IL)","Hi Angela,

I know you're busy running Aston ABA Center. 

If patient intake or waitlist conversion isn't a priority right now, no worries at all. If you ever want to check our 2-minute fit assessment or look at the numbers, you can bookmark this link:

{{TRACKED_URL_TOUCH_3}}

Wishing you and the team continued success in Aurora!

Best,
Hudson","https://abaclinics.clubemkt.digital/aba?lid={{LEAD_ID}}&utm_source=cold_email&utm_medium=email&utm_campaign=pilot-2026-09-25-b2&utm_content=touch_3"
"Atlantic Behavioral Health Network","Ann Arredondo","Ann","aarredondo@atlanticcareut.com","Sandy","UT","2","pilot-2026-09-25-b2","Quick question about Atlantic Behavioral Health Network's openings in UT","Hi Ann,

I was looking at independent ABA practices in Sandy and came across Atlantic Behavioral Health Network. 

A lot of clinic owners we talk to with 1–3 locations tell us their biggest bottleneck isn't clinical interest—it's getting predictable commercial-insurance & private-pay inquiries without giving up margins to PE aggregators.

We built an intake & patient growth system specifically for independent practices across your 2 locations. You can see how the intake flow and caseload matching work here:

{{TRACKED_URL_TOUCH_1}}

Do you have 15 minutes this Thursday or Friday to see if this fits your current openings?

Best,
Hudson Argollo
Gold Traffic / ABA Practice Growth","https://abaclinics.clubemkt.digital/aba?lid={{LEAD_ID}}&utm_source=cold_email&utm_medium=email&utm_campaign=pilot-2026-09-25-b2&utm_content=touch_1","Re: Atlantic Behavioral Health Network's openings in UT","Hi Ann,

Quick follow-up on my note from earlier this week.

When clinics expand or try to hire new BCBAs, keeping the waitlist warm and converting families at the exact moment a slot opens is usually what keeps rooms full.

We put together a 20-minute discovery breakdown for independent practices:
{{TRACKED_URL_TOUCH_2}}

Would love to share what's working for clinics in UT if you're open to it.

Best,
Hudson","https://abaclinics.clubemkt.digital/aba?lid={{LEAD_ID}}&utm_source=cold_email&utm_medium=email&utm_campaign=pilot-2026-09-25-b2&utm_content=touch_2","Filling Atlantic Behavioral Health Network's caseload (UT)","Hi Ann,

I know you're busy running Atlantic Behavioral Health Network. 

If patient intake or waitlist conversion isn't a priority right now, no worries at all. If you ever want to check our 2-minute fit assessment or look at the numbers, you can bookmark this link:

{{TRACKED_URL_TOUCH_3}}

Wishing you and the team continued success in Sandy!

Best,
Hudson","https://abaclinics.clubemkt.digital/aba?lid={{LEAD_ID}}&utm_source=cold_email&utm_medium=email&utm_campaign=pilot-2026-09-25-b2&utm_content=touch_3"
"Atlas Autism Group","Anna Arroyo","Anna","anna.arroyo@atlasabanj.com","Elizabeth","NJ","3","pilot-2026-09-25-b2","Quick question about Atlas Autism Group's openings in NJ","Hi Anna,

I was looking at independent ABA practices in Elizabeth and came across Atlas Autism Group. 

A lot of clinic owners we talk to with 1–3 locations tell us their biggest bottleneck isn't clinical interest—it's getting predictable commercial-insurance & private-pay inquiries without giving up margins to PE aggregators.

We built an intake & patient growth system specifically for independent practices across your 3 locations. You can see how the intake flow and caseload matching work here:

{{TRACKED_URL_TOUCH_1}}

Do you have 15 minutes this Thursday or Friday to see if this fits your current openings?

Best,
Hudson Argollo
Gold Traffic / ABA Practice Growth","https://abaclinics.clubemkt.digital/aba?lid={{LEAD_ID}}&utm_source=cold_email&utm_medium=email&utm_campaign=pilot-2026-09-25-b2&utm_content=touch_1","Re: Atlas Autism Group's openings in NJ","Hi Anna,

Quick follow-up on my note from earlier this week.

When clinics expand or try to hire new BCBAs, keeping the waitlist warm and converting families at the exact moment a slot opens is usually what keeps rooms full.

We put together a 20-minute discovery breakdown for independent practices:
{{TRACKED_URL_TOUCH_2}}

Would love to share what's working for clinics in NJ if you're open to it.

Best,
Hudson","https://abaclinics.clubemkt.digital/aba?lid={{LEAD_ID}}&utm_source=cold_email&utm_medium=email&utm_campaign=pilot-2026-09-25-b2&utm_content=touch_2","Filling Atlas Autism Group's caseload (NJ)","Hi Anna,

I know you're busy running Atlas Autism Group. 

If patient intake or waitlist conversion isn't a priority right now, no worries at all. If you ever want to check our 2-minute fit assessment or look at the numbers, you can bookmark this link:

{{TRACKED_URL_TOUCH_3}}

Wishing you and the team continued success in Elizabeth!

Best,
Hudson","https://abaclinics.clubemkt.digital/aba?lid={{LEAD_ID}}&utm_source=cold_email&utm_medium=email&utm_campaign=pilot-2026-09-25-b2&utm_content=touch_3"
"Atrium Applied Behavior Specialists","Anthony Arthur","Anthony","aarthur@atriumautismtx.com","Round Rock","TX","4","pilot-2026-09-25-b2","Quick question about Atrium Applied Behavior Specialists's openings in TX","Hi Anthony,

I was looking at independent ABA practices in Round Rock and came across Atrium Applied Behavior Specialists. 

A lot of clinic owners we talk to with 1–4 locations tell us their biggest bottleneck isn't clinical interest—it's getting predictable commercial-insurance & private-pay inquiries without giving up margins to PE aggregators.

We built an intake & patient growth system specifically for independent practices across your 4 locations. You can see how the intake flow and caseload matching work here:

{{TRACKED_URL_TOUCH_1}}

Do you have 15 minutes this Thursday or Friday to see if this fits your current openings?

Best,
Hudson Argollo
Gold Traffic / ABA Practice Growth","https://abaclinics.clubemkt.digital/aba?lid={{LEAD_ID}}&utm_source=cold_email&utm_medium=email&utm_campaign=pilot-2026-09-25-b2&utm_content=touch_1","Re: Atrium Applied Behavior Specialists's openings in TX","Hi Anthony,

Quick follow-up on my note from earlier this week.

When clinics expand or try to hire new BCBAs, keeping the waitlist warm and converting families at the exact moment a slot opens is usually what keeps rooms full.

We put together a 20-minute discovery breakdown for independent practices:
{{TRACKED_URL_TOUCH_2}}

Would love to share what's working for clinics in TX if you're open to it.

Best,
Hudson","https://abaclinics.clubemkt.digital/aba?lid={{LEAD_ID}}&utm_source=cold_email&utm_medium=email&utm_campaign=pilot-2026-09-25-b2&utm_content=touch_2","Filling Atrium Applied Behavior Specialists's caseload (TX)","Hi Anthony,

I know you're busy running Atrium Applied Behavior Specialists. 

If patient intake or waitlist conversion isn't a priority right now, no worries at all. If you ever want to check our 2-minute fit assessment or look at the numbers, you can bookmark this link:

{{TRACKED_URL_TOUCH_3}}

Wishing you and the team continued success in Round Rock!

Best,
Hudson","https://abaclinics.clubemkt.digital/aba?lid={{LEAD_ID}}&utm_source=cold_email&utm_medium=email&utm_campaign=pilot-2026-09-25-b2&utm_content=touch_3"
"Aura Therapy Partners","Antonio Asher","Antonio","antonio.asher@auracarefl.org","Miami","FL","1","pilot-2026-09-25-b2","Quick question about Aura Therapy Partners's openings in FL","Hi Antonio,

I was looking at independent ABA practices in Miami and came across Aura Therapy Partners. 

A lot of clinic owners we talk to with 1–3 locations tell us their biggest bottleneck isn't clinical interest—it's getting predictable commercial-insurance & private-pay inquiries without giving up margins to PE aggregators.

We built an intake & patient growth system specifically for independent practices at Aura Therapy Partners. You can see how the intake flow and caseload matching work here:

{{TRACKED_URL_TOUCH_1}}

Do you have 15 minutes this Thursday or Friday to see if this fits your current openings?

Best,
Hudson Argollo
Gold Traffic / ABA Practice Growth","https://abaclinics.clubemkt.digital/aba?lid={{LEAD_ID}}&utm_source=cold_email&utm_medium=email&utm_campaign=pilot-2026-09-25-b2&utm_content=touch_1","Re: Aura Therapy Partners's openings in FL","Hi Antonio,

Quick follow-up on my note from earlier this week.

When clinics expand or try to hire new BCBAs, keeping the waitlist warm and converting families at the exact moment a slot opens is usually what keeps rooms full.

We put together a 20-minute discovery breakdown for independent practices:
{{TRACKED_URL_TOUCH_2}}

Would love to share what's working for clinics in FL if you're open to it.

Best,
Hudson","https://abaclinics.clubemkt.digital/aba?lid={{LEAD_ID}}&utm_source=cold_email&utm_medium=email&utm_campaign=pilot-2026-09-25-b2&utm_content=touch_2","Filling Aura Therapy Partners's caseload (FL)","Hi Antonio,

I know you're busy running Aura Therapy Partners. 

If patient intake or waitlist conversion isn't a priority right now, no worries at all. If you ever want to check our 2-minute fit assessment or look at the numbers, you can bookmark this link:

{{TRACKED_URL_TOUCH_3}}

Wishing you and the team continued success in Miami!

Best,
Hudson","https://abaclinics.clubemkt.digital/aba?lid={{LEAD_ID}}&utm_source=cold_email&utm_medium=email&utm_campaign=pilot-2026-09-25-b2&utm_content=touch_3"
"Authentic Pediatric Autism Services","Arthur Ashley","Arthur","aashley@authenticabaca.net","Los Angeles","CA","2","pilot-2026-09-25-b2","Quick question about Authentic Pediatric Autism Services's openings in CA","Hi Arthur,

I was looking at independent ABA practices in Los Angeles and came across Authentic Pediatric Autism Services. 

A lot of clinic owners we talk to with 1–3 locations tell us their biggest bottleneck isn't clinical interest—it's getting predictable commercial-insurance & private-pay inquiries without giving up margins to PE aggregators.

We built an intake & patient growth system specifically for independent practices across your 2 locations. You can see how the intake flow and caseload matching work here:

{{TRACKED_URL_TOUCH_1}}

Do you have 15 minutes this Thursday or Friday to see if this fits your current openings?

Best,
Hudson Argollo
Gold Traffic / ABA Practice Growth","https://abaclinics.clubemkt.digital/aba?lid={{LEAD_ID}}&utm_source=cold_email&utm_medium=email&utm_campaign=pilot-2026-09-25-b2&utm_content=touch_1","Re: Authentic Pediatric Autism Services's openings in CA","Hi Arthur,

Quick follow-up on my note from earlier this week.

When clinics expand or try to hire new BCBAs, keeping the waitlist warm and converting families at the exact moment a slot opens is usually what keeps rooms full.

We put together a 20-minute discovery breakdown for independent practices:
{{TRACKED_URL_TOUCH_2}}

Would love to share what's working for clinics in CA if you're open to it.

Best,
Hudson","https://abaclinics.clubemkt.digital/aba?lid={{LEAD_ID}}&utm_source=cold_email&utm_medium=email&utm_campaign=pilot-2026-09-25-b2&utm_content=touch_2","Filling Authentic Pediatric Autism Services's caseload (CA)","Hi Arthur,

I know you're busy running Authentic Pediatric Autism Services. 

If patient intake or waitlist conversion isn't a priority right now, no worries at all. If you ever want to check our 2-minute fit assessment or look at the numbers, you can bookmark this link:

{{TRACKED_URL_TOUCH_3}}

Wishing you and the team continued success in Los Angeles!

Best,
Hudson","https://abaclinics.clubemkt.digital/aba?lid={{LEAD_ID}}&utm_source=cold_email&utm_medium=email&utm_campaign=pilot-2026-09-25-b2&utm_content=touch_3"
"Avenue Behavioral Care Center","Ashley Ashton","Ashley","ashley.ashton@avenueautismnc.com","Wilmington","NC","3","pilot-2026-09-25-b2","Quick question about Avenue Behavioral Care Center's openings in NC","Hi Ashley,

I was looking at independent ABA practices in Wilmington and came across Avenue Behavioral Care Center. 

A lot of clinic owners we talk to with 1–3 locations tell us their biggest bottleneck isn't clinical interest—it's getting predictable commercial-insurance & private-pay inquiries without giving up margins to PE aggregators.

We built an intake & patient growth system specifically for independent practices across your 3 locations. You can see how the intake flow and caseload matching work here:

{{TRACKED_URL_TOUCH_1}}

Do you have 15 minutes this Thursday or Friday to see if this fits your current openings?

Best,
Hudson Argollo
Gold Traffic / ABA Practice Growth","https://abaclinics.clubemkt.digital/aba?lid={{LEAD_ID}}&utm_source=cold_email&utm_medium=email&utm_campaign=pilot-2026-09-25-b2&utm_content=touch_1","Re: Avenue Behavioral Care Center's openings in NC","Hi Ashley,

Quick follow-up on my note from earlier this week.

When clinics expand or try to hire new BCBAs, keeping the waitlist warm and converting families at the exact moment a slot opens is usually what keeps rooms full.

We put together a 20-minute discovery breakdown for independent practices:
{{TRACKED_URL_TOUCH_2}}

Would love to share what's working for clinics in NC if you're open to it.

Best,
Hudson","https://abaclinics.clubemkt.digital/aba?lid={{LEAD_ID}}&utm_source=cold_email&utm_medium=email&utm_campaign=pilot-2026-09-25-b2&utm_content=touch_2","Filling Avenue Behavioral Care Center's caseload (NC)","Hi Ashley,

I know you're busy running Avenue Behavioral Care Center. 

If patient intake or waitlist conversion isn't a priority right now, no worries at all. If you ever want to check our 2-minute fit assessment or look at the numbers, you can bookmark this link:

{{TRACKED_URL_TOUCH_3}}

Wishing you and the team continued success in Wilmington!

Best,
Hudson","https://abaclinics.clubemkt.digital/aba?lid={{LEAD_ID}}&utm_source=cold_email&utm_medium=email&utm_campaign=pilot-2026-09-25-b2&utm_content=touch_3"
"Axis Autism & Learning Institute","Audrey Atkins","Audrey","aatkins@axiscarega.com","Alpharetta","GA","4","pilot-2026-09-25-b2","Quick question about Axis Autism & Learning Institute's openings in GA","Hi Audrey,

I was looking at independent ABA practices in Alpharetta and came across Axis Autism & Learning Institute. 

A lot of clinic owners we talk to with 1–4 locations tell us their biggest bottleneck isn't clinical interest—it's getting predictable commercial-insurance & private-pay inquiries without giving up margins to PE aggregators.

We built an intake & patient growth system specifically for independent practices across your 4 locations. You can see how the intake flow and caseload matching work here:

{{TRACKED_URL_TOUCH_1}}

Do you have 15 minutes this Thursday or Friday to see if this fits your current openings?

Best,
Hudson Argollo
Gold Traffic / ABA Practice Growth","https://abaclinics.clubemkt.digital/aba?lid={{LEAD_ID}}&utm_source=cold_email&utm_medium=email&utm_campaign=pilot-2026-09-25-b2&utm_content=touch_1","Re: Axis Autism & Learning Institute's openings in GA","Hi Audrey,

Quick follow-up on my note from earlier this week.

When clinics expand or try to hire new BCBAs, keeping the waitlist warm and converting families at the exact moment a slot opens is usually what keeps rooms full.

We put together a 20-minute discovery breakdown for independent practices:
{{TRACKED_URL_TOUCH_2}}

Would love to share what's working for clinics in GA if you're open to it.

Best,
Hudson","https://abaclinics.clubemkt.digital/aba?lid={{LEAD_ID}}&utm_source=cold_email&utm_medium=email&utm_campaign=pilot-2026-09-25-b2&utm_content=touch_2","Filling Axis Autism & Learning Institute's caseload (GA)","Hi Audrey,

I know you're busy running Axis Autism & Learning Institute. 

If patient intake or waitlist conversion isn't a priority right now, no worries at all. If you ever want to check our 2-minute fit assessment or look at the numbers, you can bookmark this link:

{{TRACKED_URL_TOUCH_3}}

Wishing you and the team continued success in Alpharetta!

Best,
Hudson","https://abaclinics.clubemkt.digital/aba?lid={{LEAD_ID}}&utm_source=cold_email&utm_medium=email&utm_campaign=pilot-2026-09-25-b2&utm_content=touch_3"
"Basis Developmental Solutions","Austin Atkinson","Austin","austin.atkinson@basisabaco.org","Longmont","CO","1","pilot-2026-09-25-b2","Quick question about Basis Developmental Solutions's openings in CO","Hi Austin,

I was looking at independent ABA practices in Longmont and came across Basis Developmental Solutions. 

A lot of clinic owners we talk to with 1–3 locations tell us their biggest bottleneck isn't clinical interest—it's getting predictable commercial-insurance & private-pay inquiries without giving up margins to PE aggregators.

We built an intake & patient growth system specifically for independent practices at Basis Developmental Solutions. You can see how the intake flow and caseload matching work here:

{{TRACKED_URL_TOUCH_1}}

Do you have 15 minutes this Thursday or Friday to see if this fits your current openings?

Best,
Hudson Argollo
Gold Traffic / ABA Practice Growth","https://abaclinics.clubemkt.digital/aba?lid={{LEAD_ID}}&utm_source=cold_email&utm_medium=email&utm_campaign=pilot-2026-09-25-b2&utm_content=touch_1","Re: Basis Developmental Solutions's openings in CO","Hi Austin,

Quick follow-up on my note from earlier this week.

When clinics expand or try to hire new BCBAs, keeping the waitlist warm and converting families at the exact moment a slot opens is usually what keeps rooms full.

We put together a 20-minute discovery breakdown for independent practices:
{{TRACKED_URL_TOUCH_2}}

Would love to share what's working for clinics in CO if you're open to it.

Best,
Hudson","https://abaclinics.clubemkt.digital/aba?lid={{LEAD_ID}}&utm_source=cold_email&utm_medium=email&utm_campaign=pilot-2026-09-25-b2&utm_content=touch_2","Filling Basis Developmental Solutions's caseload (CO)","Hi Austin,

I know you're busy running Basis Developmental Solutions. 

If patient intake or waitlist conversion isn't a priority right now, no worries at all. If you ever want to check our 2-minute fit assessment or look at the numbers, you can bookmark this link:

{{TRACKED_URL_TOUCH_3}}

Wishing you and the team continued success in Longmont!

Best,
Hudson","https://abaclinics.clubemkt.digital/aba?lid={{LEAD_ID}}&utm_source=cold_email&utm_medium=email&utm_campaign=pilot-2026-09-25-b2&utm_content=touch_3"
"Belief Behavioral Therapy Center","Autumn Augustine","Autumn","aaugustine@beliefautismva.com","Charlottesville","VA","2","pilot-2026-09-25-b2","Quick question about Belief Behavioral Therapy Center's openings in VA","Hi Autumn,

I was looking at independent ABA practices in Charlottesville and came across Belief Behavioral Therapy Center. 

A lot of clinic owners we talk to with 1–3 locations tell us their biggest bottleneck isn't clinical interest—it's getting predictable commercial-insurance & private-pay inquiries without giving up margins to PE aggregators.

We built an intake & patient growth system specifically for independent practices across your 2 locations. You can see how the intake flow and caseload matching work here:

{{TRACKED_URL_TOUCH_1}}

Do you have 15 minutes this Thursday or Friday to see if this fits your current openings?

Best,
Hudson Argollo
Gold Traffic / ABA Practice Growth","https://abaclinics.clubemkt.digital/aba?lid={{LEAD_ID}}&utm_source=cold_email&utm_medium=email&utm_campaign=pilot-2026-09-25-b2&utm_content=touch_1","Re: Belief Behavioral Therapy Center's openings in VA","Hi Autumn,

Quick follow-up on my note from earlier this week.

When clinics expand or try to hire new BCBAs, keeping the waitlist warm and converting families at the exact moment a slot opens is usually what keeps rooms full.

We put together a 20-minute discovery breakdown for independent practices:
{{TRACKED_URL_TOUCH_2}}

Would love to share what's working for clinics in VA if you're open to it.

Best,
Hudson","https://abaclinics.clubemkt.digital/aba?lid={{LEAD_ID}}&utm_source=cold_email&utm_medium=email&utm_campaign=pilot-2026-09-25-b2&utm_content=touch_2","Filling Belief Behavioral Therapy Center's caseload (VA)","Hi Autumn,

I know you're busy running Belief Behavioral Therapy Center. 

If patient intake or waitlist conversion isn't a priority right now, no worries at all. If you ever want to check our 2-minute fit assessment or look at the numbers, you can bookmark this link:

{{TRACKED_URL_TOUCH_3}}

Wishing you and the team continued success in Charlottesville!

Best,
Hudson","https://abaclinics.clubemkt.digital/aba?lid={{LEAD_ID}}&utm_source=cold_email&utm_medium=email&utm_campaign=pilot-2026-09-25-b2&utm_content=touch_3"
"Beloved Autism Discovery Center","Ava Austin","Ava","ava.austin@belovedcaremd.com","Baltimore","MD","3","pilot-2026-09-25-b2","Quick question about Beloved Autism Discovery Center's openings in MD","Hi Ava,

I was looking at independent ABA practices in Baltimore and came across Beloved Autism Discovery Center. 

A lot of clinic owners we talk to with 1–3 locations tell us their biggest bottleneck isn't clinical interest—it's getting predictable commercial-insurance & private-pay inquiries without giving up margins to PE aggregators.

We built an intake & patient growth system specifically for independent practices across your 3 locations. You can see how the intake flow and caseload matching work here:

{{TRACKED_URL_TOUCH_1}}

Do you have 15 minutes this Thursday or Friday to see if this fits your current openings?

Best,
Hudson Argollo
Gold Traffic / ABA Practice Growth","https://abaclinics.clubemkt.digital/aba?lid={{LEAD_ID}}&utm_source=cold_email&utm_medium=email&utm_campaign=pilot-2026-09-25-b2&utm_content=touch_1","Re: Beloved Autism Discovery Center's openings in MD","Hi Ava,

Quick follow-up on my note from earlier this week.

When clinics expand or try to hire new BCBAs, keeping the waitlist warm and converting families at the exact moment a slot opens is usually what keeps rooms full.

We put together a 20-minute discovery breakdown for independent practices:
{{TRACKED_URL_TOUCH_2}}

Would love to share what's working for clinics in MD if you're open to it.

Best,
Hudson","https://abaclinics.clubemkt.digital/aba?lid={{LEAD_ID}}&utm_source=cold_email&utm_medium=email&utm_campaign=pilot-2026-09-25-b2&utm_content=touch_2","Filling Beloved Autism Discovery Center's caseload (MD)","Hi Ava,

I know you're busy running Beloved Autism Discovery Center. 

If patient intake or waitlist conversion isn't a priority right now, no worries at all. If you ever want to check our 2-minute fit assessment or look at the numbers, you can bookmark this link:

{{TRACKED_URL_TOUCH_3}}

Wishing you and the team continued success in Baltimore!

Best,
Hudson","https://abaclinics.clubemkt.digital/aba?lid={{LEAD_ID}}&utm_source=cold_email&utm_medium=email&utm_campaign=pilot-2026-09-25-b2&utm_content=touch_3"
"Benchmark Behavioral Foundations","Avery Avalos","Avery","aavalos@benchmarkabail.com","Bloomington","IL","4","pilot-2026-09-25-b2","Quick question about Benchmark Behavioral Foundations's openings in IL","Hi Avery,

I was looking at independent ABA practices in Bloomington and came across Benchmark Behavioral Foundations. 

A lot of clinic owners we talk to with 1–4 locations tell us their biggest bottleneck isn't clinical interest—it's getting predictable commercial-insurance & private-pay inquiries without giving up margins to PE aggregators.

We built an intake & patient growth system specifically for independent practices across your 4 locations. You can see how the intake flow and caseload matching work here:

{{TRACKED_URL_TOUCH_1}}

Do you have 15 minutes this Thursday or Friday to see if this fits your current openings?

Best,
Hudson Argollo
Gold Traffic / ABA Practice Growth","https://abaclinics.clubemkt.digital/aba?lid={{LEAD_ID}}&utm_source=cold_email&utm_medium=email&utm_campaign=pilot-2026-09-25-b2&utm_content=touch_1","Re: Benchmark Behavioral Foundations's openings in IL","Hi Avery,

Quick follow-up on my note from earlier this week.

When clinics expand or try to hire new BCBAs, keeping the waitlist warm and converting families at the exact moment a slot opens is usually what keeps rooms full.

We put together a 20-minute discovery breakdown for independent practices:
{{TRACKED_URL_TOUCH_2}}

Would love to share what's working for clinics in IL if you're open to it.

Best,
Hudson","https://abaclinics.clubemkt.digital/aba?lid={{LEAD_ID}}&utm_source=cold_email&utm_medium=email&utm_campaign=pilot-2026-09-25-b2&utm_content=touch_2","Filling Benchmark Behavioral Foundations's caseload (IL)","Hi Avery,

I know you're busy running Benchmark Behavioral Foundations. 

If patient intake or waitlist conversion isn't a priority right now, no worries at all. If you ever want to check our 2-minute fit assessment or look at the numbers, you can bookmark this link:

{{TRACKED_URL_TOUCH_3}}

Wishing you and the team continued success in Bloomington!

Best,
Hudson","https://abaclinics.clubemkt.digital/aba?lid={{LEAD_ID}}&utm_source=cold_email&utm_medium=email&utm_campaign=pilot-2026-09-25-b2&utm_content=touch_3"
"Benefit Therapeutic Solutions","Bailey Avery","Bailey","bailey.avery@benefitautismut.org","West Valley City","UT","1","pilot-2026-09-25-b2","Quick question about Benefit Therapeutic Solutions's openings in UT","Hi Bailey,

I was looking at independent ABA practices in West Valley City and came across Benefit Therapeutic Solutions. 

A lot of clinic owners we talk to with 1–3 locations tell us their biggest bottleneck isn't clinical interest—it's getting predictable commercial-insurance & private-pay inquiries without giving up margins to PE aggregators.

We built an intake & patient growth system specifically for independent practices at Benefit Therapeutic Solutions. You can see how the intake flow and caseload matching work here:

{{TRACKED_URL_TOUCH_1}}

Do you have 15 minutes this Thursday or Friday to see if this fits your current openings?

Best,
Hudson Argollo
Gold Traffic / ABA Practice Growth","https://abaclinics.clubemkt.digital/aba?lid={{LEAD_ID}}&utm_source=cold_email&utm_medium=email&utm_campaign=pilot-2026-09-25-b2&utm_content=touch_1","Re: Benefit Therapeutic Solutions's openings in UT","Hi Bailey,

Quick follow-up on my note from earlier this week.

When clinics expand or try to hire new BCBAs, keeping the waitlist warm and converting families at the exact moment a slot opens is usually what keeps rooms full.

We put together a 20-minute discovery breakdown for independent practices:
{{TRACKED_URL_TOUCH_2}}

Would love to share what's working for clinics in UT if you're open to it.

Best,
Hudson","https://abaclinics.clubemkt.digital/aba?lid={{LEAD_ID}}&utm_source=cold_email&utm_medium=email&utm_campaign=pilot-2026-09-25-b2&utm_content=touch_2","Filling Benefit Therapeutic Solutions's caseload (UT)","Hi Bailey,

I know you're busy running Benefit Therapeutic Solutions. 

If patient intake or waitlist conversion isn't a priority right now, no worries at all. If you ever want to check our 2-minute fit assessment or look at the numbers, you can bookmark this link:

{{TRACKED_URL_TOUCH_3}}

Wishing you and the team continued success in West Valley City!

Best,
Hudson","https://abaclinics.clubemkt.digital/aba?lid={{LEAD_ID}}&utm_source=cold_email&utm_medium=email&utm_campaign=pilot-2026-09-25-b2&utm_content=touch_3"
"Better Days ABA Collective","Barbara Avila","Barbara","bavila@betterdayscarenj.com","East Orange","NJ","2","pilot-2026-09-25-b2","Quick question about Better Days ABA Collective's openings in NJ","Hi Barbara,

I was looking at independent ABA practices in East Orange and came across Better Days ABA Collective. 

A lot of clinic owners we talk to with 1–3 locations tell us their biggest bottleneck isn't clinical interest—it's getting predictable commercial-insurance & private-pay inquiries without giving up margins to PE aggregators.

We built an intake & patient growth system specifically for independent practices across your 2 locations. You can see how the intake flow and caseload matching work here:

{{TRACKED_URL_TOUCH_1}}

Do you have 15 minutes this Thursday or Friday to see if this fits your current openings?

Best,
Hudson Argollo
Gold Traffic / ABA Practice Growth","https://abaclinics.clubemkt.digital/aba?lid={{LEAD_ID}}&utm_source=cold_email&utm_medium=email&utm_campaign=pilot-2026-09-25-b2&utm_content=touch_1","Re: Better Days ABA Collective's openings in NJ","Hi Barbara,

Quick follow-up on my note from earlier this week.

When clinics expand or try to hire new BCBAs, keeping the waitlist warm and converting families at the exact moment a slot opens is usually what keeps rooms full.

We put together a 20-minute discovery breakdown for independent practices:
{{TRACKED_URL_TOUCH_2}}

Would love to share what's working for clinics in NJ if you're open to it.

Best,
Hudson","https://abaclinics.clubemkt.digital/aba?lid={{LEAD_ID}}&utm_source=cold_email&utm_medium=email&utm_campaign=pilot-2026-09-25-b2&utm_content=touch_2","Filling Better Days ABA Collective's caseload (NJ)","Hi Barbara,

I know you're busy running Better Days ABA Collective. 

If patient intake or waitlist conversion isn't a priority right now, no worries at all. If you ever want to check our 2-minute fit assessment or look at the numbers, you can bookmark this link:

{{TRACKED_URL_TOUCH_3}}

Wishing you and the team continued success in East Orange!

Best,
Hudson","https://abaclinics.clubemkt.digital/aba?lid={{LEAD_ID}}&utm_source=cold_email&utm_medium=email&utm_campaign=pilot-2026-09-25-b2&utm_content=touch_3"
"Beyond Autism Clinic","Beatrice Ayala","Beatrice","beatrice.ayala@beyondabatx.com","Corpus Christi","TX","3","pilot-2026-09-25-b2","Quick question about Beyond Autism Clinic's openings in TX","Hi Beatrice,

I was looking at independent ABA practices in Corpus Christi and came across Beyond Autism Clinic. 

A lot of clinic owners we talk to with 1–3 locations tell us their biggest bottleneck isn't clinical interest—it's getting predictable commercial-insurance & private-pay inquiries without giving up margins to PE aggregators.

We built an intake & patient growth system specifically for independent practices across your 3 locations. You can see how the intake flow and caseload matching work here:

{{TRACKED_URL_TOUCH_1}}

Do you have 15 minutes this Thursday or Friday to see if this fits your current openings?

Best,
Hudson Argollo
Gold Traffic / ABA Practice Growth","https://abaclinics.clubemkt.digital/aba?lid={{LEAD_ID}}&utm_source=cold_email&utm_medium=email&utm_campaign=pilot-2026-09-25-b2&utm_content=touch_1","Re: Beyond Autism Clinic's openings in TX","Hi Beatrice,

Quick follow-up on my note from earlier this week.

When clinics expand or try to hire new BCBAs, keeping the waitlist warm and converting families at the exact moment a slot opens is usually what keeps rooms full.

We put together a 20-minute discovery breakdown for independent practices:
{{TRACKED_URL_TOUCH_2}}

Would love to share what's working for clinics in TX if you're open to it.

Best,
Hudson","https://abaclinics.clubemkt.digital/aba?lid={{LEAD_ID}}&utm_source=cold_email&utm_medium=email&utm_campaign=pilot-2026-09-25-b2&utm_content=touch_2","Filling Beyond Autism Clinic's caseload (TX)","Hi Beatrice,

I know you're busy running Beyond Autism Clinic. 

If patient intake or waitlist conversion isn't a priority right now, no worries at all. If you ever want to check our 2-minute fit assessment or look at the numbers, you can bookmark this link:

{{TRACKED_URL_TOUCH_3}}

Wishing you and the team continued success in Corpus Christi!

Best,
Hudson","https://abaclinics.clubemkt.digital/aba?lid={{LEAD_ID}}&utm_source=cold_email&utm_medium=email&utm_campaign=pilot-2026-09-25-b2&utm_content=touch_3"
"Blue Ridge ABA Center","Benjamin Babcock","Benjamin","bbabcock@blueridgeautismfl.com","Pensacola","FL","4","pilot-2026-09-25-b2","Quick question about Blue Ridge ABA Center's openings in FL","Hi Benjamin,

I was looking at independent ABA practices in Pensacola and came across Blue Ridge ABA Center. 

A lot of clinic owners we talk to with 1–4 locations tell us their biggest bottleneck isn't clinical interest—it's getting predictable commercial-insurance & private-pay inquiries without giving up margins to PE aggregators.

We built an intake & patient growth system specifically for independent practices across your 4 locations. You can see how the intake flow and caseload matching work here:

{{TRACKED_URL_TOUCH_1}}

Do you have 15 minutes this Thursday or Friday to see if this fits your current openings?

Best,
Hudson Argollo
Gold Traffic / ABA Practice Growth","https://abaclinics.clubemkt.digital/aba?lid={{LEAD_ID}}&utm_source=cold_email&utm_medium=email&utm_campaign=pilot-2026-09-25-b2&utm_content=touch_1","Re: Blue Ridge ABA Center's openings in FL","Hi Benjamin,

Quick follow-up on my note from earlier this week.

When clinics expand or try to hire new BCBAs, keeping the waitlist warm and converting families at the exact moment a slot opens is usually what keeps rooms full.

We put together a 20-minute discovery breakdown for independent practices:
{{TRACKED_URL_TOUCH_2}}

Would love to share what's working for clinics in FL if you're open to it.

Best,
Hudson","https://abaclinics.clubemkt.digital/aba?lid={{LEAD_ID}}&utm_source=cold_email&utm_medium=email&utm_campaign=pilot-2026-09-25-b2&utm_content=touch_2","Filling Blue Ridge ABA Center's caseload (FL)","Hi Benjamin,

I know you're busy running Blue Ridge ABA Center. 

If patient intake or waitlist conversion isn't a priority right now, no worries at all. If you ever want to check our 2-minute fit assessment or look at the numbers, you can bookmark this link:

{{TRACKED_URL_TOUCH_3}}

Wishing you and the team continued success in Pensacola!

Best,
Hudson","https://abaclinics.clubemkt.digital/aba?lid={{LEAD_ID}}&utm_source=cold_email&utm_medium=email&utm_campaign=pilot-2026-09-25-b2&utm_content=touch_3"
"Blossom Behavioral Health Network","Bethany Bach","Bethany","bethany.bach@blossomcareca.org","Stockton","CA","1","pilot-2026-09-25-b2","Quick question about Blossom Behavioral Health Network's openings in CA","Hi Bethany,

I was looking at independent ABA practices in Stockton and came across Blossom Behavioral Health Network. 

A lot of clinic owners we talk to with 1–3 locations tell us their biggest bottleneck isn't clinical interest—it's getting predictable commercial-insurance & private-pay inquiries without giving up margins to PE aggregators.

We built an intake & patient growth system specifically for independent practices at Blossom Behavioral Health Network. You can see how the intake flow and caseload matching work here:

{{TRACKED_URL_TOUCH_1}}

Do you have 15 minutes this Thursday or Friday to see if this fits your current openings?

Best,
Hudson Argollo
Gold Traffic / ABA Practice Growth","https://abaclinics.clubemkt.digital/aba?lid={{LEAD_ID}}&utm_source=cold_email&utm_medium=email&utm_campaign=pilot-2026-09-25-b2&utm_content=touch_1","Re: Blossom Behavioral Health Network's openings in CA","Hi Bethany,

Quick follow-up on my note from earlier this week.

When clinics expand or try to hire new BCBAs, keeping the waitlist warm and converting families at the exact moment a slot opens is usually what keeps rooms full.

We put together a 20-minute discovery breakdown for independent practices:
{{TRACKED_URL_TOUCH_2}}

Would love to share what's working for clinics in CA if you're open to it.

Best,
Hudson","https://abaclinics.clubemkt.digital/aba?lid={{LEAD_ID}}&utm_source=cold_email&utm_medium=email&utm_campaign=pilot-2026-09-25-b2&utm_content=touch_2","Filling Blossom Behavioral Health Network's caseload (CA)","Hi Bethany,

I know you're busy running Blossom Behavioral Health Network. 

If patient intake or waitlist conversion isn't a priority right now, no worries at all. If you ever want to check our 2-minute fit assessment or look at the numbers, you can bookmark this link:

{{TRACKED_URL_TOUCH_3}}

Wishing you and the team continued success in Stockton!

Best,
Hudson","https://abaclinics.clubemkt.digital/aba?lid={{LEAD_ID}}&utm_source=cold_email&utm_medium=email&utm_campaign=pilot-2026-09-25-b2&utm_content=touch_3"
"Bold Autism Group","Blake Bader","Blake","bbader@boldabanc.com","Durham","NC","2","pilot-2026-09-25-b2","Quick question about Bold Autism Group's openings in NC","Hi Blake,

I was looking at independent ABA practices in Durham and came across Bold Autism Group. 

A lot of clinic owners we talk to with 1–3 locations tell us their biggest bottleneck isn't clinical interest—it's getting predictable commercial-insurance & private-pay inquiries without giving up margins to PE aggregators.

We built an intake & patient growth system specifically for independent practices across your 2 locations. You can see how the intake flow and caseload matching work here:

{{TRACKED_URL_TOUCH_1}}

Do you have 15 minutes this Thursday or Friday to see if this fits your current openings?

Best,
Hudson Argollo
Gold Traffic / ABA Practice Growth","https://abaclinics.clubemkt.digital/aba?lid={{LEAD_ID}}&utm_source=cold_email&utm_medium=email&utm_campaign=pilot-2026-09-25-b2&utm_content=touch_1","Re: Bold Autism Group's openings in NC","Hi Blake,

Quick follow-up on my note from earlier this week.

When clinics expand or try to hire new BCBAs, keeping the waitlist warm and converting families at the exact moment a slot opens is usually what keeps rooms full.

We put together a 20-minute discovery breakdown for independent practices:
{{TRACKED_URL_TOUCH_2}}

Would love to share what's working for clinics in NC if you're open to it.

Best,
Hudson","https://abaclinics.clubemkt.digital/aba?lid={{LEAD_ID}}&utm_source=cold_email&utm_medium=email&utm_campaign=pilot-2026-09-25-b2&utm_content=touch_2","Filling Bold Autism Group's caseload (NC)","Hi Blake,

I know you're busy running Bold Autism Group. 

If patient intake or waitlist conversion isn't a priority right now, no worries at all. If you ever want to check our 2-minute fit assessment or look at the numbers, you can bookmark this link:

{{TRACKED_URL_TOUCH_3}}

Wishing you and the team continued success in Durham!

Best,
Hudson","https://abaclinics.clubemkt.digital/aba?lid={{LEAD_ID}}&utm_source=cold_email&utm_medium=email&utm_campaign=pilot-2026-09-25-b2&utm_content=touch_3"
"Bond Applied Behavior Specialists","Bradley Baer","Bradley","bradley.baer@bondautismga.com","Athens","GA","3","pilot-2026-09-25-b2","Quick question about Bond Applied Behavior Specialists's openings in GA","Hi Bradley,

I was looking at independent ABA practices in Athens and came across Bond Applied Behavior Specialists. 

A lot of clinic owners we talk to with 1–3 locations tell us their biggest bottleneck isn't clinical interest—it's getting predictable commercial-insurance & private-pay inquiries without giving up margins to PE aggregators.

We built an intake & patient growth system specifically for independent practices across your 3 locations. You can see how the intake flow and caseload matching work here:

{{TRACKED_URL_TOUCH_1}}

Do you have 15 minutes this Thursday or Friday to see if this fits your current openings?

Best,
Hudson Argollo
Gold Traffic / ABA Practice Growth","https://abaclinics.clubemkt.digital/aba?lid={{LEAD_ID}}&utm_source=cold_email&utm_medium=email&utm_campaign=pilot-2026-09-25-b2&utm_content=touch_1","Re: Bond Applied Behavior Specialists's openings in GA","Hi Bradley,

Quick follow-up on my note from earlier this week.

When clinics expand or try to hire new BCBAs, keeping the waitlist warm and converting families at the exact moment a slot opens is usually what keeps rooms full.

We put together a 20-minute discovery breakdown for independent practices:
{{TRACKED_URL_TOUCH_2}}

Would love to share what's working for clinics in GA if you're open to it.

Best,
Hudson","https://abaclinics.clubemkt.digital/aba?lid={{LEAD_ID}}&utm_source=cold_email&utm_medium=email&utm_campaign=pilot-2026-09-25-b2&utm_content=touch_2","Filling Bond Applied Behavior Specialists's caseload (GA)","Hi Bradley,

I know you're busy running Bond Applied Behavior Specialists. 

If patient intake or waitlist conversion isn't a priority right now, no worries at all. If you ever want to check our 2-minute fit assessment or look at the numbers, you can bookmark this link:

{{TRACKED_URL_TOUCH_3}}

Wishing you and the team continued success in Athens!

Best,
Hudson","https://abaclinics.clubemkt.digital/aba?lid={{LEAD_ID}}&utm_source=cold_email&utm_medium=email&utm_campaign=pilot-2026-09-25-b2&utm_content=touch_3"
"Boundless Therapy Partners","Brandon Baggett","Brandon","bbaggett@boundlesscareco.net","Pueblo","CO","4","pilot-2026-09-25-b2","Quick question about Boundless Therapy Partners's openings in CO","Hi Brandon,

I was looking at independent ABA practices in Pueblo and came across Boundless Therapy Partners. 

A lot of clinic owners we talk to with 1–4 locations tell us their biggest bottleneck isn't clinical interest—it's getting predictable commercial-insurance & private-pay inquiries without giving up margins to PE aggregators.

We built an intake & patient growth system specifically for independent practices across your 4 locations. You can see how the intake flow and caseload matching work here:

{{TRACKED_URL_TOUCH_1}}

Do you have 15 minutes this Thursday or Friday to see if this fits your current openings?

Best,
Hudson Argollo
Gold Traffic / ABA Practice Growth","https://abaclinics.clubemkt.digital/aba?lid={{LEAD_ID}}&utm_source=cold_email&utm_medium=email&utm_campaign=pilot-2026-09-25-b2&utm_content=touch_1","Re: Boundless Therapy Partners's openings in CO","Hi Brandon,

Quick follow-up on my note from earlier this week.

When clinics expand or try to hire new BCBAs, keeping the waitlist warm and converting families at the exact moment a slot opens is usually what keeps rooms full.

We put together a 20-minute discovery breakdown for independent practices:
{{TRACKED_URL_TOUCH_2}}

Would love to share what's working for clinics in CO if you're open to it.

Best,
Hudson","https://abaclinics.clubemkt.digital/aba?lid={{LEAD_ID}}&utm_source=cold_email&utm_medium=email&utm_campaign=pilot-2026-09-25-b2&utm_content=touch_2","Filling Boundless Therapy Partners's caseload (CO)","Hi Brandon,

I know you're busy running Boundless Therapy Partners. 

If patient intake or waitlist conversion isn't a priority right now, no worries at all. If you ever want to check our 2-minute fit assessment or look at the numbers, you can bookmark this link:

{{TRACKED_URL_TOUCH_3}}

Wishing you and the team continued success in Pueblo!

Best,
Hudson","https://abaclinics.clubemkt.digital/aba?lid={{LEAD_ID}}&utm_source=cold_email&utm_medium=email&utm_campaign=pilot-2026-09-25-b2&utm_content=touch_3"
"Branch Pediatric Autism Services","Brayden Bagley","Brayden","brayden.bagley@branchabava.org","Hampton","VA","1","pilot-2026-09-25-b2","Quick question about Branch Pediatric Autism Services's openings in VA","Hi Brayden,

I was looking at independent ABA practices in Hampton and came across Branch Pediatric Autism Services. 

A lot of clinic owners we talk to with 1–3 locations tell us their biggest bottleneck isn't clinical interest—it's getting predictable commercial-insurance & private-pay inquiries without giving up margins to PE aggregators.

We built an intake & patient growth system specifically for independent practices at Branch Pediatric Autism Services. You can see how the intake flow and caseload matching work here:

{{TRACKED_URL_TOUCH_1}}

Do you have 15 minutes this Thursday or Friday to see if this fits your current openings?

Best,
Hudson Argollo
Gold Traffic / ABA Practice Growth","https://abaclinics.clubemkt.digital/aba?lid={{LEAD_ID}}&utm_source=cold_email&utm_medium=email&utm_campaign=pilot-2026-09-25-b2&utm_content=touch_1","Re: Branch Pediatric Autism Services's openings in VA","Hi Brayden,

Quick follow-up on my note from earlier this week.

When clinics expand or try to hire new BCBAs, keeping the waitlist warm and converting families at the exact moment a slot opens is usually what keeps rooms full.

We put together a 20-minute discovery breakdown for independent practices:
{{TRACKED_URL_TOUCH_2}}

Would love to share what's working for clinics in VA if you're open to it.

Best,
Hudson","https://abaclinics.clubemkt.digital/aba?lid={{LEAD_ID}}&utm_source=cold_email&utm_medium=email&utm_campaign=pilot-2026-09-25-b2&utm_content=touch_2","Filling Branch Pediatric Autism Services's caseload (VA)","Hi Brayden,

I know you're busy running Branch Pediatric Autism Services. 

If patient intake or waitlist conversion isn't a priority right now, no worries at all. If you ever want to check our 2-minute fit assessment or look at the numbers, you can bookmark this link:

{{TRACKED_URL_TOUCH_3}}

Wishing you and the team continued success in Hampton!

Best,
Hudson","https://abaclinics.clubemkt.digital/aba?lid={{LEAD_ID}}&utm_source=cold_email&utm_medium=email&utm_campaign=pilot-2026-09-25-b2&utm_content=touch_3"
"Bravo Behavioral Care Center","Brenda Bailey","Brenda","bbailey@bravoautismmd.com","Waldorf","MD","2","pilot-2026-09-25-b2","Quick question about Bravo Behavioral Care Center's openings in MD","Hi Brenda,

I was looking at independent ABA practices in Waldorf and came across Bravo Behavioral Care Center. 

A lot of clinic owners we talk to with 1–3 locations tell us their biggest bottleneck isn't clinical interest—it's getting predictable commercial-insurance & private-pay inquiries without giving up margins to PE aggregators.

We built an intake & patient growth system specifically for independent practices across your 2 locations. You can see how the intake flow and caseload matching work here:

{{TRACKED_URL_TOUCH_1}}

Do you have 15 minutes this Thursday or Friday to see if this fits your current openings?

Best,
Hudson Argollo
Gold Traffic / ABA Practice Growth","https://abaclinics.clubemkt.digital/aba?lid={{LEAD_ID}}&utm_source=cold_email&utm_medium=email&utm_campaign=pilot-2026-09-25-b2&utm_content=touch_1","Re: Bravo Behavioral Care Center's openings in MD","Hi Brenda,

Quick follow-up on my note from earlier this week.

When clinics expand or try to hire new BCBAs, keeping the waitlist warm and converting families at the exact moment a slot opens is usually what keeps rooms full.

We put together a 20-minute discovery breakdown for independent practices:
{{TRACKED_URL_TOUCH_2}}

Would love to share what's working for clinics in MD if you're open to it.

Best,
Hudson","https://abaclinics.clubemkt.digital/aba?lid={{LEAD_ID}}&utm_source=cold_email&utm_medium=email&utm_campaign=pilot-2026-09-25-b2&utm_content=touch_2","Filling Bravo Behavioral Care Center's caseload (MD)","Hi Brenda,

I know you're busy running Bravo Behavioral Care Center. 

If patient intake or waitlist conversion isn't a priority right now, no worries at all. If you ever want to check our 2-minute fit assessment or look at the numbers, you can bookmark this link:

{{TRACKED_URL_TOUCH_3}}

Wishing you and the team continued success in Waldorf!

Best,
Hudson","https://abaclinics.clubemkt.digital/aba?lid={{LEAD_ID}}&utm_source=cold_email&utm_medium=email&utm_campaign=pilot-2026-09-25-b2&utm_content=touch_3"
"Bravery Autism & Learning Institute","Brian Bain","Brian","brian.bain@braverycareil.com","Waukegan","IL","3","pilot-2026-09-25-b2","Quick question about Bravery Autism & Learning Institute's openings in IL","Hi Brian,

I was looking at independent ABA practices in Waukegan and came across Bravery Autism & Learning Institute. 

A lot of clinic owners we talk to with 1–3 locations tell us their biggest bottleneck isn't clinical interest—it's getting predictable commercial-insurance & private-pay inquiries without giving up margins to PE aggregators.

We built an intake & patient growth system specifically for independent practices across your 3 locations. You can see how the intake flow and caseload matching work here:

{{TRACKED_URL_TOUCH_1}}

Do you have 15 minutes this Thursday or Friday to see if this fits your current openings?

Best,
Hudson Argollo
Gold Traffic / ABA Practice Growth","https://abaclinics.clubemkt.digital/aba?lid={{LEAD_ID}}&utm_source=cold_email&utm_medium=email&utm_campaign=pilot-2026-09-25-b2&utm_content=touch_1","Re: Bravery Autism & Learning Institute's openings in IL","Hi Brian,

Quick follow-up on my note from earlier this week.

When clinics expand or try to hire new BCBAs, keeping the waitlist warm and converting families at the exact moment a slot opens is usually what keeps rooms full.

We put together a 20-minute discovery breakdown for independent practices:
{{TRACKED_URL_TOUCH_2}}

Would love to share what's working for clinics in IL if you're open to it.

Best,
Hudson","https://abaclinics.clubemkt.digital/aba?lid={{LEAD_ID}}&utm_source=cold_email&utm_medium=email&utm_campaign=pilot-2026-09-25-b2&utm_content=touch_2","Filling Bravery Autism & Learning Institute's caseload (IL)","Hi Brian,

I know you're busy running Bravery Autism & Learning Institute. 

If patient intake or waitlist conversion isn't a priority right now, no worries at all. If you ever want to check our 2-minute fit assessment or look at the numbers, you can bookmark this link:

{{TRACKED_URL_TOUCH_3}}

Wishing you and the team continued success in Waukegan!

Best,
Hudson","https://abaclinics.clubemkt.digital/aba?lid={{LEAD_ID}}&utm_source=cold_email&utm_medium=email&utm_campaign=pilot-2026-09-25-b2&utm_content=touch_3"
"Bright Future Developmental Solutions","Brianna Baird","Brianna","bbaird@brightfutureabaut.com","Salt Lake City","UT","4","pilot-2026-09-25-b2","Quick question about Bright Future Developmental Solutions's openings in UT","Hi Brianna,

I was looking at independent ABA practices in Salt Lake City and came across Bright Future Developmental Solutions. 

A lot of clinic owners we talk to with 1–4 locations tell us their biggest bottleneck isn't clinical interest—it's getting predictable commercial-insurance & private-pay inquiries without giving up margins to PE aggregators.

We built an intake & patient growth system specifically for independent practices across your 4 locations. You can see how the intake flow and caseload matching work here:

{{TRACKED_URL_TOUCH_1}}

Do you have 15 minutes this Thursday or Friday to see if this fits your current openings?

Best,
Hudson Argollo
Gold Traffic / ABA Practice Growth","https://abaclinics.clubemkt.digital/aba?lid={{LEAD_ID}}&utm_source=cold_email&utm_medium=email&utm_campaign=pilot-2026-09-25-b2&utm_content=touch_1","Re: Bright Future Developmental Solutions's openings in UT","Hi Brianna,

Quick follow-up on my note from earlier this week.

When clinics expand or try to hire new BCBAs, keeping the waitlist warm and converting families at the exact moment a slot opens is usually what keeps rooms full.

We put together a 20-minute discovery breakdown for independent practices:
{{TRACKED_URL_TOUCH_2}}

Would love to share what's working for clinics in UT if you're open to it.

Best,
Hudson","https://abaclinics.clubemkt.digital/aba?lid={{LEAD_ID}}&utm_source=cold_email&utm_medium=email&utm_campaign=pilot-2026-09-25-b2&utm_content=touch_2","Filling Bright Future Developmental Solutions's caseload (UT)","Hi Brianna,

I know you're busy running Bright Future Developmental Solutions. 

If patient intake or waitlist conversion isn't a priority right now, no worries at all. If you ever want to check our 2-minute fit assessment or look at the numbers, you can bookmark this link:

{{TRACKED_URL_TOUCH_3}}

Wishing you and the team continued success in Salt Lake City!

Best,
Hudson","https://abaclinics.clubemkt.digital/aba?lid={{LEAD_ID}}&utm_source=cold_email&utm_medium=email&utm_campaign=pilot-2026-09-25-b2&utm_content=touch_3"
"Brighter Days Behavioral Therapy Center","Brittany Baker","Brittany","brittany.baker@brighterdaysautismnj.org","Camden","NJ","1","pilot-2026-09-25-b2","Quick question about Brighter Days Behavioral Therapy Center's openings in NJ","Hi Brittany,

I was looking at independent ABA practices in Camden and came across Brighter Days Behavioral Therapy Center. 

A lot of clinic owners we talk to with 1–3 locations tell us their biggest bottleneck isn't clinical interest—it's getting predictable commercial-insurance & private-pay inquiries without giving up margins to PE aggregators.

We built an intake & patient growth system specifically for independent practices at Brighter Days Behavioral Therapy Center. You can see how the intake flow and caseload matching work here:

{{TRACKED_URL_TOUCH_1}}

Do you have 15 minutes this Thursday or Friday to see if this fits your current openings?

Best,
Hudson Argollo
Gold Traffic / ABA Practice Growth","https://abaclinics.clubemkt.digital/aba?lid={{LEAD_ID}}&utm_source=cold_email&utm_medium=email&utm_campaign=pilot-2026-09-25-b2&utm_content=touch_1","Re: Brighter Days Behavioral Therapy Center's openings in NJ","Hi Brittany,

Quick follow-up on my note from earlier this week.

When clinics expand or try to hire new BCBAs, keeping the waitlist warm and converting families at the exact moment a slot opens is usually what keeps rooms full.

We put together a 20-minute discovery breakdown for independent practices:
{{TRACKED_URL_TOUCH_2}}

Would love to share what's working for clinics in NJ if you're open to it.

Best,
Hudson","https://abaclinics.clubemkt.digital/aba?lid={{LEAD_ID}}&utm_source=cold_email&utm_medium=email&utm_campaign=pilot-2026-09-25-b2&utm_content=touch_2","Filling Brighter Days Behavioral Therapy Center's caseload (NJ)","Hi Brittany,

I know you're busy running Brighter Days Behavioral Therapy Center. 

If patient intake or waitlist conversion isn't a priority right now, no worries at all. If you ever want to check our 2-minute fit assessment or look at the numbers, you can bookmark this link:

{{TRACKED_URL_TOUCH_3}}

Wishing you and the team continued success in Camden!

Best,
Hudson","https://abaclinics.clubemkt.digital/aba?lid={{LEAD_ID}}&utm_source=cold_email&utm_medium=email&utm_campaign=pilot-2026-09-25-b2&utm_content=touch_3"
"Broadview Autism Discovery Center","Brooke Baldwin","Brooke","bbaldwin@broadviewcaretx.com","Dallas","TX","2","pilot-2026-09-25-b2","Quick question about Broadview Autism Discovery Center's openings in TX","Hi Brooke,

I was looking at independent ABA practices in Dallas and came across Broadview Autism Discovery Center. 

A lot of clinic owners we talk to with 1–3 locations tell us their biggest bottleneck isn't clinical interest—it's getting predictable commercial-insurance & private-pay inquiries without giving up margins to PE aggregators.

We built an intake & patient growth system specifically for independent practices across your 2 locations. You can see how the intake flow and caseload matching work here:

{{TRACKED_URL_TOUCH_1}}

Do you have 15 minutes this Thursday or Friday to see if this fits your current openings?

Best,
Hudson Argollo
Gold Traffic / ABA Practice Growth","https://abaclinics.clubemkt.digital/aba?lid={{LEAD_ID}}&utm_source=cold_email&utm_medium=email&utm_campaign=pilot-2026-09-25-b2&utm_content=touch_1","Re: Broadview Autism Discovery Center's openings in TX","Hi Brooke,

Quick follow-up on my note from earlier this week.

When clinics expand or try to hire new BCBAs, keeping the waitlist warm and converting families at the exact moment a slot opens is usually what keeps rooms full.

We put together a 20-minute discovery breakdown for independent practices:
{{TRACKED_URL_TOUCH_2}}

Would love to share what's working for clinics in TX if you're open to it.

Best,
Hudson","https://abaclinics.clubemkt.digital/aba?lid={{LEAD_ID}}&utm_source=cold_email&utm_medium=email&utm_campaign=pilot-2026-09-25-b2&utm_content=touch_2","Filling Broadview Autism Discovery Center's caseload (TX)","Hi Brooke,

I know you're busy running Broadview Autism Discovery Center. 

If patient intake or waitlist conversion isn't a priority right now, no worries at all. If you ever want to check our 2-minute fit assessment or look at the numbers, you can bookmark this link:

{{TRACKED_URL_TOUCH_3}}

Wishing you and the team continued success in Dallas!

Best,
Hudson","https://abaclinics.clubemkt.digital/aba?lid={{LEAD_ID}}&utm_source=cold_email&utm_medium=email&utm_campaign=pilot-2026-09-25-b2&utm_content=touch_3"
"Building Blocks Behavioral Foundations","Brooklyn Bales","Brooklyn","brooklyn.bales@buildingblocksabafl.net","Tampa","FL","3","pilot-2026-09-25-b2","Quick question about Building Blocks Behavioral Foundations's openings in FL","Hi Brooklyn,

I was looking at independent ABA practices in Tampa and came across Building Blocks Behavioral Foundations. 

A lot of clinic owners we talk to with 1–3 locations tell us their biggest bottleneck isn't clinical interest—it's getting predictable commercial-insurance & private-pay inquiries without giving up margins to PE aggregators.

We built an intake & patient growth system specifically for independent practices across your 3 locations. You can see how the intake flow and caseload matching work here:

{{TRACKED_URL_TOUCH_1}}

Do you have 15 minutes this Thursday or Friday to see if this fits your current openings?

Best,
Hudson Argollo
Gold Traffic / ABA Practice Growth","https://abaclinics.clubemkt.digital/aba?lid={{LEAD_ID}}&utm_source=cold_email&utm_medium=email&utm_campaign=pilot-2026-09-25-b2&utm_content=touch_1","Re: Building Blocks Behavioral Foundations's openings in FL","Hi Brooklyn,

Quick follow-up on my note from earlier this week.

When clinics expand or try to hire new BCBAs, keeping the waitlist warm and converting families at the exact moment a slot opens is usually what keeps rooms full.

We put together a 20-minute discovery breakdown for independent practices:
{{TRACKED_URL_TOUCH_2}}

Would love to share what's working for clinics in FL if you're open to it.

Best,
Hudson","https://abaclinics.clubemkt.digital/aba?lid={{LEAD_ID}}&utm_source=cold_email&utm_medium=email&utm_campaign=pilot-2026-09-25-b2&utm_content=touch_2","Filling Building Blocks Behavioral Foundations's caseload (FL)","Hi Brooklyn,

I know you're busy running Building Blocks Behavioral Foundations. 

If patient intake or waitlist conversion isn't a priority right now, no worries at all. If you ever want to check our 2-minute fit assessment or look at the numbers, you can bookmark this link:

{{TRACKED_URL_TOUCH_3}}

Wishing you and the team continued success in Tampa!

Best,
Hudson","https://abaclinics.clubemkt.digital/aba?lid={{LEAD_ID}}&utm_source=cold_email&utm_medium=email&utm_campaign=pilot-2026-09-25-b2&utm_content=touch_3"
"Calm Therapeutic Solutions","Bruce Ball","Bruce","bball@calmautismca.com","Sacramento","CA","4","pilot-2026-09-25-b2","Quick question about Calm Therapeutic Solutions's openings in CA","Hi Bruce,

I was looking at independent ABA practices in Sacramento and came across Calm Therapeutic Solutions. 

A lot of clinic owners we talk to with 1–4 locations tell us their biggest bottleneck isn't clinical interest—it's getting predictable commercial-insurance & private-pay inquiries without giving up margins to PE aggregators.

We built an intake & patient growth system specifically for independent practices across your 4 locations. You can see how the intake flow and caseload matching work here:

{{TRACKED_URL_TOUCH_1}}

Do you have 15 minutes this Thursday or Friday to see if this fits your current openings?

Best,
Hudson Argollo
Gold Traffic / ABA Practice Growth","https://abaclinics.clubemkt.digital/aba?lid={{LEAD_ID}}&utm_source=cold_email&utm_medium=email&utm_campaign=pilot-2026-09-25-b2&utm_content=touch_1","Re: Calm Therapeutic Solutions's openings in CA","Hi Bruce,

Quick follow-up on my note from earlier this week.

When clinics expand or try to hire new BCBAs, keeping the waitlist warm and converting families at the exact moment a slot opens is usually what keeps rooms full.

We put together a 20-minute discovery breakdown for independent practices:
{{TRACKED_URL_TOUCH_2}}

Would love to share what's working for clinics in CA if you're open to it.

Best,
Hudson","https://abaclinics.clubemkt.digital/aba?lid={{LEAD_ID}}&utm_source=cold_email&utm_medium=email&utm_campaign=pilot-2026-09-25-b2&utm_content=touch_2","Filling Calm Therapeutic Solutions's caseload (CA)","Hi Bruce,

I know you're busy running Calm Therapeutic Solutions. 

If patient intake or waitlist conversion isn't a priority right now, no worries at all. If you ever want to check our 2-minute fit assessment or look at the numbers, you can bookmark this link:

{{TRACKED_URL_TOUCH_3}}

Wishing you and the team continued success in Sacramento!

Best,
Hudson","https://abaclinics.clubemkt.digital/aba?lid={{LEAD_ID}}&utm_source=cold_email&utm_medium=email&utm_campaign=pilot-2026-09-25-b2&utm_content=touch_3"
"Canyon ABA Collective","Bryan Ballard","Bryan","bryan.ballard@canyoncarenc.org","Burlington","NC","1","pilot-2026-09-25-b2","Quick question about Canyon ABA Collective's openings in NC","Hi Bryan,

I was looking at independent ABA practices in Burlington and came across Canyon ABA Collective. 

A lot of clinic owners we talk to with 1–3 locations tell us their biggest bottleneck isn't clinical interest—it's getting predictable commercial-insurance & private-pay inquiries without giving up margins to PE aggregators.

We built an intake & patient growth system specifically for independent practices at Canyon ABA Collective. You can see how the intake flow and caseload matching work here:

{{TRACKED_URL_TOUCH_1}}

Do you have 15 minutes this Thursday or Friday to see if this fits your current openings?

Best,
Hudson Argollo
Gold Traffic / ABA Practice Growth","https://abaclinics.clubemkt.digital/aba?lid={{LEAD_ID}}&utm_source=cold_email&utm_medium=email&utm_campaign=pilot-2026-09-25-b2&utm_content=touch_1","Re: Canyon ABA Collective's openings in NC","Hi Bryan,

Quick follow-up on my note from earlier this week.

When clinics expand or try to hire new BCBAs, keeping the waitlist warm and converting families at the exact moment a slot opens is usually what keeps rooms full.

We put together a 20-minute discovery breakdown for independent practices:
{{TRACKED_URL_TOUCH_2}}

Would love to share what's working for clinics in NC if you're open to it.

Best,
Hudson","https://abaclinics.clubemkt.digital/aba?lid={{LEAD_ID}}&utm_source=cold_email&utm_medium=email&utm_campaign=pilot-2026-09-25-b2&utm_content=touch_2","Filling Canyon ABA Collective's caseload (NC)","Hi Bryan,

I know you're busy running Canyon ABA Collective. 

If patient intake or waitlist conversion isn't a priority right now, no worries at all. If you ever want to check our 2-minute fit assessment or look at the numbers, you can bookmark this link:

{{TRACKED_URL_TOUCH_3}}

Wishing you and the team continued success in Burlington!

Best,
Hudson","https://abaclinics.clubemkt.digital/aba?lid={{LEAD_ID}}&utm_source=cold_email&utm_medium=email&utm_campaign=pilot-2026-09-25-b2&utm_content=touch_3"
"Capital Autism Clinic","Caleb Ballesteros","Caleb","cballesteros@capitalabaga.com","Atlanta","GA","2","pilot-2026-09-25-b2","Quick question about Capital Autism Clinic's openings in GA","Hi Caleb,

I was looking at independent ABA practices in Atlanta and came across Capital Autism Clinic. 

A lot of clinic owners we talk to with 1–3 locations tell us their biggest bottleneck isn't clinical interest—it's getting predictable commercial-insurance & private-pay inquiries without giving up margins to PE aggregators.

We built an intake & patient growth system specifically for independent practices across your 2 locations. You can see how the intake flow and caseload matching work here:

{{TRACKED_URL_TOUCH_1}}

Do you have 15 minutes this Thursday or Friday to see if this fits your current openings?

Best,
Hudson Argollo
Gold Traffic / ABA Practice Growth","https://abaclinics.clubemkt.digital/aba?lid={{LEAD_ID}}&utm_source=cold_email&utm_medium=email&utm_campaign=pilot-2026-09-25-b2&utm_content=touch_1","Re: Capital Autism Clinic's openings in GA","Hi Caleb,

Quick follow-up on my note from earlier this week.

When clinics expand or try to hire new BCBAs, keeping the waitlist warm and converting families at the exact moment a slot opens is usually what keeps rooms full.

We put together a 20-minute discovery breakdown for independent practices:
{{TRACKED_URL_TOUCH_2}}

Would love to share what's working for clinics in GA if you're open to it.

Best,
Hudson","https://abaclinics.clubemkt.digital/aba?lid={{LEAD_ID}}&utm_source=cold_email&utm_medium=email&utm_campaign=pilot-2026-09-25-b2&utm_content=touch_2","Filling Capital Autism Clinic's caseload (GA)","Hi Caleb,

I know you're busy running Capital Autism Clinic. 

If patient intake or waitlist conversion isn't a priority right now, no worries at all. If you ever want to check our 2-minute fit assessment or look at the numbers, you can bookmark this link:

{{TRACKED_URL_TOUCH_3}}

Wishing you and the team continued success in Atlanta!

Best,
Hudson","https://abaclinics.clubemkt.digital/aba?lid={{LEAD_ID}}&utm_source=cold_email&utm_medium=email&utm_campaign=pilot-2026-09-25-b2&utm_content=touch_3"
"CarePoint ABA Center","Cameron Banks","Cameron","cameron.banks@carepointautismco.com","Arvada","CO","3","pilot-2026-09-25-b2","Quick question about CarePoint ABA Center's openings in CO","Hi Cameron,

I was looking at independent ABA practices in Arvada and came across CarePoint ABA Center. 

A lot of clinic owners we talk to with 1–3 locations tell us their biggest bottleneck isn't clinical interest—it's getting predictable commercial-insurance & private-pay inquiries without giving up margins to PE aggregators.

We built an intake & patient growth system specifically for independent practices across your 3 locations. You can see how the intake flow and caseload matching work here:

{{TRACKED_URL_TOUCH_1}}

Do you have 15 minutes this Thursday or Friday to see if this fits your current openings?

Best,
Hudson Argollo
Gold Traffic / ABA Practice Growth","https://abaclinics.clubemkt.digital/aba?lid={{LEAD_ID}}&utm_source=cold_email&utm_medium=email&utm_campaign=pilot-2026-09-25-b2&utm_content=touch_1","Re: CarePoint ABA Center's openings in CO","Hi Cameron,

Quick follow-up on my note from earlier this week.

When clinics expand or try to hire new BCBAs, keeping the waitlist warm and converting families at the exact moment a slot opens is usually what keeps rooms full.

We put together a 20-minute discovery breakdown for independent practices:
{{TRACKED_URL_TOUCH_2}}

Would love to share what's working for clinics in CO if you're open to it.

Best,
Hudson","https://abaclinics.clubemkt.digital/aba?lid={{LEAD_ID}}&utm_source=cold_email&utm_medium=email&utm_campaign=pilot-2026-09-25-b2&utm_content=touch_2","Filling CarePoint ABA Center's caseload (CO)","Hi Cameron,

I know you're busy running CarePoint ABA Center. 

If patient intake or waitlist conversion isn't a priority right now, no worries at all. If you ever want to check our 2-minute fit assessment or look at the numbers, you can bookmark this link:

{{TRACKED_URL_TOUCH_3}}

Wishing you and the team continued success in Arvada!

Best,
Hudson","https://abaclinics.clubemkt.digital/aba?lid={{LEAD_ID}}&utm_source=cold_email&utm_medium=email&utm_campaign=pilot-2026-09-25-b2&utm_content=touch_3"
"Cascade Behavioral Health Network","Camila Bankston","Camila","cbankston@cascadecareva.com","Reston","VA","4","pilot-2026-09-25-b2","Quick question about Cascade Behavioral Health Network's openings in VA","Hi Camila,

I was looking at independent ABA practices in Reston and came across Cascade Behavioral Health Network. 

A lot of clinic owners we talk to with 1–4 locations tell us their biggest bottleneck isn't clinical interest—it's getting predictable commercial-insurance & private-pay inquiries without giving up margins to PE aggregators.

We built an intake & patient growth system specifically for independent practices across your 4 locations. You can see how the intake flow and caseload matching work here:

{{TRACKED_URL_TOUCH_1}}

Do you have 15 minutes this Thursday or Friday to see if this fits your current openings?

Best,
Hudson Argollo
Gold Traffic / ABA Practice Growth","https://abaclinics.clubemkt.digital/aba?lid={{LEAD_ID}}&utm_source=cold_email&utm_medium=email&utm_campaign=pilot-2026-09-25-b2&utm_content=touch_1","Re: Cascade Behavioral Health Network's openings in VA","Hi Camila,

Quick follow-up on my note from earlier this week.

When clinics expand or try to hire new BCBAs, keeping the waitlist warm and converting families at the exact moment a slot opens is usually what keeps rooms full.

We put together a 20-minute discovery breakdown for independent practices:
{{TRACKED_URL_TOUCH_2}}

Would love to share what's working for clinics in VA if you're open to it.

Best,
Hudson","https://abaclinics.clubemkt.digital/aba?lid={{LEAD_ID}}&utm_source=cold_email&utm_medium=email&utm_campaign=pilot-2026-09-25-b2&utm_content=touch_2","Filling Cascade Behavioral Health Network's caseload (VA)","Hi Camila,

I know you're busy running Cascade Behavioral Health Network. 

If patient intake or waitlist conversion isn't a priority right now, no worries at all. If you ever want to check our 2-minute fit assessment or look at the numbers, you can bookmark this link:

{{TRACKED_URL_TOUCH_3}}

Wishing you and the team continued success in Reston!

Best,
Hudson","https://abaclinics.clubemkt.digital/aba?lid={{LEAD_ID}}&utm_source=cold_email&utm_medium=email&utm_campaign=pilot-2026-09-25-b2&utm_content=touch_3"
"Cedar Autism Group","Carla Bannister","Carla","carla.bannister@cedarabamd.org","Towson","MD","1","pilot-2026-09-25-b2","Quick question about Cedar Autism Group's openings in MD","Hi Carla,

I was looking at independent ABA practices in Towson and came across Cedar Autism Group. 

A lot of clinic owners we talk to with 1–3 locations tell us their biggest bottleneck isn't clinical interest—it's getting predictable commercial-insurance & private-pay inquiries without giving up margins to PE aggregators.

We built an intake & patient growth system specifically for independent practices at Cedar Autism Group. You can see how the intake flow and caseload matching work here:

{{TRACKED_URL_TOUCH_1}}

Do you have 15 minutes this Thursday or Friday to see if this fits your current openings?

Best,
Hudson Argollo
Gold Traffic / ABA Practice Growth","https://abaclinics.clubemkt.digital/aba?lid={{LEAD_ID}}&utm_source=cold_email&utm_medium=email&utm_campaign=pilot-2026-09-25-b2&utm_content=touch_1","Re: Cedar Autism Group's openings in MD","Hi Carla,

Quick follow-up on my note from earlier this week.

When clinics expand or try to hire new BCBAs, keeping the waitlist warm and converting families at the exact moment a slot opens is usually what keeps rooms full.

We put together a 20-minute discovery breakdown for independent practices:
{{TRACKED_URL_TOUCH_2}}

Would love to share what's working for clinics in MD if you're open to it.

Best,
Hudson","https://abaclinics.clubemkt.digital/aba?lid={{LEAD_ID}}&utm_source=cold_email&utm_medium=email&utm_campaign=pilot-2026-09-25-b2&utm_content=touch_2","Filling Cedar Autism Group's caseload (MD)","Hi Carla,

I know you're busy running Cedar Autism Group. 

If patient intake or waitlist conversion isn't a priority right now, no worries at all. If you ever want to check our 2-minute fit assessment or look at the numbers, you can bookmark this link:

{{TRACKED_URL_TOUCH_3}}

Wishing you and the team continued success in Towson!

Best,
Hudson","https://abaclinics.clubemkt.digital/aba?lid={{LEAD_ID}}&utm_source=cold_email&utm_medium=email&utm_campaign=pilot-2026-09-25-b2&utm_content=touch_3"
"Celestial Applied Behavior Specialists","Carlos Barajas","Carlos","cbarajas@celestialautismil.net","Peoria","IL","2","pilot-2026-09-25-b2","Quick question about Celestial Applied Behavior Specialists's openings in IL","Hi Carlos,

I was looking at independent ABA practices in Peoria and came across Celestial Applied Behavior Specialists. 

A lot of clinic owners we talk to with 1–3 locations tell us their biggest bottleneck isn't clinical interest—it's getting predictable commercial-insurance & private-pay inquiries without giving up margins to PE aggregators.

We built an intake & patient growth system specifically for independent practices across your 2 locations. You can see how the intake flow and caseload matching work here:

{{TRACKED_URL_TOUCH_1}}

Do you have 15 minutes this Thursday or Friday to see if this fits your current openings?

Best,
Hudson Argollo
Gold Traffic / ABA Practice Growth","https://abaclinics.clubemkt.digital/aba?lid={{LEAD_ID}}&utm_source=cold_email&utm_medium=email&utm_campaign=pilot-2026-09-25-b2&utm_content=touch_1","Re: Celestial Applied Behavior Specialists's openings in IL","Hi Carlos,

Quick follow-up on my note from earlier this week.

When clinics expand or try to hire new BCBAs, keeping the waitlist warm and converting families at the exact moment a slot opens is usually what keeps rooms full.

We put together a 20-minute discovery breakdown for independent practices:
{{TRACKED_URL_TOUCH_2}}

Would love to share what's working for clinics in IL if you're open to it.

Best,
Hudson","https://abaclinics.clubemkt.digital/aba?lid={{LEAD_ID}}&utm_source=cold_email&utm_medium=email&utm_campaign=pilot-2026-09-25-b2&utm_content=touch_2","Filling Celestial Applied Behavior Specialists's caseload (IL)","Hi Carlos,

I know you're busy running Celestial Applied Behavior Specialists. 

If patient intake or waitlist conversion isn't a priority right now, no worries at all. If you ever want to check our 2-minute fit assessment or look at the numbers, you can bookmark this link:

{{TRACKED_URL_TOUCH_3}}

Wishing you and the team continued success in Peoria!

Best,
Hudson","https://abaclinics.clubemkt.digital/aba?lid={{LEAD_ID}}&utm_source=cold_email&utm_medium=email&utm_campaign=pilot-2026-09-25-b2&utm_content=touch_3"
"Centennial Therapy Partners","Caroline Barba","Caroline","caroline.barba@centennialcareut.com","Taylorsville","UT","3","pilot-2026-09-25-b2","Quick question about Centennial Therapy Partners's openings in UT","Hi Caroline,

I was looking at independent ABA practices in Taylorsville and came across Centennial Therapy Partners. 

A lot of clinic owners we talk to with 1–3 locations tell us their biggest bottleneck isn't clinical interest—it's getting predictable commercial-insurance & private-pay inquiries without giving up margins to PE aggregators.

We built an intake & patient growth system specifically for independent practices across your 3 locations. You can see how the intake flow and caseload matching work here:

{{TRACKED_URL_TOUCH_1}}

Do you have 15 minutes this Thursday or Friday to see if this fits your current openings?

Best,
Hudson Argollo
Gold Traffic / ABA Practice Growth","https://abaclinics.clubemkt.digital/aba?lid={{LEAD_ID}}&utm_source=cold_email&utm_medium=email&utm_campaign=pilot-2026-09-25-b2&utm_content=touch_1","Re: Centennial Therapy Partners's openings in UT","Hi Caroline,

Quick follow-up on my note from earlier this week.

When clinics expand or try to hire new BCBAs, keeping the waitlist warm and converting families at the exact moment a slot opens is usually what keeps rooms full.

We put together a 20-minute discovery breakdown for independent practices:
{{TRACKED_URL_TOUCH_2}}

Would love to share what's working for clinics in UT if you're open to it.

Best,
Hudson","https://abaclinics.clubemkt.digital/aba?lid={{LEAD_ID}}&utm_source=cold_email&utm_medium=email&utm_campaign=pilot-2026-09-25-b2&utm_content=touch_2","Filling Centennial Therapy Partners's caseload (UT)","Hi Caroline,

I know you're busy running Centennial Therapy Partners. 

If patient intake or waitlist conversion isn't a priority right now, no worries at all. If you ever want to check our 2-minute fit assessment or look at the numbers, you can bookmark this link:

{{TRACKED_URL_TOUCH_3}}

Wishing you and the team continued success in Taylorsville!

Best,
Hudson","https://abaclinics.clubemkt.digital/aba?lid={{LEAD_ID}}&utm_source=cold_email&utm_medium=email&utm_campaign=pilot-2026-09-25-b2&utm_content=touch_3"
"CenterPoint Pediatric Autism Services","Carolyn Barbee","Carolyn","cbarbee@centerpointabanj.com","Princeton","NJ","4","pilot-2026-09-25-b2","Quick question about CenterPoint Pediatric Autism Services's openings in NJ","Hi Carolyn,

I was looking at independent ABA practices in Princeton and came across CenterPoint Pediatric Autism Services. 

A lot of clinic owners we talk to with 1–4 locations tell us their biggest bottleneck isn't clinical interest—it's getting predictable commercial-insurance & private-pay inquiries without giving up margins to PE aggregators.

We built an intake & patient growth system specifically for independent practices across your 4 locations. You can see how the intake flow and caseload matching work here:

{{TRACKED_URL_TOUCH_1}}

Do you have 15 minutes this Thursday or Friday to see if this fits your current openings?

Best,
Hudson Argollo
Gold Traffic / ABA Practice Growth","https://abaclinics.clubemkt.digital/aba?lid={{LEAD_ID}}&utm_source=cold_email&utm_medium=email&utm_campaign=pilot-2026-09-25-b2&utm_content=touch_1","Re: CenterPoint Pediatric Autism Services's openings in NJ","Hi Carolyn,

Quick follow-up on my note from earlier this week.

When clinics expand or try to hire new BCBAs, keeping the waitlist warm and converting families at the exact moment a slot opens is usually what keeps rooms full.

We put together a 20-minute discovery breakdown for independent practices:
{{TRACKED_URL_TOUCH_2}}

Would love to share what's working for clinics in NJ if you're open to it.

Best,
Hudson","https://abaclinics.clubemkt.digital/aba?lid={{LEAD_ID}}&utm_source=cold_email&utm_medium=email&utm_campaign=pilot-2026-09-25-b2&utm_content=touch_2","Filling CenterPoint Pediatric Autism Services's caseload (NJ)","Hi Carolyn,

I know you're busy running CenterPoint Pediatric Autism Services. 

If patient intake or waitlist conversion isn't a priority right now, no worries at all. If you ever want to check our 2-minute fit assessment or look at the numbers, you can bookmark this link:

{{TRACKED_URL_TOUCH_3}}

Wishing you and the team continued success in Princeton!

Best,
Hudson","https://abaclinics.clubemkt.digital/aba?lid={{LEAD_ID}}&utm_source=cold_email&utm_medium=email&utm_campaign=pilot-2026-09-25-b2&utm_content=touch_3"
"Champion Behavioral Care Center","Carson Barber","Carson","carson.barber@championautismtx.org","Lubbock","TX","1","pilot-2026-09-25-b2","Quick question about Champion Behavioral Care Center's openings in TX","Hi Carson,

I was looking at independent ABA practices in Lubbock and came across Champion Behavioral Care Center. 

A lot of clinic owners we talk to with 1–3 locations tell us their biggest bottleneck isn't clinical interest—it's getting predictable commercial-insurance & private-pay inquiries without giving up margins to PE aggregators.

We built an intake & patient growth system specifically for independent practices at Champion Behavioral Care Center. You can see how the intake flow and caseload matching work here:

{{TRACKED_URL_TOUCH_1}}

Do you have 15 minutes this Thursday or Friday to see if this fits your current openings?

Best,
Hudson Argollo
Gold Traffic / ABA Practice Growth","https://abaclinics.clubemkt.digital/aba?lid={{LEAD_ID}}&utm_source=cold_email&utm_medium=email&utm_campaign=pilot-2026-09-25-b2&utm_content=touch_1","Re: Champion Behavioral Care Center's openings in TX","Hi Carson,

Quick follow-up on my note from earlier this week.

When clinics expand or try to hire new BCBAs, keeping the waitlist warm and converting families at the exact moment a slot opens is usually what keeps rooms full.

We put together a 20-minute discovery breakdown for independent practices:
{{TRACKED_URL_TOUCH_2}}

Would love to share what's working for clinics in TX if you're open to it.

Best,
Hudson","https://abaclinics.clubemkt.digital/aba?lid={{LEAD_ID}}&utm_source=cold_email&utm_medium=email&utm_campaign=pilot-2026-09-25-b2&utm_content=touch_2","Filling Champion Behavioral Care Center's caseload (TX)","Hi Carson,

I know you're busy running Champion Behavioral Care Center. 

If patient intake or waitlist conversion isn't a priority right now, no worries at all. If you ever want to check our 2-minute fit assessment or look at the numbers, you can bookmark this link:

{{TRACKED_URL_TOUCH_3}}

Wishing you and the team continued success in Lubbock!

Best,
Hudson","https://abaclinics.clubemkt.digital/aba?lid={{LEAD_ID}}&utm_source=cold_email&utm_medium=email&utm_campaign=pilot-2026-09-25-b2&utm_content=touch_3"
"Channel Autism & Learning Institute","Carter Abbott","Carter","cabbott@channelcarefl.com","West Palm Beach","FL","2","pilot-2026-09-25-b2","Quick question about Channel Autism & Learning Institute's openings in FL","Hi Carter,

I was looking at independent ABA practices in West Palm Beach and came across Channel Autism & Learning Institute. 

A lot of clinic owners we talk to with 1–3 locations tell us their biggest bottleneck isn't clinical interest—it's getting predictable commercial-insurance & private-pay inquiries without giving up margins to PE aggregators.

We built an intake & patient growth system specifically for independent practices across your 2 locations. You can see how the intake flow and caseload matching work here:

{{TRACKED_URL_TOUCH_1}}

Do you have 15 minutes this Thursday or Friday to see if this fits your current openings?

Best,
Hudson Argollo
Gold Traffic / ABA Practice Growth","https://abaclinics.clubemkt.digital/aba?lid={{LEAD_ID}}&utm_source=cold_email&utm_medium=email&utm_campaign=pilot-2026-09-25-b2&utm_content=touch_1","Re: Channel Autism & Learning Institute's openings in FL","Hi Carter,

Quick follow-up on my note from earlier this week.

When clinics expand or try to hire new BCBAs, keeping the waitlist warm and converting families at the exact moment a slot opens is usually what keeps rooms full.

We put together a 20-minute discovery breakdown for independent practices:
{{TRACKED_URL_TOUCH_2}}

Would love to share what's working for clinics in FL if you're open to it.

Best,
Hudson","https://abaclinics.clubemkt.digital/aba?lid={{LEAD_ID}}&utm_source=cold_email&utm_medium=email&utm_campaign=pilot-2026-09-25-b2&utm_content=touch_2","Filling Channel Autism & Learning Institute's caseload (FL)","Hi Carter,

I know you're busy running Channel Autism & Learning Institute. 

If patient intake or waitlist conversion isn't a priority right now, no worries at all. If you ever want to check our 2-minute fit assessment or look at the numbers, you can bookmark this link:

{{TRACKED_URL_TOUCH_3}}

Wishing you and the team continued success in West Palm Beach!

Best,
Hudson","https://abaclinics.clubemkt.digital/aba?lid={{LEAD_ID}}&utm_source=cold_email&utm_medium=email&utm_campaign=pilot-2026-09-25-b2&utm_content=touch_3"
"Circle Developmental Solutions","Cassandra Abernathy","Cassandra","cassandra.abernathy@circleabaca.com","Fremont","CA","3","pilot-2026-09-25-b2","Quick question about Circle Developmental Solutions's openings in CA","Hi Cassandra,

I was looking at independent ABA practices in Fremont and came across Circle Developmental Solutions. 

A lot of clinic owners we talk to with 1–3 locations tell us their biggest bottleneck isn't clinical interest—it's getting predictable commercial-insurance & private-pay inquiries without giving up margins to PE aggregators.

We built an intake & patient growth system specifically for independent practices across your 3 locations. You can see how the intake flow and caseload matching work here:

{{TRACKED_URL_TOUCH_1}}

Do you have 15 minutes this Thursday or Friday to see if this fits your current openings?

Best,
Hudson Argollo
Gold Traffic / ABA Practice Growth","https://abaclinics.clubemkt.digital/aba?lid={{LEAD_ID}}&utm_source=cold_email&utm_medium=email&utm_campaign=pilot-2026-09-25-b2&utm_content=touch_1","Re: Circle Developmental Solutions's openings in CA","Hi Cassandra,

Quick follow-up on my note from earlier this week.

When clinics expand or try to hire new BCBAs, keeping the waitlist warm and converting families at the exact moment a slot opens is usually what keeps rooms full.

We put together a 20-minute discovery breakdown for independent practices:
{{TRACKED_URL_TOUCH_2}}

Would love to share what's working for clinics in CA if you're open to it.

Best,
Hudson","https://abaclinics.clubemkt.digital/aba?lid={{LEAD_ID}}&utm_source=cold_email&utm_medium=email&utm_campaign=pilot-2026-09-25-b2&utm_content=touch_2","Filling Circle Developmental Solutions's caseload (CA)","Hi Cassandra,

I know you're busy running Circle Developmental Solutions. 

If patient intake or waitlist conversion isn't a priority right now, no worries at all. If you ever want to check our 2-minute fit assessment or look at the numbers, you can bookmark this link:

{{TRACKED_URL_TOUCH_3}}

Wishing you and the team continued success in Fremont!

Best,
Hudson","https://abaclinics.clubemkt.digital/aba?lid={{LEAD_ID}}&utm_source=cold_email&utm_medium=email&utm_campaign=pilot-2026-09-25-b2&utm_content=touch_3"
"Climb Behavioral Therapy Center","Catherine Acevedo","Catherine","cacevedo@climbautismnc.com","Gastonia","NC","4","pilot-2026-09-25-b2","Quick question about Climb Behavioral Therapy Center's openings in NC","Hi Catherine,

I was looking at independent ABA practices in Gastonia and came across Climb Behavioral Therapy Center. 

A lot of clinic owners we talk to with 1–4 locations tell us their biggest bottleneck isn't clinical interest—it's getting predictable commercial-insurance & private-pay inquiries without giving up margins to PE aggregators.

We built an intake & patient growth system specifically for independent practices across your 4 locations. You can see how the intake flow and caseload matching work here:

{{TRACKED_URL_TOUCH_1}}

Do you have 15 minutes this Thursday or Friday to see if this fits your current openings?

Best,
Hudson Argollo
Gold Traffic / ABA Practice Growth","https://abaclinics.clubemkt.digital/aba?lid={{LEAD_ID}}&utm_source=cold_email&utm_medium=email&utm_campaign=pilot-2026-09-25-b2&utm_content=touch_1","Re: Climb Behavioral Therapy Center's openings in NC","Hi Catherine,

Quick follow-up on my note from earlier this week.

When clinics expand or try to hire new BCBAs, keeping the waitlist warm and converting families at the exact moment a slot opens is usually what keeps rooms full.

We put together a 20-minute discovery breakdown for independent practices:
{{TRACKED_URL_TOUCH_2}}

Would love to share what's working for clinics in NC if you're open to it.

Best,
Hudson","https://abaclinics.clubemkt.digital/aba?lid={{LEAD_ID}}&utm_source=cold_email&utm_medium=email&utm_campaign=pilot-2026-09-25-b2&utm_content=touch_2","Filling Climb Behavioral Therapy Center's caseload (NC)","Hi Catherine,

I know you're busy running Climb Behavioral Therapy Center. 

If patient intake or waitlist conversion isn't a priority right now, no worries at all. If you ever want to check our 2-minute fit assessment or look at the numbers, you can bookmark this link:

{{TRACKED_URL_TOUCH_3}}

Wishing you and the team continued success in Gastonia!

Best,
Hudson","https://abaclinics.clubemkt.digital/aba?lid={{LEAD_ID}}&utm_source=cold_email&utm_medium=email&utm_campaign=pilot-2026-09-25-b2&utm_content=touch_3"
"Clover Autism Discovery Center","Cecilia Acosta","Cecilia","cecilia.acosta@clovercarega.org","Cumming","GA","1","pilot-2026-09-25-b2","Quick question about Clover Autism Discovery Center's openings in GA","Hi Cecilia,

I was looking at independent ABA practices in Cumming and came across Clover Autism Discovery Center. 

A lot of clinic owners we talk to with 1–3 locations tell us their biggest bottleneck isn't clinical interest—it's getting predictable commercial-insurance & private-pay inquiries without giving up margins to PE aggregators.

We built an intake & patient growth system specifically for independent practices at Clover Autism Discovery Center. You can see how the intake flow and caseload matching work here:

{{TRACKED_URL_TOUCH_1}}

Do you have 15 minutes this Thursday or Friday to see if this fits your current openings?

Best,
Hudson Argollo
Gold Traffic / ABA Practice Growth","https://abaclinics.clubemkt.digital/aba?lid={{LEAD_ID}}&utm_source=cold_email&utm_medium=email&utm_campaign=pilot-2026-09-25-b2&utm_content=touch_1","Re: Clover Autism Discovery Center's openings in GA","Hi Cecilia,

Quick follow-up on my note from earlier this week.

When clinics expand or try to hire new BCBAs, keeping the waitlist warm and converting families at the exact moment a slot opens is usually what keeps rooms full.

We put together a 20-minute discovery breakdown for independent practices:
{{TRACKED_URL_TOUCH_2}}

Would love to share what's working for clinics in GA if you're open to it.

Best,
Hudson","https://abaclinics.clubemkt.digital/aba?lid={{LEAD_ID}}&utm_source=cold_email&utm_medium=email&utm_campaign=pilot-2026-09-25-b2&utm_content=touch_2","Filling Clover Autism Discovery Center's caseload (GA)","Hi Cecilia,

I know you're busy running Clover Autism Discovery Center. 

If patient intake or waitlist conversion isn't a priority right now, no worries at all. If you ever want to check our 2-minute fit assessment or look at the numbers, you can bookmark this link:

{{TRACKED_URL_TOUCH_3}}

Wishing you and the team continued success in Cumming!

Best,
Hudson","https://abaclinics.clubemkt.digital/aba?lid={{LEAD_ID}}&utm_source=cold_email&utm_medium=email&utm_campaign=pilot-2026-09-25-b2&utm_content=touch_3"
"Coastal Behavioral Foundations","Chad Adair","Chad","cadair@coastalabaco.com","Boulder","CO","2","pilot-2026-09-25-b2","Quick question about Coastal Behavioral Foundations's openings in CO","Hi Chad,

I was looking at independent ABA practices in Boulder and came across Coastal Behavioral Foundations. 

A lot of clinic owners we talk to with 1–3 locations tell us their biggest bottleneck isn't clinical interest—it's getting predictable commercial-insurance & private-pay inquiries without giving up margins to PE aggregators.

We built an intake & patient growth system specifically for independent practices across your 2 locations. You can see how the intake flow and caseload matching work here:

{{TRACKED_URL_TOUCH_1}}

Do you have 15 minutes this Thursday or Friday to see if this fits your current openings?

Best,
Hudson Argollo
Gold Traffic / ABA Practice Growth","https://abaclinics.clubemkt.digital/aba?lid={{LEAD_ID}}&utm_source=cold_email&utm_medium=email&utm_campaign=pilot-2026-09-25-b2&utm_content=touch_1","Re: Coastal Behavioral Foundations's openings in CO","Hi Chad,

Quick follow-up on my note from earlier this week.

When clinics expand or try to hire new BCBAs, keeping the waitlist warm and converting families at the exact moment a slot opens is usually what keeps rooms full.

We put together a 20-minute discovery breakdown for independent practices:
{{TRACKED_URL_TOUCH_2}}

Would love to share what's working for clinics in CO if you're open to it.

Best,
Hudson","https://abaclinics.clubemkt.digital/aba?lid={{LEAD_ID}}&utm_source=cold_email&utm_medium=email&utm_campaign=pilot-2026-09-25-b2&utm_content=touch_2","Filling Coastal Behavioral Foundations's caseload (CO)","Hi Chad,

I know you're busy running Coastal Behavioral Foundations. 

If patient intake or waitlist conversion isn't a priority right now, no worries at all. If you ever want to check our 2-minute fit assessment or look at the numbers, you can bookmark this link:

{{TRACKED_URL_TOUCH_3}}

Wishing you and the team continued success in Boulder!

Best,
Hudson","https://abaclinics.clubemkt.digital/aba?lid={{LEAD_ID}}&utm_source=cold_email&utm_medium=email&utm_campaign=pilot-2026-09-25-b2&utm_content=touch_3"
"Cognitive Therapeutic Solutions","Charles Adkins","Charles","charles.adkins@cognitiveautismva.com","Roanoke","VA","3","pilot-2026-09-25-b2","Quick question about Cognitive Therapeutic Solutions's openings in VA","Hi Charles,

I was looking at independent ABA practices in Roanoke and came across Cognitive Therapeutic Solutions. 

A lot of clinic owners we talk to with 1–3 locations tell us their biggest bottleneck isn't clinical interest—it's getting predictable commercial-insurance & private-pay inquiries without giving up margins to PE aggregators.

We built an intake & patient growth system specifically for independent practices across your 3 locations. You can see how the intake flow and caseload matching work here:

{{TRACKED_URL_TOUCH_1}}

Do you have 15 minutes this Thursday or Friday to see if this fits your current openings?

Best,
Hudson Argollo
Gold Traffic / ABA Practice Growth","https://abaclinics.clubemkt.digital/aba?lid={{LEAD_ID}}&utm_source=cold_email&utm_medium=email&utm_campaign=pilot-2026-09-25-b2&utm_content=touch_1","Re: Cognitive Therapeutic Solutions's openings in VA","Hi Charles,

Quick follow-up on my note from earlier this week.

When clinics expand or try to hire new BCBAs, keeping the waitlist warm and converting families at the exact moment a slot opens is usually what keeps rooms full.

We put together a 20-minute discovery breakdown for independent practices:
{{TRACKED_URL_TOUCH_2}}

Would love to share what's working for clinics in VA if you're open to it.

Best,
Hudson","https://abaclinics.clubemkt.digital/aba?lid={{LEAD_ID}}&utm_source=cold_email&utm_medium=email&utm_campaign=pilot-2026-09-25-b2&utm_content=touch_2","Filling Cognitive Therapeutic Solutions's caseload (VA)","Hi Charles,

I know you're busy running Cognitive Therapeutic Solutions. 

If patient intake or waitlist conversion isn't a priority right now, no worries at all. If you ever want to check our 2-minute fit assessment or look at the numbers, you can bookmark this link:

{{TRACKED_URL_TOUCH_3}}

Wishing you and the team continued success in Roanoke!

Best,
Hudson","https://abaclinics.clubemkt.digital/aba?lid={{LEAD_ID}}&utm_source=cold_email&utm_medium=email&utm_campaign=pilot-2026-09-25-b2&utm_content=touch_3"
"Collab ABA Collective","Charlotte Aguilar","Charlotte","caguilar@collabcaremd.com","Bowie","MD","4","pilot-2026-09-25-b2","Quick question about Collab ABA Collective's openings in MD","Hi Charlotte,

I was looking at independent ABA practices in Bowie and came across Collab ABA Collective. 

A lot of clinic owners we talk to with 1–4 locations tell us their biggest bottleneck isn't clinical interest—it's getting predictable commercial-insurance & private-pay inquiries without giving up margins to PE aggregators.

We built an intake & patient growth system specifically for independent practices across your 4 locations. You can see how the intake flow and caseload matching work here:

{{TRACKED_URL_TOUCH_1}}

Do you have 15 minutes this Thursday or Friday to see if this fits your current openings?

Best,
Hudson Argollo
Gold Traffic / ABA Practice Growth","https://abaclinics.clubemkt.digital/aba?lid={{LEAD_ID}}&utm_source=cold_email&utm_medium=email&utm_campaign=pilot-2026-09-25-b2&utm_content=touch_1","Re: Collab ABA Collective's openings in MD","Hi Charlotte,

Quick follow-up on my note from earlier this week.

When clinics expand or try to hire new BCBAs, keeping the waitlist warm and converting families at the exact moment a slot opens is usually what keeps rooms full.

We put together a 20-minute discovery breakdown for independent practices:
{{TRACKED_URL_TOUCH_2}}

Would love to share what's working for clinics in MD if you're open to it.

Best,
Hudson","https://abaclinics.clubemkt.digital/aba?lid={{LEAD_ID}}&utm_source=cold_email&utm_medium=email&utm_campaign=pilot-2026-09-25-b2&utm_content=touch_2","Filling Collab ABA Collective's caseload (MD)","Hi Charlotte,

I know you're busy running Collab ABA Collective. 

If patient intake or waitlist conversion isn't a priority right now, no worries at all. If you ever want to check our 2-minute fit assessment or look at the numbers, you can bookmark this link:

{{TRACKED_URL_TOUCH_3}}

Wishing you and the team continued success in Bowie!

Best,
Hudson","https://abaclinics.clubemkt.digital/aba?lid={{LEAD_ID}}&utm_source=cold_email&utm_medium=email&utm_campaign=pilot-2026-09-25-b2&utm_content=touch_3"
"Comfort Autism Clinic","Chase Aguirre","Chase","chase.aguirre@comfortabail.org","Joliet","IL","1","pilot-2026-09-25-b2","Quick question about Comfort Autism Clinic's openings in IL","Hi Chase,

I was looking at independent ABA practices in Joliet and came across Comfort Autism Clinic. 

A lot of clinic owners we talk to with 1–3 locations tell us their biggest bottleneck isn't clinical interest—it's getting predictable commercial-insurance & private-pay inquiries without giving up margins to PE aggregators.

We built an intake & patient growth system specifically for independent practices at Comfort Autism Clinic. You can see how the intake flow and caseload matching work here:

{{TRACKED_URL_TOUCH_1}}

Do you have 15 minutes this Thursday or Friday to see if this fits your current openings?

Best,
Hudson Argollo
Gold Traffic / ABA Practice Growth","https://abaclinics.clubemkt.digital/aba?lid={{LEAD_ID}}&utm_source=cold_email&utm_medium=email&utm_campaign=pilot-2026-09-25-b2&utm_content=touch_1","Re: Comfort Autism Clinic's openings in IL","Hi Chase,

Quick follow-up on my note from earlier this week.

When clinics expand or try to hire new BCBAs, keeping the waitlist warm and converting families at the exact moment a slot opens is usually what keeps rooms full.

We put together a 20-minute discovery breakdown for independent practices:
{{TRACKED_URL_TOUCH_2}}

Would love to share what's working for clinics in IL if you're open to it.

Best,
Hudson","https://abaclinics.clubemkt.digital/aba?lid={{LEAD_ID}}&utm_source=cold_email&utm_medium=email&utm_campaign=pilot-2026-09-25-b2&utm_content=touch_2","Filling Comfort Autism Clinic's caseload (IL)","Hi Chase,

I know you're busy running Comfort Autism Clinic. 

If patient intake or waitlist conversion isn't a priority right now, no worries at all. If you ever want to check our 2-minute fit assessment or look at the numbers, you can bookmark this link:

{{TRACKED_URL_TOUCH_3}}

Wishing you and the team continued success in Joliet!

Best,
Hudson","https://abaclinics.clubemkt.digital/aba?lid={{LEAD_ID}}&utm_source=cold_email&utm_medium=email&utm_campaign=pilot-2026-09-25-b2&utm_content=touch_3"
"Common Ground ABA Center","Chelsea Albert","Chelsea","calbert@commongroundautismut.com","Lehi","UT","2","pilot-2026-09-25-b2","Quick question about Common Ground ABA Center's openings in UT","Hi Chelsea,

I was looking at independent ABA practices in Lehi and came across Common Ground ABA Center. 

A lot of clinic owners we talk to with 1–3 locations tell us their biggest bottleneck isn't clinical interest—it's getting predictable commercial-insurance & private-pay inquiries without giving up margins to PE aggregators.

We built an intake & patient growth system specifically for independent practices across your 2 locations. You can see how the intake flow and caseload matching work here:

{{TRACKED_URL_TOUCH_1}}

Do you have 15 minutes this Thursday or Friday to see if this fits your current openings?

Best,
Hudson Argollo
Gold Traffic / ABA Practice Growth","https://abaclinics.clubemkt.digital/aba?lid={{LEAD_ID}}&utm_source=cold_email&utm_medium=email&utm_campaign=pilot-2026-09-25-b2&utm_content=touch_1","Re: Common Ground ABA Center's openings in UT","Hi Chelsea,

Quick follow-up on my note from earlier this week.

When clinics expand or try to hire new BCBAs, keeping the waitlist warm and converting families at the exact moment a slot opens is usually what keeps rooms full.

We put together a 20-minute discovery breakdown for independent practices:
{{TRACKED_URL_TOUCH_2}}

Would love to share what's working for clinics in UT if you're open to it.

Best,
Hudson","https://abaclinics.clubemkt.digital/aba?lid={{LEAD_ID}}&utm_source=cold_email&utm_medium=email&utm_campaign=pilot-2026-09-25-b2&utm_content=touch_2","Filling Common Ground ABA Center's caseload (UT)","Hi Chelsea,

I know you're busy running Common Ground ABA Center. 

If patient intake or waitlist conversion isn't a priority right now, no worries at all. If you ever want to check our 2-minute fit assessment or look at the numbers, you can bookmark this link:

{{TRACKED_URL_TOUCH_3}}

Wishing you and the team continued success in Lehi!

Best,
Hudson","https://abaclinics.clubemkt.digital/aba?lid={{LEAD_ID}}&utm_source=cold_email&utm_medium=email&utm_campaign=pilot-2026-09-25-b2&utm_content=touch_3"
"Community Behavioral Health Network","Cheyenne Albrecht","Cheyenne","cheyenne.albrecht@communitycarenj.com","Paterson","NJ","3","pilot-2026-09-25-b2","Quick question about Community Behavioral Health Network's openings in NJ","Hi Cheyenne,

I was looking at independent ABA practices in Paterson and came across Community Behavioral Health Network. 

A lot of clinic owners we talk to with 1–3 locations tell us their biggest bottleneck isn't clinical interest—it's getting predictable commercial-insurance & private-pay inquiries without giving up margins to PE aggregators.

We built an intake & patient growth system specifically for independent practices across your 3 locations. You can see how the intake flow and caseload matching work here:

{{TRACKED_URL_TOUCH_1}}

Do you have 15 minutes this Thursday or Friday to see if this fits your current openings?

Best,
Hudson Argollo
Gold Traffic / ABA Practice Growth","https://abaclinics.clubemkt.digital/aba?lid={{LEAD_ID}}&utm_source=cold_email&utm_medium=email&utm_campaign=pilot-2026-09-25-b2&utm_content=touch_1","Re: Community Behavioral Health Network's openings in NJ","Hi Cheyenne,

Quick follow-up on my note from earlier this week.

When clinics expand or try to hire new BCBAs, keeping the waitlist warm and converting families at the exact moment a slot opens is usually what keeps rooms full.

We put together a 20-minute discovery breakdown for independent practices:
{{TRACKED_URL_TOUCH_2}}

Would love to share what's working for clinics in NJ if you're open to it.

Best,
Hudson","https://abaclinics.clubemkt.digital/aba?lid={{LEAD_ID}}&utm_source=cold_email&utm_medium=email&utm_campaign=pilot-2026-09-25-b2&utm_content=touch_2","Filling Community Behavioral Health Network's caseload (NJ)","Hi Cheyenne,

I know you're busy running Community Behavioral Health Network. 

If patient intake or waitlist conversion isn't a priority right now, no worries at all. If you ever want to check our 2-minute fit assessment or look at the numbers, you can bookmark this link:

{{TRACKED_URL_TOUCH_3}}

Wishing you and the team continued success in Paterson!

Best,
Hudson","https://abaclinics.clubemkt.digital/aba?lid={{LEAD_ID}}&utm_source=cold_email&utm_medium=email&utm_campaign=pilot-2026-09-25-b2&utm_content=touch_3"
"Companion Autism Group","Chloe Alcorn","Chloe","calcorn@companionabatx.net","San Antonio","TX","4","pilot-2026-09-25-b2","Quick question about Companion Autism Group's openings in TX","Hi Chloe,

I was looking at independent ABA practices in San Antonio and came across Companion Autism Group. 

A lot of clinic owners we talk to with 1–4 locations tell us their biggest bottleneck isn't clinical interest—it's getting predictable commercial-insurance & private-pay inquiries without giving up margins to PE aggregators.

We built an intake & patient growth system specifically for independent practices across your 4 locations. You can see how the intake flow and caseload matching work here:

{{TRACKED_URL_TOUCH_1}}

Do you have 15 minutes this Thursday or Friday to see if this fits your current openings?

Best,
Hudson Argollo
Gold Traffic / ABA Practice Growth","https://abaclinics.clubemkt.digital/aba?lid={{LEAD_ID}}&utm_source=cold_email&utm_medium=email&utm_campaign=pilot-2026-09-25-b2&utm_content=touch_1","Re: Companion Autism Group's openings in TX","Hi Chloe,

Quick follow-up on my note from earlier this week.

When clinics expand or try to hire new BCBAs, keeping the waitlist warm and converting families at the exact moment a slot opens is usually what keeps rooms full.

We put together a 20-minute discovery breakdown for independent practices:
{{TRACKED_URL_TOUCH_2}}

Would love to share what's working for clinics in TX if you're open to it.

Best,
Hudson","https://abaclinics.clubemkt.digital/aba?lid={{LEAD_ID}}&utm_source=cold_email&utm_medium=email&utm_campaign=pilot-2026-09-25-b2&utm_content=touch_2","Filling Companion Autism Group's caseload (TX)","Hi Chloe,

I know you're busy running Companion Autism Group. 

If patient intake or waitlist conversion isn't a priority right now, no worries at all. If you ever want to check our 2-minute fit assessment or look at the numbers, you can bookmark this link:

{{TRACKED_URL_TOUCH_3}}

Wishing you and the team continued success in San Antonio!

Best,
Hudson","https://abaclinics.clubemkt.digital/aba?lid={{LEAD_ID}}&utm_source=cold_email&utm_medium=email&utm_campaign=pilot-2026-09-25-b2&utm_content=touch_3"
"Concord Applied Behavior Specialists","Christian Aldridge","Christian","christian.aldridge@concordautismfl.org","Fort Lauderdale","FL","1","pilot-2026-09-25-b2","Quick question about Concord Applied Behavior Specialists's openings in FL","Hi Christian,

I was looking at independent ABA practices in Fort Lauderdale and came across Concord Applied Behavior Specialists. 

A lot of clinic owners we talk to with 1–3 locations tell us their biggest bottleneck isn't clinical interest—it's getting predictable commercial-insurance & private-pay inquiries without giving up margins to PE aggregators.

We built an intake & patient growth system specifically for independent practices at Concord Applied Behavior Specialists. You can see how the intake flow and caseload matching work here:

{{TRACKED_URL_TOUCH_1}}

Do you have 15 minutes this Thursday or Friday to see if this fits your current openings?

Best,
Hudson Argollo
Gold Traffic / ABA Practice Growth","https://abaclinics.clubemkt.digital/aba?lid={{LEAD_ID}}&utm_source=cold_email&utm_medium=email&utm_campaign=pilot-2026-09-25-b2&utm_content=touch_1","Re: Concord Applied Behavior Specialists's openings in FL","Hi Christian,

Quick follow-up on my note from earlier this week.

When clinics expand or try to hire new BCBAs, keeping the waitlist warm and converting families at the exact moment a slot opens is usually what keeps rooms full.

We put together a 20-minute discovery breakdown for independent practices:
{{TRACKED_URL_TOUCH_2}}

Would love to share what's working for clinics in FL if you're open to it.

Best,
Hudson","https://abaclinics.clubemkt.digital/aba?lid={{LEAD_ID}}&utm_source=cold_email&utm_medium=email&utm_campaign=pilot-2026-09-25-b2&utm_content=touch_2","Filling Concord Applied Behavior Specialists's caseload (FL)","Hi Christian,

I know you're busy running Concord Applied Behavior Specialists. 

If patient intake or waitlist conversion isn't a priority right now, no worries at all. If you ever want to check our 2-minute fit assessment or look at the numbers, you can bookmark this link:

{{TRACKED_URL_TOUCH_3}}

Wishing you and the team continued success in Fort Lauderdale!

Best,
Hudson","https://abaclinics.clubemkt.digital/aba?lid={{LEAD_ID}}&utm_source=cold_email&utm_medium=email&utm_campaign=pilot-2026-09-25-b2&utm_content=touch_3"
"Confidence Therapy Partners","Christina Alford","Christina","calford@confidencecareca.com","Fresno","CA","2","pilot-2026-09-25-b2","Quick question about Confidence Therapy Partners's openings in CA","Hi Christina,

I was looking at independent ABA practices in Fresno and came across Confidence Therapy Partners. 

A lot of clinic owners we talk to with 1–3 locations tell us their biggest bottleneck isn't clinical interest—it's getting predictable commercial-insurance & private-pay inquiries without giving up margins to PE aggregators.

We built an intake & patient growth system specifically for independent practices across your 2 locations. You can see how the intake flow and caseload matching work here:

{{TRACKED_URL_TOUCH_1}}

Do you have 15 minutes this Thursday or Friday to see if this fits your current openings?

Best,
Hudson Argollo
Gold Traffic / ABA Practice Growth","https://abaclinics.clubemkt.digital/aba?lid={{LEAD_ID}}&utm_source=cold_email&utm_medium=email&utm_campaign=pilot-2026-09-25-b2&utm_content=touch_1","Re: Confidence Therapy Partners's openings in CA","Hi Christina,

Quick follow-up on my note from earlier this week.

When clinics expand or try to hire new BCBAs, keeping the waitlist warm and converting families at the exact moment a slot opens is usually what keeps rooms full.

We put together a 20-minute discovery breakdown for independent practices:
{{TRACKED_URL_TOUCH_2}}

Would love to share what's working for clinics in CA if you're open to it.

Best,
Hudson","https://abaclinics.clubemkt.digital/aba?lid={{LEAD_ID}}&utm_source=cold_email&utm_medium=email&utm_campaign=pilot-2026-09-25-b2&utm_content=touch_2","Filling Confidence Therapy Partners's caseload (CA)","Hi Christina,

I know you're busy running Confidence Therapy Partners. 

If patient intake or waitlist conversion isn't a priority right now, no worries at all. If you ever want to check our 2-minute fit assessment or look at the numbers, you can bookmark this link:

{{TRACKED_URL_TOUCH_3}}

Wishing you and the team continued success in Fresno!

Best,
Hudson","https://abaclinics.clubemkt.digital/aba?lid={{LEAD_ID}}&utm_source=cold_email&utm_medium=email&utm_campaign=pilot-2026-09-25-b2&utm_content=touch_3"
"Connect Pediatric Autism Services","Christine Allan","Christine","christine.allan@connectabanc.com","Cary","NC","3","pilot-2026-09-25-b2","Quick question about Connect Pediatric Autism Services's openings in NC","Hi Christine,

I was looking at independent ABA practices in Cary and came across Connect Pediatric Autism Services. 

A lot of clinic owners we talk to with 1–3 locations tell us their biggest bottleneck isn't clinical interest—it's getting predictable commercial-insurance & private-pay inquiries without giving up margins to PE aggregators.

We built an intake & patient growth system specifically for independent practices across your 3 locations. You can see how the intake flow and caseload matching work here:

{{TRACKED_URL_TOUCH_1}}

Do you have 15 minutes this Thursday or Friday to see if this fits your current openings?

Best,
Hudson Argollo
Gold Traffic / ABA Practice Growth","https://abaclinics.clubemkt.digital/aba?lid={{LEAD_ID}}&utm_source=cold_email&utm_medium=email&utm_campaign=pilot-2026-09-25-b2&utm_content=touch_1","Re: Connect Pediatric Autism Services's openings in NC","Hi Christine,

Quick follow-up on my note from earlier this week.

When clinics expand or try to hire new BCBAs, keeping the waitlist warm and converting families at the exact moment a slot opens is usually what keeps rooms full.

We put together a 20-minute discovery breakdown for independent practices:
{{TRACKED_URL_TOUCH_2}}

Would love to share what's working for clinics in NC if you're open to it.

Best,
Hudson","https://abaclinics.clubemkt.digital/aba?lid={{LEAD_ID}}&utm_source=cold_email&utm_medium=email&utm_campaign=pilot-2026-09-25-b2&utm_content=touch_2","Filling Connect Pediatric Autism Services's caseload (NC)","Hi Christine,

I know you're busy running Connect Pediatric Autism Services. 

If patient intake or waitlist conversion isn't a priority right now, no worries at all. If you ever want to check our 2-minute fit assessment or look at the numbers, you can bookmark this link:

{{TRACKED_URL_TOUCH_3}}

Wishing you and the team continued success in Cary!

Best,
Hudson","https://abaclinics.clubemkt.digital/aba?lid={{LEAD_ID}}&utm_source=cold_email&utm_medium=email&utm_campaign=pilot-2026-09-25-b2&utm_content=touch_3"
"Cornerstone Behavioral Care Center","Christopher Alston","Christopher","calston@cornerstoneautismga.com","Johns Creek","GA","4","pilot-2026-09-25-b2","Quick question about Cornerstone Behavioral Care Center's openings in GA","Hi Christopher,

I was looking at independent ABA practices in Johns Creek and came across Cornerstone Behavioral Care Center. 

A lot of clinic owners we talk to with 1–4 locations tell us their biggest bottleneck isn't clinical interest—it's getting predictable commercial-insurance & private-pay inquiries without giving up margins to PE aggregators.

We built an intake & patient growth system specifically for independent practices across your 4 locations. You can see how the intake flow and caseload matching work here:

{{TRACKED_URL_TOUCH_1}}

Do you have 15 minutes this Thursday or Friday to see if this fits your current openings?

Best,
Hudson Argollo
Gold Traffic / ABA Practice Growth","https://abaclinics.clubemkt.digital/aba?lid={{LEAD_ID}}&utm_source=cold_email&utm_medium=email&utm_campaign=pilot-2026-09-25-b2&utm_content=touch_1","Re: Cornerstone Behavioral Care Center's openings in GA","Hi Christopher,

Quick follow-up on my note from earlier this week.

When clinics expand or try to hire new BCBAs, keeping the waitlist warm and converting families at the exact moment a slot opens is usually what keeps rooms full.

We put together a 20-minute discovery breakdown for independent practices:
{{TRACKED_URL_TOUCH_2}}

Would love to share what's working for clinics in GA if you're open to it.

Best,
Hudson","https://abaclinics.clubemkt.digital/aba?lid={{LEAD_ID}}&utm_source=cold_email&utm_medium=email&utm_campaign=pilot-2026-09-25-b2&utm_content=touch_2","Filling Cornerstone Behavioral Care Center's caseload (GA)","Hi Christopher,

I know you're busy running Cornerstone Behavioral Care Center. 

If patient intake or waitlist conversion isn't a priority right now, no worries at all. If you ever want to check our 2-minute fit assessment or look at the numbers, you can bookmark this link:

{{TRACKED_URL_TOUCH_3}}

Wishing you and the team continued success in Johns Creek!

Best,
Hudson","https://abaclinics.clubemkt.digital/aba?lid={{LEAD_ID}}&utm_source=cold_email&utm_medium=email&utm_campaign=pilot-2026-09-25-b2&utm_content=touch_3"
"Cosmos Autism & Learning Institute","Claire Alvarado","Claire","claire.alvarado@cosmoscareco.org","Fort Collins","CO","1","pilot-2026-09-25-b2","Quick question about Cosmos Autism & Learning Institute's openings in CO","Hi Claire,

I was looking at independent ABA practices in Fort Collins and came across Cosmos Autism & Learning Institute. 

A lot of clinic owners we talk to with 1–3 locations tell us their biggest bottleneck isn't clinical interest—it's getting predictable commercial-insurance & private-pay inquiries without giving up margins to PE aggregators.

We built an intake & patient growth system specifically for independent practices at Cosmos Autism & Learning Institute. You can see how the intake flow and caseload matching work here:

{{TRACKED_URL_TOUCH_1}}

Do you have 15 minutes this Thursday or Friday to see if this fits your current openings?

Best,
Hudson Argollo
Gold Traffic / ABA Practice Growth","https://abaclinics.clubemkt.digital/aba?lid={{LEAD_ID}}&utm_source=cold_email&utm_medium=email&utm_campaign=pilot-2026-09-25-b2&utm_content=touch_1","Re: Cosmos Autism & Learning Institute's openings in CO","Hi Claire,

Quick follow-up on my note from earlier this week.

When clinics expand or try to hire new BCBAs, keeping the waitlist warm and converting families at the exact moment a slot opens is usually what keeps rooms full.

We put together a 20-minute discovery breakdown for independent practices:
{{TRACKED_URL_TOUCH_2}}

Would love to share what's working for clinics in CO if you're open to it.

Best,
Hudson","https://abaclinics.clubemkt.digital/aba?lid={{LEAD_ID}}&utm_source=cold_email&utm_medium=email&utm_campaign=pilot-2026-09-25-b2&utm_content=touch_2","Filling Cosmos Autism & Learning Institute's caseload (CO)","Hi Claire,

I know you're busy running Cosmos Autism & Learning Institute. 

If patient intake or waitlist conversion isn't a priority right now, no worries at all. If you ever want to check our 2-minute fit assessment or look at the numbers, you can bookmark this link:

{{TRACKED_URL_TOUCH_3}}

Wishing you and the team continued success in Fort Collins!

Best,
Hudson","https://abaclinics.clubemkt.digital/aba?lid={{LEAD_ID}}&utm_source=cold_email&utm_medium=email&utm_campaign=pilot-2026-09-25-b2&utm_content=touch_3"
"Courage Developmental Solutions","Clara Alvarez","Clara","calvarez@courageabava.com","Arlington","VA","2","pilot-2026-09-25-b2","Quick question about Courage Developmental Solutions's openings in VA","Hi Clara,

I was looking at independent ABA practices in Arlington and came across Courage Developmental Solutions. 

A lot of clinic owners we talk to with 1–3 locations tell us their biggest bottleneck isn't clinical interest—it's getting predictable commercial-insurance & private-pay inquiries without giving up margins to PE aggregators.

We built an intake & patient growth system specifically for independent practices across your 2 locations. You can see how the intake flow and caseload matching work here:

{{TRACKED_URL_TOUCH_1}}

Do you have 15 minutes this Thursday or Friday to see if this fits your current openings?

Best,
Hudson Argollo
Gold Traffic / ABA Practice Growth","https://abaclinics.clubemkt.digital/aba?lid={{LEAD_ID}}&utm_source=cold_email&utm_medium=email&utm_campaign=pilot-2026-09-25-b2&utm_content=touch_1","Re: Courage Developmental Solutions's openings in VA","Hi Clara,

Quick follow-up on my note from earlier this week.

When clinics expand or try to hire new BCBAs, keeping the waitlist warm and converting families at the exact moment a slot opens is usually what keeps rooms full.

We put together a 20-minute discovery breakdown for independent practices:
{{TRACKED_URL_TOUCH_2}}

Would love to share what's working for clinics in VA if you're open to it.

Best,
Hudson","https://abaclinics.clubemkt.digital/aba?lid={{LEAD_ID}}&utm_source=cold_email&utm_medium=email&utm_campaign=pilot-2026-09-25-b2&utm_content=touch_2","Filling Courage Developmental Solutions's caseload (VA)","Hi Clara,

I know you're busy running Courage Developmental Solutions. 

If patient intake or waitlist conversion isn't a priority right now, no worries at all. If you ever want to check our 2-minute fit assessment or look at the numbers, you can bookmark this link:

{{TRACKED_URL_TOUCH_3}}

Wishing you and the team continued success in Arlington!

Best,
Hudson","https://abaclinics.clubemkt.digital/aba?lid={{LEAD_ID}}&utm_source=cold_email&utm_medium=email&utm_campaign=pilot-2026-09-25-b2&utm_content=touch_3"
"Cove Behavioral Therapy Center","Aaron Amato","Aaron","aaron.amato@coveautismmd.net","Gaithersburg","MD","3","pilot-2026-09-25-b2","Quick question about Cove Behavioral Therapy Center's openings in MD","Hi Aaron,

I was looking at independent ABA practices in Gaithersburg and came across Cove Behavioral Therapy Center. 

A lot of clinic owners we talk to with 1–3 locations tell us their biggest bottleneck isn't clinical interest—it's getting predictable commercial-insurance & private-pay inquiries without giving up margins to PE aggregators.

We built an intake & patient growth system specifically for independent practices across your 3 locations. You can see how the intake flow and caseload matching work here:

{{TRACKED_URL_TOUCH_1}}

Do you have 15 minutes this Thursday or Friday to see if this fits your current openings?

Best,
Hudson Argollo
Gold Traffic / ABA Practice Growth","https://abaclinics.clubemkt.digital/aba?lid={{LEAD_ID}}&utm_source=cold_email&utm_medium=email&utm_campaign=pilot-2026-09-25-b2&utm_content=touch_1","Re: Cove Behavioral Therapy Center's openings in MD","Hi Aaron,

Quick follow-up on my note from earlier this week.

When clinics expand or try to hire new BCBAs, keeping the waitlist warm and converting families at the exact moment a slot opens is usually what keeps rooms full.

We put together a 20-minute discovery breakdown for independent practices:
{{TRACKED_URL_TOUCH_2}}

Would love to share what's working for clinics in MD if you're open to it.

Best,
Hudson","https://abaclinics.clubemkt.digital/aba?lid={{LEAD_ID}}&utm_source=cold_email&utm_medium=email&utm_campaign=pilot-2026-09-25-b2&utm_content=touch_2","Filling Cove Behavioral Therapy Center's caseload (MD)","Hi Aaron,

I know you're busy running Cove Behavioral Therapy Center. 

If patient intake or waitlist conversion isn't a priority right now, no worries at all. If you ever want to check our 2-minute fit assessment or look at the numbers, you can bookmark this link:

{{TRACKED_URL_TOUCH_3}}

Wishing you and the team continued success in Gaithersburg!

Best,
Hudson","https://abaclinics.clubemkt.digital/aba?lid={{LEAD_ID}}&utm_source=cold_email&utm_medium=email&utm_campaign=pilot-2026-09-25-b2&utm_content=touch_3"
"Cradle Autism Discovery Center","Abigail Ambrose","Abigail","aambrose@cradlecareil.com","Naperville","IL","4","pilot-2026-09-25-b2","Quick question about Cradle Autism Discovery Center's openings in IL","Hi Abigail,

I was looking at independent ABA practices in Naperville and came across Cradle Autism Discovery Center. 

A lot of clinic owners we talk to with 1–4 locations tell us their biggest bottleneck isn't clinical interest—it's getting predictable commercial-insurance & private-pay inquiries without giving up margins to PE aggregators.

We built an intake & patient growth system specifically for independent practices across your 4 locations. You can see how the intake flow and caseload matching work here:

{{TRACKED_URL_TOUCH_1}}

Do you have 15 minutes this Thursday or Friday to see if this fits your current openings?

Best,
Hudson Argollo
Gold Traffic / ABA Practice Growth","https://abaclinics.clubemkt.digital/aba?lid={{LEAD_ID}}&utm_source=cold_email&utm_medium=email&utm_campaign=pilot-2026-09-25-b2&utm_content=touch_1","Re: Cradle Autism Discovery Center's openings in IL","Hi Abigail,

Quick follow-up on my note from earlier this week.

When clinics expand or try to hire new BCBAs, keeping the waitlist warm and converting families at the exact moment a slot opens is usually what keeps rooms full.

We put together a 20-minute discovery breakdown for independent practices:
{{TRACKED_URL_TOUCH_2}}

Would love to share what's working for clinics in IL if you're open to it.

Best,
Hudson","https://abaclinics.clubemkt.digital/aba?lid={{LEAD_ID}}&utm_source=cold_email&utm_medium=email&utm_campaign=pilot-2026-09-25-b2&utm_content=touch_2","Filling Cradle Autism Discovery Center's caseload (IL)","Hi Abigail,

I know you're busy running Cradle Autism Discovery Center. 

If patient intake or waitlist conversion isn't a priority right now, no worries at all. If you ever want to check our 2-minute fit assessment or look at the numbers, you can bookmark this link:

{{TRACKED_URL_TOUCH_3}}

Wishing you and the team continued success in Naperville!

Best,
Hudson","https://abaclinics.clubemkt.digital/aba?lid={{LEAD_ID}}&utm_source=cold_email&utm_medium=email&utm_campaign=pilot-2026-09-25-b2&utm_content=touch_3"
"Craft Behavioral Foundations","Adam Ames","Adam","adam.ames@craftabaut.org","Layton","UT","1","pilot-2026-09-25-b2","Quick question about Craft Behavioral Foundations's openings in UT","Hi Adam,

I was looking at independent ABA practices in Layton and came across Craft Behavioral Foundations. 

A lot of clinic owners we talk to with 1–3 locations tell us their biggest bottleneck isn't clinical interest—it's getting predictable commercial-insurance & private-pay inquiries without giving up margins to PE aggregators.

We built an intake & patient growth system specifically for independent practices at Craft Behavioral Foundations. You can see how the intake flow and caseload matching work here:

{{TRACKED_URL_TOUCH_1}}

Do you have 15 minutes this Thursday or Friday to see if this fits your current openings?

Best,
Hudson Argollo
Gold Traffic / ABA Practice Growth","https://abaclinics.clubemkt.digital/aba?lid={{LEAD_ID}}&utm_source=cold_email&utm_medium=email&utm_campaign=pilot-2026-09-25-b2&utm_content=touch_1","Re: Craft Behavioral Foundations's openings in UT","Hi Adam,

Quick follow-up on my note from earlier this week.

When clinics expand or try to hire new BCBAs, keeping the waitlist warm and converting families at the exact moment a slot opens is usually what keeps rooms full.

We put together a 20-minute discovery breakdown for independent practices:
{{TRACKED_URL_TOUCH_2}}

Would love to share what's working for clinics in UT if you're open to it.

Best,
Hudson","https://abaclinics.clubemkt.digital/aba?lid={{LEAD_ID}}&utm_source=cold_email&utm_medium=email&utm_campaign=pilot-2026-09-25-b2&utm_content=touch_2","Filling Craft Behavioral Foundations's caseload (UT)","Hi Adam,

I know you're busy running Craft Behavioral Foundations. 

If patient intake or waitlist conversion isn't a priority right now, no worries at all. If you ever want to check our 2-minute fit assessment or look at the numbers, you can bookmark this link:

{{TRACKED_URL_TOUCH_3}}

Wishing you and the team continued success in Layton!

Best,
Hudson","https://abaclinics.clubemkt.digital/aba?lid={{LEAD_ID}}&utm_source=cold_email&utm_medium=email&utm_campaign=pilot-2026-09-25-b2&utm_content=touch_3"
"Crossroads Therapeutic Solutions","Adrian Amos","Adrian","aamos@crossroadsautismnj.com","Bayonne","NJ","2","pilot-2026-09-25-b2","Quick question about Crossroads Therapeutic Solutions's openings in NJ","Hi Adrian,

I was looking at independent ABA practices in Bayonne and came across Crossroads Therapeutic Solutions. 

A lot of clinic owners we talk to with 1–3 locations tell us their biggest bottleneck isn't clinical interest—it's getting predictable commercial-insurance & private-pay inquiries without giving up margins to PE aggregators.

We built an intake & patient growth system specifically for independent practices across your 2 locations. You can see how the intake flow and caseload matching work here:

{{TRACKED_URL_TOUCH_1}}

Do you have 15 minutes this Thursday or Friday to see if this fits your current openings?

Best,
Hudson Argollo
Gold Traffic / ABA Practice Growth","https://abaclinics.clubemkt.digital/aba?lid={{LEAD_ID}}&utm_source=cold_email&utm_medium=email&utm_campaign=pilot-2026-09-25-b2&utm_content=touch_1","Re: Crossroads Therapeutic Solutions's openings in NJ","Hi Adrian,

Quick follow-up on my note from earlier this week.

When clinics expand or try to hire new BCBAs, keeping the waitlist warm and converting families at the exact moment a slot opens is usually what keeps rooms full.

We put together a 20-minute discovery breakdown for independent practices:
{{TRACKED_URL_TOUCH_2}}

Would love to share what's working for clinics in NJ if you're open to it.

Best,
Hudson","https://abaclinics.clubemkt.digital/aba?lid={{LEAD_ID}}&utm_source=cold_email&utm_medium=email&utm_campaign=pilot-2026-09-25-b2&utm_content=touch_2","Filling Crossroads Therapeutic Solutions's caseload (NJ)","Hi Adrian,

I know you're busy running Crossroads Therapeutic Solutions. 

If patient intake or waitlist conversion isn't a priority right now, no worries at all. If you ever want to check our 2-minute fit assessment or look at the numbers, you can bookmark this link:

{{TRACKED_URL_TOUCH_3}}

Wishing you and the team continued success in Bayonne!

Best,
Hudson","https://abaclinics.clubemkt.digital/aba?lid={{LEAD_ID}}&utm_source=cold_email&utm_medium=email&utm_campaign=pilot-2026-09-25-b2&utm_content=touch_3"
"Crystal ABA Collective","Aiden Anaya","Aiden","aiden.anaya@crystalcaretx.com","Denton","TX","3","pilot-2026-09-25-b2","Quick question about Crystal ABA Collective's openings in TX","Hi Aiden,

I was looking at independent ABA practices in Denton and came across Crystal ABA Collective. 

A lot of clinic owners we talk to with 1–3 locations tell us their biggest bottleneck isn't clinical interest—it's getting predictable commercial-insurance & private-pay inquiries without giving up margins to PE aggregators.

We built an intake & patient growth system specifically for independent practices across your 3 locations. You can see how the intake flow and caseload matching work here:

{{TRACKED_URL_TOUCH_1}}

Do you have 15 minutes this Thursday or Friday to see if this fits your current openings?

Best,
Hudson Argollo
Gold Traffic / ABA Practice Growth","https://abaclinics.clubemkt.digital/aba?lid={{LEAD_ID}}&utm_source=cold_email&utm_medium=email&utm_campaign=pilot-2026-09-25-b2&utm_content=touch_1","Re: Crystal ABA Collective's openings in TX","Hi Aiden,

Quick follow-up on my note from earlier this week.

When clinics expand or try to hire new BCBAs, keeping the waitlist warm and converting families at the exact moment a slot opens is usually what keeps rooms full.

We put together a 20-minute discovery breakdown for independent practices:
{{TRACKED_URL_TOUCH_2}}

Would love to share what's working for clinics in TX if you're open to it.

Best,
Hudson","https://abaclinics.clubemkt.digital/aba?lid={{LEAD_ID}}&utm_source=cold_email&utm_medium=email&utm_campaign=pilot-2026-09-25-b2&utm_content=touch_2","Filling Crystal ABA Collective's caseload (TX)","Hi Aiden,

I know you're busy running Crystal ABA Collective. 

If patient intake or waitlist conversion isn't a priority right now, no worries at all. If you ever want to check our 2-minute fit assessment or look at the numbers, you can bookmark this link:

{{TRACKED_URL_TOUCH_3}}

Wishing you and the team continued success in Denton!

Best,
Hudson","https://abaclinics.clubemkt.digital/aba?lid={{LEAD_ID}}&utm_source=cold_email&utm_medium=email&utm_campaign=pilot-2026-09-25-b2&utm_content=touch_3"
"Cultivate Autism Clinic","Alex Anders","Alex","aanders@cultivateabafl.com","Tallahassee","FL","4","pilot-2026-09-25-b2","Quick question about Cultivate Autism Clinic's openings in FL","Hi Alex,

I was looking at independent ABA practices in Tallahassee and came across Cultivate Autism Clinic. 

A lot of clinic owners we talk to with 1–4 locations tell us their biggest bottleneck isn't clinical interest—it's getting predictable commercial-insurance & private-pay inquiries without giving up margins to PE aggregators.

We built an intake & patient growth system specifically for independent practices across your 4 locations. You can see how the intake flow and caseload matching work here:

{{TRACKED_URL_TOUCH_1}}

Do you have 15 minutes this Thursday or Friday to see if this fits your current openings?

Best,
Hudson Argollo
Gold Traffic / ABA Practice Growth","https://abaclinics.clubemkt.digital/aba?lid={{LEAD_ID}}&utm_source=cold_email&utm_medium=email&utm_campaign=pilot-2026-09-25-b2&utm_content=touch_1","Re: Cultivate Autism Clinic's openings in FL","Hi Alex,

Quick follow-up on my note from earlier this week.

When clinics expand or try to hire new BCBAs, keeping the waitlist warm and converting families at the exact moment a slot opens is usually what keeps rooms full.

We put together a 20-minute discovery breakdown for independent practices:
{{TRACKED_URL_TOUCH_2}}

Would love to share what's working for clinics in FL if you're open to it.

Best,
Hudson","https://abaclinics.clubemkt.digital/aba?lid={{LEAD_ID}}&utm_source=cold_email&utm_medium=email&utm_campaign=pilot-2026-09-25-b2&utm_content=touch_2","Filling Cultivate Autism Clinic's caseload (FL)","Hi Alex,

I know you're busy running Cultivate Autism Clinic. 

If patient intake or waitlist conversion isn't a priority right now, no worries at all. If you ever want to check our 2-minute fit assessment or look at the numbers, you can bookmark this link:

{{TRACKED_URL_TOUCH_3}}

Wishing you and the team continued success in Tallahassee!

Best,
Hudson","https://abaclinics.clubemkt.digital/aba?lid={{LEAD_ID}}&utm_source=cold_email&utm_medium=email&utm_campaign=pilot-2026-09-25-b2&utm_content=touch_3"
"Daybreak ABA Center","Alexander Andersen","Alexander","alexander.andersen@daybreakautismca.org","Modesto","CA","1","pilot-2026-09-25-b2","Quick question about Daybreak ABA Center's openings in CA","Hi Alexander,

I was looking at independent ABA practices in Modesto and came across Daybreak ABA Center. 

A lot of clinic owners we talk to with 1–3 locations tell us their biggest bottleneck isn't clinical interest—it's getting predictable commercial-insurance & private-pay inquiries without giving up margins to PE aggregators.

We built an intake & patient growth system specifically for independent practices at Daybreak ABA Center. You can see how the intake flow and caseload matching work here:

{{TRACKED_URL_TOUCH_1}}

Do you have 15 minutes this Thursday or Friday to see if this fits your current openings?

Best,
Hudson Argollo
Gold Traffic / ABA Practice Growth","https://abaclinics.clubemkt.digital/aba?lid={{LEAD_ID}}&utm_source=cold_email&utm_medium=email&utm_campaign=pilot-2026-09-25-b2&utm_content=touch_1","Re: Daybreak ABA Center's openings in CA","Hi Alexander,

Quick follow-up on my note from earlier this week.

When clinics expand or try to hire new BCBAs, keeping the waitlist warm and converting families at the exact moment a slot opens is usually what keeps rooms full.

We put together a 20-minute discovery breakdown for independent practices:
{{TRACKED_URL_TOUCH_2}}

Would love to share what's working for clinics in CA if you're open to it.

Best,
Hudson","https://abaclinics.clubemkt.digital/aba?lid={{LEAD_ID}}&utm_source=cold_email&utm_medium=email&utm_campaign=pilot-2026-09-25-b2&utm_content=touch_2","Filling Daybreak ABA Center's caseload (CA)","Hi Alexander,

I know you're busy running Daybreak ABA Center. 

If patient intake or waitlist conversion isn't a priority right now, no worries at all. If you ever want to check our 2-minute fit assessment or look at the numbers, you can bookmark this link:

{{TRACKED_URL_TOUCH_3}}

Wishing you and the team continued success in Modesto!

Best,
Hudson","https://abaclinics.clubemkt.digital/aba?lid={{LEAD_ID}}&utm_source=cold_email&utm_medium=email&utm_campaign=pilot-2026-09-25-b2&utm_content=touch_3"
"Delta Behavioral Health Network","Alexandra Anderson","Alexandra","aanderson@deltacarenc.net","Greensboro","NC","2","pilot-2026-09-25-b2","Quick question about Delta Behavioral Health Network's openings in NC","Hi Alexandra,

I was looking at independent ABA practices in Greensboro and came across Delta Behavioral Health Network. 

A lot of clinic owners we talk to with 1–3 locations tell us their biggest bottleneck isn't clinical interest—it's getting predictable commercial-insurance & private-pay inquiries without giving up margins to PE aggregators.

We built an intake & patient growth system specifically for independent practices across your 2 locations. You can see how the intake flow and caseload matching work here:

{{TRACKED_URL_TOUCH_1}}

Do you have 15 minutes this Thursday or Friday to see if this fits your current openings?

Best,
Hudson Argollo
Gold Traffic / ABA Practice Growth","https://abaclinics.clubemkt.digital/aba?lid={{LEAD_ID}}&utm_source=cold_email&utm_medium=email&utm_campaign=pilot-2026-09-25-b2&utm_content=touch_1","Re: Delta Behavioral Health Network's openings in NC","Hi Alexandra,

Quick follow-up on my note from earlier this week.

When clinics expand or try to hire new BCBAs, keeping the waitlist warm and converting families at the exact moment a slot opens is usually what keeps rooms full.

We put together a 20-minute discovery breakdown for independent practices:
{{TRACKED_URL_TOUCH_2}}

Would love to share what's working for clinics in NC if you're open to it.

Best,
Hudson","https://abaclinics.clubemkt.digital/aba?lid={{LEAD_ID}}&utm_source=cold_email&utm_medium=email&utm_campaign=pilot-2026-09-25-b2&utm_content=touch_2","Filling Delta Behavioral Health Network's caseload (NC)","Hi Alexandra,

I know you're busy running Delta Behavioral Health Network. 

If patient intake or waitlist conversion isn't a priority right now, no worries at all. If you ever want to check our 2-minute fit assessment or look at the numbers, you can bookmark this link:

{{TRACKED_URL_TOUCH_3}}

Wishing you and the team continued success in Greensboro!

Best,
Hudson","https://abaclinics.clubemkt.digital/aba?lid={{LEAD_ID}}&utm_source=cold_email&utm_medium=email&utm_campaign=pilot-2026-09-25-b2&utm_content=touch_3"
"Destiny Autism Group","Alexis Andrade","Alexis","alexis.andrade@destinyabaga.com","Savannah","GA","3","pilot-2026-09-25-b2","Quick question about Destiny Autism Group's openings in GA","Hi Alexis,

I was looking at independent ABA practices in Savannah and came across Destiny Autism Group. 

A lot of clinic owners we talk to with 1–3 locations tell us their biggest bottleneck isn't clinical interest—it's getting predictable commercial-insurance & private-pay inquiries without giving up margins to PE aggregators.

We built an intake & patient growth system specifically for independent practices across your 3 locations. You can see how the intake flow and caseload matching work here:

{{TRACKED_URL_TOUCH_1}}

Do you have 15 minutes this Thursday or Friday to see if this fits your current openings?

Best,
Hudson Argollo
Gold Traffic / ABA Practice Growth","https://abaclinics.clubemkt.digital/aba?lid={{LEAD_ID}}&utm_source=cold_email&utm_medium=email&utm_campaign=pilot-2026-09-25-b2&utm_content=touch_1","Re: Destiny Autism Group's openings in GA","Hi Alexis,

Quick follow-up on my note from earlier this week.

When clinics expand or try to hire new BCBAs, keeping the waitlist warm and converting families at the exact moment a slot opens is usually what keeps rooms full.

We put together a 20-minute discovery breakdown for independent practices:
{{TRACKED_URL_TOUCH_2}}

Would love to share what's working for clinics in GA if you're open to it.

Best,
Hudson","https://abaclinics.clubemkt.digital/aba?lid={{LEAD_ID}}&utm_source=cold_email&utm_medium=email&utm_campaign=pilot-2026-09-25-b2&utm_content=touch_2","Filling Destiny Autism Group's caseload (GA)","Hi Alexis,

I know you're busy running Destiny Autism Group. 

If patient intake or waitlist conversion isn't a priority right now, no worries at all. If you ever want to check our 2-minute fit assessment or look at the numbers, you can bookmark this link:

{{TRACKED_URL_TOUCH_3}}

Wishing you and the team continued success in Savannah!

Best,
Hudson","https://abaclinics.clubemkt.digital/aba?lid={{LEAD_ID}}&utm_source=cold_email&utm_medium=email&utm_campaign=pilot-2026-09-25-b2&utm_content=touch_3"
"Diligence Applied Behavior Specialists","Alice Andrews","Alice","aandrews@diligenceautismco.com","Colorado Springs","CO","4","pilot-2026-09-25-b2","Quick question about Diligence Applied Behavior Specialists's openings in CO","Hi Alice,

I was looking at independent ABA practices in Colorado Springs and came across Diligence Applied Behavior Specialists. 

A lot of clinic owners we talk to with 1–4 locations tell us their biggest bottleneck isn't clinical interest—it's getting predictable commercial-insurance & private-pay inquiries without giving up margins to PE aggregators.

We built an intake & patient growth system specifically for independent practices across your 4 locations. You can see how the intake flow and caseload matching work here:

{{TRACKED_URL_TOUCH_1}}

Do you have 15 minutes this Thursday or Friday to see if this fits your current openings?

Best,
Hudson Argollo
Gold Traffic / ABA Practice Growth","https://abaclinics.clubemkt.digital/aba?lid={{LEAD_ID}}&utm_source=cold_email&utm_medium=email&utm_campaign=pilot-2026-09-25-b2&utm_content=touch_1","Re: Diligence Applied Behavior Specialists's openings in CO","Hi Alice,

Quick follow-up on my note from earlier this week.

When clinics expand or try to hire new BCBAs, keeping the waitlist warm and converting families at the exact moment a slot opens is usually what keeps rooms full.

We put together a 20-minute discovery breakdown for independent practices:
{{TRACKED_URL_TOUCH_2}}

Would love to share what's working for clinics in CO if you're open to it.

Best,
Hudson","https://abaclinics.clubemkt.digital/aba?lid={{LEAD_ID}}&utm_source=cold_email&utm_medium=email&utm_campaign=pilot-2026-09-25-b2&utm_content=touch_2","Filling Diligence Applied Behavior Specialists's caseload (CO)","Hi Alice,

I know you're busy running Diligence Applied Behavior Specialists. 

If patient intake or waitlist conversion isn't a priority right now, no worries at all. If you ever want to check our 2-minute fit assessment or look at the numbers, you can bookmark this link:

{{TRACKED_URL_TOUCH_3}}

Wishing you and the team continued success in Colorado Springs!

Best,
Hudson","https://abaclinics.clubemkt.digital/aba?lid={{LEAD_ID}}&utm_source=cold_email&utm_medium=email&utm_campaign=pilot-2026-09-25-b2&utm_content=touch_3"
"Direction Therapy Partners","Allison Anthony","Allison","allison.anthony@directioncareva.org","Norfolk","VA","1","pilot-2026-09-25-b2","Quick question about Direction Therapy Partners's openings in VA","Hi Allison,

I was looking at independent ABA practices in Norfolk and came across Direction Therapy Partners. 

A lot of clinic owners we talk to with 1–3 locations tell us their biggest bottleneck isn't clinical interest—it's getting predictable commercial-insurance & private-pay inquiries without giving up margins to PE aggregators.

We built an intake & patient growth system specifically for independent practices at Direction Therapy Partners. You can see how the intake flow and caseload matching work here:

{{TRACKED_URL_TOUCH_1}}

Do you have 15 minutes this Thursday or Friday to see if this fits your current openings?

Best,
Hudson Argollo
Gold Traffic / ABA Practice Growth","https://abaclinics.clubemkt.digital/aba?lid={{LEAD_ID}}&utm_source=cold_email&utm_medium=email&utm_campaign=pilot-2026-09-25-b2&utm_content=touch_1","Re: Direction Therapy Partners's openings in VA","Hi Allison,

Quick follow-up on my note from earlier this week.

When clinics expand or try to hire new BCBAs, keeping the waitlist warm and converting families at the exact moment a slot opens is usually what keeps rooms full.

We put together a 20-minute discovery breakdown for independent practices:
{{TRACKED_URL_TOUCH_2}}

Would love to share what's working for clinics in VA if you're open to it.

Best,
Hudson","https://abaclinics.clubemkt.digital/aba?lid={{LEAD_ID}}&utm_source=cold_email&utm_medium=email&utm_campaign=pilot-2026-09-25-b2&utm_content=touch_2","Filling Direction Therapy Partners's caseload (VA)","Hi Allison,

I know you're busy running Direction Therapy Partners. 

If patient intake or waitlist conversion isn't a priority right now, no worries at all. If you ever want to check our 2-minute fit assessment or look at the numbers, you can bookmark this link:

{{TRACKED_URL_TOUCH_3}}

Wishing you and the team continued success in Norfolk!

Best,
Hudson","https://abaclinics.clubemkt.digital/aba?lid={{LEAD_ID}}&utm_source=cold_email&utm_medium=email&utm_campaign=pilot-2026-09-25-b2&utm_content=touch_3"
"Dynamic Pediatric Autism Services","Alyssa Archer","Alyssa","aarcher@dynamicabamd.com","Silver Spring","MD","2","pilot-2026-09-25-b2","Quick question about Dynamic Pediatric Autism Services's openings in MD","Hi Alyssa,

I was looking at independent ABA practices in Silver Spring and came across Dynamic Pediatric Autism Services. 

A lot of clinic owners we talk to with 1–3 locations tell us their biggest bottleneck isn't clinical interest—it's getting predictable commercial-insurance & private-pay inquiries without giving up margins to PE aggregators.

We built an intake & patient growth system specifically for independent practices across your 2 locations. You can see how the intake flow and caseload matching work here:

{{TRACKED_URL_TOUCH_1}}

Do you have 15 minutes this Thursday or Friday to see if this fits your current openings?

Best,
Hudson Argollo
Gold Traffic / ABA Practice Growth","https://abaclinics.clubemkt.digital/aba?lid={{LEAD_ID}}&utm_source=cold_email&utm_medium=email&utm_campaign=pilot-2026-09-25-b2&utm_content=touch_1","Re: Dynamic Pediatric Autism Services's openings in MD","Hi Alyssa,

Quick follow-up on my note from earlier this week.

When clinics expand or try to hire new BCBAs, keeping the waitlist warm and converting families at the exact moment a slot opens is usually what keeps rooms full.

We put together a 20-minute discovery breakdown for independent practices:
{{TRACKED_URL_TOUCH_2}}

Would love to share what's working for clinics in MD if you're open to it.

Best,
Hudson","https://abaclinics.clubemkt.digital/aba?lid={{LEAD_ID}}&utm_source=cold_email&utm_medium=email&utm_campaign=pilot-2026-09-25-b2&utm_content=touch_2","Filling Dynamic Pediatric Autism Services's caseload (MD)","Hi Alyssa,

I know you're busy running Dynamic Pediatric Autism Services. 

If patient intake or waitlist conversion isn't a priority right now, no worries at all. If you ever want to check our 2-minute fit assessment or look at the numbers, you can bookmark this link:

{{TRACKED_URL_TOUCH_3}}

Wishing you and the team continued success in Silver Spring!

Best,
Hudson","https://abaclinics.clubemkt.digital/aba?lid={{LEAD_ID}}&utm_source=cold_email&utm_medium=email&utm_campaign=pilot-2026-09-25-b2&utm_content=touch_3"
"Early Start Behavioral Care Center","Amber Arellano","Amber","amber.arellano@earlystartautismil.com","Champaign","IL","3","pilot-2026-09-25-b2","Quick question about Early Start Behavioral Care Center's openings in IL","Hi Amber,

I was looking at independent ABA practices in Champaign and came across Early Start Behavioral Care Center. 

A lot of clinic owners we talk to with 1–3 locations tell us their biggest bottleneck isn't clinical interest—it's getting predictable commercial-insurance & private-pay inquiries without giving up margins to PE aggregators.

We built an intake & patient growth system specifically for independent practices across your 3 locations. You can see how the intake flow and caseload matching work here:

{{TRACKED_URL_TOUCH_1}}

Do you have 15 minutes this Thursday or Friday to see if this fits your current openings?

Best,
Hudson Argollo
Gold Traffic / ABA Practice Growth","https://abaclinics.clubemkt.digital/aba?lid={{LEAD_ID}}&utm_source=cold_email&utm_medium=email&utm_campaign=pilot-2026-09-25-b2&utm_content=touch_1","Re: Early Start Behavioral Care Center's openings in IL","Hi Amber,

Quick follow-up on my note from earlier this week.

When clinics expand or try to hire new BCBAs, keeping the waitlist warm and converting families at the exact moment a slot opens is usually what keeps rooms full.

We put together a 20-minute discovery breakdown for independent practices:
{{TRACKED_URL_TOUCH_2}}

Would love to share what's working for clinics in IL if you're open to it.

Best,
Hudson","https://abaclinics.clubemkt.digital/aba?lid={{LEAD_ID}}&utm_source=cold_email&utm_medium=email&utm_campaign=pilot-2026-09-25-b2&utm_content=touch_2","Filling Early Start Behavioral Care Center's caseload (IL)","Hi Amber,

I know you're busy running Early Start Behavioral Care Center. 

If patient intake or waitlist conversion isn't a priority right now, no worries at all. If you ever want to check our 2-minute fit assessment or look at the numbers, you can bookmark this link:

{{TRACKED_URL_TOUCH_3}}

Wishing you and the team continued success in Champaign!

Best,
Hudson","https://abaclinics.clubemkt.digital/aba?lid={{LEAD_ID}}&utm_source=cold_email&utm_medium=email&utm_campaign=pilot-2026-09-25-b2&utm_content=touch_3"
"Echo Autism & Learning Institute","Amy Armenta","Amy","aarmenta@echocareut.com","Ogden","UT","4","pilot-2026-09-25-b2","Quick question about Echo Autism & Learning Institute's openings in UT","Hi Amy,

I was looking at independent ABA practices in Ogden and came across Echo Autism & Learning Institute. 

A lot of clinic owners we talk to with 1–4 locations tell us their biggest bottleneck isn't clinical interest—it's getting predictable commercial-insurance & private-pay inquiries without giving up margins to PE aggregators.

We built an intake & patient growth system specifically for independent practices across your 4 locations. You can see how the intake flow and caseload matching work here:

{{TRACKED_URL_TOUCH_1}}

Do you have 15 minutes this Thursday or Friday to see if this fits your current openings?

Best,
Hudson Argollo
Gold Traffic / ABA Practice Growth","https://abaclinics.clubemkt.digital/aba?lid={{LEAD_ID}}&utm_source=cold_email&utm_medium=email&utm_campaign=pilot-2026-09-25-b2&utm_content=touch_1","Re: Echo Autism & Learning Institute's openings in UT","Hi Amy,

Quick follow-up on my note from earlier this week.

When clinics expand or try to hire new BCBAs, keeping the waitlist warm and converting families at the exact moment a slot opens is usually what keeps rooms full.

We put together a 20-minute discovery breakdown for independent practices:
{{TRACKED_URL_TOUCH_2}}

Would love to share what's working for clinics in UT if you're open to it.

Best,
Hudson","https://abaclinics.clubemkt.digital/aba?lid={{LEAD_ID}}&utm_source=cold_email&utm_medium=email&utm_campaign=pilot-2026-09-25-b2&utm_content=touch_2","Filling Echo Autism & Learning Institute's caseload (UT)","Hi Amy,

I know you're busy running Echo Autism & Learning Institute. 

If patient intake or waitlist conversion isn't a priority right now, no worries at all. If you ever want to check our 2-minute fit assessment or look at the numbers, you can bookmark this link:

{{TRACKED_URL_TOUCH_3}}

Wishing you and the team continued success in Ogden!

Best,
Hudson","https://abaclinics.clubemkt.digital/aba?lid={{LEAD_ID}}&utm_source=cold_email&utm_medium=email&utm_campaign=pilot-2026-09-25-b2&utm_content=touch_3"
"Eclipse Developmental Solutions","Andrea Armstrong","Andrea","andrea.armstrong@eclipseabanj.org","Clifton","NJ","1","pilot-2026-09-25-b2","Quick question about Eclipse Developmental Solutions's openings in NJ","Hi Andrea,

I was looking at independent ABA practices in Clifton and came across Eclipse Developmental Solutions. 

A lot of clinic owners we talk to with 1–3 locations tell us their biggest bottleneck isn't clinical interest—it's getting predictable commercial-insurance & private-pay inquiries without giving up margins to PE aggregators.

We built an intake & patient growth system specifically for independent practices at Eclipse Developmental Solutions. You can see how the intake flow and caseload matching work here:

{{TRACKED_URL_TOUCH_1}}

Do you have 15 minutes this Thursday or Friday to see if this fits your current openings?

Best,
Hudson Argollo
Gold Traffic / ABA Practice Growth","https://abaclinics.clubemkt.digital/aba?lid={{LEAD_ID}}&utm_source=cold_email&utm_medium=email&utm_campaign=pilot-2026-09-25-b2&utm_content=touch_1","Re: Eclipse Developmental Solutions's openings in NJ","Hi Andrea,

Quick follow-up on my note from earlier this week.

When clinics expand or try to hire new BCBAs, keeping the waitlist warm and converting families at the exact moment a slot opens is usually what keeps rooms full.

We put together a 20-minute discovery breakdown for independent practices:
{{TRACKED_URL_TOUCH_2}}

Would love to share what's working for clinics in NJ if you're open to it.

Best,
Hudson","https://abaclinics.clubemkt.digital/aba?lid={{LEAD_ID}}&utm_source=cold_email&utm_medium=email&utm_campaign=pilot-2026-09-25-b2&utm_content=touch_2","Filling Eclipse Developmental Solutions's caseload (NJ)","Hi Andrea,

I know you're busy running Eclipse Developmental Solutions. 

If patient intake or waitlist conversion isn't a priority right now, no worries at all. If you ever want to check our 2-minute fit assessment or look at the numbers, you can bookmark this link:

{{TRACKED_URL_TOUCH_3}}

Wishing you and the team continued success in Clifton!

Best,
Hudson","https://abaclinics.clubemkt.digital/aba?lid={{LEAD_ID}}&utm_source=cold_email&utm_medium=email&utm_campaign=pilot-2026-09-25-b2&utm_content=touch_3"
"Eden Behavioral Therapy Center","Andrew Arndt","Andrew","aarndt@edenautismtx.com","Plano","TX","2","pilot-2026-09-25-b2","Quick question about Eden Behavioral Therapy Center's openings in TX","Hi Andrew,

I was looking at independent ABA practices in Plano and came across Eden Behavioral Therapy Center. 

A lot of clinic owners we talk to with 1–3 locations tell us their biggest bottleneck isn't clinical interest—it's getting predictable commercial-insurance & private-pay inquiries without giving up margins to PE aggregators.

We built an intake & patient growth system specifically for independent practices across your 2 locations. You can see how the intake flow and caseload matching work here:

{{TRACKED_URL_TOUCH_1}}

Do you have 15 minutes this Thursday or Friday to see if this fits your current openings?

Best,
Hudson Argollo
Gold Traffic / ABA Practice Growth","https://abaclinics.clubemkt.digital/aba?lid={{LEAD_ID}}&utm_source=cold_email&utm_medium=email&utm_campaign=pilot-2026-09-25-b2&utm_content=touch_1","Re: Eden Behavioral Therapy Center's openings in TX","Hi Andrew,

Quick follow-up on my note from earlier this week.

When clinics expand or try to hire new BCBAs, keeping the waitlist warm and converting families at the exact moment a slot opens is usually what keeps rooms full.

We put together a 20-minute discovery breakdown for independent practices:
{{TRACKED_URL_TOUCH_2}}

Would love to share what's working for clinics in TX if you're open to it.

Best,
Hudson","https://abaclinics.clubemkt.digital/aba?lid={{LEAD_ID}}&utm_source=cold_email&utm_medium=email&utm_campaign=pilot-2026-09-25-b2&utm_content=touch_2","Filling Eden Behavioral Therapy Center's caseload (TX)","Hi Andrew,

I know you're busy running Eden Behavioral Therapy Center. 

If patient intake or waitlist conversion isn't a priority right now, no worries at all. If you ever want to check our 2-minute fit assessment or look at the numbers, you can bookmark this link:

{{TRACKED_URL_TOUCH_3}}

Wishing you and the team continued success in Plano!

Best,
Hudson","https://abaclinics.clubemkt.digital/aba?lid={{LEAD_ID}}&utm_source=cold_email&utm_medium=email&utm_campaign=pilot-2026-09-25-b2&utm_content=touch_3"
"Elation Autism Discovery Center","Angela Arnold","Angela","angela.arnold@elationcarefl.com","Boca Raton","FL","3","pilot-2026-09-25-b2","Quick question about Elation Autism Discovery Center's openings in FL","Hi Angela,

I was looking at independent ABA practices in Boca Raton and came across Elation Autism Discovery Center. 

A lot of clinic owners we talk to with 1–3 locations tell us their biggest bottleneck isn't clinical interest—it's getting predictable commercial-insurance & private-pay inquiries without giving up margins to PE aggregators.

We built an intake & patient growth system specifically for independent practices across your 3 locations. You can see how the intake flow and caseload matching work here:

{{TRACKED_URL_TOUCH_1}}

Do you have 15 minutes this Thursday or Friday to see if this fits your current openings?

Best,
Hudson Argollo
Gold Traffic / ABA Practice Growth","https://abaclinics.clubemkt.digital/aba?lid={{LEAD_ID}}&utm_source=cold_email&utm_medium=email&utm_campaign=pilot-2026-09-25-b2&utm_content=touch_1","Re: Elation Autism Discovery Center's openings in FL","Hi Angela,

Quick follow-up on my note from earlier this week.

When clinics expand or try to hire new BCBAs, keeping the waitlist warm and converting families at the exact moment a slot opens is usually what keeps rooms full.

We put together a 20-minute discovery breakdown for independent practices:
{{TRACKED_URL_TOUCH_2}}

Would love to share what's working for clinics in FL if you're open to it.

Best,
Hudson","https://abaclinics.clubemkt.digital/aba?lid={{LEAD_ID}}&utm_source=cold_email&utm_medium=email&utm_campaign=pilot-2026-09-25-b2&utm_content=touch_2","Filling Elation Autism Discovery Center's caseload (FL)","Hi Angela,

I know you're busy running Elation Autism Discovery Center. 

If patient intake or waitlist conversion isn't a priority right now, no worries at all. If you ever want to check our 2-minute fit assessment or look at the numbers, you can bookmark this link:

{{TRACKED_URL_TOUCH_3}}

Wishing you and the team continued success in Boca Raton!

Best,
Hudson","https://abaclinics.clubemkt.digital/aba?lid={{LEAD_ID}}&utm_source=cold_email&utm_medium=email&utm_campaign=pilot-2026-09-25-b2&utm_content=touch_3"
"Elite Behavioral Foundations","Ann Arredondo","Ann","aarredondo@eliteabaca.com","Bakersfield","CA","4","pilot-2026-09-25-b2","Quick question about Elite Behavioral Foundations's openings in CA","Hi Ann,

I was looking at independent ABA practices in Bakersfield and came across Elite Behavioral Foundations. 

A lot of clinic owners we talk to with 1–4 locations tell us their biggest bottleneck isn't clinical interest—it's getting predictable commercial-insurance & private-pay inquiries without giving up margins to PE aggregators.

We built an intake & patient growth system specifically for independent practices across your 4 locations. You can see how the intake flow and caseload matching work here:

{{TRACKED_URL_TOUCH_1}}

Do you have 15 minutes this Thursday or Friday to see if this fits your current openings?

Best,
Hudson Argollo
Gold Traffic / ABA Practice Growth","https://abaclinics.clubemkt.digital/aba?lid={{LEAD_ID}}&utm_source=cold_email&utm_medium=email&utm_campaign=pilot-2026-09-25-b2&utm_content=touch_1","Re: Elite Behavioral Foundations's openings in CA","Hi Ann,

Quick follow-up on my note from earlier this week.

When clinics expand or try to hire new BCBAs, keeping the waitlist warm and converting families at the exact moment a slot opens is usually what keeps rooms full.

We put together a 20-minute discovery breakdown for independent practices:
{{TRACKED_URL_TOUCH_2}}

Would love to share what's working for clinics in CA if you're open to it.

Best,
Hudson","https://abaclinics.clubemkt.digital/aba?lid={{LEAD_ID}}&utm_source=cold_email&utm_medium=email&utm_campaign=pilot-2026-09-25-b2&utm_content=touch_2","Filling Elite Behavioral Foundations's caseload (CA)","Hi Ann,

I know you're busy running Elite Behavioral Foundations. 

If patient intake or waitlist conversion isn't a priority right now, no worries at all. If you ever want to check our 2-minute fit assessment or look at the numbers, you can bookmark this link:

{{TRACKED_URL_TOUCH_3}}

Wishing you and the team continued success in Bakersfield!

Best,
Hudson","https://abaclinics.clubemkt.digital/aba?lid={{LEAD_ID}}&utm_source=cold_email&utm_medium=email&utm_campaign=pilot-2026-09-25-b2&utm_content=touch_3"
"Embrace Therapeutic Solutions","Anna Arroyo","Anna","anna.arroyo@embraceautismnc.org","High Point","NC","1","pilot-2026-09-25-b2","Quick question about Embrace Therapeutic Solutions's openings in NC","Hi Anna,

I was looking at independent ABA practices in High Point and came across Embrace Therapeutic Solutions. 

A lot of clinic owners we talk to with 1–3 locations tell us their biggest bottleneck isn't clinical interest—it's getting predictable commercial-insurance & private-pay inquiries without giving up margins to PE aggregators.

We built an intake & patient growth system specifically for independent practices at Embrace Therapeutic Solutions. You can see how the intake flow and caseload matching work here:

{{TRACKED_URL_TOUCH_1}}

Do you have 15 minutes this Thursday or Friday to see if this fits your current openings?

Best,
Hudson Argollo
Gold Traffic / ABA Practice Growth","https://abaclinics.clubemkt.digital/aba?lid={{LEAD_ID}}&utm_source=cold_email&utm_medium=email&utm_campaign=pilot-2026-09-25-b2&utm_content=touch_1","Re: Embrace Therapeutic Solutions's openings in NC","Hi Anna,

Quick follow-up on my note from earlier this week.

When clinics expand or try to hire new BCBAs, keeping the waitlist warm and converting families at the exact moment a slot opens is usually what keeps rooms full.

We put together a 20-minute discovery breakdown for independent practices:
{{TRACKED_URL_TOUCH_2}}

Would love to share what's working for clinics in NC if you're open to it.

Best,
Hudson","https://abaclinics.clubemkt.digital/aba?lid={{LEAD_ID}}&utm_source=cold_email&utm_medium=email&utm_campaign=pilot-2026-09-25-b2&utm_content=touch_2","Filling Embrace Therapeutic Solutions's caseload (NC)","Hi Anna,

I know you're busy running Embrace Therapeutic Solutions. 

If patient intake or waitlist conversion isn't a priority right now, no worries at all. If you ever want to check our 2-minute fit assessment or look at the numbers, you can bookmark this link:

{{TRACKED_URL_TOUCH_3}}

Wishing you and the team continued success in High Point!

Best,
Hudson","https://abaclinics.clubemkt.digital/aba?lid={{LEAD_ID}}&utm_source=cold_email&utm_medium=email&utm_campaign=pilot-2026-09-25-b2&utm_content=touch_3"
"Emergence ABA Collective","Anthony Arthur","Anthony","aarthur@emergencecarega.com","Dunwoody","GA","2","pilot-2026-09-25-b2","Quick question about Emergence ABA Collective's openings in GA","Hi Anthony,

I was looking at independent ABA practices in Dunwoody and came across Emergence ABA Collective. 

A lot of clinic owners we talk to with 1–3 locations tell us their biggest bottleneck isn't clinical interest—it's getting predictable commercial-insurance & private-pay inquiries without giving up margins to PE aggregators.

We built an intake & patient growth system specifically for independent practices across your 2 locations. You can see how the intake flow and caseload matching work here:

{{TRACKED_URL_TOUCH_1}}

Do you have 15 minutes this Thursday or Friday to see if this fits your current openings?

Best,
Hudson Argollo
Gold Traffic / ABA Practice Growth","https://abaclinics.clubemkt.digital/aba?lid={{LEAD_ID}}&utm_source=cold_email&utm_medium=email&utm_campaign=pilot-2026-09-25-b2&utm_content=touch_1","Re: Emergence ABA Collective's openings in GA","Hi Anthony,

Quick follow-up on my note from earlier this week.

When clinics expand or try to hire new BCBAs, keeping the waitlist warm and converting families at the exact moment a slot opens is usually what keeps rooms full.

We put together a 20-minute discovery breakdown for independent practices:
{{TRACKED_URL_TOUCH_2}}

Would love to share what's working for clinics in GA if you're open to it.

Best,
Hudson","https://abaclinics.clubemkt.digital/aba?lid={{LEAD_ID}}&utm_source=cold_email&utm_medium=email&utm_campaign=pilot-2026-09-25-b2&utm_content=touch_2","Filling Emergence ABA Collective's caseload (GA)","Hi Anthony,

I know you're busy running Emergence ABA Collective. 

If patient intake or waitlist conversion isn't a priority right now, no worries at all. If you ever want to check our 2-minute fit assessment or look at the numbers, you can bookmark this link:

{{TRACKED_URL_TOUCH_3}}

Wishing you and the team continued success in Dunwoody!

Best,
Hudson","https://abaclinics.clubemkt.digital/aba?lid={{LEAD_ID}}&utm_source=cold_email&utm_medium=email&utm_campaign=pilot-2026-09-25-b2&utm_content=touch_3"
"Empathy Autism Clinic","Antonio Asher","Antonio","antonio.asher@empathyabaco.com","Loveland","CO","3","pilot-2026-09-25-b2","Quick question about Empathy Autism Clinic's openings in CO","Hi Antonio,

I was looking at independent ABA practices in Loveland and came across Empathy Autism Clinic. 

A lot of clinic owners we talk to with 1–3 locations tell us their biggest bottleneck isn't clinical interest—it's getting predictable commercial-insurance & private-pay inquiries without giving up margins to PE aggregators.

We built an intake & patient growth system specifically for independent practices across your 3 locations. You can see how the intake flow and caseload matching work here:

{{TRACKED_URL_TOUCH_1}}

Do you have 15 minutes this Thursday or Friday to see if this fits your current openings?

Best,
Hudson Argollo
Gold Traffic / ABA Practice Growth","https://abaclinics.clubemkt.digital/aba?lid={{LEAD_ID}}&utm_source=cold_email&utm_medium=email&utm_campaign=pilot-2026-09-25-b2&utm_content=touch_1","Re: Empathy Autism Clinic's openings in CO","Hi Antonio,

Quick follow-up on my note from earlier this week.

When clinics expand or try to hire new BCBAs, keeping the waitlist warm and converting families at the exact moment a slot opens is usually what keeps rooms full.

We put together a 20-minute discovery breakdown for independent practices:
{{TRACKED_URL_TOUCH_2}}

Would love to share what's working for clinics in CO if you're open to it.

Best,
Hudson","https://abaclinics.clubemkt.digital/aba?lid={{LEAD_ID}}&utm_source=cold_email&utm_medium=email&utm_campaign=pilot-2026-09-25-b2&utm_content=touch_2","Filling Empathy Autism Clinic's caseload (CO)","Hi Antonio,

I know you're busy running Empathy Autism Clinic. 

If patient intake or waitlist conversion isn't a priority right now, no worries at all. If you ever want to check our 2-minute fit assessment or look at the numbers, you can bookmark this link:

{{TRACKED_URL_TOUCH_3}}

Wishing you and the team continued success in Loveland!

Best,
Hudson","https://abaclinics.clubemkt.digital/aba?lid={{LEAD_ID}}&utm_source=cold_email&utm_medium=email&utm_campaign=pilot-2026-09-25-b2&utm_content=touch_3"
"Empire ABA Center","Arthur Ashley","Arthur","aashley@empireautismva.net","Richmond","VA","4","pilot-2026-09-25-b2","Quick question about Empire ABA Center's openings in VA","Hi Arthur,

I was looking at independent ABA practices in Richmond and came across Empire ABA Center. 

A lot of clinic owners we talk to with 1–4 locations tell us their biggest bottleneck isn't clinical interest—it's getting predictable commercial-insurance & private-pay inquiries without giving up margins to PE aggregators.

We built an intake & patient growth system specifically for independent practices across your 4 locations. You can see how the intake flow and caseload matching work here:

{{TRACKED_URL_TOUCH_1}}

Do you have 15 minutes this Thursday or Friday to see if this fits your current openings?

Best,
Hudson Argollo
Gold Traffic / ABA Practice Growth","https://abaclinics.clubemkt.digital/aba?lid={{LEAD_ID}}&utm_source=cold_email&utm_medium=email&utm_campaign=pilot-2026-09-25-b2&utm_content=touch_1","Re: Empire ABA Center's openings in VA","Hi Arthur,

Quick follow-up on my note from earlier this week.

When clinics expand or try to hire new BCBAs, keeping the waitlist warm and converting families at the exact moment a slot opens is usually what keeps rooms full.

We put together a 20-minute discovery breakdown for independent practices:
{{TRACKED_URL_TOUCH_2}}

Would love to share what's working for clinics in VA if you're open to it.

Best,
Hudson","https://abaclinics.clubemkt.digital/aba?lid={{LEAD_ID}}&utm_source=cold_email&utm_medium=email&utm_campaign=pilot-2026-09-25-b2&utm_content=touch_2","Filling Empire ABA Center's caseload (VA)","Hi Arthur,

I know you're busy running Empire ABA Center. 

If patient intake or waitlist conversion isn't a priority right now, no worries at all. If you ever want to check our 2-minute fit assessment or look at the numbers, you can bookmark this link:

{{TRACKED_URL_TOUCH_3}}

Wishing you and the team continued success in Richmond!

Best,
Hudson","https://abaclinics.clubemkt.digital/aba?lid={{LEAD_ID}}&utm_source=cold_email&utm_medium=email&utm_campaign=pilot-2026-09-25-b2&utm_content=touch_3"
"Engage Behavioral Health Network","Ashley Ashton","Ashley","ashley.ashton@engagecaremd.org","Rockville","MD","1","pilot-2026-09-25-b2","Quick question about Engage Behavioral Health Network's openings in MD","Hi Ashley,

I was looking at independent ABA practices in Rockville and came across Engage Behavioral Health Network. 

A lot of clinic owners we talk to with 1–3 locations tell us their biggest bottleneck isn't clinical interest—it's getting predictable commercial-insurance & private-pay inquiries without giving up margins to PE aggregators.

We built an intake & patient growth system specifically for independent practices at Engage Behavioral Health Network. You can see how the intake flow and caseload matching work here:

{{TRACKED_URL_TOUCH_1}}

Do you have 15 minutes this Thursday or Friday to see if this fits your current openings?

Best,
Hudson Argollo
Gold Traffic / ABA Practice Growth","https://abaclinics.clubemkt.digital/aba?lid={{LEAD_ID}}&utm_source=cold_email&utm_medium=email&utm_campaign=pilot-2026-09-25-b2&utm_content=touch_1","Re: Engage Behavioral Health Network's openings in MD","Hi Ashley,

Quick follow-up on my note from earlier this week.

When clinics expand or try to hire new BCBAs, keeping the waitlist warm and converting families at the exact moment a slot opens is usually what keeps rooms full.

We put together a 20-minute discovery breakdown for independent practices:
{{TRACKED_URL_TOUCH_2}}

Would love to share what's working for clinics in MD if you're open to it.

Best,
Hudson","https://abaclinics.clubemkt.digital/aba?lid={{LEAD_ID}}&utm_source=cold_email&utm_medium=email&utm_campaign=pilot-2026-09-25-b2&utm_content=touch_2","Filling Engage Behavioral Health Network's caseload (MD)","Hi Ashley,

I know you're busy running Engage Behavioral Health Network. 

If patient intake or waitlist conversion isn't a priority right now, no worries at all. If you ever want to check our 2-minute fit assessment or look at the numbers, you can bookmark this link:

{{TRACKED_URL_TOUCH_3}}

Wishing you and the team continued success in Rockville!

Best,
Hudson","https://abaclinics.clubemkt.digital/aba?lid={{LEAD_ID}}&utm_source=cold_email&utm_medium=email&utm_campaign=pilot-2026-09-25-b2&utm_content=touch_3"
"Equinox Autism Group","Audrey Atkins","Audrey","aatkins@equinoxabail.com","Springfield","IL","2","pilot-2026-09-25-b2","Quick question about Equinox Autism Group's openings in IL","Hi Audrey,

I was looking at independent ABA practices in Springfield and came across Equinox Autism Group. 

A lot of clinic owners we talk to with 1–3 locations tell us their biggest bottleneck isn't clinical interest—it's getting predictable commercial-insurance & private-pay inquiries without giving up margins to PE aggregators.

We built an intake & patient growth system specifically for independent practices across your 2 locations. You can see how the intake flow and caseload matching work here:

{{TRACKED_URL_TOUCH_1}}

Do you have 15 minutes this Thursday or Friday to see if this fits your current openings?

Best,
Hudson Argollo
Gold Traffic / ABA Practice Growth","https://abaclinics.clubemkt.digital/aba?lid={{LEAD_ID}}&utm_source=cold_email&utm_medium=email&utm_campaign=pilot-2026-09-25-b2&utm_content=touch_1","Re: Equinox Autism Group's openings in IL","Hi Audrey,

Quick follow-up on my note from earlier this week.

When clinics expand or try to hire new BCBAs, keeping the waitlist warm and converting families at the exact moment a slot opens is usually what keeps rooms full.

We put together a 20-minute discovery breakdown for independent practices:
{{TRACKED_URL_TOUCH_2}}

Would love to share what's working for clinics in IL if you're open to it.

Best,
Hudson","https://abaclinics.clubemkt.digital/aba?lid={{LEAD_ID}}&utm_source=cold_email&utm_medium=email&utm_campaign=pilot-2026-09-25-b2&utm_content=touch_2","Filling Equinox Autism Group's caseload (IL)","Hi Audrey,

I know you're busy running Equinox Autism Group. 

If patient intake or waitlist conversion isn't a priority right now, no worries at all. If you ever want to check our 2-minute fit assessment or look at the numbers, you can bookmark this link:

{{TRACKED_URL_TOUCH_3}}

Wishing you and the team continued success in Springfield!

Best,
Hudson","https://abaclinics.clubemkt.digital/aba?lid={{LEAD_ID}}&utm_source=cold_email&utm_medium=email&utm_campaign=pilot-2026-09-25-b2&utm_content=touch_3"
"Essence Applied Behavior Specialists","Austin Atkinson","Austin","austin.atkinson@essenceautismut.com","Orem","UT","3","pilot-2026-09-25-b2","Quick question about Essence Applied Behavior Specialists's openings in UT","Hi Austin,

I was looking at independent ABA practices in Orem and came across Essence Applied Behavior Specialists. 

A lot of clinic owners we talk to with 1–3 locations tell us their biggest bottleneck isn't clinical interest—it's getting predictable commercial-insurance & private-pay inquiries without giving up margins to PE aggregators.

We built an intake & patient growth system specifically for independent practices across your 3 locations. You can see how the intake flow and caseload matching work here:

{{TRACKED_URL_TOUCH_1}}

Do you have 15 minutes this Thursday or Friday to see if this fits your current openings?

Best,
Hudson Argollo
Gold Traffic / ABA Practice Growth","https://abaclinics.clubemkt.digital/aba?lid={{LEAD_ID}}&utm_source=cold_email&utm_medium=email&utm_campaign=pilot-2026-09-25-b2&utm_content=touch_1","Re: Essence Applied Behavior Specialists's openings in UT","Hi Austin,

Quick follow-up on my note from earlier this week.

When clinics expand or try to hire new BCBAs, keeping the waitlist warm and converting families at the exact moment a slot opens is usually what keeps rooms full.

We put together a 20-minute discovery breakdown for independent practices:
{{TRACKED_URL_TOUCH_2}}

Would love to share what's working for clinics in UT if you're open to it.

Best,
Hudson","https://abaclinics.clubemkt.digital/aba?lid={{LEAD_ID}}&utm_source=cold_email&utm_medium=email&utm_campaign=pilot-2026-09-25-b2&utm_content=touch_2","Filling Essence Applied Behavior Specialists's caseload (UT)","Hi Austin,

I know you're busy running Essence Applied Behavior Specialists. 

If patient intake or waitlist conversion isn't a priority right now, no worries at all. If you ever want to check our 2-minute fit assessment or look at the numbers, you can bookmark this link:

{{TRACKED_URL_TOUCH_3}}

Wishing you and the team continued success in Orem!

Best,
Hudson","https://abaclinics.clubemkt.digital/aba?lid={{LEAD_ID}}&utm_source=cold_email&utm_medium=email&utm_campaign=pilot-2026-09-25-b2&utm_content=touch_3"
"Essential Therapy Partners","Autumn Augustine","Autumn","aaugustine@essentialcarenj.com","Woodbridge","NJ","4","pilot-2026-09-25-b2","Quick question about Essential Therapy Partners's openings in NJ","Hi Autumn,

I was looking at independent ABA practices in Woodbridge and came across Essential Therapy Partners. 

A lot of clinic owners we talk to with 1–4 locations tell us their biggest bottleneck isn't clinical interest—it's getting predictable commercial-insurance & private-pay inquiries without giving up margins to PE aggregators.

We built an intake & patient growth system specifically for independent practices across your 4 locations. You can see how the intake flow and caseload matching work here:

{{TRACKED_URL_TOUCH_1}}

Do you have 15 minutes this Thursday or Friday to see if this fits your current openings?

Best,
Hudson Argollo
Gold Traffic / ABA Practice Growth","https://abaclinics.clubemkt.digital/aba?lid={{LEAD_ID}}&utm_source=cold_email&utm_medium=email&utm_campaign=pilot-2026-09-25-b2&utm_content=touch_1","Re: Essential Therapy Partners's openings in NJ","Hi Autumn,

Quick follow-up on my note from earlier this week.

When clinics expand or try to hire new BCBAs, keeping the waitlist warm and converting families at the exact moment a slot opens is usually what keeps rooms full.

We put together a 20-minute discovery breakdown for independent practices:
{{TRACKED_URL_TOUCH_2}}

Would love to share what's working for clinics in NJ if you're open to it.

Best,
Hudson","https://abaclinics.clubemkt.digital/aba?lid={{LEAD_ID}}&utm_source=cold_email&utm_medium=email&utm_campaign=pilot-2026-09-25-b2&utm_content=touch_2","Filling Essential Therapy Partners's caseload (NJ)","Hi Autumn,

I know you're busy running Essential Therapy Partners. 

If patient intake or waitlist conversion isn't a priority right now, no worries at all. If you ever want to check our 2-minute fit assessment or look at the numbers, you can bookmark this link:

{{TRACKED_URL_TOUCH_3}}

Wishing you and the team continued success in Woodbridge!

Best,
Hudson","https://abaclinics.clubemkt.digital/aba?lid={{LEAD_ID}}&utm_source=cold_email&utm_medium=email&utm_campaign=pilot-2026-09-25-b2&utm_content=touch_3"
"Estuary Pediatric Autism Services","Ava Austin","Ava","ava.austin@estuaryabatx.org","Tyler","TX","1","pilot-2026-09-25-b2","Quick question about Estuary Pediatric Autism Services's openings in TX","Hi Ava,

I was looking at independent ABA practices in Tyler and came across Estuary Pediatric Autism Services. 

A lot of clinic owners we talk to with 1–3 locations tell us their biggest bottleneck isn't clinical interest—it's getting predictable commercial-insurance & private-pay inquiries without giving up margins to PE aggregators.

We built an intake & patient growth system specifically for independent practices at Estuary Pediatric Autism Services. You can see how the intake flow and caseload matching work here:

{{TRACKED_URL_TOUCH_1}}

Do you have 15 minutes this Thursday or Friday to see if this fits your current openings?

Best,
Hudson Argollo
Gold Traffic / ABA Practice Growth","https://abaclinics.clubemkt.digital/aba?lid={{LEAD_ID}}&utm_source=cold_email&utm_medium=email&utm_campaign=pilot-2026-09-25-b2&utm_content=touch_1","Re: Estuary Pediatric Autism Services's openings in TX","Hi Ava,

Quick follow-up on my note from earlier this week.

When clinics expand or try to hire new BCBAs, keeping the waitlist warm and converting families at the exact moment a slot opens is usually what keeps rooms full.

We put together a 20-minute discovery breakdown for independent practices:
{{TRACKED_URL_TOUCH_2}}

Would love to share what's working for clinics in TX if you're open to it.

Best,
Hudson","https://abaclinics.clubemkt.digital/aba?lid={{LEAD_ID}}&utm_source=cold_email&utm_medium=email&utm_campaign=pilot-2026-09-25-b2&utm_content=touch_2","Filling Estuary Pediatric Autism Services's caseload (TX)","Hi Ava,

I know you're busy running Estuary Pediatric Autism Services. 

If patient intake or waitlist conversion isn't a priority right now, no worries at all. If you ever want to check our 2-minute fit assessment or look at the numbers, you can bookmark this link:

{{TRACKED_URL_TOUCH_3}}

Wishing you and the team continued success in Tyler!

Best,
Hudson","https://abaclinics.clubemkt.digital/aba?lid={{LEAD_ID}}&utm_source=cold_email&utm_medium=email&utm_campaign=pilot-2026-09-25-b2&utm_content=touch_3"
"Evergreen Behavioral Care Center","Avery Avalos","Avery","aavalos@evergreenautismfl.com","Kissimmee","FL","2","pilot-2026-09-25-b2","Quick question about Evergreen Behavioral Care Center's openings in FL","Hi Avery,

I was looking at independent ABA practices in Kissimmee and came across Evergreen Behavioral Care Center. 

A lot of clinic owners we talk to with 1–3 locations tell us their biggest bottleneck isn't clinical interest—it's getting predictable commercial-insurance & private-pay inquiries without giving up margins to PE aggregators.

We built an intake & patient growth system specifically for independent practices across your 2 locations. You can see how the intake flow and caseload matching work here:

{{TRACKED_URL_TOUCH_1}}

Do you have 15 minutes this Thursday or Friday to see if this fits your current openings?

Best,
Hudson Argollo
Gold Traffic / ABA Practice Growth","https://abaclinics.clubemkt.digital/aba?lid={{LEAD_ID}}&utm_source=cold_email&utm_medium=email&utm_campaign=pilot-2026-09-25-b2&utm_content=touch_1","Re: Evergreen Behavioral Care Center's openings in FL","Hi Avery,

Quick follow-up on my note from earlier this week.

When clinics expand or try to hire new BCBAs, keeping the waitlist warm and converting families at the exact moment a slot opens is usually what keeps rooms full.

We put together a 20-minute discovery breakdown for independent practices:
{{TRACKED_URL_TOUCH_2}}

Would love to share what's working for clinics in FL if you're open to it.

Best,
Hudson","https://abaclinics.clubemkt.digital/aba?lid={{LEAD_ID}}&utm_source=cold_email&utm_medium=email&utm_campaign=pilot-2026-09-25-b2&utm_content=touch_2","Filling Evergreen Behavioral Care Center's caseload (FL)","Hi Avery,

I know you're busy running Evergreen Behavioral Care Center. 

If patient intake or waitlist conversion isn't a priority right now, no worries at all. If you ever want to check our 2-minute fit assessment or look at the numbers, you can bookmark this link:

{{TRACKED_URL_TOUCH_3}}

Wishing you and the team continued success in Kissimmee!

Best,
Hudson","https://abaclinics.clubemkt.digital/aba?lid={{LEAD_ID}}&utm_source=cold_email&utm_medium=email&utm_campaign=pilot-2026-09-25-b2&utm_content=touch_3"
"Excel Autism & Learning Institute","Bailey Avery","Bailey","bailey.avery@excelcareca.net","Huntington Beach","CA","3","pilot-2026-09-25-b2","Quick question about Excel Autism & Learning Institute's openings in CA","Hi Bailey,

I was looking at independent ABA practices in Huntington Beach and came across Excel Autism & Learning Institute. 

A lot of clinic owners we talk to with 1–3 locations tell us their biggest bottleneck isn't clinical interest—it's getting predictable commercial-insurance & private-pay inquiries without giving up margins to PE aggregators.

We built an intake & patient growth system specifically for independent practices across your 3 locations. You can see how the intake flow and caseload matching work here:

{{TRACKED_URL_TOUCH_1}}

Do you have 15 minutes this Thursday or Friday to see if this fits your current openings?

Best,
Hudson Argollo
Gold Traffic / ABA Practice Growth","https://abaclinics.clubemkt.digital/aba?lid={{LEAD_ID}}&utm_source=cold_email&utm_medium=email&utm_campaign=pilot-2026-09-25-b2&utm_content=touch_1","Re: Excel Autism & Learning Institute's openings in CA","Hi Bailey,

Quick follow-up on my note from earlier this week.

When clinics expand or try to hire new BCBAs, keeping the waitlist warm and converting families at the exact moment a slot opens is usually what keeps rooms full.

We put together a 20-minute discovery breakdown for independent practices:
{{TRACKED_URL_TOUCH_2}}

Would love to share what's working for clinics in CA if you're open to it.

Best,
Hudson","https://abaclinics.clubemkt.digital/aba?lid={{LEAD_ID}}&utm_source=cold_email&utm_medium=email&utm_campaign=pilot-2026-09-25-b2&utm_content=touch_2","Filling Excel Autism & Learning Institute's caseload (CA)","Hi Bailey,

I know you're busy running Excel Autism & Learning Institute. 

If patient intake or waitlist conversion isn't a priority right now, no worries at all. If you ever want to check our 2-minute fit assessment or look at the numbers, you can bookmark this link:

{{TRACKED_URL_TOUCH_3}}

Wishing you and the team continued success in Huntington Beach!

Best,
Hudson","https://abaclinics.clubemkt.digital/aba?lid={{LEAD_ID}}&utm_source=cold_email&utm_medium=email&utm_campaign=pilot-2026-09-25-b2&utm_content=touch_3"
"Excellence Developmental Solutions","Barbara Avila","Barbara","bavila@excellenceabanc.com","Concord","NC","4","pilot-2026-09-25-b2","Quick question about Excellence Developmental Solutions's openings in NC","Hi Barbara,

I was looking at independent ABA practices in Concord and came across Excellence Developmental Solutions. 

A lot of clinic owners we talk to with 1–4 locations tell us their biggest bottleneck isn't clinical interest—it's getting predictable commercial-insurance & private-pay inquiries without giving up margins to PE aggregators.

We built an intake & patient growth system specifically for independent practices across your 4 locations. You can see how the intake flow and caseload matching work here:

{{TRACKED_URL_TOUCH_1}}

Do you have 15 minutes this Thursday or Friday to see if this fits your current openings?

Best,
Hudson Argollo
Gold Traffic / ABA Practice Growth","https://abaclinics.clubemkt.digital/aba?lid={{LEAD_ID}}&utm_source=cold_email&utm_medium=email&utm_campaign=pilot-2026-09-25-b2&utm_content=touch_1","Re: Excellence Developmental Solutions's openings in NC","Hi Barbara,

Quick follow-up on my note from earlier this week.

When clinics expand or try to hire new BCBAs, keeping the waitlist warm and converting families at the exact moment a slot opens is usually what keeps rooms full.

We put together a 20-minute discovery breakdown for independent practices:
{{TRACKED_URL_TOUCH_2}}

Would love to share what's working for clinics in NC if you're open to it.

Best,
Hudson","https://abaclinics.clubemkt.digital/aba?lid={{LEAD_ID}}&utm_source=cold_email&utm_medium=email&utm_campaign=pilot-2026-09-25-b2&utm_content=touch_2","Filling Excellence Developmental Solutions's caseload (NC)","Hi Barbara,

I know you're busy running Excellence Developmental Solutions. 

If patient intake or waitlist conversion isn't a priority right now, no worries at all. If you ever want to check our 2-minute fit assessment or look at the numbers, you can bookmark this link:

{{TRACKED_URL_TOUCH_3}}

Wishing you and the team continued success in Concord!

Best,
Hudson","https://abaclinics.clubemkt.digital/aba?lid={{LEAD_ID}}&utm_source=cold_email&utm_medium=email&utm_campaign=pilot-2026-09-25-b2&utm_content=touch_3"
"Expansion Behavioral Therapy Center","Beatrice Ayala","Beatrice","beatrice.ayala@expansionautismga.org","Tyrone","GA","1","pilot-2026-09-25-b2","Quick question about Expansion Behavioral Therapy Center's openings in GA","Hi Beatrice,

I was looking at independent ABA practices in Tyrone and came across Expansion Behavioral Therapy Center. 

A lot of clinic owners we talk to with 1–3 locations tell us their biggest bottleneck isn't clinical interest—it's getting predictable commercial-insurance & private-pay inquiries without giving up margins to PE aggregators.

We built an intake & patient growth system specifically for independent practices at Expansion Behavioral Therapy Center. You can see how the intake flow and caseload matching work here:

{{TRACKED_URL_TOUCH_1}}

Do you have 15 minutes this Thursday or Friday to see if this fits your current openings?

Best,
Hudson Argollo
Gold Traffic / ABA Practice Growth","https://abaclinics.clubemkt.digital/aba?lid={{LEAD_ID}}&utm_source=cold_email&utm_medium=email&utm_campaign=pilot-2026-09-25-b2&utm_content=touch_1","Re: Expansion Behavioral Therapy Center's openings in GA","Hi Beatrice,

Quick follow-up on my note from earlier this week.

When clinics expand or try to hire new BCBAs, keeping the waitlist warm and converting families at the exact moment a slot opens is usually what keeps rooms full.

We put together a 20-minute discovery breakdown for independent practices:
{{TRACKED_URL_TOUCH_2}}

Would love to share what's working for clinics in GA if you're open to it.

Best,
Hudson","https://abaclinics.clubemkt.digital/aba?lid={{LEAD_ID}}&utm_source=cold_email&utm_medium=email&utm_campaign=pilot-2026-09-25-b2&utm_content=touch_2","Filling Expansion Behavioral Therapy Center's caseload (GA)","Hi Beatrice,

I know you're busy running Expansion Behavioral Therapy Center. 

If patient intake or waitlist conversion isn't a priority right now, no worries at all. If you ever want to check our 2-minute fit assessment or look at the numbers, you can bookmark this link:

{{TRACKED_URL_TOUCH_3}}

Wishing you and the team continued success in Tyrone!

Best,
Hudson","https://abaclinics.clubemkt.digital/aba?lid={{LEAD_ID}}&utm_source=cold_email&utm_medium=email&utm_campaign=pilot-2026-09-25-b2&utm_content=touch_3"
"Express Autism Discovery Center","Benjamin Babcock","Benjamin","bbabcock@expresscareco.com","Greeley","CO","2","pilot-2026-09-25-b2","Quick question about Express Autism Discovery Center's openings in CO","Hi Benjamin,

I was looking at independent ABA practices in Greeley and came across Express Autism Discovery Center. 

A lot of clinic owners we talk to with 1–3 locations tell us their biggest bottleneck isn't clinical interest—it's getting predictable commercial-insurance & private-pay inquiries without giving up margins to PE aggregators.

We built an intake & patient growth system specifically for independent practices across your 2 locations. You can see how the intake flow and caseload matching work here:

{{TRACKED_URL_TOUCH_1}}

Do you have 15 minutes this Thursday or Friday to see if this fits your current openings?

Best,
Hudson Argollo
Gold Traffic / ABA Practice Growth","https://abaclinics.clubemkt.digital/aba?lid={{LEAD_ID}}&utm_source=cold_email&utm_medium=email&utm_campaign=pilot-2026-09-25-b2&utm_content=touch_1","Re: Express Autism Discovery Center's openings in CO","Hi Benjamin,

Quick follow-up on my note from earlier this week.

When clinics expand or try to hire new BCBAs, keeping the waitlist warm and converting families at the exact moment a slot opens is usually what keeps rooms full.

We put together a 20-minute discovery breakdown for independent practices:
{{TRACKED_URL_TOUCH_2}}

Would love to share what's working for clinics in CO if you're open to it.

Best,
Hudson","https://abaclinics.clubemkt.digital/aba?lid={{LEAD_ID}}&utm_source=cold_email&utm_medium=email&utm_campaign=pilot-2026-09-25-b2&utm_content=touch_2","Filling Express Autism Discovery Center's caseload (CO)","Hi Benjamin,

I know you're busy running Express Autism Discovery Center. 

If patient intake or waitlist conversion isn't a priority right now, no worries at all. If you ever want to check our 2-minute fit assessment or look at the numbers, you can bookmark this link:

{{TRACKED_URL_TOUCH_3}}

Wishing you and the team continued success in Greeley!

Best,
Hudson","https://abaclinics.clubemkt.digital/aba?lid={{LEAD_ID}}&utm_source=cold_email&utm_medium=email&utm_campaign=pilot-2026-09-25-b2&utm_content=touch_3"
"Faith Behavioral Foundations","Bethany Bach","Bethany","bethany.bach@faithabava.com","Newport News","VA","3","pilot-2026-09-25-b2","Quick question about Faith Behavioral Foundations's openings in VA","Hi Bethany,

I was looking at independent ABA practices in Newport News and came across Faith Behavioral Foundations. 

A lot of clinic owners we talk to with 1–3 locations tell us their biggest bottleneck isn't clinical interest—it's getting predictable commercial-insurance & private-pay inquiries without giving up margins to PE aggregators.

We built an intake & patient growth system specifically for independent practices across your 3 locations. You can see how the intake flow and caseload matching work here:

{{TRACKED_URL_TOUCH_1}}

Do you have 15 minutes this Thursday or Friday to see if this fits your current openings?

Best,
Hudson Argollo
Gold Traffic / ABA Practice Growth","https://abaclinics.clubemkt.digital/aba?lid={{LEAD_ID}}&utm_source=cold_email&utm_medium=email&utm_campaign=pilot-2026-09-25-b2&utm_content=touch_1","Re: Faith Behavioral Foundations's openings in VA","Hi Bethany,

Quick follow-up on my note from earlier this week.

When clinics expand or try to hire new BCBAs, keeping the waitlist warm and converting families at the exact moment a slot opens is usually what keeps rooms full.

We put together a 20-minute discovery breakdown for independent practices:
{{TRACKED_URL_TOUCH_2}}

Would love to share what's working for clinics in VA if you're open to it.

Best,
Hudson","https://abaclinics.clubemkt.digital/aba?lid={{LEAD_ID}}&utm_source=cold_email&utm_medium=email&utm_campaign=pilot-2026-09-25-b2&utm_content=touch_2","Filling Faith Behavioral Foundations's caseload (VA)","Hi Bethany,

I know you're busy running Faith Behavioral Foundations. 

If patient intake or waitlist conversion isn't a priority right now, no worries at all. If you ever want to check our 2-minute fit assessment or look at the numbers, you can bookmark this link:

{{TRACKED_URL_TOUCH_3}}

Wishing you and the team continued success in Newport News!

Best,
Hudson","https://abaclinics.clubemkt.digital/aba?lid={{LEAD_ID}}&utm_source=cold_email&utm_medium=email&utm_campaign=pilot-2026-09-25-b2&utm_content=touch_3"
"Family First Therapeutic Solutions","Blake Bader","Blake","bbader@familyfirstautismmd.com","Ellicott City","MD","4","pilot-2026-09-25-b2","Quick question about Family First Therapeutic Solutions's openings in MD","Hi Blake,

I was looking at independent ABA practices in Ellicott City and came across Family First Therapeutic Solutions. 

A lot of clinic owners we talk to with 1–4 locations tell us their biggest bottleneck isn't clinical interest—it's getting predictable commercial-insurance & private-pay inquiries without giving up margins to PE aggregators.

We built an intake & patient growth system specifically for independent practices across your 4 locations. You can see how the intake flow and caseload matching work here:

{{TRACKED_URL_TOUCH_1}}

Do you have 15 minutes this Thursday or Friday to see if this fits your current openings?

Best,
Hudson Argollo
Gold Traffic / ABA Practice Growth","https://abaclinics.clubemkt.digital/aba?lid={{LEAD_ID}}&utm_source=cold_email&utm_medium=email&utm_campaign=pilot-2026-09-25-b2&utm_content=touch_1","Re: Family First Therapeutic Solutions's openings in MD","Hi Blake,

Quick follow-up on my note from earlier this week.

When clinics expand or try to hire new BCBAs, keeping the waitlist warm and converting families at the exact moment a slot opens is usually what keeps rooms full.

We put together a 20-minute discovery breakdown for independent practices:
{{TRACKED_URL_TOUCH_2}}

Would love to share what's working for clinics in MD if you're open to it.

Best,
Hudson","https://abaclinics.clubemkt.digital/aba?lid={{LEAD_ID}}&utm_source=cold_email&utm_medium=email&utm_campaign=pilot-2026-09-25-b2&utm_content=touch_2","Filling Family First Therapeutic Solutions's caseload (MD)","Hi Blake,

I know you're busy running Family First Therapeutic Solutions. 

If patient intake or waitlist conversion isn't a priority right now, no worries at all. If you ever want to check our 2-minute fit assessment or look at the numbers, you can bookmark this link:

{{TRACKED_URL_TOUCH_3}}

Wishing you and the team continued success in Ellicott City!

Best,
Hudson","https://abaclinics.clubemkt.digital/aba?lid={{LEAD_ID}}&utm_source=cold_email&utm_medium=email&utm_campaign=pilot-2026-09-25-b2&utm_content=touch_3"
"Feather ABA Collective","Bradley Baer","Bradley","bradley.baer@feathercareil.org","Schaumburg","IL","1","pilot-2026-09-25-b2","Quick question about Feather ABA Collective's openings in IL","Hi Bradley,

I was looking at independent ABA practices in Schaumburg and came across Feather ABA Collective. 

A lot of clinic owners we talk to with 1–3 locations tell us their biggest bottleneck isn't clinical interest—it's getting predictable commercial-insurance & private-pay inquiries without giving up margins to PE aggregators.

We built an intake & patient growth system specifically for independent practices at Feather ABA Collective. You can see how the intake flow and caseload matching work here:

{{TRACKED_URL_TOUCH_1}}

Do you have 15 minutes this Thursday or Friday to see if this fits your current openings?

Best,
Hudson Argollo
Gold Traffic / ABA Practice Growth","https://abaclinics.clubemkt.digital/aba?lid={{LEAD_ID}}&utm_source=cold_email&utm_medium=email&utm_campaign=pilot-2026-09-25-b2&utm_content=touch_1","Re: Feather ABA Collective's openings in IL","Hi Bradley,

Quick follow-up on my note from earlier this week.

When clinics expand or try to hire new BCBAs, keeping the waitlist warm and converting families at the exact moment a slot opens is usually what keeps rooms full.

We put together a 20-minute discovery breakdown for independent practices:
{{TRACKED_URL_TOUCH_2}}

Would love to share what's working for clinics in IL if you're open to it.

Best,
Hudson","https://abaclinics.clubemkt.digital/aba?lid={{LEAD_ID}}&utm_source=cold_email&utm_medium=email&utm_campaign=pilot-2026-09-25-b2&utm_content=touch_2","Filling Feather ABA Collective's caseload (IL)","Hi Bradley,

I know you're busy running Feather ABA Collective. 

If patient intake or waitlist conversion isn't a priority right now, no worries at all. If you ever want to check our 2-minute fit assessment or look at the numbers, you can bookmark this link:

{{TRACKED_URL_TOUCH_3}}

Wishing you and the team continued success in Schaumburg!

Best,
Hudson","https://abaclinics.clubemkt.digital/aba?lid={{LEAD_ID}}&utm_source=cold_email&utm_medium=email&utm_campaign=pilot-2026-09-25-b2&utm_content=touch_3"
"First Step Autism Clinic","Brandon Baggett","Brandon","bbaggett@firststepabaut.net","Provo","UT","2","pilot-2026-09-25-b2","Quick question about First Step Autism Clinic's openings in UT","Hi Brandon,

I was looking at independent ABA practices in Provo and came across First Step Autism Clinic. 

A lot of clinic owners we talk to with 1–3 locations tell us their biggest bottleneck isn't clinical interest—it's getting predictable commercial-insurance & private-pay inquiries without giving up margins to PE aggregators.

We built an intake & patient growth system specifically for independent practices across your 2 locations. You can see how the intake flow and caseload matching work here:

{{TRACKED_URL_TOUCH_1}}

Do you have 15 minutes this Thursday or Friday to see if this fits your current openings?

Best,
Hudson Argollo
Gold Traffic / ABA Practice Growth","https://abaclinics.clubemkt.digital/aba?lid={{LEAD_ID}}&utm_source=cold_email&utm_medium=email&utm_campaign=pilot-2026-09-25-b2&utm_content=touch_1","Re: First Step Autism Clinic's openings in UT","Hi Brandon,

Quick follow-up on my note from earlier this week.

When clinics expand or try to hire new BCBAs, keeping the waitlist warm and converting families at the exact moment a slot opens is usually what keeps rooms full.

We put together a 20-minute discovery breakdown for independent practices:
{{TRACKED_URL_TOUCH_2}}

Would love to share what's working for clinics in UT if you're open to it.

Best,
Hudson","https://abaclinics.clubemkt.digital/aba?lid={{LEAD_ID}}&utm_source=cold_email&utm_medium=email&utm_campaign=pilot-2026-09-25-b2&utm_content=touch_2","Filling First Step Autism Clinic's caseload (UT)","Hi Brandon,

I know you're busy running First Step Autism Clinic. 

If patient intake or waitlist conversion isn't a priority right now, no worries at all. If you ever want to check our 2-minute fit assessment or look at the numbers, you can bookmark this link:

{{TRACKED_URL_TOUCH_3}}

Wishing you and the team continued success in Provo!

Best,
Hudson","https://abaclinics.clubemkt.digital/aba?lid={{LEAD_ID}}&utm_source=cold_email&utm_medium=email&utm_campaign=pilot-2026-09-25-b2&utm_content=touch_3"
"Focus ABA Center","Brayden Bagley","Brayden","brayden.bagley@focusautismnj.com","Jersey City","NJ","3","pilot-2026-09-25-b2","Quick question about Focus ABA Center's openings in NJ","Hi Brayden,

I was looking at independent ABA practices in Jersey City and came across Focus ABA Center. 

A lot of clinic owners we talk to with 1–3 locations tell us their biggest bottleneck isn't clinical interest—it's getting predictable commercial-insurance & private-pay inquiries without giving up margins to PE aggregators.

We built an intake & patient growth system specifically for independent practices across your 3 locations. You can see how the intake flow and caseload matching work here:

{{TRACKED_URL_TOUCH_1}}

Do you have 15 minutes this Thursday or Friday to see if this fits your current openings?

Best,
Hudson Argollo
Gold Traffic / ABA Practice Growth","https://abaclinics.clubemkt.digital/aba?lid={{LEAD_ID}}&utm_source=cold_email&utm_medium=email&utm_campaign=pilot-2026-09-25-b2&utm_content=touch_1","Re: Focus ABA Center's openings in NJ","Hi Brayden,

Quick follow-up on my note from earlier this week.

When clinics expand or try to hire new BCBAs, keeping the waitlist warm and converting families at the exact moment a slot opens is usually what keeps rooms full.

We put together a 20-minute discovery breakdown for independent practices:
{{TRACKED_URL_TOUCH_2}}

Would love to share what's working for clinics in NJ if you're open to it.

Best,
Hudson","https://abaclinics.clubemkt.digital/aba?lid={{LEAD_ID}}&utm_source=cold_email&utm_medium=email&utm_campaign=pilot-2026-09-25-b2&utm_content=touch_2","Filling Focus ABA Center's caseload (NJ)","Hi Brayden,

I know you're busy running Focus ABA Center. 

If patient intake or waitlist conversion isn't a priority right now, no worries at all. If you ever want to check our 2-minute fit assessment or look at the numbers, you can bookmark this link:

{{TRACKED_URL_TOUCH_3}}

Wishing you and the team continued success in Jersey City!

Best,
Hudson","https://abaclinics.clubemkt.digital/aba?lid={{LEAD_ID}}&utm_source=cold_email&utm_medium=email&utm_campaign=pilot-2026-09-25-b2&utm_content=touch_3"
"Footprints Behavioral Health Network","Brenda Bailey","Brenda","bbailey@footprintscaretx.com","Frisco","TX","4","pilot-2026-09-25-b2","Quick question about Footprints Behavioral Health Network's openings in TX","Hi Brenda,

I was looking at independent ABA practices in Frisco and came across Footprints Behavioral Health Network. 

A lot of clinic owners we talk to with 1–4 locations tell us their biggest bottleneck isn't clinical interest—it's getting predictable commercial-insurance & private-pay inquiries without giving up margins to PE aggregators.

We built an intake & patient growth system specifically for independent practices across your 4 locations. You can see how the intake flow and caseload matching work here:

{{TRACKED_URL_TOUCH_1}}

Do you have 15 minutes this Thursday or Friday to see if this fits your current openings?

Best,
Hudson Argollo
Gold Traffic / ABA Practice Growth","https://abaclinics.clubemkt.digital/aba?lid={{LEAD_ID}}&utm_source=cold_email&utm_medium=email&utm_campaign=pilot-2026-09-25-b2&utm_content=touch_1","Re: Footprints Behavioral Health Network's openings in TX","Hi Brenda,

Quick follow-up on my note from earlier this week.

When clinics expand or try to hire new BCBAs, keeping the waitlist warm and converting families at the exact moment a slot opens is usually what keeps rooms full.

We put together a 20-minute discovery breakdown for independent practices:
{{TRACKED_URL_TOUCH_2}}

Would love to share what's working for clinics in TX if you're open to it.

Best,
Hudson","https://abaclinics.clubemkt.digital/aba?lid={{LEAD_ID}}&utm_source=cold_email&utm_medium=email&utm_campaign=pilot-2026-09-25-b2&utm_content=touch_2","Filling Footprints Behavioral Health Network's caseload (TX)","Hi Brenda,

I know you're busy running Footprints Behavioral Health Network. 

If patient intake or waitlist conversion isn't a priority right now, no worries at all. If you ever want to check our 2-minute fit assessment or look at the numbers, you can bookmark this link:

{{TRACKED_URL_TOUCH_3}}

Wishing you and the team continued success in Frisco!

Best,
Hudson","https://abaclinics.clubemkt.digital/aba?lid={{LEAD_ID}}&utm_source=cold_email&utm_medium=email&utm_campaign=pilot-2026-09-25-b2&utm_content=touch_3"
"Forge Autism Group","Brian Bain","Brian","brian.bain@forgeabafl.org","Cape Coral","FL","1","pilot-2026-09-25-b2","Quick question about Forge Autism Group's openings in FL","Hi Brian,

I was looking at independent ABA practices in Cape Coral and came across Forge Autism Group. 

A lot of clinic owners we talk to with 1–3 locations tell us their biggest bottleneck isn't clinical interest—it's getting predictable commercial-insurance & private-pay inquiries without giving up margins to PE aggregators.

We built an intake & patient growth system specifically for independent practices at Forge Autism Group. You can see how the intake flow and caseload matching work here:

{{TRACKED_URL_TOUCH_1}}

Do you have 15 minutes this Thursday or Friday to see if this fits your current openings?

Best,
Hudson Argollo
Gold Traffic / ABA Practice Growth","https://abaclinics.clubemkt.digital/aba?lid={{LEAD_ID}}&utm_source=cold_email&utm_medium=email&utm_campaign=pilot-2026-09-25-b2&utm_content=touch_1","Re: Forge Autism Group's openings in FL","Hi Brian,

Quick follow-up on my note from earlier this week.

When clinics expand or try to hire new BCBAs, keeping the waitlist warm and converting families at the exact moment a slot opens is usually what keeps rooms full.

We put together a 20-minute discovery breakdown for independent practices:
{{TRACKED_URL_TOUCH_2}}

Would love to share what's working for clinics in FL if you're open to it.

Best,
Hudson","https://abaclinics.clubemkt.digital/aba?lid={{LEAD_ID}}&utm_source=cold_email&utm_medium=email&utm_campaign=pilot-2026-09-25-b2&utm_content=touch_2","Filling Forge Autism Group's caseload (FL)","Hi Brian,

I know you're busy running Forge Autism Group. 

If patient intake or waitlist conversion isn't a priority right now, no worries at all. If you ever want to check our 2-minute fit assessment or look at the numbers, you can bookmark this link:

{{TRACKED_URL_TOUCH_3}}

Wishing you and the team continued success in Cape Coral!

Best,
Hudson","https://abaclinics.clubemkt.digital/aba?lid={{LEAD_ID}}&utm_source=cold_email&utm_medium=email&utm_campaign=pilot-2026-09-25-b2&utm_content=touch_3"
"Frontier Applied Behavior Specialists","Brianna Baird","Brianna","bbaird@frontierautismca.com","Oakland","CA","2","pilot-2026-09-25-b2","Quick question about Frontier Applied Behavior Specialists's openings in CA","Hi Brianna,

I was looking at independent ABA practices in Oakland and came across Frontier Applied Behavior Specialists. 

A lot of clinic owners we talk to with 1–3 locations tell us their biggest bottleneck isn't clinical interest—it's getting predictable commercial-insurance & private-pay inquiries without giving up margins to PE aggregators.

We built an intake & patient growth system specifically for independent practices across your 2 locations. You can see how the intake flow and caseload matching work here:

{{TRACKED_URL_TOUCH_1}}

Do you have 15 minutes this Thursday or Friday to see if this fits your current openings?

Best,
Hudson Argollo
Gold Traffic / ABA Practice Growth","https://abaclinics.clubemkt.digital/aba?lid={{LEAD_ID}}&utm_source=cold_email&utm_medium=email&utm_campaign=pilot-2026-09-25-b2&utm_content=touch_1","Re: Frontier Applied Behavior Specialists's openings in CA","Hi Brianna,

Quick follow-up on my note from earlier this week.

When clinics expand or try to hire new BCBAs, keeping the waitlist warm and converting families at the exact moment a slot opens is usually what keeps rooms full.

We put together a 20-minute discovery breakdown for independent practices:
{{TRACKED_URL_TOUCH_2}}

Would love to share what's working for clinics in CA if you're open to it.

Best,
Hudson","https://abaclinics.clubemkt.digital/aba?lid={{LEAD_ID}}&utm_source=cold_email&utm_medium=email&utm_campaign=pilot-2026-09-25-b2&utm_content=touch_2","Filling Frontier Applied Behavior Specialists's caseload (CA)","Hi Brianna,

I know you're busy running Frontier Applied Behavior Specialists. 

If patient intake or waitlist conversion isn't a priority right now, no worries at all. If you ever want to check our 2-minute fit assessment or look at the numbers, you can bookmark this link:

{{TRACKED_URL_TOUCH_3}}

Wishing you and the team continued success in Oakland!

Best,
Hudson","https://abaclinics.clubemkt.digital/aba?lid={{LEAD_ID}}&utm_source=cold_email&utm_medium=email&utm_campaign=pilot-2026-09-25-b2&utm_content=touch_3"
"Acorn Therapy Partners","Brittany Baker","Brittany","brittany.baker@acorncarenc.com","Fayetteville","NC","3","pilot-2026-09-25-b2","Quick question about Acorn Therapy Partners's openings in NC","Hi Brittany,

I was looking at independent ABA practices in Fayetteville and came across Acorn Therapy Partners. 

A lot of clinic owners we talk to with 1–3 locations tell us their biggest bottleneck isn't clinical interest—it's getting predictable commercial-insurance & private-pay inquiries without giving up margins to PE aggregators.

We built an intake & patient growth system specifically for independent practices across your 3 locations. You can see how the intake flow and caseload matching work here:

{{TRACKED_URL_TOUCH_1}}

Do you have 15 minutes this Thursday or Friday to see if this fits your current openings?

Best,
Hudson Argollo
Gold Traffic / ABA Practice Growth","https://abaclinics.clubemkt.digital/aba?lid={{LEAD_ID}}&utm_source=cold_email&utm_medium=email&utm_campaign=pilot-2026-09-25-b2&utm_content=touch_1","Re: Acorn Therapy Partners's openings in NC","Hi Brittany,

Quick follow-up on my note from earlier this week.

When clinics expand or try to hire new BCBAs, keeping the waitlist warm and converting families at the exact moment a slot opens is usually what keeps rooms full.

We put together a 20-minute discovery breakdown for independent practices:
{{TRACKED_URL_TOUCH_2}}

Would love to share what's working for clinics in NC if you're open to it.

Best,
Hudson","https://abaclinics.clubemkt.digital/aba?lid={{LEAD_ID}}&utm_source=cold_email&utm_medium=email&utm_campaign=pilot-2026-09-25-b2&utm_content=touch_2","Filling Acorn Therapy Partners's caseload (NC)","Hi Brittany,

I know you're busy running Acorn Therapy Partners. 

If patient intake or waitlist conversion isn't a priority right now, no worries at all. If you ever want to check our 2-minute fit assessment or look at the numbers, you can bookmark this link:

{{TRACKED_URL_TOUCH_3}}

Wishing you and the team continued success in Fayetteville!

Best,
Hudson","https://abaclinics.clubemkt.digital/aba?lid={{LEAD_ID}}&utm_source=cold_email&utm_medium=email&utm_campaign=pilot-2026-09-25-b2&utm_content=touch_3"
"Action Pediatric Autism Services","Brooke Baldwin","Brooke","bbaldwin@actionabaga.com","Roswell","GA","4","pilot-2026-09-25-b2","Quick question about Action Pediatric Autism Services's openings in GA","Hi Brooke,

I was looking at independent ABA practices in Roswell and came across Action Pediatric Autism Services. 

A lot of clinic owners we talk to with 1–4 locations tell us their biggest bottleneck isn't clinical interest—it's getting predictable commercial-insurance & private-pay inquiries without giving up margins to PE aggregators.

We built an intake & patient growth system specifically for independent practices across your 4 locations. You can see how the intake flow and caseload matching work here:

{{TRACKED_URL_TOUCH_1}}

Do you have 15 minutes this Thursday or Friday to see if this fits your current openings?

Best,
Hudson Argollo
Gold Traffic / ABA Practice Growth","https://abaclinics.clubemkt.digital/aba?lid={{LEAD_ID}}&utm_source=cold_email&utm_medium=email&utm_campaign=pilot-2026-09-25-b2&utm_content=touch_1","Re: Action Pediatric Autism Services's openings in GA","Hi Brooke,

Quick follow-up on my note from earlier this week.

When clinics expand or try to hire new BCBAs, keeping the waitlist warm and converting families at the exact moment a slot opens is usually what keeps rooms full.

We put together a 20-minute discovery breakdown for independent practices:
{{TRACKED_URL_TOUCH_2}}

Would love to share what's working for clinics in GA if you're open to it.

Best,
Hudson","https://abaclinics.clubemkt.digital/aba?lid={{LEAD_ID}}&utm_source=cold_email&utm_medium=email&utm_campaign=pilot-2026-09-25-b2&utm_content=touch_2","Filling Action Pediatric Autism Services's caseload (GA)","Hi Brooke,

I know you're busy running Action Pediatric Autism Services. 

If patient intake or waitlist conversion isn't a priority right now, no worries at all. If you ever want to check our 2-minute fit assessment or look at the numbers, you can bookmark this link:

{{TRACKED_URL_TOUCH_3}}

Wishing you and the team continued success in Roswell!

Best,
Hudson","https://abaclinics.clubemkt.digital/aba?lid={{LEAD_ID}}&utm_source=cold_email&utm_medium=email&utm_campaign=pilot-2026-09-25-b2&utm_content=touch_3"
"Active Behavioral Care Center","Brooklyn Bales","Brooklyn","brooklyn.bales@activeautismco.org","Centennial","CO","1","pilot-2026-09-25-b2","Quick question about Active Behavioral Care Center's openings in CO","Hi Brooklyn,

I was looking at independent ABA practices in Centennial and came across Active Behavioral Care Center. 

A lot of clinic owners we talk to with 1–3 locations tell us their biggest bottleneck isn't clinical interest—it's getting predictable commercial-insurance & private-pay inquiries without giving up margins to PE aggregators.

We built an intake & patient growth system specifically for independent practices at Active Behavioral Care Center. You can see how the intake flow and caseload matching work here:

{{TRACKED_URL_TOUCH_1}}

Do you have 15 minutes this Thursday or Friday to see if this fits your current openings?

Best,
Hudson Argollo
Gold Traffic / ABA Practice Growth","https://abaclinics.clubemkt.digital/aba?lid={{LEAD_ID}}&utm_source=cold_email&utm_medium=email&utm_campaign=pilot-2026-09-25-b2&utm_content=touch_1","Re: Active Behavioral Care Center's openings in CO","Hi Brooklyn,

Quick follow-up on my note from earlier this week.

When clinics expand or try to hire new BCBAs, keeping the waitlist warm and converting families at the exact moment a slot opens is usually what keeps rooms full.

We put together a 20-minute discovery breakdown for independent practices:
{{TRACKED_URL_TOUCH_2}}

Would love to share what's working for clinics in CO if you're open to it.

Best,
Hudson","https://abaclinics.clubemkt.digital/aba?lid={{LEAD_ID}}&utm_source=cold_email&utm_medium=email&utm_campaign=pilot-2026-09-25-b2&utm_content=touch_2","Filling Active Behavioral Care Center's caseload (CO)","Hi Brooklyn,

I know you're busy running Active Behavioral Care Center. 

If patient intake or waitlist conversion isn't a priority right now, no worries at all. If you ever want to check our 2-minute fit assessment or look at the numbers, you can bookmark this link:

{{TRACKED_URL_TOUCH_3}}

Wishing you and the team continued success in Centennial!

Best,
Hudson","https://abaclinics.clubemkt.digital/aba?lid={{LEAD_ID}}&utm_source=cold_email&utm_medium=email&utm_campaign=pilot-2026-09-25-b2&utm_content=touch_3"
"Advance Autism & Learning Institute","Bruce Ball","Bruce","bball@advancecareva.com","McLean","VA","2","pilot-2026-09-25-b2","Quick question about Advance Autism & Learning Institute's openings in VA","Hi Bruce,

I was looking at independent ABA practices in McLean and came across Advance Autism & Learning Institute. 

A lot of clinic owners we talk to with 1–3 locations tell us their biggest bottleneck isn't clinical interest—it's getting predictable commercial-insurance & private-pay inquiries without giving up margins to PE aggregators.

We built an intake & patient growth system specifically for independent practices across your 2 locations. You can see how the intake flow and caseload matching work here:

{{TRACKED_URL_TOUCH_1}}

Do you have 15 minutes this Thursday or Friday to see if this fits your current openings?

Best,
Hudson Argollo
Gold Traffic / ABA Practice Growth","https://abaclinics.clubemkt.digital/aba?lid={{LEAD_ID}}&utm_source=cold_email&utm_medium=email&utm_campaign=pilot-2026-09-25-b2&utm_content=touch_1","Re: Advance Autism & Learning Institute's openings in VA","Hi Bruce,

Quick follow-up on my note from earlier this week.

When clinics expand or try to hire new BCBAs, keeping the waitlist warm and converting families at the exact moment a slot opens is usually what keeps rooms full.

We put together a 20-minute discovery breakdown for independent practices:
{{TRACKED_URL_TOUCH_2}}

Would love to share what's working for clinics in VA if you're open to it.

Best,
Hudson","https://abaclinics.clubemkt.digital/aba?lid={{LEAD_ID}}&utm_source=cold_email&utm_medium=email&utm_campaign=pilot-2026-09-25-b2&utm_content=touch_2","Filling Advance Autism & Learning Institute's caseload (VA)","Hi Bruce,

I know you're busy running Advance Autism & Learning Institute. 

If patient intake or waitlist conversion isn't a priority right now, no worries at all. If you ever want to check our 2-minute fit assessment or look at the numbers, you can bookmark this link:

{{TRACKED_URL_TOUCH_3}}

Wishing you and the team continued success in McLean!

Best,
Hudson","https://abaclinics.clubemkt.digital/aba?lid={{LEAD_ID}}&utm_source=cold_email&utm_medium=email&utm_campaign=pilot-2026-09-25-b2&utm_content=touch_3"
"Advantage Developmental Solutions","Bryan Ballard","Bryan","bryan.ballard@advantageabamd.com","Germantown","MD","3","pilot-2026-09-25-b2","Quick question about Advantage Developmental Solutions's openings in MD","Hi Bryan,

I was looking at independent ABA practices in Germantown and came across Advantage Developmental Solutions. 

A lot of clinic owners we talk to with 1–3 locations tell us their biggest bottleneck isn't clinical interest—it's getting predictable commercial-insurance & private-pay inquiries without giving up margins to PE aggregators.

We built an intake & patient growth system specifically for independent practices across your 3 locations. You can see how the intake flow and caseload matching work here:

{{TRACKED_URL_TOUCH_1}}

Do you have 15 minutes this Thursday or Friday to see if this fits your current openings?

Best,
Hudson Argollo
Gold Traffic / ABA Practice Growth","https://abaclinics.clubemkt.digital/aba?lid={{LEAD_ID}}&utm_source=cold_email&utm_medium=email&utm_campaign=pilot-2026-09-25-b2&utm_content=touch_1","Re: Advantage Developmental Solutions's openings in MD","Hi Bryan,

Quick follow-up on my note from earlier this week.

When clinics expand or try to hire new BCBAs, keeping the waitlist warm and converting families at the exact moment a slot opens is usually what keeps rooms full.

We put together a 20-minute discovery breakdown for independent practices:
{{TRACKED_URL_TOUCH_2}}

Would love to share what's working for clinics in MD if you're open to it.

Best,
Hudson","https://abaclinics.clubemkt.digital/aba?lid={{LEAD_ID}}&utm_source=cold_email&utm_medium=email&utm_campaign=pilot-2026-09-25-b2&utm_content=touch_2","Filling Advantage Developmental Solutions's caseload (MD)","Hi Bryan,

I know you're busy running Advantage Developmental Solutions. 

If patient intake or waitlist conversion isn't a priority right now, no worries at all. If you ever want to check our 2-minute fit assessment or look at the numbers, you can bookmark this link:

{{TRACKED_URL_TOUCH_3}}

Wishing you and the team continued success in Germantown!

Best,
Hudson","https://abaclinics.clubemkt.digital/aba?lid={{LEAD_ID}}&utm_source=cold_email&utm_medium=email&utm_campaign=pilot-2026-09-25-b2&utm_content=touch_3"
"Aim Behavioral Therapy Center","Caleb Ballesteros","Caleb","cballesteros@aimautismil.com","Rockford","IL","4","pilot-2026-09-25-b2","Quick question about Aim Behavioral Therapy Center's openings in IL","Hi Caleb,

I was looking at independent ABA practices in Rockford and came across Aim Behavioral Therapy Center. 

A lot of clinic owners we talk to with 1–4 locations tell us their biggest bottleneck isn't clinical interest—it's getting predictable commercial-insurance & private-pay inquiries without giving up margins to PE aggregators.

We built an intake & patient growth system specifically for independent practices across your 4 locations. You can see how the intake flow and caseload matching work here:

{{TRACKED_URL_TOUCH_1}}

Do you have 15 minutes this Thursday or Friday to see if this fits your current openings?

Best,
Hudson Argollo
Gold Traffic / ABA Practice Growth","https://abaclinics.clubemkt.digital/aba?lid={{LEAD_ID}}&utm_source=cold_email&utm_medium=email&utm_campaign=pilot-2026-09-25-b2&utm_content=touch_1","Re: Aim Behavioral Therapy Center's openings in IL","Hi Caleb,

Quick follow-up on my note from earlier this week.

When clinics expand or try to hire new BCBAs, keeping the waitlist warm and converting families at the exact moment a slot opens is usually what keeps rooms full.

We put together a 20-minute discovery breakdown for independent practices:
{{TRACKED_URL_TOUCH_2}}

Would love to share what's working for clinics in IL if you're open to it.

Best,
Hudson","https://abaclinics.clubemkt.digital/aba?lid={{LEAD_ID}}&utm_source=cold_email&utm_medium=email&utm_campaign=pilot-2026-09-25-b2&utm_content=touch_2","Filling Aim Behavioral Therapy Center's caseload (IL)","Hi Caleb,

I know you're busy running Aim Behavioral Therapy Center. 

If patient intake or waitlist conversion isn't a priority right now, no worries at all. If you ever want to check our 2-minute fit assessment or look at the numbers, you can bookmark this link:

{{TRACKED_URL_TOUCH_3}}

Wishing you and the team continued success in Rockford!

Best,
Hudson","https://abaclinics.clubemkt.digital/aba?lid={{LEAD_ID}}&utm_source=cold_email&utm_medium=email&utm_campaign=pilot-2026-09-25-b2&utm_content=touch_3"
"Alliance Autism Discovery Center","Cameron Banks","Cameron","cameron.banks@alliancecareut.org","Logan","UT","1","pilot-2026-09-25-b2","Quick question about Alliance Autism Discovery Center's openings in UT","Hi Cameron,

I was looking at independent ABA practices in Logan and came across Alliance Autism Discovery Center. 

A lot of clinic owners we talk to with 1–3 locations tell us their biggest bottleneck isn't clinical interest—it's getting predictable commercial-insurance & private-pay inquiries without giving up margins to PE aggregators.

We built an intake & patient growth system specifically for independent practices at Alliance Autism Discovery Center. You can see how the intake flow and caseload matching work here:

{{TRACKED_URL_TOUCH_1}}

Do you have 15 minutes this Thursday or Friday to see if this fits your current openings?

Best,
Hudson Argollo
Gold Traffic / ABA Practice Growth","https://abaclinics.clubemkt.digital/aba?lid={{LEAD_ID}}&utm_source=cold_email&utm_medium=email&utm_campaign=pilot-2026-09-25-b2&utm_content=touch_1","Re: Alliance Autism Discovery Center's openings in UT","Hi Cameron,

Quick follow-up on my note from earlier this week.

When clinics expand or try to hire new BCBAs, keeping the waitlist warm and converting families at the exact moment a slot opens is usually what keeps rooms full.

We put together a 20-minute discovery breakdown for independent practices:
{{TRACKED_URL_TOUCH_2}}

Would love to share what's working for clinics in UT if you're open to it.

Best,
Hudson","https://abaclinics.clubemkt.digital/aba?lid={{LEAD_ID}}&utm_source=cold_email&utm_medium=email&utm_campaign=pilot-2026-09-25-b2&utm_content=touch_2","Filling Alliance Autism Discovery Center's caseload (UT)","Hi Cameron,

I know you're busy running Alliance Autism Discovery Center. 

If patient intake or waitlist conversion isn't a priority right now, no worries at all. If you ever want to check our 2-minute fit assessment or look at the numbers, you can bookmark this link:

{{TRACKED_URL_TOUCH_3}}

Wishing you and the team continued success in Logan!

Best,
Hudson","https://abaclinics.clubemkt.digital/aba?lid={{LEAD_ID}}&utm_source=cold_email&utm_medium=email&utm_campaign=pilot-2026-09-25-b2&utm_content=touch_3"
"Alpine Behavioral Foundations","Camila Bankston","Camila","cbankston@alpineabanj.com","Union City","NJ","2","pilot-2026-09-25-b2","Quick question about Alpine Behavioral Foundations's openings in NJ","Hi Camila,

I was looking at independent ABA practices in Union City and came across Alpine Behavioral Foundations. 

A lot of clinic owners we talk to with 1–3 locations tell us their biggest bottleneck isn't clinical interest—it's getting predictable commercial-insurance & private-pay inquiries without giving up margins to PE aggregators.

We built an intake & patient growth system specifically for independent practices across your 2 locations. You can see how the intake flow and caseload matching work here:

{{TRACKED_URL_TOUCH_1}}

Do you have 15 minutes this Thursday or Friday to see if this fits your current openings?

Best,
Hudson Argollo
Gold Traffic / ABA Practice Growth","https://abaclinics.clubemkt.digital/aba?lid={{LEAD_ID}}&utm_source=cold_email&utm_medium=email&utm_campaign=pilot-2026-09-25-b2&utm_content=touch_1","Re: Alpine Behavioral Foundations's openings in NJ","Hi Camila,

Quick follow-up on my note from earlier this week.

When clinics expand or try to hire new BCBAs, keeping the waitlist warm and converting families at the exact moment a slot opens is usually what keeps rooms full.

We put together a 20-minute discovery breakdown for independent practices:
{{TRACKED_URL_TOUCH_2}}

Would love to share what's working for clinics in NJ if you're open to it.

Best,
Hudson","https://abaclinics.clubemkt.digital/aba?lid={{LEAD_ID}}&utm_source=cold_email&utm_medium=email&utm_campaign=pilot-2026-09-25-b2&utm_content=touch_2","Filling Alpine Behavioral Foundations's caseload (NJ)","Hi Camila,

I know you're busy running Alpine Behavioral Foundations. 

If patient intake or waitlist conversion isn't a priority right now, no worries at all. If you ever want to check our 2-minute fit assessment or look at the numbers, you can bookmark this link:

{{TRACKED_URL_TOUCH_3}}

Wishing you and the team continued success in Union City!

Best,
Hudson","https://abaclinics.clubemkt.digital/aba?lid={{LEAD_ID}}&utm_source=cold_email&utm_medium=email&utm_campaign=pilot-2026-09-25-b2&utm_content=touch_3"
"Altus Therapeutic Solutions","Carla Bannister","Carla","carla.bannister@altusautismtx.com","Pearland","TX","3","pilot-2026-09-25-b2","Quick question about Altus Therapeutic Solutions's openings in TX","Hi Carla,

I was looking at independent ABA practices in Pearland and came across Altus Therapeutic Solutions. 

A lot of clinic owners we talk to with 1–3 locations tell us their biggest bottleneck isn't clinical interest—it's getting predictable commercial-insurance & private-pay inquiries without giving up margins to PE aggregators.

We built an intake & patient growth system specifically for independent practices across your 3 locations. You can see how the intake flow and caseload matching work here:

{{TRACKED_URL_TOUCH_1}}

Do you have 15 minutes this Thursday or Friday to see if this fits your current openings?

Best,
Hudson Argollo
Gold Traffic / ABA Practice Growth","https://abaclinics.clubemkt.digital/aba?lid={{LEAD_ID}}&utm_source=cold_email&utm_medium=email&utm_campaign=pilot-2026-09-25-b2&utm_content=touch_1","Re: Altus Therapeutic Solutions's openings in TX","Hi Carla,

Quick follow-up on my note from earlier this week.

When clinics expand or try to hire new BCBAs, keeping the waitlist warm and converting families at the exact moment a slot opens is usually what keeps rooms full.

We put together a 20-minute discovery breakdown for independent practices:
{{TRACKED_URL_TOUCH_2}}

Would love to share what's working for clinics in TX if you're open to it.

Best,
Hudson","https://abaclinics.clubemkt.digital/aba?lid={{LEAD_ID}}&utm_source=cold_email&utm_medium=email&utm_campaign=pilot-2026-09-25-b2&utm_content=touch_2","Filling Altus Therapeutic Solutions's caseload (TX)","Hi Carla,

I know you're busy running Altus Therapeutic Solutions. 

If patient intake or waitlist conversion isn't a priority right now, no worries at all. If you ever want to check our 2-minute fit assessment or look at the numbers, you can bookmark this link:

{{TRACKED_URL_TOUCH_3}}

Wishing you and the team continued success in Pearland!

Best,
Hudson","https://abaclinics.clubemkt.digital/aba?lid={{LEAD_ID}}&utm_source=cold_email&utm_medium=email&utm_campaign=pilot-2026-09-25-b2&utm_content=touch_3"
"Amity ABA Collective","Carlos Barajas","Carlos","cbarajas@amitycarefl.net","Palm Bay","FL","4","pilot-2026-09-25-b2","Quick question about Amity ABA Collective's openings in FL","Hi Carlos,

I was looking at independent ABA practices in Palm Bay and came across Amity ABA Collective. 

A lot of clinic owners we talk to with 1–4 locations tell us their biggest bottleneck isn't clinical interest—it's getting predictable commercial-insurance & private-pay inquiries without giving up margins to PE aggregators.

We built an intake & patient growth system specifically for independent practices across your 4 locations. You can see how the intake flow and caseload matching work here:

{{TRACKED_URL_TOUCH_1}}

Do you have 15 minutes this Thursday or Friday to see if this fits your current openings?

Best,
Hudson Argollo
Gold Traffic / ABA Practice Growth","https://abaclinics.clubemkt.digital/aba?lid={{LEAD_ID}}&utm_source=cold_email&utm_medium=email&utm_campaign=pilot-2026-09-25-b2&utm_content=touch_1","Re: Amity ABA Collective's openings in FL","Hi Carlos,

Quick follow-up on my note from earlier this week.

When clinics expand or try to hire new BCBAs, keeping the waitlist warm and converting families at the exact moment a slot opens is usually what keeps rooms full.

We put together a 20-minute discovery breakdown for independent practices:
{{TRACKED_URL_TOUCH_2}}

Would love to share what's working for clinics in FL if you're open to it.

Best,
Hudson","https://abaclinics.clubemkt.digital/aba?lid={{LEAD_ID}}&utm_source=cold_email&utm_medium=email&utm_campaign=pilot-2026-09-25-b2&utm_content=touch_2","Filling Amity ABA Collective's caseload (FL)","Hi Carlos,

I know you're busy running Amity ABA Collective. 

If patient intake or waitlist conversion isn't a priority right now, no worries at all. If you ever want to check our 2-minute fit assessment or look at the numbers, you can bookmark this link:

{{TRACKED_URL_TOUCH_3}}

Wishing you and the team continued success in Palm Bay!

Best,
Hudson","https://abaclinics.clubemkt.digital/aba?lid={{LEAD_ID}}&utm_source=cold_email&utm_medium=email&utm_campaign=pilot-2026-09-25-b2&utm_content=touch_3"
"Apex Care Autism Clinic","Caroline Barba","Caroline","caroline.barba@apexcareabaca.org","San Diego","CA","1","pilot-2026-09-25-b2","Quick question about Apex Care Autism Clinic's openings in CA","Hi Caroline,

I was looking at independent ABA practices in San Diego and came across Apex Care Autism Clinic. 

A lot of clinic owners we talk to with 1–3 locations tell us their biggest bottleneck isn't clinical interest—it's getting predictable commercial-insurance & private-pay inquiries without giving up margins to PE aggregators.

We built an intake & patient growth system specifically for independent practices at Apex Care Autism Clinic. You can see how the intake flow and caseload matching work here:

{{TRACKED_URL_TOUCH_1}}

Do you have 15 minutes this Thursday or Friday to see if this fits your current openings?

Best,
Hudson Argollo
Gold Traffic / ABA Practice Growth","https://abaclinics.clubemkt.digital/aba?lid={{LEAD_ID}}&utm_source=cold_email&utm_medium=email&utm_campaign=pilot-2026-09-25-b2&utm_content=touch_1","Re: Apex Care Autism Clinic's openings in CA","Hi Caroline,

Quick follow-up on my note from earlier this week.

When clinics expand or try to hire new BCBAs, keeping the waitlist warm and converting families at the exact moment a slot opens is usually what keeps rooms full.

We put together a 20-minute discovery breakdown for independent practices:
{{TRACKED_URL_TOUCH_2}}

Would love to share what's working for clinics in CA if you're open to it.

Best,
Hudson","https://abaclinics.clubemkt.digital/aba?lid={{LEAD_ID}}&utm_source=cold_email&utm_medium=email&utm_campaign=pilot-2026-09-25-b2&utm_content=touch_2","Filling Apex Care Autism Clinic's caseload (CA)","Hi Caroline,

I know you're busy running Apex Care Autism Clinic. 

If patient intake or waitlist conversion isn't a priority right now, no worries at all. If you ever want to check our 2-minute fit assessment or look at the numbers, you can bookmark this link:

{{TRACKED_URL_TOUCH_3}}

Wishing you and the team continued success in San Diego!

Best,
Hudson","https://abaclinics.clubemkt.digital/aba?lid={{LEAD_ID}}&utm_source=cold_email&utm_medium=email&utm_campaign=pilot-2026-09-25-b2&utm_content=touch_3"
"Aquila ABA Center","Carolyn Barbee","Carolyn","cbarbee@aquilaautismnc.com","Raleigh","NC","2","pilot-2026-09-25-b2","Quick question about Aquila ABA Center's openings in NC","Hi Carolyn,

I was looking at independent ABA practices in Raleigh and came across Aquila ABA Center. 

A lot of clinic owners we talk to with 1–3 locations tell us their biggest bottleneck isn't clinical interest—it's getting predictable commercial-insurance & private-pay inquiries without giving up margins to PE aggregators.

We built an intake & patient growth system specifically for independent practices across your 2 locations. You can see how the intake flow and caseload matching work here:

{{TRACKED_URL_TOUCH_1}}

Do you have 15 minutes this Thursday or Friday to see if this fits your current openings?

Best,
Hudson Argollo
Gold Traffic / ABA Practice Growth","https://abaclinics.clubemkt.digital/aba?lid={{LEAD_ID}}&utm_source=cold_email&utm_medium=email&utm_campaign=pilot-2026-09-25-b2&utm_content=touch_1","Re: Aquila ABA Center's openings in NC","Hi Carolyn,

Quick follow-up on my note from earlier this week.

When clinics expand or try to hire new BCBAs, keeping the waitlist warm and converting families at the exact moment a slot opens is usually what keeps rooms full.

We put together a 20-minute discovery breakdown for independent practices:
{{TRACKED_URL_TOUCH_2}}

Would love to share what's working for clinics in NC if you're open to it.

Best,
Hudson","https://abaclinics.clubemkt.digital/aba?lid={{LEAD_ID}}&utm_source=cold_email&utm_medium=email&utm_campaign=pilot-2026-09-25-b2&utm_content=touch_2","Filling Aquila ABA Center's caseload (NC)","Hi Carolyn,

I know you're busy running Aquila ABA Center. 

If patient intake or waitlist conversion isn't a priority right now, no worries at all. If you ever want to check our 2-minute fit assessment or look at the numbers, you can bookmark this link:

{{TRACKED_URL_TOUCH_3}}

Wishing you and the team continued success in Raleigh!

Best,
Hudson","https://abaclinics.clubemkt.digital/aba?lid={{LEAD_ID}}&utm_source=cold_email&utm_medium=email&utm_campaign=pilot-2026-09-25-b2&utm_content=touch_3"
"Arch Behavioral Health Network","Carson Barber","Carson","carson.barber@archcarega.com","Columbus","GA","3","pilot-2026-09-25-b2","Quick question about Arch Behavioral Health Network's openings in GA","Hi Carson,

I was looking at independent ABA practices in Columbus and came across Arch Behavioral Health Network. 

A lot of clinic owners we talk to with 1–3 locations tell us their biggest bottleneck isn't clinical interest—it's getting predictable commercial-insurance & private-pay inquiries without giving up margins to PE aggregators.

We built an intake & patient growth system specifically for independent practices across your 3 locations. You can see how the intake flow and caseload matching work here:

{{TRACKED_URL_TOUCH_1}}

Do you have 15 minutes this Thursday or Friday to see if this fits your current openings?

Best,
Hudson Argollo
Gold Traffic / ABA Practice Growth","https://abaclinics.clubemkt.digital/aba?lid={{LEAD_ID}}&utm_source=cold_email&utm_medium=email&utm_campaign=pilot-2026-09-25-b2&utm_content=touch_1","Re: Arch Behavioral Health Network's openings in GA","Hi Carson,

Quick follow-up on my note from earlier this week.

When clinics expand or try to hire new BCBAs, keeping the waitlist warm and converting families at the exact moment a slot opens is usually what keeps rooms full.

We put together a 20-minute discovery breakdown for independent practices:
{{TRACKED_URL_TOUCH_2}}

Would love to share what's working for clinics in GA if you're open to it.

Best,
Hudson","https://abaclinics.clubemkt.digital/aba?lid={{LEAD_ID}}&utm_source=cold_email&utm_medium=email&utm_campaign=pilot-2026-09-25-b2&utm_content=touch_2","Filling Arch Behavioral Health Network's caseload (GA)","Hi Carson,

I know you're busy running Arch Behavioral Health Network. 

If patient intake or waitlist conversion isn't a priority right now, no worries at all. If you ever want to check our 2-minute fit assessment or look at the numbers, you can bookmark this link:

{{TRACKED_URL_TOUCH_3}}

Wishing you and the team continued success in Columbus!

Best,
Hudson","https://abaclinics.clubemkt.digital/aba?lid={{LEAD_ID}}&utm_source=cold_email&utm_medium=email&utm_campaign=pilot-2026-09-25-b2&utm_content=touch_3"
"Ardent Autism Group","Carter Abbott","Carter","cabbott@ardentabaco.com","Thornton","CO","4","pilot-2026-09-25-b2","Quick question about Ardent Autism Group's openings in CO","Hi Carter,

I was looking at independent ABA practices in Thornton and came across Ardent Autism Group. 

A lot of clinic owners we talk to with 1–4 locations tell us their biggest bottleneck isn't clinical interest—it's getting predictable commercial-insurance & private-pay inquiries without giving up margins to PE aggregators.

We built an intake & patient growth system specifically for independent practices across your 4 locations. You can see how the intake flow and caseload matching work here:

{{TRACKED_URL_TOUCH_1}}

Do you have 15 minutes this Thursday or Friday to see if this fits your current openings?

Best,
Hudson Argollo
Gold Traffic / ABA Practice Growth","https://abaclinics.clubemkt.digital/aba?lid={{LEAD_ID}}&utm_source=cold_email&utm_medium=email&utm_campaign=pilot-2026-09-25-b2&utm_content=touch_1","Re: Ardent Autism Group's openings in CO","Hi Carter,

Quick follow-up on my note from earlier this week.

When clinics expand or try to hire new BCBAs, keeping the waitlist warm and converting families at the exact moment a slot opens is usually what keeps rooms full.

We put together a 20-minute discovery breakdown for independent practices:
{{TRACKED_URL_TOUCH_2}}

Would love to share what's working for clinics in CO if you're open to it.

Best,
Hudson","https://abaclinics.clubemkt.digital/aba?lid={{LEAD_ID}}&utm_source=cold_email&utm_medium=email&utm_campaign=pilot-2026-09-25-b2&utm_content=touch_2","Filling Ardent Autism Group's caseload (CO)","Hi Carter,

I know you're busy running Ardent Autism Group. 

If patient intake or waitlist conversion isn't a priority right now, no worries at all. If you ever want to check our 2-minute fit assessment or look at the numbers, you can bookmark this link:

{{TRACKED_URL_TOUCH_3}}

Wishing you and the team continued success in Thornton!

Best,
Hudson","https://abaclinics.clubemkt.digital/aba?lid={{LEAD_ID}}&utm_source=cold_email&utm_medium=email&utm_campaign=pilot-2026-09-25-b2&utm_content=touch_3"
"Aspen Applied Behavior Specialists","Cassandra Abernathy","Cassandra","cassandra.abernathy@aspenautismva.org","Fairfax","VA","1","pilot-2026-09-25-b2","Quick question about Aspen Applied Behavior Specialists's openings in VA","Hi Cassandra,

I was looking at independent ABA practices in Fairfax and came across Aspen Applied Behavior Specialists. 

A lot of clinic owners we talk to with 1–3 locations tell us their biggest bottleneck isn't clinical interest—it's getting predictable commercial-insurance & private-pay inquiries without giving up margins to PE aggregators.

We built an intake & patient growth system specifically for independent practices at Aspen Applied Behavior Specialists. You can see how the intake flow and caseload matching work here:

{{TRACKED_URL_TOUCH_1}}

Do you have 15 minutes this Thursday or Friday to see if this fits your current openings?

Best,
Hudson Argollo
Gold Traffic / ABA Practice Growth","https://abaclinics.clubemkt.digital/aba?lid={{LEAD_ID}}&utm_source=cold_email&utm_medium=email&utm_campaign=pilot-2026-09-25-b2&utm_content=touch_1","Re: Aspen Applied Behavior Specialists's openings in VA","Hi Cassandra,

Quick follow-up on my note from earlier this week.

When clinics expand or try to hire new BCBAs, keeping the waitlist warm and converting families at the exact moment a slot opens is usually what keeps rooms full.

We put together a 20-minute discovery breakdown for independent practices:
{{TRACKED_URL_TOUCH_2}}

Would love to share what's working for clinics in VA if you're open to it.

Best,
Hudson","https://abaclinics.clubemkt.digital/aba?lid={{LEAD_ID}}&utm_source=cold_email&utm_medium=email&utm_campaign=pilot-2026-09-25-b2&utm_content=touch_2","Filling Aspen Applied Behavior Specialists's caseload (VA)","Hi Cassandra,

I know you're busy running Aspen Applied Behavior Specialists. 

If patient intake or waitlist conversion isn't a priority right now, no worries at all. If you ever want to check our 2-minute fit assessment or look at the numbers, you can bookmark this link:

{{TRACKED_URL_TOUCH_3}}

Wishing you and the team continued success in Fairfax!

Best,
Hudson","https://abaclinics.clubemkt.digital/aba?lid={{LEAD_ID}}&utm_source=cold_email&utm_medium=email&utm_campaign=pilot-2026-09-25-b2&utm_content=touch_3"
"Aspire Therapy Partners","Catherine Acevedo","Catherine","cacevedo@aspirecaremd.com","Columbia","MD","2","pilot-2026-09-25-b2","Quick question about Aspire Therapy Partners's openings in MD","Hi Catherine,

I was looking at independent ABA practices in Columbia and came across Aspire Therapy Partners. 

A lot of clinic owners we talk to with 1–3 locations tell us their biggest bottleneck isn't clinical interest—it's getting predictable commercial-insurance & private-pay inquiries without giving up margins to PE aggregators.

We built an intake & patient growth system specifically for independent practices across your 2 locations. You can see how the intake flow and caseload matching work here:

{{TRACKED_URL_TOUCH_1}}

Do you have 15 minutes this Thursday or Friday to see if this fits your current openings?

Best,
Hudson Argollo
Gold Traffic / ABA Practice Growth","https://abaclinics.clubemkt.digital/aba?lid={{LEAD_ID}}&utm_source=cold_email&utm_medium=email&utm_campaign=pilot-2026-09-25-b2&utm_content=touch_1","Re: Aspire Therapy Partners's openings in MD","Hi Catherine,

Quick follow-up on my note from earlier this week.

When clinics expand or try to hire new BCBAs, keeping the waitlist warm and converting families at the exact moment a slot opens is usually what keeps rooms full.

We put together a 20-minute discovery breakdown for independent practices:
{{TRACKED_URL_TOUCH_2}}

Would love to share what's working for clinics in MD if you're open to it.

Best,
Hudson","https://abaclinics.clubemkt.digital/aba?lid={{LEAD_ID}}&utm_source=cold_email&utm_medium=email&utm_campaign=pilot-2026-09-25-b2&utm_content=touch_2","Filling Aspire Therapy Partners's caseload (MD)","Hi Catherine,

I know you're busy running Aspire Therapy Partners. 

If patient intake or waitlist conversion isn't a priority right now, no worries at all. If you ever want to check our 2-minute fit assessment or look at the numbers, you can bookmark this link:

{{TRACKED_URL_TOUCH_3}}

Wishing you and the team continued success in Columbia!

Best,
Hudson","https://abaclinics.clubemkt.digital/aba?lid={{LEAD_ID}}&utm_source=cold_email&utm_medium=email&utm_campaign=pilot-2026-09-25-b2&utm_content=touch_3"
"Aston Pediatric Autism Services","Cecilia Acosta","Cecilia","cecilia.acosta@astonabail.net","Chicago","IL","3","pilot-2026-09-25-b2","Quick question about Aston Pediatric Autism Services's openings in IL","Hi Cecilia,

I was looking at independent ABA practices in Chicago and came across Aston Pediatric Autism Services. 

A lot of clinic owners we talk to with 1–3 locations tell us their biggest bottleneck isn't clinical interest—it's getting predictable commercial-insurance & private-pay inquiries without giving up margins to PE aggregators.

We built an intake & patient growth system specifically for independent practices across your 3 locations. You can see how the intake flow and caseload matching work here:

{{TRACKED_URL_TOUCH_1}}

Do you have 15 minutes this Thursday or Friday to see if this fits your current openings?

Best,
Hudson Argollo
Gold Traffic / ABA Practice Growth","https://abaclinics.clubemkt.digital/aba?lid={{LEAD_ID}}&utm_source=cold_email&utm_medium=email&utm_campaign=pilot-2026-09-25-b2&utm_content=touch_1","Re: Aston Pediatric Autism Services's openings in IL","Hi Cecilia,

Quick follow-up on my note from earlier this week.

When clinics expand or try to hire new BCBAs, keeping the waitlist warm and converting families at the exact moment a slot opens is usually what keeps rooms full.

We put together a 20-minute discovery breakdown for independent practices:
{{TRACKED_URL_TOUCH_2}}

Would love to share what's working for clinics in IL if you're open to it.

Best,
Hudson","https://abaclinics.clubemkt.digital/aba?lid={{LEAD_ID}}&utm_source=cold_email&utm_medium=email&utm_campaign=pilot-2026-09-25-b2&utm_content=touch_2","Filling Aston Pediatric Autism Services's caseload (IL)","Hi Cecilia,

I know you're busy running Aston Pediatric Autism Services. 

If patient intake or waitlist conversion isn't a priority right now, no worries at all. If you ever want to check our 2-minute fit assessment or look at the numbers, you can bookmark this link:

{{TRACKED_URL_TOUCH_3}}

Wishing you and the team continued success in Chicago!

Best,
Hudson","https://abaclinics.clubemkt.digital/aba?lid={{LEAD_ID}}&utm_source=cold_email&utm_medium=email&utm_campaign=pilot-2026-09-25-b2&utm_content=touch_3"
"Atlantic Behavioral Care Center","Chad Adair","Chad","cadair@atlanticautismut.com","Millcreek","UT","4","pilot-2026-09-25-b2","Quick question about Atlantic Behavioral Care Center's openings in UT","Hi Chad,

I was looking at independent ABA practices in Millcreek and came across Atlantic Behavioral Care Center. 

A lot of clinic owners we talk to with 1–4 locations tell us their biggest bottleneck isn't clinical interest—it's getting predictable commercial-insurance & private-pay inquiries without giving up margins to PE aggregators.

We built an intake & patient growth system specifically for independent practices across your 4 locations. You can see how the intake flow and caseload matching work here:

{{TRACKED_URL_TOUCH_1}}

Do you have 15 minutes this Thursday or Friday to see if this fits your current openings?

Best,
Hudson Argollo
Gold Traffic / ABA Practice Growth","https://abaclinics.clubemkt.digital/aba?lid={{LEAD_ID}}&utm_source=cold_email&utm_medium=email&utm_campaign=pilot-2026-09-25-b2&utm_content=touch_1","Re: Atlantic Behavioral Care Center's openings in UT","Hi Chad,

Quick follow-up on my note from earlier this week.

When clinics expand or try to hire new BCBAs, keeping the waitlist warm and converting families at the exact moment a slot opens is usually what keeps rooms full.

We put together a 20-minute discovery breakdown for independent practices:
{{TRACKED_URL_TOUCH_2}}

Would love to share what's working for clinics in UT if you're open to it.

Best,
Hudson","https://abaclinics.clubemkt.digital/aba?lid={{LEAD_ID}}&utm_source=cold_email&utm_medium=email&utm_campaign=pilot-2026-09-25-b2&utm_content=touch_2","Filling Atlantic Behavioral Care Center's caseload (UT)","Hi Chad,

I know you're busy running Atlantic Behavioral Care Center. 

If patient intake or waitlist conversion isn't a priority right now, no worries at all. If you ever want to check our 2-minute fit assessment or look at the numbers, you can bookmark this link:

{{TRACKED_URL_TOUCH_3}}

Wishing you and the team continued success in Millcreek!

Best,
Hudson","https://abaclinics.clubemkt.digital/aba?lid={{LEAD_ID}}&utm_source=cold_email&utm_medium=email&utm_campaign=pilot-2026-09-25-b2&utm_content=touch_3"
"Atlas Autism & Learning Institute","Charles Adkins","Charles","charles.adkins@atlascarenj.org","Trenton","NJ","1","pilot-2026-09-25-b2","Quick question about Atlas Autism & Learning Institute's openings in NJ","Hi Charles,

I was looking at independent ABA practices in Trenton and came across Atlas Autism & Learning Institute. 

A lot of clinic owners we talk to with 1–3 locations tell us their biggest bottleneck isn't clinical interest—it's getting predictable commercial-insurance & private-pay inquiries without giving up margins to PE aggregators.

We built an intake & patient growth system specifically for independent practices at Atlas Autism & Learning Institute. You can see how the intake flow and caseload matching work here:

{{TRACKED_URL_TOUCH_1}}

Do you have 15 minutes this Thursday or Friday to see if this fits your current openings?

Best,
Hudson Argollo
Gold Traffic / ABA Practice Growth","https://abaclinics.clubemkt.digital/aba?lid={{LEAD_ID}}&utm_source=cold_email&utm_medium=email&utm_campaign=pilot-2026-09-25-b2&utm_content=touch_1","Re: Atlas Autism & Learning Institute's openings in NJ","Hi Charles,

Quick follow-up on my note from earlier this week.

When clinics expand or try to hire new BCBAs, keeping the waitlist warm and converting families at the exact moment a slot opens is usually what keeps rooms full.

We put together a 20-minute discovery breakdown for independent practices:
{{TRACKED_URL_TOUCH_2}}

Would love to share what's working for clinics in NJ if you're open to it.

Best,
Hudson","https://abaclinics.clubemkt.digital/aba?lid={{LEAD_ID}}&utm_source=cold_email&utm_medium=email&utm_campaign=pilot-2026-09-25-b2&utm_content=touch_2","Filling Atlas Autism & Learning Institute's caseload (NJ)","Hi Charles,

I know you're busy running Atlas Autism & Learning Institute. 

If patient intake or waitlist conversion isn't a priority right now, no worries at all. If you ever want to check our 2-minute fit assessment or look at the numbers, you can bookmark this link:

{{TRACKED_URL_TOUCH_3}}

Wishing you and the team continued success in Trenton!

Best,
Hudson","https://abaclinics.clubemkt.digital/aba?lid={{LEAD_ID}}&utm_source=cold_email&utm_medium=email&utm_campaign=pilot-2026-09-25-b2&utm_content=touch_3"
"Atrium Developmental Solutions","Charlotte Aguilar","Charlotte","caguilar@atriumabatx.com","Arlington","TX","2","pilot-2026-09-25-b2","Quick question about Atrium Developmental Solutions's openings in TX","Hi Charlotte,

I was looking at independent ABA practices in Arlington and came across Atrium Developmental Solutions. 

A lot of clinic owners we talk to with 1–3 locations tell us their biggest bottleneck isn't clinical interest—it's getting predictable commercial-insurance & private-pay inquiries without giving up margins to PE aggregators.

We built an intake & patient growth system specifically for independent practices across your 2 locations. You can see how the intake flow and caseload matching work here:

{{TRACKED_URL_TOUCH_1}}

Do you have 15 minutes this Thursday or Friday to see if this fits your current openings?

Best,
Hudson Argollo
Gold Traffic / ABA Practice Growth","https://abaclinics.clubemkt.digital/aba?lid={{LEAD_ID}}&utm_source=cold_email&utm_medium=email&utm_campaign=pilot-2026-09-25-b2&utm_content=touch_1","Re: Atrium Developmental Solutions's openings in TX","Hi Charlotte,

Quick follow-up on my note from earlier this week.

When clinics expand or try to hire new BCBAs, keeping the waitlist warm and converting families at the exact moment a slot opens is usually what keeps rooms full.

We put together a 20-minute discovery breakdown for independent practices:
{{TRACKED_URL_TOUCH_2}}

Would love to share what's working for clinics in TX if you're open to it.

Best,
Hudson","https://abaclinics.clubemkt.digital/aba?lid={{LEAD_ID}}&utm_source=cold_email&utm_medium=email&utm_campaign=pilot-2026-09-25-b2&utm_content=touch_2","Filling Atrium Developmental Solutions's caseload (TX)","Hi Charlotte,

I know you're busy running Atrium Developmental Solutions. 

If patient intake or waitlist conversion isn't a priority right now, no worries at all. If you ever want to check our 2-minute fit assessment or look at the numbers, you can bookmark this link:

{{TRACKED_URL_TOUCH_3}}

Wishing you and the team continued success in Arlington!

Best,
Hudson","https://abaclinics.clubemkt.digital/aba?lid={{LEAD_ID}}&utm_source=cold_email&utm_medium=email&utm_campaign=pilot-2026-09-25-b2&utm_content=touch_3"
"Aura Behavioral Therapy Center","Chase Aguirre","Chase","chase.aguirre@auraautismfl.com","Naples","FL","3","pilot-2026-09-25-b2","Quick question about Aura Behavioral Therapy Center's openings in FL","Hi Chase,

I was looking at independent ABA practices in Naples and came across Aura Behavioral Therapy Center. 

A lot of clinic owners we talk to with 1–3 locations tell us their biggest bottleneck isn't clinical interest—it's getting predictable commercial-insurance & private-pay inquiries without giving up margins to PE aggregators.

We built an intake & patient growth system specifically for independent practices across your 3 locations. You can see how the intake flow and caseload matching work here:

{{TRACKED_URL_TOUCH_1}}

Do you have 15 minutes this Thursday or Friday to see if this fits your current openings?

Best,
Hudson Argollo
Gold Traffic / ABA Practice Growth","https://abaclinics.clubemkt.digital/aba?lid={{LEAD_ID}}&utm_source=cold_email&utm_medium=email&utm_campaign=pilot-2026-09-25-b2&utm_content=touch_1","Re: Aura Behavioral Therapy Center's openings in FL","Hi Chase,

Quick follow-up on my note from earlier this week.

When clinics expand or try to hire new BCBAs, keeping the waitlist warm and converting families at the exact moment a slot opens is usually what keeps rooms full.

We put together a 20-minute discovery breakdown for independent practices:
{{TRACKED_URL_TOUCH_2}}

Would love to share what's working for clinics in FL if you're open to it.

Best,
Hudson","https://abaclinics.clubemkt.digital/aba?lid={{LEAD_ID}}&utm_source=cold_email&utm_medium=email&utm_campaign=pilot-2026-09-25-b2&utm_content=touch_2","Filling Aura Behavioral Therapy Center's caseload (FL)","Hi Chase,

I know you're busy running Aura Behavioral Therapy Center. 

If patient intake or waitlist conversion isn't a priority right now, no worries at all. If you ever want to check our 2-minute fit assessment or look at the numbers, you can bookmark this link:

{{TRACKED_URL_TOUCH_3}}

Wishing you and the team continued success in Naples!

Best,
Hudson","https://abaclinics.clubemkt.digital/aba?lid={{LEAD_ID}}&utm_source=cold_email&utm_medium=email&utm_campaign=pilot-2026-09-25-b2&utm_content=touch_3"
"Authentic Autism Discovery Center","Chelsea Albert","Chelsea","calbert@authenticcareca.com","Riverside","CA","4","pilot-2026-09-25-b2","Quick question about Authentic Autism Discovery Center's openings in CA","Hi Chelsea,

I was looking at independent ABA practices in Riverside and came across Authentic Autism Discovery Center. 

A lot of clinic owners we talk to with 1–4 locations tell us their biggest bottleneck isn't clinical interest—it's getting predictable commercial-insurance & private-pay inquiries without giving up margins to PE aggregators.

We built an intake & patient growth system specifically for independent practices across your 4 locations. You can see how the intake flow and caseload matching work here:

{{TRACKED_URL_TOUCH_1}}

Do you have 15 minutes this Thursday or Friday to see if this fits your current openings?

Best,
Hudson Argollo
Gold Traffic / ABA Practice Growth","https://abaclinics.clubemkt.digital/aba?lid={{LEAD_ID}}&utm_source=cold_email&utm_medium=email&utm_campaign=pilot-2026-09-25-b2&utm_content=touch_1","Re: Authentic Autism Discovery Center's openings in CA","Hi Chelsea,

Quick follow-up on my note from earlier this week.

When clinics expand or try to hire new BCBAs, keeping the waitlist warm and converting families at the exact moment a slot opens is usually what keeps rooms full.

We put together a 20-minute discovery breakdown for independent practices:
{{TRACKED_URL_TOUCH_2}}

Would love to share what's working for clinics in CA if you're open to it.

Best,
Hudson","https://abaclinics.clubemkt.digital/aba?lid={{LEAD_ID}}&utm_source=cold_email&utm_medium=email&utm_campaign=pilot-2026-09-25-b2&utm_content=touch_2","Filling Authentic Autism Discovery Center's caseload (CA)","Hi Chelsea,

I know you're busy running Authentic Autism Discovery Center. 

If patient intake or waitlist conversion isn't a priority right now, no worries at all. If you ever want to check our 2-minute fit assessment or look at the numbers, you can bookmark this link:

{{TRACKED_URL_TOUCH_3}}

Wishing you and the team continued success in Riverside!

Best,
Hudson","https://abaclinics.clubemkt.digital/aba?lid={{LEAD_ID}}&utm_source=cold_email&utm_medium=email&utm_campaign=pilot-2026-09-25-b2&utm_content=touch_3"
"Avenue Behavioral Foundations","Cheyenne Albrecht","Cheyenne","cheyenne.albrecht@avenueabanc.org","Apex","NC","1","pilot-2026-09-25-b2","Quick question about Avenue Behavioral Foundations's openings in NC","Hi Cheyenne,

I was looking at independent ABA practices in Apex and came across Avenue Behavioral Foundations. 

A lot of clinic owners we talk to with 1–3 locations tell us their biggest bottleneck isn't clinical interest—it's getting predictable commercial-insurance & private-pay inquiries without giving up margins to PE aggregators.

We built an intake & patient growth system specifically for independent practices at Avenue Behavioral Foundations. You can see how the intake flow and caseload matching work here:

{{TRACKED_URL_TOUCH_1}}

Do you have 15 minutes this Thursday or Friday to see if this fits your current openings?

Best,
Hudson Argollo
Gold Traffic / ABA Practice Growth","https://abaclinics.clubemkt.digital/aba?lid={{LEAD_ID}}&utm_source=cold_email&utm_medium=email&utm_campaign=pilot-2026-09-25-b2&utm_content=touch_1","Re: Avenue Behavioral Foundations's openings in NC","Hi Cheyenne,

Quick follow-up on my note from earlier this week.

When clinics expand or try to hire new BCBAs, keeping the waitlist warm and converting families at the exact moment a slot opens is usually what keeps rooms full.

We put together a 20-minute discovery breakdown for independent practices:
{{TRACKED_URL_TOUCH_2}}

Would love to share what's working for clinics in NC if you're open to it.

Best,
Hudson","https://abaclinics.clubemkt.digital/aba?lid={{LEAD_ID}}&utm_source=cold_email&utm_medium=email&utm_campaign=pilot-2026-09-25-b2&utm_content=touch_2","Filling Avenue Behavioral Foundations's caseload (NC)","Hi Cheyenne,

I know you're busy running Avenue Behavioral Foundations. 

If patient intake or waitlist conversion isn't a priority right now, no worries at all. If you ever want to check our 2-minute fit assessment or look at the numbers, you can bookmark this link:

{{TRACKED_URL_TOUCH_3}}

Wishing you and the team continued success in Apex!

Best,
Hudson","https://abaclinics.clubemkt.digital/aba?lid={{LEAD_ID}}&utm_source=cold_email&utm_medium=email&utm_campaign=pilot-2026-09-25-b2&utm_content=touch_3"
"Axis Therapeutic Solutions","Chloe Alcorn","Chloe","calcorn@axisautismga.net","Smyrna","GA","2","pilot-2026-09-25-b2","Quick question about Axis Therapeutic Solutions's openings in GA","Hi Chloe,

I was looking at independent ABA practices in Smyrna and came across Axis Therapeutic Solutions. 

A lot of clinic owners we talk to with 1–3 locations tell us their biggest bottleneck isn't clinical interest—it's getting predictable commercial-insurance & private-pay inquiries without giving up margins to PE aggregators.

We built an intake & patient growth system specifically for independent practices across your 2 locations. You can see how the intake flow and caseload matching work here:

{{TRACKED_URL_TOUCH_1}}

Do you have 15 minutes this Thursday or Friday to see if this fits your current openings?

Best,
Hudson Argollo
Gold Traffic / ABA Practice Growth","https://abaclinics.clubemkt.digital/aba?lid={{LEAD_ID}}&utm_source=cold_email&utm_medium=email&utm_campaign=pilot-2026-09-25-b2&utm_content=touch_1","Re: Axis Therapeutic Solutions's openings in GA","Hi Chloe,

Quick follow-up on my note from earlier this week.

When clinics expand or try to hire new BCBAs, keeping the waitlist warm and converting families at the exact moment a slot opens is usually what keeps rooms full.

We put together a 20-minute discovery breakdown for independent practices:
{{TRACKED_URL_TOUCH_2}}

Would love to share what's working for clinics in GA if you're open to it.

Best,
Hudson","https://abaclinics.clubemkt.digital/aba?lid={{LEAD_ID}}&utm_source=cold_email&utm_medium=email&utm_campaign=pilot-2026-09-25-b2&utm_content=touch_2","Filling Axis Therapeutic Solutions's caseload (GA)","Hi Chloe,

I know you're busy running Axis Therapeutic Solutions. 

If patient intake or waitlist conversion isn't a priority right now, no worries at all. If you ever want to check our 2-minute fit assessment or look at the numbers, you can bookmark this link:

{{TRACKED_URL_TOUCH_3}}

Wishing you and the team continued success in Smyrna!

Best,
Hudson","https://abaclinics.clubemkt.digital/aba?lid={{LEAD_ID}}&utm_source=cold_email&utm_medium=email&utm_campaign=pilot-2026-09-25-b2&utm_content=touch_3"
"Basis ABA Collective","Christian Aldridge","Christian","christian.aldridge@basiscareco.com","Lakewood","CO","3","pilot-2026-09-25-b2","Quick question about Basis ABA Collective's openings in CO","Hi Christian,

I was looking at independent ABA practices in Lakewood and came across Basis ABA Collective. 

A lot of clinic owners we talk to with 1–3 locations tell us their biggest bottleneck isn't clinical interest—it's getting predictable commercial-insurance & private-pay inquiries without giving up margins to PE aggregators.

We built an intake & patient growth system specifically for independent practices across your 3 locations. You can see how the intake flow and caseload matching work here:

{{TRACKED_URL_TOUCH_1}}

Do you have 15 minutes this Thursday or Friday to see if this fits your current openings?

Best,
Hudson Argollo
Gold Traffic / ABA Practice Growth","https://abaclinics.clubemkt.digital/aba?lid={{LEAD_ID}}&utm_source=cold_email&utm_medium=email&utm_campaign=pilot-2026-09-25-b2&utm_content=touch_1","Re: Basis ABA Collective's openings in CO","Hi Christian,

Quick follow-up on my note from earlier this week.

When clinics expand or try to hire new BCBAs, keeping the waitlist warm and converting families at the exact moment a slot opens is usually what keeps rooms full.

We put together a 20-minute discovery breakdown for independent practices:
{{TRACKED_URL_TOUCH_2}}

Would love to share what's working for clinics in CO if you're open to it.

Best,
Hudson","https://abaclinics.clubemkt.digital/aba?lid={{LEAD_ID}}&utm_source=cold_email&utm_medium=email&utm_campaign=pilot-2026-09-25-b2&utm_content=touch_2","Filling Basis ABA Collective's caseload (CO)","Hi Christian,

I know you're busy running Basis ABA Collective. 

If patient intake or waitlist conversion isn't a priority right now, no worries at all. If you ever want to check our 2-minute fit assessment or look at the numbers, you can bookmark this link:

{{TRACKED_URL_TOUCH_3}}

Wishing you and the team continued success in Lakewood!

Best,
Hudson","https://abaclinics.clubemkt.digital/aba?lid={{LEAD_ID}}&utm_source=cold_email&utm_medium=email&utm_campaign=pilot-2026-09-25-b2&utm_content=touch_3"
"Belief Autism Clinic","Christina Alford","Christina","calford@beliefabava.com","Alexandria","VA","4","pilot-2026-09-25-b2","Quick question about Belief Autism Clinic's openings in VA","Hi Christina,

I was looking at independent ABA practices in Alexandria and came across Belief Autism Clinic. 

A lot of clinic owners we talk to with 1–4 locations tell us their biggest bottleneck isn't clinical interest—it's getting predictable commercial-insurance & private-pay inquiries without giving up margins to PE aggregators.

We built an intake & patient growth system specifically for independent practices across your 4 locations. You can see how the intake flow and caseload matching work here:

{{TRACKED_URL_TOUCH_1}}

Do you have 15 minutes this Thursday or Friday to see if this fits your current openings?

Best,
Hudson Argollo
Gold Traffic / ABA Practice Growth","https://abaclinics.clubemkt.digital/aba?lid={{LEAD_ID}}&utm_source=cold_email&utm_medium=email&utm_campaign=pilot-2026-09-25-b2&utm_content=touch_1","Re: Belief Autism Clinic's openings in VA","Hi Christina,

Quick follow-up on my note from earlier this week.

When clinics expand or try to hire new BCBAs, keeping the waitlist warm and converting families at the exact moment a slot opens is usually what keeps rooms full.

We put together a 20-minute discovery breakdown for independent practices:
{{TRACKED_URL_TOUCH_2}}

Would love to share what's working for clinics in VA if you're open to it.

Best,
Hudson","https://abaclinics.clubemkt.digital/aba?lid={{LEAD_ID}}&utm_source=cold_email&utm_medium=email&utm_campaign=pilot-2026-09-25-b2&utm_content=touch_2","Filling Belief Autism Clinic's caseload (VA)","Hi Christina,

I know you're busy running Belief Autism Clinic. 

If patient intake or waitlist conversion isn't a priority right now, no worries at all. If you ever want to check our 2-minute fit assessment or look at the numbers, you can bookmark this link:

{{TRACKED_URL_TOUCH_3}}

Wishing you and the team continued success in Alexandria!

Best,
Hudson","https://abaclinics.clubemkt.digital/aba?lid={{LEAD_ID}}&utm_source=cold_email&utm_medium=email&utm_campaign=pilot-2026-09-25-b2&utm_content=touch_3"
"Beloved ABA Center","Christine Allan","Christine","christine.allan@belovedautismmd.org","Annapolis","MD","1","pilot-2026-09-25-b2","Quick question about Beloved ABA Center's openings in MD","Hi Christine,

I was looking at independent ABA practices in Annapolis and came across Beloved ABA Center. 

A lot of clinic owners we talk to with 1–3 locations tell us their biggest bottleneck isn't clinical interest—it's getting predictable commercial-insurance & private-pay inquiries without giving up margins to PE aggregators.

We built an intake & patient growth system specifically for independent practices at Beloved ABA Center. You can see how the intake flow and caseload matching work here:

{{TRACKED_URL_TOUCH_1}}

Do you have 15 minutes this Thursday or Friday to see if this fits your current openings?

Best,
Hudson Argollo
Gold Traffic / ABA Practice Growth","https://abaclinics.clubemkt.digital/aba?lid={{LEAD_ID}}&utm_source=cold_email&utm_medium=email&utm_campaign=pilot-2026-09-25-b2&utm_content=touch_1","Re: Beloved ABA Center's openings in MD","Hi Christine,

Quick follow-up on my note from earlier this week.

When clinics expand or try to hire new BCBAs, keeping the waitlist warm and converting families at the exact moment a slot opens is usually what keeps rooms full.

We put together a 20-minute discovery breakdown for independent practices:
{{TRACKED_URL_TOUCH_2}}

Would love to share what's working for clinics in MD if you're open to it.

Best,
Hudson","https://abaclinics.clubemkt.digital/aba?lid={{LEAD_ID}}&utm_source=cold_email&utm_medium=email&utm_campaign=pilot-2026-09-25-b2&utm_content=touch_2","Filling Beloved ABA Center's caseload (MD)","Hi Christine,

I know you're busy running Beloved ABA Center. 

If patient intake or waitlist conversion isn't a priority right now, no worries at all. If you ever want to check our 2-minute fit assessment or look at the numbers, you can bookmark this link:

{{TRACKED_URL_TOUCH_3}}

Wishing you and the team continued success in Annapolis!

Best,
Hudson","https://abaclinics.clubemkt.digital/aba?lid={{LEAD_ID}}&utm_source=cold_email&utm_medium=email&utm_campaign=pilot-2026-09-25-b2&utm_content=touch_3"
"Benchmark Behavioral Health Network","Christopher Alston","Christopher","calston@benchmarkcareil.com","Cicero","IL","2","pilot-2026-09-25-b2","Quick question about Benchmark Behavioral Health Network's openings in IL","Hi Christopher,

I was looking at independent ABA practices in Cicero and came across Benchmark Behavioral Health Network. 

A lot of clinic owners we talk to with 1–3 locations tell us their biggest bottleneck isn't clinical interest—it's getting predictable commercial-insurance & private-pay inquiries without giving up margins to PE aggregators.

We built an intake & patient growth system specifically for independent practices across your 2 locations. You can see how the intake flow and caseload matching work here:

{{TRACKED_URL_TOUCH_1}}

Do you have 15 minutes this Thursday or Friday to see if this fits your current openings?

Best,
Hudson Argollo
Gold Traffic / ABA Practice Growth","https://abaclinics.clubemkt.digital/aba?lid={{LEAD_ID}}&utm_source=cold_email&utm_medium=email&utm_campaign=pilot-2026-09-25-b2&utm_content=touch_1","Re: Benchmark Behavioral Health Network's openings in IL","Hi Christopher,

Quick follow-up on my note from earlier this week.

When clinics expand or try to hire new BCBAs, keeping the waitlist warm and converting families at the exact moment a slot opens is usually what keeps rooms full.

We put together a 20-minute discovery breakdown for independent practices:
{{TRACKED_URL_TOUCH_2}}

Would love to share what's working for clinics in IL if you're open to it.

Best,
Hudson","https://abaclinics.clubemkt.digital/aba?lid={{LEAD_ID}}&utm_source=cold_email&utm_medium=email&utm_campaign=pilot-2026-09-25-b2&utm_content=touch_2","Filling Benchmark Behavioral Health Network's caseload (IL)","Hi Christopher,

I know you're busy running Benchmark Behavioral Health Network. 

If patient intake or waitlist conversion isn't a priority right now, no worries at all. If you ever want to check our 2-minute fit assessment or look at the numbers, you can bookmark this link:

{{TRACKED_URL_TOUCH_3}}

Wishing you and the team continued success in Cicero!

Best,
Hudson","https://abaclinics.clubemkt.digital/aba?lid={{LEAD_ID}}&utm_source=cold_email&utm_medium=email&utm_campaign=pilot-2026-09-25-b2&utm_content=touch_3"
"Benefit Autism Group","Claire Alvarado","Claire","claire.alvarado@benefitabaut.com","South Jordan","UT","3","pilot-2026-09-25-b2","Quick question about Benefit Autism Group's openings in UT","Hi Claire,

I was looking at independent ABA practices in South Jordan and came across Benefit Autism Group. 

A lot of clinic owners we talk to with 1–3 locations tell us their biggest bottleneck isn't clinical interest—it's getting predictable commercial-insurance & private-pay inquiries without giving up margins to PE aggregators.

We built an intake & patient growth system specifically for independent practices across your 3 locations. You can see how the intake flow and caseload matching work here:

{{TRACKED_URL_TOUCH_1}}

Do you have 15 minutes this Thursday or Friday to see if this fits your current openings?

Best,
Hudson Argollo
Gold Traffic / ABA Practice Growth","https://abaclinics.clubemkt.digital/aba?lid={{LEAD_ID}}&utm_source=cold_email&utm_medium=email&utm_campaign=pilot-2026-09-25-b2&utm_content=touch_1","Re: Benefit Autism Group's openings in UT","Hi Claire,

Quick follow-up on my note from earlier this week.

When clinics expand or try to hire new BCBAs, keeping the waitlist warm and converting families at the exact moment a slot opens is usually what keeps rooms full.

We put together a 20-minute discovery breakdown for independent practices:
{{TRACKED_URL_TOUCH_2}}

Would love to share what's working for clinics in UT if you're open to it.

Best,
Hudson","https://abaclinics.clubemkt.digital/aba?lid={{LEAD_ID}}&utm_source=cold_email&utm_medium=email&utm_campaign=pilot-2026-09-25-b2&utm_content=touch_2","Filling Benefit Autism Group's caseload (UT)","Hi Claire,

I know you're busy running Benefit Autism Group. 

If patient intake or waitlist conversion isn't a priority right now, no worries at all. If you ever want to check our 2-minute fit assessment or look at the numbers, you can bookmark this link:

{{TRACKED_URL_TOUCH_3}}

Wishing you and the team continued success in South Jordan!

Best,
Hudson","https://abaclinics.clubemkt.digital/aba?lid={{LEAD_ID}}&utm_source=cold_email&utm_medium=email&utm_campaign=pilot-2026-09-25-b2&utm_content=touch_3"
"Better Days Applied Behavior Specialists","Clara Alvarez","Clara","calvarez@betterdaysautismnj.com","Edison","NJ","4","pilot-2026-09-25-b2","Quick question about Better Days Applied Behavior Specialists's openings in NJ","Hi Clara,

I was looking at independent ABA practices in Edison and came across Better Days Applied Behavior Specialists. 

A lot of clinic owners we talk to with 1–4 locations tell us their biggest bottleneck isn't clinical interest—it's getting predictable commercial-insurance & private-pay inquiries without giving up margins to PE aggregators.

We built an intake & patient growth system specifically for independent practices across your 4 locations. You can see how the intake flow and caseload matching work here:

{{TRACKED_URL_TOUCH_1}}

Do you have 15 minutes this Thursday or Friday to see if this fits your current openings?

Best,
Hudson Argollo
Gold Traffic / ABA Practice Growth","https://abaclinics.clubemkt.digital/aba?lid={{LEAD_ID}}&utm_source=cold_email&utm_medium=email&utm_campaign=pilot-2026-09-25-b2&utm_content=touch_1","Re: Better Days Applied Behavior Specialists's openings in NJ","Hi Clara,

Quick follow-up on my note from earlier this week.

When clinics expand or try to hire new BCBAs, keeping the waitlist warm and converting families at the exact moment a slot opens is usually what keeps rooms full.

We put together a 20-minute discovery breakdown for independent practices:
{{TRACKED_URL_TOUCH_2}}

Would love to share what's working for clinics in NJ if you're open to it.

Best,
Hudson","https://abaclinics.clubemkt.digital/aba?lid={{LEAD_ID}}&utm_source=cold_email&utm_medium=email&utm_campaign=pilot-2026-09-25-b2&utm_content=touch_2","Filling Better Days Applied Behavior Specialists's caseload (NJ)","Hi Clara,

I know you're busy running Better Days Applied Behavior Specialists. 

If patient intake or waitlist conversion isn't a priority right now, no worries at all. If you ever want to check our 2-minute fit assessment or look at the numbers, you can bookmark this link:

{{TRACKED_URL_TOUCH_3}}

Wishing you and the team continued success in Edison!

Best,
Hudson","https://abaclinics.clubemkt.digital/aba?lid={{LEAD_ID}}&utm_source=cold_email&utm_medium=email&utm_campaign=pilot-2026-09-25-b2&utm_content=touch_3"
"Beyond Therapy Partners","Aaron Amato","Aaron","aaron.amato@beyondcaretx.org","Austin","TX","1","pilot-2026-09-25-b2","Quick question about Beyond Therapy Partners's openings in TX","Hi Aaron,

I was looking at independent ABA practices in Austin and came across Beyond Therapy Partners. 

A lot of clinic owners we talk to with 1–3 locations tell us their biggest bottleneck isn't clinical interest—it's getting predictable commercial-insurance & private-pay inquiries without giving up margins to PE aggregators.

We built an intake & patient growth system specifically for independent practices at Beyond Therapy Partners. You can see how the intake flow and caseload matching work here:

{{TRACKED_URL_TOUCH_1}}

Do you have 15 minutes this Thursday or Friday to see if this fits your current openings?

Best,
Hudson Argollo
Gold Traffic / ABA Practice Growth","https://abaclinics.clubemkt.digital/aba?lid={{LEAD_ID}}&utm_source=cold_email&utm_medium=email&utm_campaign=pilot-2026-09-25-b2&utm_content=touch_1","Re: Beyond Therapy Partners's openings in TX","Hi Aaron,

Quick follow-up on my note from earlier this week.

When clinics expand or try to hire new BCBAs, keeping the waitlist warm and converting families at the exact moment a slot opens is usually what keeps rooms full.

We put together a 20-minute discovery breakdown for independent practices:
{{TRACKED_URL_TOUCH_2}}

Would love to share what's working for clinics in TX if you're open to it.

Best,
Hudson","https://abaclinics.clubemkt.digital/aba?lid={{LEAD_ID}}&utm_source=cold_email&utm_medium=email&utm_campaign=pilot-2026-09-25-b2&utm_content=touch_2","Filling Beyond Therapy Partners's caseload (TX)","Hi Aaron,

I know you're busy running Beyond Therapy Partners. 

If patient intake or waitlist conversion isn't a priority right now, no worries at all. If you ever want to check our 2-minute fit assessment or look at the numbers, you can bookmark this link:

{{TRACKED_URL_TOUCH_3}}

Wishing you and the team continued success in Austin!

Best,
Hudson","https://abaclinics.clubemkt.digital/aba?lid={{LEAD_ID}}&utm_source=cold_email&utm_medium=email&utm_campaign=pilot-2026-09-25-b2&utm_content=touch_3"
"Blue Ridge Pediatric Autism Services","Abigail Ambrose","Abigail","aambrose@blueridgeabafl.com","Orlando","FL","2","pilot-2026-09-25-b2","Quick question about Blue Ridge Pediatric Autism Services's openings in FL","Hi Abigail,

I was looking at independent ABA practices in Orlando and came across Blue Ridge Pediatric Autism Services. 

A lot of clinic owners we talk to with 1–3 locations tell us their biggest bottleneck isn't clinical interest—it's getting predictable commercial-insurance & private-pay inquiries without giving up margins to PE aggregators.

We built an intake & patient growth system specifically for independent practices across your 2 locations. You can see how the intake flow and caseload matching work here:

{{TRACKED_URL_TOUCH_1}}

Do you have 15 minutes this Thursday or Friday to see if this fits your current openings?

Best,
Hudson Argollo
Gold Traffic / ABA Practice Growth","https://abaclinics.clubemkt.digital/aba?lid={{LEAD_ID}}&utm_source=cold_email&utm_medium=email&utm_campaign=pilot-2026-09-25-b2&utm_content=touch_1","Re: Blue Ridge Pediatric Autism Services's openings in FL","Hi Abigail,

Quick follow-up on my note from earlier this week.

When clinics expand or try to hire new BCBAs, keeping the waitlist warm and converting families at the exact moment a slot opens is usually what keeps rooms full.

We put together a 20-minute discovery breakdown for independent practices:
{{TRACKED_URL_TOUCH_2}}

Would love to share what's working for clinics in FL if you're open to it.

Best,
Hudson","https://abaclinics.clubemkt.digital/aba?lid={{LEAD_ID}}&utm_source=cold_email&utm_medium=email&utm_campaign=pilot-2026-09-25-b2&utm_content=touch_2","Filling Blue Ridge Pediatric Autism Services's caseload (FL)","Hi Abigail,

I know you're busy running Blue Ridge Pediatric Autism Services. 

If patient intake or waitlist conversion isn't a priority right now, no worries at all. If you ever want to check our 2-minute fit assessment or look at the numbers, you can bookmark this link:

{{TRACKED_URL_TOUCH_3}}

Wishing you and the team continued success in Orlando!

Best,
Hudson","https://abaclinics.clubemkt.digital/aba?lid={{LEAD_ID}}&utm_source=cold_email&utm_medium=email&utm_campaign=pilot-2026-09-25-b2&utm_content=touch_3"
"Blossom Behavioral Care Center","Adam Ames","Adam","adam.ames@blossomautismca.com","San Jose","CA","3","pilot-2026-09-25-b2","Quick question about Blossom Behavioral Care Center's openings in CA","Hi Adam,

I was looking at independent ABA practices in San Jose and came across Blossom Behavioral Care Center. 

A lot of clinic owners we talk to with 1–3 locations tell us their biggest bottleneck isn't clinical interest—it's getting predictable commercial-insurance & private-pay inquiries without giving up margins to PE aggregators.

We built an intake & patient growth system specifically for independent practices across your 3 locations. You can see how the intake flow and caseload matching work here:

{{TRACKED_URL_TOUCH_1}}

Do you have 15 minutes this Thursday or Friday to see if this fits your current openings?

Best,
Hudson Argollo
Gold Traffic / ABA Practice Growth","https://abaclinics.clubemkt.digital/aba?lid={{LEAD_ID}}&utm_source=cold_email&utm_medium=email&utm_campaign=pilot-2026-09-25-b2&utm_content=touch_1","Re: Blossom Behavioral Care Center's openings in CA","Hi Adam,

Quick follow-up on my note from earlier this week.

When clinics expand or try to hire new BCBAs, keeping the waitlist warm and converting families at the exact moment a slot opens is usually what keeps rooms full.

We put together a 20-minute discovery breakdown for independent practices:
{{TRACKED_URL_TOUCH_2}}

Would love to share what's working for clinics in CA if you're open to it.

Best,
Hudson","https://abaclinics.clubemkt.digital/aba?lid={{LEAD_ID}}&utm_source=cold_email&utm_medium=email&utm_campaign=pilot-2026-09-25-b2&utm_content=touch_2","Filling Blossom Behavioral Care Center's caseload (CA)","Hi Adam,

I know you're busy running Blossom Behavioral Care Center. 

If patient intake or waitlist conversion isn't a priority right now, no worries at all. If you ever want to check our 2-minute fit assessment or look at the numbers, you can bookmark this link:

{{TRACKED_URL_TOUCH_3}}

Wishing you and the team continued success in San Jose!

Best,
Hudson","https://abaclinics.clubemkt.digital/aba?lid={{LEAD_ID}}&utm_source=cold_email&utm_medium=email&utm_campaign=pilot-2026-09-25-b2&utm_content=touch_3"
"Bold Autism & Learning Institute","Adrian Amos","Adrian","aamos@boldcarenc.com","Asheville","NC","4","pilot-2026-09-25-b2","Quick question about Bold Autism & Learning Institute's openings in NC","Hi Adrian,

I was looking at independent ABA practices in Asheville and came across Bold Autism & Learning Institute. 

A lot of clinic owners we talk to with 1–4 locations tell us their biggest bottleneck isn't clinical interest—it's getting predictable commercial-insurance & private-pay inquiries without giving up margins to PE aggregators.

We built an intake & patient growth system specifically for independent practices across your 4 locations. You can see how the intake flow and caseload matching work here:

{{TRACKED_URL_TOUCH_1}}

Do you have 15 minutes this Thursday or Friday to see if this fits your current openings?

Best,
Hudson Argollo
Gold Traffic / ABA Practice Growth","https://abaclinics.clubemkt.digital/aba?lid={{LEAD_ID}}&utm_source=cold_email&utm_medium=email&utm_campaign=pilot-2026-09-25-b2&utm_content=touch_1","Re: Bold Autism & Learning Institute's openings in NC","Hi Adrian,

Quick follow-up on my note from earlier this week.

When clinics expand or try to hire new BCBAs, keeping the waitlist warm and converting families at the exact moment a slot opens is usually what keeps rooms full.

We put together a 20-minute discovery breakdown for independent practices:
{{TRACKED_URL_TOUCH_2}}

Would love to share what's working for clinics in NC if you're open to it.

Best,
Hudson","https://abaclinics.clubemkt.digital/aba?lid={{LEAD_ID}}&utm_source=cold_email&utm_medium=email&utm_campaign=pilot-2026-09-25-b2&utm_content=touch_2","Filling Bold Autism & Learning Institute's caseload (NC)","Hi Adrian,

I know you're busy running Bold Autism & Learning Institute. 

If patient intake or waitlist conversion isn't a priority right now, no worries at all. If you ever want to check our 2-minute fit assessment or look at the numbers, you can bookmark this link:

{{TRACKED_URL_TOUCH_3}}

Wishing you and the team continued success in Asheville!

Best,
Hudson","https://abaclinics.clubemkt.digital/aba?lid={{LEAD_ID}}&utm_source=cold_email&utm_medium=email&utm_campaign=pilot-2026-09-25-b2&utm_content=touch_3"
"Bond Developmental Solutions","Aiden Anaya","Aiden","aiden.anaya@bondabaga.org","Marietta","GA","1","pilot-2026-09-25-b2","Quick question about Bond Developmental Solutions's openings in GA","Hi Aiden,

I was looking at independent ABA practices in Marietta and came across Bond Developmental Solutions. 

A lot of clinic owners we talk to with 1–3 locations tell us their biggest bottleneck isn't clinical interest—it's getting predictable commercial-insurance & private-pay inquiries without giving up margins to PE aggregators.

We built an intake & patient growth system specifically for independent practices at Bond Developmental Solutions. You can see how the intake flow and caseload matching work here:

{{TRACKED_URL_TOUCH_1}}

Do you have 15 minutes this Thursday or Friday to see if this fits your current openings?

Best,
Hudson Argollo
Gold Traffic / ABA Practice Growth","https://abaclinics.clubemkt.digital/aba?lid={{LEAD_ID}}&utm_source=cold_email&utm_medium=email&utm_campaign=pilot-2026-09-25-b2&utm_content=touch_1","Re: Bond Developmental Solutions's openings in GA","Hi Aiden,

Quick follow-up on my note from earlier this week.

When clinics expand or try to hire new BCBAs, keeping the waitlist warm and converting families at the exact moment a slot opens is usually what keeps rooms full.

We put together a 20-minute discovery breakdown for independent practices:
{{TRACKED_URL_TOUCH_2}}

Would love to share what's working for clinics in GA if you're open to it.

Best,
Hudson","https://abaclinics.clubemkt.digital/aba?lid={{LEAD_ID}}&utm_source=cold_email&utm_medium=email&utm_campaign=pilot-2026-09-25-b2&utm_content=touch_2","Filling Bond Developmental Solutions's caseload (GA)","Hi Aiden,

I know you're busy running Bond Developmental Solutions. 

If patient intake or waitlist conversion isn't a priority right now, no worries at all. If you ever want to check our 2-minute fit assessment or look at the numbers, you can bookmark this link:

{{TRACKED_URL_TOUCH_3}}

Wishing you and the team continued success in Marietta!

Best,
Hudson","https://abaclinics.clubemkt.digital/aba?lid={{LEAD_ID}}&utm_source=cold_email&utm_medium=email&utm_campaign=pilot-2026-09-25-b2&utm_content=touch_3"
"Boundless Behavioral Therapy Center","Alex Anders","Alex","aanders@boundlessautismco.com","Aurora","CO","2","pilot-2026-09-25-b2","Quick question about Boundless Behavioral Therapy Center's openings in CO","Hi Alex,

I was looking at independent ABA practices in Aurora and came across Boundless Behavioral Therapy Center. 

A lot of clinic owners we talk to with 1–3 locations tell us their biggest bottleneck isn't clinical interest—it's getting predictable commercial-insurance & private-pay inquiries without giving up margins to PE aggregators.

We built an intake & patient growth system specifically for independent practices across your 2 locations. You can see how the intake flow and caseload matching work here:

{{TRACKED_URL_TOUCH_1}}

Do you have 15 minutes this Thursday or Friday to see if this fits your current openings?

Best,
Hudson Argollo
Gold Traffic / ABA Practice Growth","https://abaclinics.clubemkt.digital/aba?lid={{LEAD_ID}}&utm_source=cold_email&utm_medium=email&utm_campaign=pilot-2026-09-25-b2&utm_content=touch_1","Re: Boundless Behavioral Therapy Center's openings in CO","Hi Alex,

Quick follow-up on my note from earlier this week.

When clinics expand or try to hire new BCBAs, keeping the waitlist warm and converting families at the exact moment a slot opens is usually what keeps rooms full.

We put together a 20-minute discovery breakdown for independent practices:
{{TRACKED_URL_TOUCH_2}}

Would love to share what's working for clinics in CO if you're open to it.

Best,
Hudson","https://abaclinics.clubemkt.digital/aba?lid={{LEAD_ID}}&utm_source=cold_email&utm_medium=email&utm_campaign=pilot-2026-09-25-b2&utm_content=touch_2","Filling Boundless Behavioral Therapy Center's caseload (CO)","Hi Alex,

I know you're busy running Boundless Behavioral Therapy Center. 

If patient intake or waitlist conversion isn't a priority right now, no worries at all. If you ever want to check our 2-minute fit assessment or look at the numbers, you can bookmark this link:

{{TRACKED_URL_TOUCH_3}}

Wishing you and the team continued success in Aurora!

Best,
Hudson","https://abaclinics.clubemkt.digital/aba?lid={{LEAD_ID}}&utm_source=cold_email&utm_medium=email&utm_campaign=pilot-2026-09-25-b2&utm_content=touch_3"
"Branch Autism Discovery Center","Alexander Andersen","Alexander","alexander.andersen@branchcareva.com","Chesapeake","VA","3","pilot-2026-09-25-b2","Quick question about Branch Autism Discovery Center's openings in VA","Hi Alexander,

I was looking at independent ABA practices in Chesapeake and came across Branch Autism Discovery Center. 

A lot of clinic owners we talk to with 1–3 locations tell us their biggest bottleneck isn't clinical interest—it's getting predictable commercial-insurance & private-pay inquiries without giving up margins to PE aggregators.

We built an intake & patient growth system specifically for independent practices across your 3 locations. You can see how the intake flow and caseload matching work here:

{{TRACKED_URL_TOUCH_1}}

Do you have 15 minutes this Thursday or Friday to see if this fits your current openings?

Best,
Hudson Argollo
Gold Traffic / ABA Practice Growth","https://abaclinics.clubemkt.digital/aba?lid={{LEAD_ID}}&utm_source=cold_email&utm_medium=email&utm_campaign=pilot-2026-09-25-b2&utm_content=touch_1","Re: Branch Autism Discovery Center's openings in VA","Hi Alexander,

Quick follow-up on my note from earlier this week.

When clinics expand or try to hire new BCBAs, keeping the waitlist warm and converting families at the exact moment a slot opens is usually what keeps rooms full.

We put together a 20-minute discovery breakdown for independent practices:
{{TRACKED_URL_TOUCH_2}}

Would love to share what's working for clinics in VA if you're open to it.

Best,
Hudson","https://abaclinics.clubemkt.digital/aba?lid={{LEAD_ID}}&utm_source=cold_email&utm_medium=email&utm_campaign=pilot-2026-09-25-b2&utm_content=touch_2","Filling Branch Autism Discovery Center's caseload (VA)","Hi Alexander,

I know you're busy running Branch Autism Discovery Center. 

If patient intake or waitlist conversion isn't a priority right now, no worries at all. If you ever want to check our 2-minute fit assessment or look at the numbers, you can bookmark this link:

{{TRACKED_URL_TOUCH_3}}

Wishing you and the team continued success in Chesapeake!

Best,
Hudson","https://abaclinics.clubemkt.digital/aba?lid={{LEAD_ID}}&utm_source=cold_email&utm_medium=email&utm_campaign=pilot-2026-09-25-b2&utm_content=touch_3"
"Bravo Behavioral Foundations","Alexandra Anderson","Alexandra","aanderson@bravoabamd.net","Frederick","MD","4","pilot-2026-09-25-b2","Quick question about Bravo Behavioral Foundations's openings in MD","Hi Alexandra,

I was looking at independent ABA practices in Frederick and came across Bravo Behavioral Foundations. 

A lot of clinic owners we talk to with 1–4 locations tell us their biggest bottleneck isn't clinical interest—it's getting predictable commercial-insurance & private-pay inquiries without giving up margins to PE aggregators.

We built an intake & patient growth system specifically for independent practices across your 4 locations. You can see how the intake flow and caseload matching work here:

{{TRACKED_URL_TOUCH_1}}

Do you have 15 minutes this Thursday or Friday to see if this fits your current openings?

Best,
Hudson Argollo
Gold Traffic / ABA Practice Growth","https://abaclinics.clubemkt.digital/aba?lid={{LEAD_ID}}&utm_source=cold_email&utm_medium=email&utm_campaign=pilot-2026-09-25-b2&utm_content=touch_1","Re: Bravo Behavioral Foundations's openings in MD","Hi Alexandra,

Quick follow-up on my note from earlier this week.

When clinics expand or try to hire new BCBAs, keeping the waitlist warm and converting families at the exact moment a slot opens is usually what keeps rooms full.

We put together a 20-minute discovery breakdown for independent practices:
{{TRACKED_URL_TOUCH_2}}

Would love to share what's working for clinics in MD if you're open to it.

Best,
Hudson","https://abaclinics.clubemkt.digital/aba?lid={{LEAD_ID}}&utm_source=cold_email&utm_medium=email&utm_campaign=pilot-2026-09-25-b2&utm_content=touch_2","Filling Bravo Behavioral Foundations's caseload (MD)","Hi Alexandra,

I know you're busy running Bravo Behavioral Foundations. 

If patient intake or waitlist conversion isn't a priority right now, no worries at all. If you ever want to check our 2-minute fit assessment or look at the numbers, you can bookmark this link:

{{TRACKED_URL_TOUCH_3}}

Wishing you and the team continued success in Frederick!

Best,
Hudson","https://abaclinics.clubemkt.digital/aba?lid={{LEAD_ID}}&utm_source=cold_email&utm_medium=email&utm_campaign=pilot-2026-09-25-b2&utm_content=touch_3"
"Bravery Therapeutic Solutions","Alexis Andrade","Alexis","alexis.andrade@braveryautismil.org","Elgin","IL","1","pilot-2026-09-25-b2","Quick question about Bravery Therapeutic Solutions's openings in IL","Hi Alexis,

I was looking at independent ABA practices in Elgin and came across Bravery Therapeutic Solutions. 

A lot of clinic owners we talk to with 1–3 locations tell us their biggest bottleneck isn't clinical interest—it's getting predictable commercial-insurance & private-pay inquiries without giving up margins to PE aggregators.

We built an intake & patient growth system specifically for independent practices at Bravery Therapeutic Solutions. You can see how the intake flow and caseload matching work here:

{{TRACKED_URL_TOUCH_1}}

Do you have 15 minutes this Thursday or Friday to see if this fits your current openings?

Best,
Hudson Argollo
Gold Traffic / ABA Practice Growth","https://abaclinics.clubemkt.digital/aba?lid={{LEAD_ID}}&utm_source=cold_email&utm_medium=email&utm_campaign=pilot-2026-09-25-b2&utm_content=touch_1","Re: Bravery Therapeutic Solutions's openings in IL","Hi Alexis,

Quick follow-up on my note from earlier this week.

When clinics expand or try to hire new BCBAs, keeping the waitlist warm and converting families at the exact moment a slot opens is usually what keeps rooms full.

We put together a 20-minute discovery breakdown for independent practices:
{{TRACKED_URL_TOUCH_2}}

Would love to share what's working for clinics in IL if you're open to it.

Best,
Hudson","https://abaclinics.clubemkt.digital/aba?lid={{LEAD_ID}}&utm_source=cold_email&utm_medium=email&utm_campaign=pilot-2026-09-25-b2&utm_content=touch_2","Filling Bravery Therapeutic Solutions's caseload (IL)","Hi Alexis,

I know you're busy running Bravery Therapeutic Solutions. 

If patient intake or waitlist conversion isn't a priority right now, no worries at all. If you ever want to check our 2-minute fit assessment or look at the numbers, you can bookmark this link:

{{TRACKED_URL_TOUCH_3}}

Wishing you and the team continued success in Elgin!

Best,
Hudson","https://abaclinics.clubemkt.digital/aba?lid={{LEAD_ID}}&utm_source=cold_email&utm_medium=email&utm_campaign=pilot-2026-09-25-b2&utm_content=touch_3"
"Bright Future ABA Collective","Alice Andrews","Alice","aandrews@brightfuturecareut.com","St. George","UT","2","pilot-2026-09-25-b2","Quick question about Bright Future ABA Collective's openings in UT","Hi Alice,

I was looking at independent ABA practices in St. George and came across Bright Future ABA Collective. 

A lot of clinic owners we talk to with 1–3 locations tell us their biggest bottleneck isn't clinical interest—it's getting predictable commercial-insurance & private-pay inquiries without giving up margins to PE aggregators.

We built an intake & patient growth system specifically for independent practices across your 2 locations. You can see how the intake flow and caseload matching work here:

{{TRACKED_URL_TOUCH_1}}

Do you have 15 minutes this Thursday or Friday to see if this fits your current openings?

Best,
Hudson Argollo
Gold Traffic / ABA Practice Growth","https://abaclinics.clubemkt.digital/aba?lid={{LEAD_ID}}&utm_source=cold_email&utm_medium=email&utm_campaign=pilot-2026-09-25-b2&utm_content=touch_1","Re: Bright Future ABA Collective's openings in UT","Hi Alice,

Quick follow-up on my note from earlier this week.

When clinics expand or try to hire new BCBAs, keeping the waitlist warm and converting families at the exact moment a slot opens is usually what keeps rooms full.

We put together a 20-minute discovery breakdown for independent practices:
{{TRACKED_URL_TOUCH_2}}

Would love to share what's working for clinics in UT if you're open to it.

Best,
Hudson","https://abaclinics.clubemkt.digital/aba?lid={{LEAD_ID}}&utm_source=cold_email&utm_medium=email&utm_campaign=pilot-2026-09-25-b2&utm_content=touch_2","Filling Bright Future ABA Collective's caseload (UT)","Hi Alice,

I know you're busy running Bright Future ABA Collective. 

If patient intake or waitlist conversion isn't a priority right now, no worries at all. If you ever want to check our 2-minute fit assessment or look at the numbers, you can bookmark this link:

{{TRACKED_URL_TOUCH_3}}

Wishing you and the team continued success in St. George!

Best,
Hudson","https://abaclinics.clubemkt.digital/aba?lid={{LEAD_ID}}&utm_source=cold_email&utm_medium=email&utm_campaign=pilot-2026-09-25-b2&utm_content=touch_3"
"Brighter Days Autism Clinic","Allison Anthony","Allison","allison.anthony@brighterdaysabanj.com","Newark","NJ","3","pilot-2026-09-25-b2","Quick question about Brighter Days Autism Clinic's openings in NJ","Hi Allison,

I was looking at independent ABA practices in Newark and came across Brighter Days Autism Clinic. 

A lot of clinic owners we talk to with 1–3 locations tell us their biggest bottleneck isn't clinical interest—it's getting predictable commercial-insurance & private-pay inquiries without giving up margins to PE aggregators.

We built an intake & patient growth system specifically for independent practices across your 3 locations. You can see how the intake flow and caseload matching work here:

{{TRACKED_URL_TOUCH_1}}

Do you have 15 minutes this Thursday or Friday to see if this fits your current openings?

Best,
Hudson Argollo
Gold Traffic / ABA Practice Growth","https://abaclinics.clubemkt.digital/aba?lid={{LEAD_ID}}&utm_source=cold_email&utm_medium=email&utm_campaign=pilot-2026-09-25-b2&utm_content=touch_1","Re: Brighter Days Autism Clinic's openings in NJ","Hi Allison,

Quick follow-up on my note from earlier this week.

When clinics expand or try to hire new BCBAs, keeping the waitlist warm and converting families at the exact moment a slot opens is usually what keeps rooms full.

We put together a 20-minute discovery breakdown for independent practices:
{{TRACKED_URL_TOUCH_2}}

Would love to share what's working for clinics in NJ if you're open to it.

Best,
Hudson","https://abaclinics.clubemkt.digital/aba?lid={{LEAD_ID}}&utm_source=cold_email&utm_medium=email&utm_campaign=pilot-2026-09-25-b2&utm_content=touch_2","Filling Brighter Days Autism Clinic's caseload (NJ)","Hi Allison,

I know you're busy running Brighter Days Autism Clinic. 

If patient intake or waitlist conversion isn't a priority right now, no worries at all. If you ever want to check our 2-minute fit assessment or look at the numbers, you can bookmark this link:

{{TRACKED_URL_TOUCH_3}}

Wishing you and the team continued success in Newark!

Best,
Hudson","https://abaclinics.clubemkt.digital/aba?lid={{LEAD_ID}}&utm_source=cold_email&utm_medium=email&utm_campaign=pilot-2026-09-25-b2&utm_content=touch_3"
"Broadview ABA Center","Alyssa Archer","Alyssa","aarcher@broadviewautismtx.com","El Paso","TX","4","pilot-2026-09-25-b2","Quick question about Broadview ABA Center's openings in TX","Hi Alyssa,

I was looking at independent ABA practices in El Paso and came across Broadview ABA Center. 

A lot of clinic owners we talk to with 1–4 locations tell us their biggest bottleneck isn't clinical interest—it's getting predictable commercial-insurance & private-pay inquiries without giving up margins to PE aggregators.

We built an intake & patient growth system specifically for independent practices across your 4 locations. You can see how the intake flow and caseload matching work here:

{{TRACKED_URL_TOUCH_1}}

Do you have 15 minutes this Thursday or Friday to see if this fits your current openings?

Best,
Hudson Argollo
Gold Traffic / ABA Practice Growth","https://abaclinics.clubemkt.digital/aba?lid={{LEAD_ID}}&utm_source=cold_email&utm_medium=email&utm_campaign=pilot-2026-09-25-b2&utm_content=touch_1","Re: Broadview ABA Center's openings in TX","Hi Alyssa,

Quick follow-up on my note from earlier this week.

When clinics expand or try to hire new BCBAs, keeping the waitlist warm and converting families at the exact moment a slot opens is usually what keeps rooms full.

We put together a 20-minute discovery breakdown for independent practices:
{{TRACKED_URL_TOUCH_2}}

Would love to share what's working for clinics in TX if you're open to it.

Best,
Hudson","https://abaclinics.clubemkt.digital/aba?lid={{LEAD_ID}}&utm_source=cold_email&utm_medium=email&utm_campaign=pilot-2026-09-25-b2&utm_content=touch_2","Filling Broadview ABA Center's caseload (TX)","Hi Alyssa,

I know you're busy running Broadview ABA Center. 

If patient intake or waitlist conversion isn't a priority right now, no worries at all. If you ever want to check our 2-minute fit assessment or look at the numbers, you can bookmark this link:

{{TRACKED_URL_TOUCH_3}}

Wishing you and the team continued success in El Paso!

Best,
Hudson","https://abaclinics.clubemkt.digital/aba?lid={{LEAD_ID}}&utm_source=cold_email&utm_medium=email&utm_campaign=pilot-2026-09-25-b2&utm_content=touch_3"
"Building Blocks Behavioral Health Network","Amber Arellano","Amber","amber.arellano@buildingblockscarefl.org","Clearwater","FL","1","pilot-2026-09-25-b2","Quick question about Building Blocks Behavioral Health Network's openings in FL","Hi Amber,

I was looking at independent ABA practices in Clearwater and came across Building Blocks Behavioral Health Network. 

A lot of clinic owners we talk to with 1–3 locations tell us their biggest bottleneck isn't clinical interest—it's getting predictable commercial-insurance & private-pay inquiries without giving up margins to PE aggregators.

We built an intake & patient growth system specifically for independent practices at Building Blocks Behavioral Health Network. You can see how the intake flow and caseload matching work here:

{{TRACKED_URL_TOUCH_1}}

Do you have 15 minutes this Thursday or Friday to see if this fits your current openings?

Best,
Hudson Argollo
Gold Traffic / ABA Practice Growth","https://abaclinics.clubemkt.digital/aba?lid={{LEAD_ID}}&utm_source=cold_email&utm_medium=email&utm_campaign=pilot-2026-09-25-b2&utm_content=touch_1","Re: Building Blocks Behavioral Health Network's openings in FL","Hi Amber,

Quick follow-up on my note from earlier this week.

When clinics expand or try to hire new BCBAs, keeping the waitlist warm and converting families at the exact moment a slot opens is usually what keeps rooms full.

We put together a 20-minute discovery breakdown for independent practices:
{{TRACKED_URL_TOUCH_2}}

Would love to share what's working for clinics in FL if you're open to it.

Best,
Hudson","https://abaclinics.clubemkt.digital/aba?lid={{LEAD_ID}}&utm_source=cold_email&utm_medium=email&utm_campaign=pilot-2026-09-25-b2&utm_content=touch_2","Filling Building Blocks Behavioral Health Network's caseload (FL)","Hi Amber,

I know you're busy running Building Blocks Behavioral Health Network. 

If patient intake or waitlist conversion isn't a priority right now, no worries at all. If you ever want to check our 2-minute fit assessment or look at the numbers, you can bookmark this link:

{{TRACKED_URL_TOUCH_3}}

Wishing you and the team continued success in Clearwater!

Best,
Hudson","https://abaclinics.clubemkt.digital/aba?lid={{LEAD_ID}}&utm_source=cold_email&utm_medium=email&utm_campaign=pilot-2026-09-25-b2&utm_content=touch_3"
"Calm Autism Group","Amy Armenta","Amy","aarmenta@calmabaca.com","Chula Vista","CA","2","pilot-2026-09-25-b2","Quick question about Calm Autism Group's openings in CA","Hi Amy,

I was looking at independent ABA practices in Chula Vista and came across Calm Autism Group. 

A lot of clinic owners we talk to with 1–3 locations tell us their biggest bottleneck isn't clinical interest—it's getting predictable commercial-insurance & private-pay inquiries without giving up margins to PE aggregators.

We built an intake & patient growth system specifically for independent practices across your 2 locations. You can see how the intake flow and caseload matching work here:

{{TRACKED_URL_TOUCH_1}}

Do you have 15 minutes this Thursday or Friday to see if this fits your current openings?

Best,
Hudson Argollo
Gold Traffic / ABA Practice Growth","https://abaclinics.clubemkt.digital/aba?lid={{LEAD_ID}}&utm_source=cold_email&utm_medium=email&utm_campaign=pilot-2026-09-25-b2&utm_content=touch_1","Re: Calm Autism Group's openings in CA","Hi Amy,

Quick follow-up on my note from earlier this week.

When clinics expand or try to hire new BCBAs, keeping the waitlist warm and converting families at the exact moment a slot opens is usually what keeps rooms full.

We put together a 20-minute discovery breakdown for independent practices:
{{TRACKED_URL_TOUCH_2}}

Would love to share what's working for clinics in CA if you're open to it.

Best,
Hudson","https://abaclinics.clubemkt.digital/aba?lid={{LEAD_ID}}&utm_source=cold_email&utm_medium=email&utm_campaign=pilot-2026-09-25-b2&utm_content=touch_2","Filling Calm Autism Group's caseload (CA)","Hi Amy,

I know you're busy running Calm Autism Group. 

If patient intake or waitlist conversion isn't a priority right now, no worries at all. If you ever want to check our 2-minute fit assessment or look at the numbers, you can bookmark this link:

{{TRACKED_URL_TOUCH_3}}

Wishing you and the team continued success in Chula Vista!

Best,
Hudson","https://abaclinics.clubemkt.digital/aba?lid={{LEAD_ID}}&utm_source=cold_email&utm_medium=email&utm_campaign=pilot-2026-09-25-b2&utm_content=touch_3"
"Canyon Applied Behavior Specialists","Andrea Armstrong","Andrea","andrea.armstrong@canyonautismnc.net","Winston-Salem","NC","3","pilot-2026-09-25-b2","Quick question about Canyon Applied Behavior Specialists's openings in NC","Hi Andrea,

I was looking at independent ABA practices in Winston-Salem and came across Canyon Applied Behavior Specialists. 

A lot of clinic owners we talk to with 1–3 locations tell us their biggest bottleneck isn't clinical interest—it's getting predictable commercial-insurance & private-pay inquiries without giving up margins to PE aggregators.

We built an intake & patient growth system specifically for independent practices across your 3 locations. You can see how the intake flow and caseload matching work here:

{{TRACKED_URL_TOUCH_1}}

Do you have 15 minutes this Thursday or Friday to see if this fits your current openings?

Best,
Hudson Argollo
Gold Traffic / ABA Practice Growth","https://abaclinics.clubemkt.digital/aba?lid={{LEAD_ID}}&utm_source=cold_email&utm_medium=email&utm_campaign=pilot-2026-09-25-b2&utm_content=touch_1","Re: Canyon Applied Behavior Specialists's openings in NC","Hi Andrea,

Quick follow-up on my note from earlier this week.

When clinics expand or try to hire new BCBAs, keeping the waitlist warm and converting families at the exact moment a slot opens is usually what keeps rooms full.

We put together a 20-minute discovery breakdown for independent practices:
{{TRACKED_URL_TOUCH_2}}

Would love to share what's working for clinics in NC if you're open to it.

Best,
Hudson","https://abaclinics.clubemkt.digital/aba?lid={{LEAD_ID}}&utm_source=cold_email&utm_medium=email&utm_campaign=pilot-2026-09-25-b2&utm_content=touch_2","Filling Canyon Applied Behavior Specialists's caseload (NC)","Hi Andrea,

I know you're busy running Canyon Applied Behavior Specialists. 

If patient intake or waitlist conversion isn't a priority right now, no worries at all. If you ever want to check our 2-minute fit assessment or look at the numbers, you can bookmark this link:

{{TRACKED_URL_TOUCH_3}}

Wishing you and the team continued success in Winston-Salem!

Best,
Hudson","https://abaclinics.clubemkt.digital/aba?lid={{LEAD_ID}}&utm_source=cold_email&utm_medium=email&utm_campaign=pilot-2026-09-25-b2&utm_content=touch_3"
"Capital Therapy Partners","Andrew Arndt","Andrew","aarndt@capitalcarega.com","Sandy Springs","GA","4","pilot-2026-09-25-b2","Quick question about Capital Therapy Partners's openings in GA","Hi Andrew,

I was looking at independent ABA practices in Sandy Springs and came across Capital Therapy Partners. 

A lot of clinic owners we talk to with 1–4 locations tell us their biggest bottleneck isn't clinical interest—it's getting predictable commercial-insurance & private-pay inquiries without giving up margins to PE aggregators.

We built an intake & patient growth system specifically for independent practices across your 4 locations. You can see how the intake flow and caseload matching work here:

{{TRACKED_URL_TOUCH_1}}

Do you have 15 minutes this Thursday or Friday to see if this fits your current openings?

Best,
Hudson Argollo
Gold Traffic / ABA Practice Growth","https://abaclinics.clubemkt.digital/aba?lid={{LEAD_ID}}&utm_source=cold_email&utm_medium=email&utm_campaign=pilot-2026-09-25-b2&utm_content=touch_1","Re: Capital Therapy Partners's openings in GA","Hi Andrew,

Quick follow-up on my note from earlier this week.

When clinics expand or try to hire new BCBAs, keeping the waitlist warm and converting families at the exact moment a slot opens is usually what keeps rooms full.

We put together a 20-minute discovery breakdown for independent practices:
{{TRACKED_URL_TOUCH_2}}

Would love to share what's working for clinics in GA if you're open to it.

Best,
Hudson","https://abaclinics.clubemkt.digital/aba?lid={{LEAD_ID}}&utm_source=cold_email&utm_medium=email&utm_campaign=pilot-2026-09-25-b2&utm_content=touch_2","Filling Capital Therapy Partners's caseload (GA)","Hi Andrew,

I know you're busy running Capital Therapy Partners. 

If patient intake or waitlist conversion isn't a priority right now, no worries at all. If you ever want to check our 2-minute fit assessment or look at the numbers, you can bookmark this link:

{{TRACKED_URL_TOUCH_3}}

Wishing you and the team continued success in Sandy Springs!

Best,
Hudson","https://abaclinics.clubemkt.digital/aba?lid={{LEAD_ID}}&utm_source=cold_email&utm_medium=email&utm_campaign=pilot-2026-09-25-b2&utm_content=touch_3"
"CarePoint Pediatric Autism Services","Angela Arnold","Angela","angela.arnold@carepointabaco.org","Denver","CO","1","pilot-2026-09-25-b2","Quick question about CarePoint Pediatric Autism Services's openings in CO","Hi Angela,

I was looking at independent ABA practices in Denver and came across CarePoint Pediatric Autism Services. 

A lot of clinic owners we talk to with 1–3 locations tell us their biggest bottleneck isn't clinical interest—it's getting predictable commercial-insurance & private-pay inquiries without giving up margins to PE aggregators.

We built an intake & patient growth system specifically for independent practices at CarePoint Pediatric Autism Services. You can see how the intake flow and caseload matching work here:

{{TRACKED_URL_TOUCH_1}}

Do you have 15 minutes this Thursday or Friday to see if this fits your current openings?

Best,
Hudson Argollo
Gold Traffic / ABA Practice Growth","https://abaclinics.clubemkt.digital/aba?lid={{LEAD_ID}}&utm_source=cold_email&utm_medium=email&utm_campaign=pilot-2026-09-25-b2&utm_content=touch_1","Re: CarePoint Pediatric Autism Services's openings in CO","Hi Angela,

Quick follow-up on my note from earlier this week.

When clinics expand or try to hire new BCBAs, keeping the waitlist warm and converting families at the exact moment a slot opens is usually what keeps rooms full.

We put together a 20-minute discovery breakdown for independent practices:
{{TRACKED_URL_TOUCH_2}}

Would love to share what's working for clinics in CO if you're open to it.

Best,
Hudson","https://abaclinics.clubemkt.digital/aba?lid={{LEAD_ID}}&utm_source=cold_email&utm_medium=email&utm_campaign=pilot-2026-09-25-b2&utm_content=touch_2","Filling CarePoint Pediatric Autism Services's caseload (CO)","Hi Angela,

I know you're busy running CarePoint Pediatric Autism Services. 

If patient intake or waitlist conversion isn't a priority right now, no worries at all. If you ever want to check our 2-minute fit assessment or look at the numbers, you can bookmark this link:

{{TRACKED_URL_TOUCH_3}}

Wishing you and the team continued success in Denver!

Best,
Hudson","https://abaclinics.clubemkt.digital/aba?lid={{LEAD_ID}}&utm_source=cold_email&utm_medium=email&utm_campaign=pilot-2026-09-25-b2&utm_content=touch_3"
"Cascade Behavioral Care Center","Ann Arredondo","Ann","aarredondo@cascadeautismva.com","Virginia Beach","VA","2","pilot-2026-09-25-b2","Quick question about Cascade Behavioral Care Center's openings in VA","Hi Ann,

I was looking at independent ABA practices in Virginia Beach and came across Cascade Behavioral Care Center. 

A lot of clinic owners we talk to with 1–3 locations tell us their biggest bottleneck isn't clinical interest—it's getting predictable commercial-insurance & private-pay inquiries without giving up margins to PE aggregators.

We built an intake & patient growth system specifically for independent practices across your 2 locations. You can see how the intake flow and caseload matching work here:

{{TRACKED_URL_TOUCH_1}}

Do you have 15 minutes this Thursday or Friday to see if this fits your current openings?

Best,
Hudson Argollo
Gold Traffic / ABA Practice Growth","https://abaclinics.clubemkt.digital/aba?lid={{LEAD_ID}}&utm_source=cold_email&utm_medium=email&utm_campaign=pilot-2026-09-25-b2&utm_content=touch_1","Re: Cascade Behavioral Care Center's openings in VA","Hi Ann,

Quick follow-up on my note from earlier this week.

When clinics expand or try to hire new BCBAs, keeping the waitlist warm and converting families at the exact moment a slot opens is usually what keeps rooms full.

We put together a 20-minute discovery breakdown for independent practices:
{{TRACKED_URL_TOUCH_2}}

Would love to share what's working for clinics in VA if you're open to it.

Best,
Hudson","https://abaclinics.clubemkt.digital/aba?lid={{LEAD_ID}}&utm_source=cold_email&utm_medium=email&utm_campaign=pilot-2026-09-25-b2&utm_content=touch_2","Filling Cascade Behavioral Care Center's caseload (VA)","Hi Ann,

I know you're busy running Cascade Behavioral Care Center. 

If patient intake or waitlist conversion isn't a priority right now, no worries at all. If you ever want to check our 2-minute fit assessment or look at the numbers, you can bookmark this link:

{{TRACKED_URL_TOUCH_3}}

Wishing you and the team continued success in Virginia Beach!

Best,
Hudson","https://abaclinics.clubemkt.digital/aba?lid={{LEAD_ID}}&utm_source=cold_email&utm_medium=email&utm_campaign=pilot-2026-09-25-b2&utm_content=touch_3"
"Cedar Autism & Learning Institute","Anna Arroyo","Anna","anna.arroyo@cedarcaremd.com","Bethesda","MD","3","pilot-2026-09-25-b2","Quick question about Cedar Autism & Learning Institute's openings in MD","Hi Anna,

I was looking at independent ABA practices in Bethesda and came across Cedar Autism & Learning Institute. 

A lot of clinic owners we talk to with 1–3 locations tell us their biggest bottleneck isn't clinical interest—it's getting predictable commercial-insurance & private-pay inquiries without giving up margins to PE aggregators.

We built an intake & patient growth system specifically for independent practices across your 3 locations. You can see how the intake flow and caseload matching work here:

{{TRACKED_URL_TOUCH_1}}

Do you have 15 minutes this Thursday or Friday to see if this fits your current openings?

Best,
Hudson Argollo
Gold Traffic / ABA Practice Growth","https://abaclinics.clubemkt.digital/aba?lid={{LEAD_ID}}&utm_source=cold_email&utm_medium=email&utm_campaign=pilot-2026-09-25-b2&utm_content=touch_1","Re: Cedar Autism & Learning Institute's openings in MD","Hi Anna,

Quick follow-up on my note from earlier this week.

When clinics expand or try to hire new BCBAs, keeping the waitlist warm and converting families at the exact moment a slot opens is usually what keeps rooms full.

We put together a 20-minute discovery breakdown for independent practices:
{{TRACKED_URL_TOUCH_2}}

Would love to share what's working for clinics in MD if you're open to it.

Best,
Hudson","https://abaclinics.clubemkt.digital/aba?lid={{LEAD_ID}}&utm_source=cold_email&utm_medium=email&utm_campaign=pilot-2026-09-25-b2&utm_content=touch_2","Filling Cedar Autism & Learning Institute's caseload (MD)","Hi Anna,

I know you're busy running Cedar Autism & Learning Institute. 

If patient intake or waitlist conversion isn't a priority right now, no worries at all. If you ever want to check our 2-minute fit assessment or look at the numbers, you can bookmark this link:

{{TRACKED_URL_TOUCH_3}}

Wishing you and the team continued success in Bethesda!

Best,
Hudson","https://abaclinics.clubemkt.digital/aba?lid={{LEAD_ID}}&utm_source=cold_email&utm_medium=email&utm_campaign=pilot-2026-09-25-b2&utm_content=touch_3"
"Celestial Developmental Solutions","Anthony Arthur","Anthony","aarthur@celestialabail.com","Evanston","IL","4","pilot-2026-09-25-b2","Quick question about Celestial Developmental Solutions's openings in IL","Hi Anthony,

I was looking at independent ABA practices in Evanston and came across Celestial Developmental Solutions. 

A lot of clinic owners we talk to with 1–4 locations tell us their biggest bottleneck isn't clinical interest—it's getting predictable commercial-insurance & private-pay inquiries without giving up margins to PE aggregators.

We built an intake & patient growth system specifically for independent practices across your 4 locations. You can see how the intake flow and caseload matching work here:

{{TRACKED_URL_TOUCH_1}}

Do you have 15 minutes this Thursday or Friday to see if this fits your current openings?

Best,
Hudson Argollo
Gold Traffic / ABA Practice Growth","https://abaclinics.clubemkt.digital/aba?lid={{LEAD_ID}}&utm_source=cold_email&utm_medium=email&utm_campaign=pilot-2026-09-25-b2&utm_content=touch_1","Re: Celestial Developmental Solutions's openings in IL","Hi Anthony,

Quick follow-up on my note from earlier this week.

When clinics expand or try to hire new BCBAs, keeping the waitlist warm and converting families at the exact moment a slot opens is usually what keeps rooms full.

We put together a 20-minute discovery breakdown for independent practices:
{{TRACKED_URL_TOUCH_2}}

Would love to share what's working for clinics in IL if you're open to it.

Best,
Hudson","https://abaclinics.clubemkt.digital/aba?lid={{LEAD_ID}}&utm_source=cold_email&utm_medium=email&utm_campaign=pilot-2026-09-25-b2&utm_content=touch_2","Filling Celestial Developmental Solutions's caseload (IL)","Hi Anthony,

I know you're busy running Celestial Developmental Solutions. 

If patient intake or waitlist conversion isn't a priority right now, no worries at all. If you ever want to check our 2-minute fit assessment or look at the numbers, you can bookmark this link:

{{TRACKED_URL_TOUCH_3}}

Wishing you and the team continued success in Evanston!

Best,
Hudson","https://abaclinics.clubemkt.digital/aba?lid={{LEAD_ID}}&utm_source=cold_email&utm_medium=email&utm_campaign=pilot-2026-09-25-b2&utm_content=touch_3"
"Centennial Behavioral Therapy Center","Antonio Asher","Antonio","antonio.asher@centennialautismut.org","Sandy","UT","1","pilot-2026-09-25-b2","Quick question about Centennial Behavioral Therapy Center's openings in UT","Hi Antonio,

I was looking at independent ABA practices in Sandy and came across Centennial Behavioral Therapy Center. 

A lot of clinic owners we talk to with 1–3 locations tell us their biggest bottleneck isn't clinical interest—it's getting predictable commercial-insurance & private-pay inquiries without giving up margins to PE aggregators.

We built an intake & patient growth system specifically for independent practices at Centennial Behavioral Therapy Center. You can see how the intake flow and caseload matching work here:

{{TRACKED_URL_TOUCH_1}}

Do you have 15 minutes this Thursday or Friday to see if this fits your current openings?

Best,
Hudson Argollo
Gold Traffic / ABA Practice Growth","https://abaclinics.clubemkt.digital/aba?lid={{LEAD_ID}}&utm_source=cold_email&utm_medium=email&utm_campaign=pilot-2026-09-25-b2&utm_content=touch_1","Re: Centennial Behavioral Therapy Center's openings in UT","Hi Antonio,

Quick follow-up on my note from earlier this week.

When clinics expand or try to hire new BCBAs, keeping the waitlist warm and converting families at the exact moment a slot opens is usually what keeps rooms full.

We put together a 20-minute discovery breakdown for independent practices:
{{TRACKED_URL_TOUCH_2}}

Would love to share what's working for clinics in UT if you're open to it.

Best,
Hudson","https://abaclinics.clubemkt.digital/aba?lid={{LEAD_ID}}&utm_source=cold_email&utm_medium=email&utm_campaign=pilot-2026-09-25-b2&utm_content=touch_2","Filling Centennial Behavioral Therapy Center's caseload (UT)","Hi Antonio,

I know you're busy running Centennial Behavioral Therapy Center. 

If patient intake or waitlist conversion isn't a priority right now, no worries at all. If you ever want to check our 2-minute fit assessment or look at the numbers, you can bookmark this link:

{{TRACKED_URL_TOUCH_3}}

Wishing you and the team continued success in Sandy!

Best,
Hudson","https://abaclinics.clubemkt.digital/aba?lid={{LEAD_ID}}&utm_source=cold_email&utm_medium=email&utm_campaign=pilot-2026-09-25-b2&utm_content=touch_3"
"CenterPoint Autism Discovery Center","Arthur Ashley","Arthur","aashley@centerpointcarenj.net","Passaic","NJ","2","pilot-2026-09-25-b2","Quick question about CenterPoint Autism Discovery Center's openings in NJ","Hi Arthur,

I was looking at independent ABA practices in Passaic and came across CenterPoint Autism Discovery Center. 

A lot of clinic owners we talk to with 1–3 locations tell us their biggest bottleneck isn't clinical interest—it's getting predictable commercial-insurance & private-pay inquiries without giving up margins to PE aggregators.

We built an intake & patient growth system specifically for independent practices across your 2 locations. You can see how the intake flow and caseload matching work here:

{{TRACKED_URL_TOUCH_1}}

Do you have 15 minutes this Thursday or Friday to see if this fits your current openings?

Best,
Hudson Argollo
Gold Traffic / ABA Practice Growth","https://abaclinics.clubemkt.digital/aba?lid={{LEAD_ID}}&utm_source=cold_email&utm_medium=email&utm_campaign=pilot-2026-09-25-b2&utm_content=touch_1","Re: CenterPoint Autism Discovery Center's openings in NJ","Hi Arthur,

Quick follow-up on my note from earlier this week.

When clinics expand or try to hire new BCBAs, keeping the waitlist warm and converting families at the exact moment a slot opens is usually what keeps rooms full.

We put together a 20-minute discovery breakdown for independent practices:
{{TRACKED_URL_TOUCH_2}}

Would love to share what's working for clinics in NJ if you're open to it.

Best,
Hudson","https://abaclinics.clubemkt.digital/aba?lid={{LEAD_ID}}&utm_source=cold_email&utm_medium=email&utm_campaign=pilot-2026-09-25-b2&utm_content=touch_2","Filling CenterPoint Autism Discovery Center's caseload (NJ)","Hi Arthur,

I know you're busy running CenterPoint Autism Discovery Center. 

If patient intake or waitlist conversion isn't a priority right now, no worries at all. If you ever want to check our 2-minute fit assessment or look at the numbers, you can bookmark this link:

{{TRACKED_URL_TOUCH_3}}

Wishing you and the team continued success in Passaic!

Best,
Hudson","https://abaclinics.clubemkt.digital/aba?lid={{LEAD_ID}}&utm_source=cold_email&utm_medium=email&utm_campaign=pilot-2026-09-25-b2&utm_content=touch_3"
"Champion Behavioral Foundations","Ashley Ashton","Ashley","ashley.ashton@championabatx.com","Houston","TX","3","pilot-2026-09-25-b2","Quick question about Champion Behavioral Foundations's openings in TX","Hi Ashley,

I was looking at independent ABA practices in Houston and came across Champion Behavioral Foundations. 

A lot of clinic owners we talk to with 1–3 locations tell us their biggest bottleneck isn't clinical interest—it's getting predictable commercial-insurance & private-pay inquiries without giving up margins to PE aggregators.

We built an intake & patient growth system specifically for independent practices across your 3 locations. You can see how the intake flow and caseload matching work here:

{{TRACKED_URL_TOUCH_1}}

Do you have 15 minutes this Thursday or Friday to see if this fits your current openings?

Best,
Hudson Argollo
Gold Traffic / ABA Practice Growth","https://abaclinics.clubemkt.digital/aba?lid={{LEAD_ID}}&utm_source=cold_email&utm_medium=email&utm_campaign=pilot-2026-09-25-b2&utm_content=touch_1","Re: Champion Behavioral Foundations's openings in TX","Hi Ashley,

Quick follow-up on my note from earlier this week.

When clinics expand or try to hire new BCBAs, keeping the waitlist warm and converting families at the exact moment a slot opens is usually what keeps rooms full.

We put together a 20-minute discovery breakdown for independent practices:
{{TRACKED_URL_TOUCH_2}}

Would love to share what's working for clinics in TX if you're open to it.

Best,
Hudson","https://abaclinics.clubemkt.digital/aba?lid={{LEAD_ID}}&utm_source=cold_email&utm_medium=email&utm_campaign=pilot-2026-09-25-b2&utm_content=touch_2","Filling Champion Behavioral Foundations's caseload (TX)","Hi Ashley,

I know you're busy running Champion Behavioral Foundations. 

If patient intake or waitlist conversion isn't a priority right now, no worries at all. If you ever want to check our 2-minute fit assessment or look at the numbers, you can bookmark this link:

{{TRACKED_URL_TOUCH_3}}

Wishing you and the team continued success in Houston!

Best,
Hudson","https://abaclinics.clubemkt.digital/aba?lid={{LEAD_ID}}&utm_source=cold_email&utm_medium=email&utm_campaign=pilot-2026-09-25-b2&utm_content=touch_3"
"Channel Therapeutic Solutions","Audrey Atkins","Audrey","aatkins@channelautismfl.com","Jacksonville","FL","4","pilot-2026-09-25-b2","Quick question about Channel Therapeutic Solutions's openings in FL","Hi Audrey,

I was looking at independent ABA practices in Jacksonville and came across Channel Therapeutic Solutions. 

A lot of clinic owners we talk to with 1–4 locations tell us their biggest bottleneck isn't clinical interest—it's getting predictable commercial-insurance & private-pay inquiries without giving up margins to PE aggregators.

We built an intake & patient growth system specifically for independent practices across your 4 locations. You can see how the intake flow and caseload matching work here:

{{TRACKED_URL_TOUCH_1}}

Do you have 15 minutes this Thursday or Friday to see if this fits your current openings?

Best,
Hudson Argollo
Gold Traffic / ABA Practice Growth","https://abaclinics.clubemkt.digital/aba?lid={{LEAD_ID}}&utm_source=cold_email&utm_medium=email&utm_campaign=pilot-2026-09-25-b2&utm_content=touch_1","Re: Channel Therapeutic Solutions's openings in FL","Hi Audrey,

Quick follow-up on my note from earlier this week.

When clinics expand or try to hire new BCBAs, keeping the waitlist warm and converting families at the exact moment a slot opens is usually what keeps rooms full.

We put together a 20-minute discovery breakdown for independent practices:
{{TRACKED_URL_TOUCH_2}}

Would love to share what's working for clinics in FL if you're open to it.

Best,
Hudson","https://abaclinics.clubemkt.digital/aba?lid={{LEAD_ID}}&utm_source=cold_email&utm_medium=email&utm_campaign=pilot-2026-09-25-b2&utm_content=touch_2","Filling Channel Therapeutic Solutions's caseload (FL)","Hi Audrey,

I know you're busy running Channel Therapeutic Solutions. 

If patient intake or waitlist conversion isn't a priority right now, no worries at all. If you ever want to check our 2-minute fit assessment or look at the numbers, you can bookmark this link:

{{TRACKED_URL_TOUCH_3}}

Wishing you and the team continued success in Jacksonville!

Best,
Hudson","https://abaclinics.clubemkt.digital/aba?lid={{LEAD_ID}}&utm_source=cold_email&utm_medium=email&utm_campaign=pilot-2026-09-25-b2&utm_content=touch_3"
"Circle ABA Collective","Austin Atkinson","Austin","austin.atkinson@circlecareca.org","Irvine","CA","1","pilot-2026-09-25-b2","Quick question about Circle ABA Collective's openings in CA","Hi Austin,

I was looking at independent ABA practices in Irvine and came across Circle ABA Collective. 

A lot of clinic owners we talk to with 1–3 locations tell us their biggest bottleneck isn't clinical interest—it's getting predictable commercial-insurance & private-pay inquiries without giving up margins to PE aggregators.

We built an intake & patient growth system specifically for independent practices at Circle ABA Collective. You can see how the intake flow and caseload matching work here:

{{TRACKED_URL_TOUCH_1}}

Do you have 15 minutes this Thursday or Friday to see if this fits your current openings?

Best,
Hudson Argollo
Gold Traffic / ABA Practice Growth","https://abaclinics.clubemkt.digital/aba?lid={{LEAD_ID}}&utm_source=cold_email&utm_medium=email&utm_campaign=pilot-2026-09-25-b2&utm_content=touch_1","Re: Circle ABA Collective's openings in CA","Hi Austin,

Quick follow-up on my note from earlier this week.

When clinics expand or try to hire new BCBAs, keeping the waitlist warm and converting families at the exact moment a slot opens is usually what keeps rooms full.

We put together a 20-minute discovery breakdown for independent practices:
{{TRACKED_URL_TOUCH_2}}

Would love to share what's working for clinics in CA if you're open to it.

Best,
Hudson","https://abaclinics.clubemkt.digital/aba?lid={{LEAD_ID}}&utm_source=cold_email&utm_medium=email&utm_campaign=pilot-2026-09-25-b2&utm_content=touch_2","Filling Circle ABA Collective's caseload (CA)","Hi Austin,

I know you're busy running Circle ABA Collective. 

If patient intake or waitlist conversion isn't a priority right now, no worries at all. If you ever want to check our 2-minute fit assessment or look at the numbers, you can bookmark this link:

{{TRACKED_URL_TOUCH_3}}

Wishing you and the team continued success in Irvine!

Best,
Hudson","https://abaclinics.clubemkt.digital/aba?lid={{LEAD_ID}}&utm_source=cold_email&utm_medium=email&utm_campaign=pilot-2026-09-25-b2&utm_content=touch_3"
"Climb Autism Clinic","Autumn Augustine","Autumn","aaugustine@climbabanc.com","Charlotte","NC","2","pilot-2026-09-25-b2","Quick question about Climb Autism Clinic's openings in NC","Hi Autumn,

I was looking at independent ABA practices in Charlotte and came across Climb Autism Clinic. 

A lot of clinic owners we talk to with 1–3 locations tell us their biggest bottleneck isn't clinical interest—it's getting predictable commercial-insurance & private-pay inquiries without giving up margins to PE aggregators.

We built an intake & patient growth system specifically for independent practices across your 2 locations. You can see how the intake flow and caseload matching work here:

{{TRACKED_URL_TOUCH_1}}

Do you have 15 minutes this Thursday or Friday to see if this fits your current openings?

Best,
Hudson Argollo
Gold Traffic / ABA Practice Growth","https://abaclinics.clubemkt.digital/aba?lid={{LEAD_ID}}&utm_source=cold_email&utm_medium=email&utm_campaign=pilot-2026-09-25-b2&utm_content=touch_1","Re: Climb Autism Clinic's openings in NC","Hi Autumn,

Quick follow-up on my note from earlier this week.

When clinics expand or try to hire new BCBAs, keeping the waitlist warm and converting families at the exact moment a slot opens is usually what keeps rooms full.

We put together a 20-minute discovery breakdown for independent practices:
{{TRACKED_URL_TOUCH_2}}

Would love to share what's working for clinics in NC if you're open to it.

Best,
Hudson","https://abaclinics.clubemkt.digital/aba?lid={{LEAD_ID}}&utm_source=cold_email&utm_medium=email&utm_campaign=pilot-2026-09-25-b2&utm_content=touch_2","Filling Climb Autism Clinic's caseload (NC)","Hi Autumn,

I know you're busy running Climb Autism Clinic. 

If patient intake or waitlist conversion isn't a priority right now, no worries at all. If you ever want to check our 2-minute fit assessment or look at the numbers, you can bookmark this link:

{{TRACKED_URL_TOUCH_3}}

Wishing you and the team continued success in Charlotte!

Best,
Hudson","https://abaclinics.clubemkt.digital/aba?lid={{LEAD_ID}}&utm_source=cold_email&utm_medium=email&utm_campaign=pilot-2026-09-25-b2&utm_content=touch_3"
"Clover ABA Center","Ava Austin","Ava","ava.austin@cloverautismga.com","Augusta","GA","3","pilot-2026-09-25-b2","Quick question about Clover ABA Center's openings in GA","Hi Ava,

I was looking at independent ABA practices in Augusta and came across Clover ABA Center. 

A lot of clinic owners we talk to with 1–3 locations tell us their biggest bottleneck isn't clinical interest—it's getting predictable commercial-insurance & private-pay inquiries without giving up margins to PE aggregators.

We built an intake & patient growth system specifically for independent practices across your 3 locations. You can see how the intake flow and caseload matching work here:

{{TRACKED_URL_TOUCH_1}}

Do you have 15 minutes this Thursday or Friday to see if this fits your current openings?

Best,
Hudson Argollo
Gold Traffic / ABA Practice Growth","https://abaclinics.clubemkt.digital/aba?lid={{LEAD_ID}}&utm_source=cold_email&utm_medium=email&utm_campaign=pilot-2026-09-25-b2&utm_content=touch_1","Re: Clover ABA Center's openings in GA","Hi Ava,

Quick follow-up on my note from earlier this week.

When clinics expand or try to hire new BCBAs, keeping the waitlist warm and converting families at the exact moment a slot opens is usually what keeps rooms full.

We put together a 20-minute discovery breakdown for independent practices:
{{TRACKED_URL_TOUCH_2}}

Would love to share what's working for clinics in GA if you're open to it.

Best,
Hudson","https://abaclinics.clubemkt.digital/aba?lid={{LEAD_ID}}&utm_source=cold_email&utm_medium=email&utm_campaign=pilot-2026-09-25-b2&utm_content=touch_2","Filling Clover ABA Center's caseload (GA)","Hi Ava,

I know you're busy running Clover ABA Center. 

If patient intake or waitlist conversion isn't a priority right now, no worries at all. If you ever want to check our 2-minute fit assessment or look at the numbers, you can bookmark this link:

{{TRACKED_URL_TOUCH_3}}

Wishing you and the team continued success in Augusta!

Best,
Hudson","https://abaclinics.clubemkt.digital/aba?lid={{LEAD_ID}}&utm_source=cold_email&utm_medium=email&utm_campaign=pilot-2026-09-25-b2&utm_content=touch_3"
"Coastal Behavioral Health Network","Avery Avalos","Avery","aavalos@coastalcareco.com","Longmont","CO","4","pilot-2026-09-25-b2","Quick question about Coastal Behavioral Health Network's openings in CO","Hi Avery,

I was looking at independent ABA practices in Longmont and came across Coastal Behavioral Health Network. 

A lot of clinic owners we talk to with 1–4 locations tell us their biggest bottleneck isn't clinical interest—it's getting predictable commercial-insurance & private-pay inquiries without giving up margins to PE aggregators.

We built an intake & patient growth system specifically for independent practices across your 4 locations. You can see how the intake flow and caseload matching work here:

{{TRACKED_URL_TOUCH_1}}

Do you have 15 minutes this Thursday or Friday to see if this fits your current openings?

Best,
Hudson Argollo
Gold Traffic / ABA Practice Growth","https://abaclinics.clubemkt.digital/aba?lid={{LEAD_ID}}&utm_source=cold_email&utm_medium=email&utm_campaign=pilot-2026-09-25-b2&utm_content=touch_1","Re: Coastal Behavioral Health Network's openings in CO","Hi Avery,

Quick follow-up on my note from earlier this week.

When clinics expand or try to hire new BCBAs, keeping the waitlist warm and converting families at the exact moment a slot opens is usually what keeps rooms full.

We put together a 20-minute discovery breakdown for independent practices:
{{TRACKED_URL_TOUCH_2}}

Would love to share what's working for clinics in CO if you're open to it.

Best,
Hudson","https://abaclinics.clubemkt.digital/aba?lid={{LEAD_ID}}&utm_source=cold_email&utm_medium=email&utm_campaign=pilot-2026-09-25-b2&utm_content=touch_2","Filling Coastal Behavioral Health Network's caseload (CO)","Hi Avery,

I know you're busy running Coastal Behavioral Health Network. 

If patient intake or waitlist conversion isn't a priority right now, no worries at all. If you ever want to check our 2-minute fit assessment or look at the numbers, you can bookmark this link:

{{TRACKED_URL_TOUCH_3}}

Wishing you and the team continued success in Longmont!

Best,
Hudson","https://abaclinics.clubemkt.digital/aba?lid={{LEAD_ID}}&utm_source=cold_email&utm_medium=email&utm_campaign=pilot-2026-09-25-b2&utm_content=touch_3"
"Cognitive Autism Group","Bailey Avery","Bailey","bailey.avery@cognitiveabava.org","Charlottesville","VA","1","pilot-2026-09-25-b2","Quick question about Cognitive Autism Group's openings in VA","Hi Bailey,

I was looking at independent ABA practices in Charlottesville and came across Cognitive Autism Group. 

A lot of clinic owners we talk to with 1–3 locations tell us their biggest bottleneck isn't clinical interest—it's getting predictable commercial-insurance & private-pay inquiries without giving up margins to PE aggregators.

We built an intake & patient growth system specifically for independent practices at Cognitive Autism Group. You can see how the intake flow and caseload matching work here:

{{TRACKED_URL_TOUCH_1}}

Do you have 15 minutes this Thursday or Friday to see if this fits your current openings?

Best,
Hudson Argollo
Gold Traffic / ABA Practice Growth","https://abaclinics.clubemkt.digital/aba?lid={{LEAD_ID}}&utm_source=cold_email&utm_medium=email&utm_campaign=pilot-2026-09-25-b2&utm_content=touch_1","Re: Cognitive Autism Group's openings in VA","Hi Bailey,

Quick follow-up on my note from earlier this week.

When clinics expand or try to hire new BCBAs, keeping the waitlist warm and converting families at the exact moment a slot opens is usually what keeps rooms full.

We put together a 20-minute discovery breakdown for independent practices:
{{TRACKED_URL_TOUCH_2}}

Would love to share what's working for clinics in VA if you're open to it.

Best,
Hudson","https://abaclinics.clubemkt.digital/aba?lid={{LEAD_ID}}&utm_source=cold_email&utm_medium=email&utm_campaign=pilot-2026-09-25-b2&utm_content=touch_2","Filling Cognitive Autism Group's caseload (VA)","Hi Bailey,

I know you're busy running Cognitive Autism Group. 

If patient intake or waitlist conversion isn't a priority right now, no worries at all. If you ever want to check our 2-minute fit assessment or look at the numbers, you can bookmark this link:

{{TRACKED_URL_TOUCH_3}}

Wishing you and the team continued success in Charlottesville!

Best,
Hudson","https://abaclinics.clubemkt.digital/aba?lid={{LEAD_ID}}&utm_source=cold_email&utm_medium=email&utm_campaign=pilot-2026-09-25-b2&utm_content=touch_3"
"Collab Applied Behavior Specialists","Barbara Avila","Barbara","bavila@collabautismmd.com","Baltimore","MD","2","pilot-2026-09-25-b2","Quick question about Collab Applied Behavior Specialists's openings in MD","Hi Barbara,

I was looking at independent ABA practices in Baltimore and came across Collab Applied Behavior Specialists. 

A lot of clinic owners we talk to with 1–3 locations tell us their biggest bottleneck isn't clinical interest—it's getting predictable commercial-insurance & private-pay inquiries without giving up margins to PE aggregators.

We built an intake & patient growth system specifically for independent practices across your 2 locations. You can see how the intake flow and caseload matching work here:

{{TRACKED_URL_TOUCH_1}}

Do you have 15 minutes this Thursday or Friday to see if this fits your current openings?

Best,
Hudson Argollo
Gold Traffic / ABA Practice Growth","https://abaclinics.clubemkt.digital/aba?lid={{LEAD_ID}}&utm_source=cold_email&utm_medium=email&utm_campaign=pilot-2026-09-25-b2&utm_content=touch_1","Re: Collab Applied Behavior Specialists's openings in MD","Hi Barbara,

Quick follow-up on my note from earlier this week.

When clinics expand or try to hire new BCBAs, keeping the waitlist warm and converting families at the exact moment a slot opens is usually what keeps rooms full.

We put together a 20-minute discovery breakdown for independent practices:
{{TRACKED_URL_TOUCH_2}}

Would love to share what's working for clinics in MD if you're open to it.

Best,
Hudson","https://abaclinics.clubemkt.digital/aba?lid={{LEAD_ID}}&utm_source=cold_email&utm_medium=email&utm_campaign=pilot-2026-09-25-b2&utm_content=touch_2","Filling Collab Applied Behavior Specialists's caseload (MD)","Hi Barbara,

I know you're busy running Collab Applied Behavior Specialists. 

If patient intake or waitlist conversion isn't a priority right now, no worries at all. If you ever want to check our 2-minute fit assessment or look at the numbers, you can bookmark this link:

{{TRACKED_URL_TOUCH_3}}

Wishing you and the team continued success in Baltimore!

Best,
Hudson","https://abaclinics.clubemkt.digital/aba?lid={{LEAD_ID}}&utm_source=cold_email&utm_medium=email&utm_campaign=pilot-2026-09-25-b2&utm_content=touch_3"
"Comfort Therapy Partners","Beatrice Ayala","Beatrice","beatrice.ayala@comfortcareil.com","Aurora","IL","3","pilot-2026-09-25-b2","Quick question about Comfort Therapy Partners's openings in IL","Hi Beatrice,

I was looking at independent ABA practices in Aurora and came across Comfort Therapy Partners. 

A lot of clinic owners we talk to with 1–3 locations tell us their biggest bottleneck isn't clinical interest—it's getting predictable commercial-insurance & private-pay inquiries without giving up margins to PE aggregators.

We built an intake & patient growth system specifically for independent practices across your 3 locations. You can see how the intake flow and caseload matching work here:

{{TRACKED_URL_TOUCH_1}}

Do you have 15 minutes this Thursday or Friday to see if this fits your current openings?

Best,
Hudson Argollo
Gold Traffic / ABA Practice Growth","https://abaclinics.clubemkt.digital/aba?lid={{LEAD_ID}}&utm_source=cold_email&utm_medium=email&utm_campaign=pilot-2026-09-25-b2&utm_content=touch_1","Re: Comfort Therapy Partners's openings in IL","Hi Beatrice,

Quick follow-up on my note from earlier this week.

When clinics expand or try to hire new BCBAs, keeping the waitlist warm and converting families at the exact moment a slot opens is usually what keeps rooms full.

We put together a 20-minute discovery breakdown for independent practices:
{{TRACKED_URL_TOUCH_2}}

Would love to share what's working for clinics in IL if you're open to it.

Best,
Hudson","https://abaclinics.clubemkt.digital/aba?lid={{LEAD_ID}}&utm_source=cold_email&utm_medium=email&utm_campaign=pilot-2026-09-25-b2&utm_content=touch_2","Filling Comfort Therapy Partners's caseload (IL)","Hi Beatrice,

I know you're busy running Comfort Therapy Partners. 

If patient intake or waitlist conversion isn't a priority right now, no worries at all. If you ever want to check our 2-minute fit assessment or look at the numbers, you can bookmark this link:

{{TRACKED_URL_TOUCH_3}}

Wishing you and the team continued success in Aurora!

Best,
Hudson","https://abaclinics.clubemkt.digital/aba?lid={{LEAD_ID}}&utm_source=cold_email&utm_medium=email&utm_campaign=pilot-2026-09-25-b2&utm_content=touch_3"
"Common Ground Pediatric Autism Services","Benjamin Babcock","Benjamin","bbabcock@commongroundabaut.com","West Valley City","UT","4","pilot-2026-09-25-b2","Quick question about Common Ground Pediatric Autism Services's openings in UT","Hi Benjamin,

I was looking at independent ABA practices in West Valley City and came across Common Ground Pediatric Autism Services. 

A lot of clinic owners we talk to with 1–4 locations tell us their biggest bottleneck isn't clinical interest—it's getting predictable commercial-insurance & private-pay inquiries without giving up margins to PE aggregators.

We built an intake & patient growth system specifically for independent practices across your 4 locations. You can see how the intake flow and caseload matching work here:

{{TRACKED_URL_TOUCH_1}}

Do you have 15 minutes this Thursday or Friday to see if this fits your current openings?

Best,
Hudson Argollo
Gold Traffic / ABA Practice Growth","https://abaclinics.clubemkt.digital/aba?lid={{LEAD_ID}}&utm_source=cold_email&utm_medium=email&utm_campaign=pilot-2026-09-25-b2&utm_content=touch_1","Re: Common Ground Pediatric Autism Services's openings in UT","Hi Benjamin,

Quick follow-up on my note from earlier this week.

When clinics expand or try to hire new BCBAs, keeping the waitlist warm and converting families at the exact moment a slot opens is usually what keeps rooms full.

We put together a 20-minute discovery breakdown for independent practices:
{{TRACKED_URL_TOUCH_2}}

Would love to share what's working for clinics in UT if you're open to it.

Best,
Hudson","https://abaclinics.clubemkt.digital/aba?lid={{LEAD_ID}}&utm_source=cold_email&utm_medium=email&utm_campaign=pilot-2026-09-25-b2&utm_content=touch_2","Filling Common Ground Pediatric Autism Services's caseload (UT)","Hi Benjamin,

I know you're busy running Common Ground Pediatric Autism Services. 

If patient intake or waitlist conversion isn't a priority right now, no worries at all. If you ever want to check our 2-minute fit assessment or look at the numbers, you can bookmark this link:

{{TRACKED_URL_TOUCH_3}}

Wishing you and the team continued success in West Valley City!

Best,
Hudson","https://abaclinics.clubemkt.digital/aba?lid={{LEAD_ID}}&utm_source=cold_email&utm_medium=email&utm_campaign=pilot-2026-09-25-b2&utm_content=touch_3"
"Community Behavioral Care Center","Bethany Bach","Bethany","bethany.bach@communityautismnj.org","Toms River","NJ","1","pilot-2026-09-25-b2","Quick question about Community Behavioral Care Center's openings in NJ","Hi Bethany,

I was looking at independent ABA practices in Toms River and came across Community Behavioral Care Center. 

A lot of clinic owners we talk to with 1–3 locations tell us their biggest bottleneck isn't clinical interest—it's getting predictable commercial-insurance & private-pay inquiries without giving up margins to PE aggregators.

We built an intake & patient growth system specifically for independent practices at Community Behavioral Care Center. You can see how the intake flow and caseload matching work here:

{{TRACKED_URL_TOUCH_1}}

Do you have 15 minutes this Thursday or Friday to see if this fits your current openings?

Best,
Hudson Argollo
Gold Traffic / ABA Practice Growth","https://abaclinics.clubemkt.digital/aba?lid={{LEAD_ID}}&utm_source=cold_email&utm_medium=email&utm_campaign=pilot-2026-09-25-b2&utm_content=touch_1","Re: Community Behavioral Care Center's openings in NJ","Hi Bethany,

Quick follow-up on my note from earlier this week.

When clinics expand or try to hire new BCBAs, keeping the waitlist warm and converting families at the exact moment a slot opens is usually what keeps rooms full.

We put together a 20-minute discovery breakdown for independent practices:
{{TRACKED_URL_TOUCH_2}}

Would love to share what's working for clinics in NJ if you're open to it.

Best,
Hudson","https://abaclinics.clubemkt.digital/aba?lid={{LEAD_ID}}&utm_source=cold_email&utm_medium=email&utm_campaign=pilot-2026-09-25-b2&utm_content=touch_2","Filling Community Behavioral Care Center's caseload (NJ)","Hi Bethany,

I know you're busy running Community Behavioral Care Center. 

If patient intake or waitlist conversion isn't a priority right now, no worries at all. If you ever want to check our 2-minute fit assessment or look at the numbers, you can bookmark this link:

{{TRACKED_URL_TOUCH_3}}

Wishing you and the team continued success in Toms River!

Best,
Hudson","https://abaclinics.clubemkt.digital/aba?lid={{LEAD_ID}}&utm_source=cold_email&utm_medium=email&utm_campaign=pilot-2026-09-25-b2&utm_content=touch_3"
"Companion Autism & Learning Institute","Blake Bader","Blake","bbader@companioncaretx.com","McAllen","TX","2","pilot-2026-09-25-b2","Quick question about Companion Autism & Learning Institute's openings in TX","Hi Blake,

I was looking at independent ABA practices in McAllen and came across Companion Autism & Learning Institute. 

A lot of clinic owners we talk to with 1–3 locations tell us their biggest bottleneck isn't clinical interest—it's getting predictable commercial-insurance & private-pay inquiries without giving up margins to PE aggregators.

We built an intake & patient growth system specifically for independent practices across your 2 locations. You can see how the intake flow and caseload matching work here:

{{TRACKED_URL_TOUCH_1}}

Do you have 15 minutes this Thursday or Friday to see if this fits your current openings?

Best,
Hudson Argollo
Gold Traffic / ABA Practice Growth","https://abaclinics.clubemkt.digital/aba?lid={{LEAD_ID}}&utm_source=cold_email&utm_medium=email&utm_campaign=pilot-2026-09-25-b2&utm_content=touch_1","Re: Companion Autism & Learning Institute's openings in TX","Hi Blake,

Quick follow-up on my note from earlier this week.

When clinics expand or try to hire new BCBAs, keeping the waitlist warm and converting families at the exact moment a slot opens is usually what keeps rooms full.

We put together a 20-minute discovery breakdown for independent practices:
{{TRACKED_URL_TOUCH_2}}

Would love to share what's working for clinics in TX if you're open to it.

Best,
Hudson","https://abaclinics.clubemkt.digital/aba?lid={{LEAD_ID}}&utm_source=cold_email&utm_medium=email&utm_campaign=pilot-2026-09-25-b2&utm_content=touch_2","Filling Companion Autism & Learning Institute's caseload (TX)","Hi Blake,

I know you're busy running Companion Autism & Learning Institute. 

If patient intake or waitlist conversion isn't a priority right now, no worries at all. If you ever want to check our 2-minute fit assessment or look at the numbers, you can bookmark this link:

{{TRACKED_URL_TOUCH_3}}

Wishing you and the team continued success in McAllen!

Best,
Hudson","https://abaclinics.clubemkt.digital/aba?lid={{LEAD_ID}}&utm_source=cold_email&utm_medium=email&utm_campaign=pilot-2026-09-25-b2&utm_content=touch_3"
"Concord Developmental Solutions","Bradley Baer","Bradley","bradley.baer@concordabafl.com","Lakeland","FL","3","pilot-2026-09-25-b2","Quick question about Concord Developmental Solutions's openings in FL","Hi Bradley,

I was looking at independent ABA practices in Lakeland and came across Concord Developmental Solutions. 

A lot of clinic owners we talk to with 1–3 locations tell us their biggest bottleneck isn't clinical interest—it's getting predictable commercial-insurance & private-pay inquiries without giving up margins to PE aggregators.

We built an intake & patient growth system specifically for independent practices across your 3 locations. You can see how the intake flow and caseload matching work here:

{{TRACKED_URL_TOUCH_1}}

Do you have 15 minutes this Thursday or Friday to see if this fits your current openings?

Best,
Hudson Argollo
Gold Traffic / ABA Practice Growth","https://abaclinics.clubemkt.digital/aba?lid={{LEAD_ID}}&utm_source=cold_email&utm_medium=email&utm_campaign=pilot-2026-09-25-b2&utm_content=touch_1","Re: Concord Developmental Solutions's openings in FL","Hi Bradley,

Quick follow-up on my note from earlier this week.

When clinics expand or try to hire new BCBAs, keeping the waitlist warm and converting families at the exact moment a slot opens is usually what keeps rooms full.

We put together a 20-minute discovery breakdown for independent practices:
{{TRACKED_URL_TOUCH_2}}

Would love to share what's working for clinics in FL if you're open to it.

Best,
Hudson","https://abaclinics.clubemkt.digital/aba?lid={{LEAD_ID}}&utm_source=cold_email&utm_medium=email&utm_campaign=pilot-2026-09-25-b2&utm_content=touch_2","Filling Concord Developmental Solutions's caseload (FL)","Hi Bradley,

I know you're busy running Concord Developmental Solutions. 

If patient intake or waitlist conversion isn't a priority right now, no worries at all. If you ever want to check our 2-minute fit assessment or look at the numbers, you can bookmark this link:

{{TRACKED_URL_TOUCH_3}}

Wishing you and the team continued success in Lakeland!

Best,
Hudson","https://abaclinics.clubemkt.digital/aba?lid={{LEAD_ID}}&utm_source=cold_email&utm_medium=email&utm_campaign=pilot-2026-09-25-b2&utm_content=touch_3"
"Confidence Behavioral Therapy Center","Brandon Baggett","Brandon","bbaggett@confidenceautismca.net","Santa Clarita","CA","4","pilot-2026-09-25-b2","Quick question about Confidence Behavioral Therapy Center's openings in CA","Hi Brandon,

I was looking at independent ABA practices in Santa Clarita and came across Confidence Behavioral Therapy Center. 

A lot of clinic owners we talk to with 1–4 locations tell us their biggest bottleneck isn't clinical interest—it's getting predictable commercial-insurance & private-pay inquiries without giving up margins to PE aggregators.

We built an intake & patient growth system specifically for independent practices across your 4 locations. You can see how the intake flow and caseload matching work here:

{{TRACKED_URL_TOUCH_1}}

Do you have 15 minutes this Thursday or Friday to see if this fits your current openings?

Best,
Hudson Argollo
Gold Traffic / ABA Practice Growth","https://abaclinics.clubemkt.digital/aba?lid={{LEAD_ID}}&utm_source=cold_email&utm_medium=email&utm_campaign=pilot-2026-09-25-b2&utm_content=touch_1","Re: Confidence Behavioral Therapy Center's openings in CA","Hi Brandon,

Quick follow-up on my note from earlier this week.

When clinics expand or try to hire new BCBAs, keeping the waitlist warm and converting families at the exact moment a slot opens is usually what keeps rooms full.

We put together a 20-minute discovery breakdown for independent practices:
{{TRACKED_URL_TOUCH_2}}

Would love to share what's working for clinics in CA if you're open to it.

Best,
Hudson","https://abaclinics.clubemkt.digital/aba?lid={{LEAD_ID}}&utm_source=cold_email&utm_medium=email&utm_campaign=pilot-2026-09-25-b2&utm_content=touch_2","Filling Confidence Behavioral Therapy Center's caseload (CA)","Hi Brandon,

I know you're busy running Confidence Behavioral Therapy Center. 

If patient intake or waitlist conversion isn't a priority right now, no worries at all. If you ever want to check our 2-minute fit assessment or look at the numbers, you can bookmark this link:

{{TRACKED_URL_TOUCH_3}}

Wishing you and the team continued success in Santa Clarita!

Best,
Hudson","https://abaclinics.clubemkt.digital/aba?lid={{LEAD_ID}}&utm_source=cold_email&utm_medium=email&utm_campaign=pilot-2026-09-25-b2&utm_content=touch_3"
"Connect Autism Discovery Center","Brayden Bagley","Brayden","brayden.bagley@connectcarenc.org","Chapel Hill","NC","1","pilot-2026-09-25-b2","Quick question about Connect Autism Discovery Center's openings in NC","Hi Brayden,

I was looking at independent ABA practices in Chapel Hill and came across Connect Autism Discovery Center. 

A lot of clinic owners we talk to with 1–3 locations tell us their biggest bottleneck isn't clinical interest—it's getting predictable commercial-insurance & private-pay inquiries without giving up margins to PE aggregators.

We built an intake & patient growth system specifically for independent practices at Connect Autism Discovery Center. You can see how the intake flow and caseload matching work here:

{{TRACKED_URL_TOUCH_1}}

Do you have 15 minutes this Thursday or Friday to see if this fits your current openings?

Best,
Hudson Argollo
Gold Traffic / ABA Practice Growth","https://abaclinics.clubemkt.digital/aba?lid={{LEAD_ID}}&utm_source=cold_email&utm_medium=email&utm_campaign=pilot-2026-09-25-b2&utm_content=touch_1","Re: Connect Autism Discovery Center's openings in NC","Hi Brayden,

Quick follow-up on my note from earlier this week.

When clinics expand or try to hire new BCBAs, keeping the waitlist warm and converting families at the exact moment a slot opens is usually what keeps rooms full.

We put together a 20-minute discovery breakdown for independent practices:
{{TRACKED_URL_TOUCH_2}}

Would love to share what's working for clinics in NC if you're open to it.

Best,
Hudson","https://abaclinics.clubemkt.digital/aba?lid={{LEAD_ID}}&utm_source=cold_email&utm_medium=email&utm_campaign=pilot-2026-09-25-b2&utm_content=touch_2","Filling Connect Autism Discovery Center's caseload (NC)","Hi Brayden,

I know you're busy running Connect Autism Discovery Center. 

If patient intake or waitlist conversion isn't a priority right now, no worries at all. If you ever want to check our 2-minute fit assessment or look at the numbers, you can bookmark this link:

{{TRACKED_URL_TOUCH_3}}

Wishing you and the team continued success in Chapel Hill!

Best,
Hudson","https://abaclinics.clubemkt.digital/aba?lid={{LEAD_ID}}&utm_source=cold_email&utm_medium=email&utm_campaign=pilot-2026-09-25-b2&utm_content=touch_3"
"Cornerstone Behavioral Foundations","Brenda Bailey","Brenda","bbailey@cornerstoneabaga.com","Decatur","GA","2","pilot-2026-09-25-b2","Quick question about Cornerstone Behavioral Foundations's openings in GA","Hi Brenda,

I was looking at independent ABA practices in Decatur and came across Cornerstone Behavioral Foundations. 

A lot of clinic owners we talk to with 1–3 locations tell us their biggest bottleneck isn't clinical interest—it's getting predictable commercial-insurance & private-pay inquiries without giving up margins to PE aggregators.

We built an intake & patient growth system specifically for independent practices across your 2 locations. You can see how the intake flow and caseload matching work here:

{{TRACKED_URL_TOUCH_1}}

Do you have 15 minutes this Thursday or Friday to see if this fits your current openings?

Best,
Hudson Argollo
Gold Traffic / ABA Practice Growth","https://abaclinics.clubemkt.digital/aba?lid={{LEAD_ID}}&utm_source=cold_email&utm_medium=email&utm_campaign=pilot-2026-09-25-b2&utm_content=touch_1","Re: Cornerstone Behavioral Foundations's openings in GA","Hi Brenda,

Quick follow-up on my note from earlier this week.

When clinics expand or try to hire new BCBAs, keeping the waitlist warm and converting families at the exact moment a slot opens is usually what keeps rooms full.

We put together a 20-minute discovery breakdown for independent practices:
{{TRACKED_URL_TOUCH_2}}

Would love to share what's working for clinics in GA if you're open to it.

Best,
Hudson","https://abaclinics.clubemkt.digital/aba?lid={{LEAD_ID}}&utm_source=cold_email&utm_medium=email&utm_campaign=pilot-2026-09-25-b2&utm_content=touch_2","Filling Cornerstone Behavioral Foundations's caseload (GA)","Hi Brenda,

I know you're busy running Cornerstone Behavioral Foundations. 

If patient intake or waitlist conversion isn't a priority right now, no worries at all. If you ever want to check our 2-minute fit assessment or look at the numbers, you can bookmark this link:

{{TRACKED_URL_TOUCH_3}}

Wishing you and the team continued success in Decatur!

Best,
Hudson","https://abaclinics.clubemkt.digital/aba?lid={{LEAD_ID}}&utm_source=cold_email&utm_medium=email&utm_campaign=pilot-2026-09-25-b2&utm_content=touch_3"
"Cosmos Therapeutic Solutions","Brian Bain","Brian","brian.bain@cosmosautismco.com","Pueblo","CO","3","pilot-2026-09-25-b2","Quick question about Cosmos Therapeutic Solutions's openings in CO","Hi Brian,

I was looking at independent ABA practices in Pueblo and came across Cosmos Therapeutic Solutions. 

A lot of clinic owners we talk to with 1–3 locations tell us their biggest bottleneck isn't clinical interest—it's getting predictable commercial-insurance & private-pay inquiries without giving up margins to PE aggregators.

We built an intake & patient growth system specifically for independent practices across your 3 locations. You can see how the intake flow and caseload matching work here:

{{TRACKED_URL_TOUCH_1}}

Do you have 15 minutes this Thursday or Friday to see if this fits your current openings?

Best,
Hudson Argollo
Gold Traffic / ABA Practice Growth","https://abaclinics.clubemkt.digital/aba?lid={{LEAD_ID}}&utm_source=cold_email&utm_medium=email&utm_campaign=pilot-2026-09-25-b2&utm_content=touch_1","Re: Cosmos Therapeutic Solutions's openings in CO","Hi Brian,

Quick follow-up on my note from earlier this week.

When clinics expand or try to hire new BCBAs, keeping the waitlist warm and converting families at the exact moment a slot opens is usually what keeps rooms full.

We put together a 20-minute discovery breakdown for independent practices:
{{TRACKED_URL_TOUCH_2}}

Would love to share what's working for clinics in CO if you're open to it.

Best,
Hudson","https://abaclinics.clubemkt.digital/aba?lid={{LEAD_ID}}&utm_source=cold_email&utm_medium=email&utm_campaign=pilot-2026-09-25-b2&utm_content=touch_2","Filling Cosmos Therapeutic Solutions's caseload (CO)","Hi Brian,

I know you're busy running Cosmos Therapeutic Solutions. 

If patient intake or waitlist conversion isn't a priority right now, no worries at all. If you ever want to check our 2-minute fit assessment or look at the numbers, you can bookmark this link:

{{TRACKED_URL_TOUCH_3}}

Wishing you and the team continued success in Pueblo!

Best,
Hudson","https://abaclinics.clubemkt.digital/aba?lid={{LEAD_ID}}&utm_source=cold_email&utm_medium=email&utm_campaign=pilot-2026-09-25-b2&utm_content=touch_3"
"Courage ABA Collective","Brianna Baird","Brianna","bbaird@couragecareva.com","Hampton","VA","4","pilot-2026-09-25-b2","Quick question about Courage ABA Collective's openings in VA","Hi Brianna,

I was looking at independent ABA practices in Hampton and came across Courage ABA Collective. 

A lot of clinic owners we talk to with 1–4 locations tell us their biggest bottleneck isn't clinical interest—it's getting predictable commercial-insurance & private-pay inquiries without giving up margins to PE aggregators.

We built an intake & patient growth system specifically for independent practices across your 4 locations. You can see how the intake flow and caseload matching work here:

{{TRACKED_URL_TOUCH_1}}

Do you have 15 minutes this Thursday or Friday to see if this fits your current openings?

Best,
Hudson Argollo
Gold Traffic / ABA Practice Growth","https://abaclinics.clubemkt.digital/aba?lid={{LEAD_ID}}&utm_source=cold_email&utm_medium=email&utm_campaign=pilot-2026-09-25-b2&utm_content=touch_1","Re: Courage ABA Collective's openings in VA","Hi Brianna,

Quick follow-up on my note from earlier this week.

When clinics expand or try to hire new BCBAs, keeping the waitlist warm and converting families at the exact moment a slot opens is usually what keeps rooms full.

We put together a 20-minute discovery breakdown for independent practices:
{{TRACKED_URL_TOUCH_2}}

Would love to share what's working for clinics in VA if you're open to it.

Best,
Hudson","https://abaclinics.clubemkt.digital/aba?lid={{LEAD_ID}}&utm_source=cold_email&utm_medium=email&utm_campaign=pilot-2026-09-25-b2&utm_content=touch_2","Filling Courage ABA Collective's caseload (VA)","Hi Brianna,

I know you're busy running Courage ABA Collective. 

If patient intake or waitlist conversion isn't a priority right now, no worries at all. If you ever want to check our 2-minute fit assessment or look at the numbers, you can bookmark this link:

{{TRACKED_URL_TOUCH_3}}

Wishing you and the team continued success in Hampton!

Best,
Hudson","https://abaclinics.clubemkt.digital/aba?lid={{LEAD_ID}}&utm_source=cold_email&utm_medium=email&utm_campaign=pilot-2026-09-25-b2&utm_content=touch_3"
"Cove Autism Clinic","Brittany Baker","Brittany","brittany.baker@coveabamd.org","Waldorf","MD","1","pilot-2026-09-25-b2","Quick question about Cove Autism Clinic's openings in MD","Hi Brittany,

I was looking at independent ABA practices in Waldorf and came across Cove Autism Clinic. 

A lot of clinic owners we talk to with 1–3 locations tell us their biggest bottleneck isn't clinical interest—it's getting predictable commercial-insurance & private-pay inquiries without giving up margins to PE aggregators.

We built an intake & patient growth system specifically for independent practices at Cove Autism Clinic. You can see how the intake flow and caseload matching work here:

{{TRACKED_URL_TOUCH_1}}

Do you have 15 minutes this Thursday or Friday to see if this fits your current openings?

Best,
Hudson Argollo
Gold Traffic / ABA Practice Growth","https://abaclinics.clubemkt.digital/aba?lid={{LEAD_ID}}&utm_source=cold_email&utm_medium=email&utm_campaign=pilot-2026-09-25-b2&utm_content=touch_1","Re: Cove Autism Clinic's openings in MD","Hi Brittany,

Quick follow-up on my note from earlier this week.

When clinics expand or try to hire new BCBAs, keeping the waitlist warm and converting families at the exact moment a slot opens is usually what keeps rooms full.

We put together a 20-minute discovery breakdown for independent practices:
{{TRACKED_URL_TOUCH_2}}

Would love to share what's working for clinics in MD if you're open to it.

Best,
Hudson","https://abaclinics.clubemkt.digital/aba?lid={{LEAD_ID}}&utm_source=cold_email&utm_medium=email&utm_campaign=pilot-2026-09-25-b2&utm_content=touch_2","Filling Cove Autism Clinic's caseload (MD)","Hi Brittany,

I know you're busy running Cove Autism Clinic. 

If patient intake or waitlist conversion isn't a priority right now, no worries at all. If you ever want to check our 2-minute fit assessment or look at the numbers, you can bookmark this link:

{{TRACKED_URL_TOUCH_3}}

Wishing you and the team continued success in Waldorf!

Best,
Hudson","https://abaclinics.clubemkt.digital/aba?lid={{LEAD_ID}}&utm_source=cold_email&utm_medium=email&utm_campaign=pilot-2026-09-25-b2&utm_content=touch_3"
"Cradle ABA Center","Brooke Baldwin","Brooke","bbaldwin@cradleautismil.com","Bloomington","IL","2","pilot-2026-09-25-b2","Quick question about Cradle ABA Center's openings in IL","Hi Brooke,

I was looking at independent ABA practices in Bloomington and came across Cradle ABA Center. 

A lot of clinic owners we talk to with 1–3 locations tell us their biggest bottleneck isn't clinical interest—it's getting predictable commercial-insurance & private-pay inquiries without giving up margins to PE aggregators.

We built an intake & patient growth system specifically for independent practices across your 2 locations. You can see how the intake flow and caseload matching work here:

{{TRACKED_URL_TOUCH_1}}

Do you have 15 minutes this Thursday or Friday to see if this fits your current openings?

Best,
Hudson Argollo
Gold Traffic / ABA Practice Growth","https://abaclinics.clubemkt.digital/aba?lid={{LEAD_ID}}&utm_source=cold_email&utm_medium=email&utm_campaign=pilot-2026-09-25-b2&utm_content=touch_1","Re: Cradle ABA Center's openings in IL","Hi Brooke,

Quick follow-up on my note from earlier this week.

When clinics expand or try to hire new BCBAs, keeping the waitlist warm and converting families at the exact moment a slot opens is usually what keeps rooms full.

We put together a 20-minute discovery breakdown for independent practices:
{{TRACKED_URL_TOUCH_2}}

Would love to share what's working for clinics in IL if you're open to it.

Best,
Hudson","https://abaclinics.clubemkt.digital/aba?lid={{LEAD_ID}}&utm_source=cold_email&utm_medium=email&utm_campaign=pilot-2026-09-25-b2&utm_content=touch_2","Filling Cradle ABA Center's caseload (IL)","Hi Brooke,

I know you're busy running Cradle ABA Center. 

If patient intake or waitlist conversion isn't a priority right now, no worries at all. If you ever want to check our 2-minute fit assessment or look at the numbers, you can bookmark this link:

{{TRACKED_URL_TOUCH_3}}

Wishing you and the team continued success in Bloomington!

Best,
Hudson","https://abaclinics.clubemkt.digital/aba?lid={{LEAD_ID}}&utm_source=cold_email&utm_medium=email&utm_campaign=pilot-2026-09-25-b2&utm_content=touch_3"
"Craft Behavioral Health Network","Brooklyn Bales","Brooklyn","brooklyn.bales@craftcareut.net","Salt Lake City","UT","3","pilot-2026-09-25-b2","Quick question about Craft Behavioral Health Network's openings in UT","Hi Brooklyn,

I was looking at independent ABA practices in Salt Lake City and came across Craft Behavioral Health Network. 

A lot of clinic owners we talk to with 1–3 locations tell us their biggest bottleneck isn't clinical interest—it's getting predictable commercial-insurance & private-pay inquiries without giving up margins to PE aggregators.

We built an intake & patient growth system specifically for independent practices across your 3 locations. You can see how the intake flow and caseload matching work here:

{{TRACKED_URL_TOUCH_1}}

Do you have 15 minutes this Thursday or Friday to see if this fits your current openings?

Best,
Hudson Argollo
Gold Traffic / ABA Practice Growth","https://abaclinics.clubemkt.digital/aba?lid={{LEAD_ID}}&utm_source=cold_email&utm_medium=email&utm_campaign=pilot-2026-09-25-b2&utm_content=touch_1","Re: Craft Behavioral Health Network's openings in UT","Hi Brooklyn,

Quick follow-up on my note from earlier this week.

When clinics expand or try to hire new BCBAs, keeping the waitlist warm and converting families at the exact moment a slot opens is usually what keeps rooms full.

We put together a 20-minute discovery breakdown for independent practices:
{{TRACKED_URL_TOUCH_2}}

Would love to share what's working for clinics in UT if you're open to it.

Best,
Hudson","https://abaclinics.clubemkt.digital/aba?lid={{LEAD_ID}}&utm_source=cold_email&utm_medium=email&utm_campaign=pilot-2026-09-25-b2&utm_content=touch_2","Filling Craft Behavioral Health Network's caseload (UT)","Hi Brooklyn,

I know you're busy running Craft Behavioral Health Network. 

If patient intake or waitlist conversion isn't a priority right now, no worries at all. If you ever want to check our 2-minute fit assessment or look at the numbers, you can bookmark this link:

{{TRACKED_URL_TOUCH_3}}

Wishing you and the team continued success in Salt Lake City!

Best,
Hudson","https://abaclinics.clubemkt.digital/aba?lid={{LEAD_ID}}&utm_source=cold_email&utm_medium=email&utm_campaign=pilot-2026-09-25-b2&utm_content=touch_3"
"Crossroads Autism Group","Bruce Ball","Bruce","bball@crossroadsabanj.com","Elizabeth","NJ","4","pilot-2026-09-25-b2","Quick question about Crossroads Autism Group's openings in NJ","Hi Bruce,

I was looking at independent ABA practices in Elizabeth and came across Crossroads Autism Group. 

A lot of clinic owners we talk to with 1–4 locations tell us their biggest bottleneck isn't clinical interest—it's getting predictable commercial-insurance & private-pay inquiries without giving up margins to PE aggregators.

We built an intake & patient growth system specifically for independent practices across your 4 locations. You can see how the intake flow and caseload matching work here:

{{TRACKED_URL_TOUCH_1}}

Do you have 15 minutes this Thursday or Friday to see if this fits your current openings?

Best,
Hudson Argollo
Gold Traffic / ABA Practice Growth","https://abaclinics.clubemkt.digital/aba?lid={{LEAD_ID}}&utm_source=cold_email&utm_medium=email&utm_campaign=pilot-2026-09-25-b2&utm_content=touch_1","Re: Crossroads Autism Group's openings in NJ","Hi Bruce,

Quick follow-up on my note from earlier this week.

When clinics expand or try to hire new BCBAs, keeping the waitlist warm and converting families at the exact moment a slot opens is usually what keeps rooms full.

We put together a 20-minute discovery breakdown for independent practices:
{{TRACKED_URL_TOUCH_2}}

Would love to share what's working for clinics in NJ if you're open to it.

Best,
Hudson","https://abaclinics.clubemkt.digital/aba?lid={{LEAD_ID}}&utm_source=cold_email&utm_medium=email&utm_campaign=pilot-2026-09-25-b2&utm_content=touch_2","Filling Crossroads Autism Group's caseload (NJ)","Hi Bruce,

I know you're busy running Crossroads Autism Group. 

If patient intake or waitlist conversion isn't a priority right now, no worries at all. If you ever want to check our 2-minute fit assessment or look at the numbers, you can bookmark this link:

{{TRACKED_URL_TOUCH_3}}

Wishing you and the team continued success in Elizabeth!

Best,
Hudson","https://abaclinics.clubemkt.digital/aba?lid={{LEAD_ID}}&utm_source=cold_email&utm_medium=email&utm_campaign=pilot-2026-09-25-b2&utm_content=touch_3"
"Crystal Applied Behavior Specialists","Bryan Ballard","Bryan","bryan.ballard@crystalautismtx.org","Fort Worth","TX","1","pilot-2026-09-25-b2","Quick question about Crystal Applied Behavior Specialists's openings in TX","Hi Bryan,

I was looking at independent ABA practices in Fort Worth and came across Crystal Applied Behavior Specialists. 

A lot of clinic owners we talk to with 1–3 locations tell us their biggest bottleneck isn't clinical interest—it's getting predictable commercial-insurance & private-pay inquiries without giving up margins to PE aggregators.

We built an intake & patient growth system specifically for independent practices at Crystal Applied Behavior Specialists. You can see how the intake flow and caseload matching work here:

{{TRACKED_URL_TOUCH_1}}

Do you have 15 minutes this Thursday or Friday to see if this fits your current openings?

Best,
Hudson Argollo
Gold Traffic / ABA Practice Growth","https://abaclinics.clubemkt.digital/aba?lid={{LEAD_ID}}&utm_source=cold_email&utm_medium=email&utm_campaign=pilot-2026-09-25-b2&utm_content=touch_1","Re: Crystal Applied Behavior Specialists's openings in TX","Hi Bryan,

Quick follow-up on my note from earlier this week.

When clinics expand or try to hire new BCBAs, keeping the waitlist warm and converting families at the exact moment a slot opens is usually what keeps rooms full.

We put together a 20-minute discovery breakdown for independent practices:
{{TRACKED_URL_TOUCH_2}}

Would love to share what's working for clinics in TX if you're open to it.

Best,
Hudson","https://abaclinics.clubemkt.digital/aba?lid={{LEAD_ID}}&utm_source=cold_email&utm_medium=email&utm_campaign=pilot-2026-09-25-b2&utm_content=touch_2","Filling Crystal Applied Behavior Specialists's caseload (TX)","Hi Bryan,

I know you're busy running Crystal Applied Behavior Specialists. 

If patient intake or waitlist conversion isn't a priority right now, no worries at all. If you ever want to check our 2-minute fit assessment or look at the numbers, you can bookmark this link:

{{TRACKED_URL_TOUCH_3}}

Wishing you and the team continued success in Fort Worth!

Best,
Hudson","https://abaclinics.clubemkt.digital/aba?lid={{LEAD_ID}}&utm_source=cold_email&utm_medium=email&utm_campaign=pilot-2026-09-25-b2&utm_content=touch_3"
"Cultivate Therapy Partners","Caleb Ballesteros","Caleb","cballesteros@cultivatecarefl.com","St. Petersburg","FL","2","pilot-2026-09-25-b2","Quick question about Cultivate Therapy Partners's openings in FL","Hi Caleb,

I was looking at independent ABA practices in St. Petersburg and came across Cultivate Therapy Partners. 

A lot of clinic owners we talk to with 1–3 locations tell us their biggest bottleneck isn't clinical interest—it's getting predictable commercial-insurance & private-pay inquiries without giving up margins to PE aggregators.

We built an intake & patient growth system specifically for independent practices across your 2 locations. You can see how the intake flow and caseload matching work here:

{{TRACKED_URL_TOUCH_1}}

Do you have 15 minutes this Thursday or Friday to see if this fits your current openings?

Best,
Hudson Argollo
Gold Traffic / ABA Practice Growth","https://abaclinics.clubemkt.digital/aba?lid={{LEAD_ID}}&utm_source=cold_email&utm_medium=email&utm_campaign=pilot-2026-09-25-b2&utm_content=touch_1","Re: Cultivate Therapy Partners's openings in FL","Hi Caleb,

Quick follow-up on my note from earlier this week.

When clinics expand or try to hire new BCBAs, keeping the waitlist warm and converting families at the exact moment a slot opens is usually what keeps rooms full.

We put together a 20-minute discovery breakdown for independent practices:
{{TRACKED_URL_TOUCH_2}}

Would love to share what's working for clinics in FL if you're open to it.

Best,
Hudson","https://abaclinics.clubemkt.digital/aba?lid={{LEAD_ID}}&utm_source=cold_email&utm_medium=email&utm_campaign=pilot-2026-09-25-b2&utm_content=touch_2","Filling Cultivate Therapy Partners's caseload (FL)","Hi Caleb,

I know you're busy running Cultivate Therapy Partners. 

If patient intake or waitlist conversion isn't a priority right now, no worries at all. If you ever want to check our 2-minute fit assessment or look at the numbers, you can bookmark this link:

{{TRACKED_URL_TOUCH_3}}

Wishing you and the team continued success in St. Petersburg!

Best,
Hudson","https://abaclinics.clubemkt.digital/aba?lid={{LEAD_ID}}&utm_source=cold_email&utm_medium=email&utm_campaign=pilot-2026-09-25-b2&utm_content=touch_3"
"Daybreak Pediatric Autism Services","Cameron Banks","Cameron","cameron.banks@daybreakabaca.com","Pasadena","CA","3","pilot-2026-09-25-b2","Quick question about Daybreak Pediatric Autism Services's openings in CA","Hi Cameron,

I was looking at independent ABA practices in Pasadena and came across Daybreak Pediatric Autism Services. 

A lot of clinic owners we talk to with 1–3 locations tell us their biggest bottleneck isn't clinical interest—it's getting predictable commercial-insurance & private-pay inquiries without giving up margins to PE aggregators.

We built an intake & patient growth system specifically for independent practices across your 3 locations. You can see how the intake flow and caseload matching work here:

{{TRACKED_URL_TOUCH_1}}

Do you have 15 minutes this Thursday or Friday to see if this fits your current openings?

Best,
Hudson Argollo
Gold Traffic / ABA Practice Growth","https://abaclinics.clubemkt.digital/aba?lid={{LEAD_ID}}&utm_source=cold_email&utm_medium=email&utm_campaign=pilot-2026-09-25-b2&utm_content=touch_1","Re: Daybreak Pediatric Autism Services's openings in CA","Hi Cameron,

Quick follow-up on my note from earlier this week.

When clinics expand or try to hire new BCBAs, keeping the waitlist warm and converting families at the exact moment a slot opens is usually what keeps rooms full.

We put together a 20-minute discovery breakdown for independent practices:
{{TRACKED_URL_TOUCH_2}}

Would love to share what's working for clinics in CA if you're open to it.

Best,
Hudson","https://abaclinics.clubemkt.digital/aba?lid={{LEAD_ID}}&utm_source=cold_email&utm_medium=email&utm_campaign=pilot-2026-09-25-b2&utm_content=touch_2","Filling Daybreak Pediatric Autism Services's caseload (CA)","Hi Cameron,

I know you're busy running Daybreak Pediatric Autism Services. 

If patient intake or waitlist conversion isn't a priority right now, no worries at all. If you ever want to check our 2-minute fit assessment or look at the numbers, you can bookmark this link:

{{TRACKED_URL_TOUCH_3}}

Wishing you and the team continued success in Pasadena!

Best,
Hudson","https://abaclinics.clubemkt.digital/aba?lid={{LEAD_ID}}&utm_source=cold_email&utm_medium=email&utm_campaign=pilot-2026-09-25-b2&utm_content=touch_3"
"Delta Behavioral Care Center","Camila Bankston","Camila","cbankston@deltaautismnc.com","Wilmington","NC","4","pilot-2026-09-25-b2","Quick question about Delta Behavioral Care Center's openings in NC","Hi Camila,

I was looking at independent ABA practices in Wilmington and came across Delta Behavioral Care Center. 

A lot of clinic owners we talk to with 1–4 locations tell us their biggest bottleneck isn't clinical interest—it's getting predictable commercial-insurance & private-pay inquiries without giving up margins to PE aggregators.

We built an intake & patient growth system specifically for independent practices across your 4 locations. You can see how the intake flow and caseload matching work here:

{{TRACKED_URL_TOUCH_1}}

Do you have 15 minutes this Thursday or Friday to see if this fits your current openings?

Best,
Hudson Argollo
Gold Traffic / ABA Practice Growth","https://abaclinics.clubemkt.digital/aba?lid={{LEAD_ID}}&utm_source=cold_email&utm_medium=email&utm_campaign=pilot-2026-09-25-b2&utm_content=touch_1","Re: Delta Behavioral Care Center's openings in NC","Hi Camila,

Quick follow-up on my note from earlier this week.

When clinics expand or try to hire new BCBAs, keeping the waitlist warm and converting families at the exact moment a slot opens is usually what keeps rooms full.

We put together a 20-minute discovery breakdown for independent practices:
{{TRACKED_URL_TOUCH_2}}

Would love to share what's working for clinics in NC if you're open to it.

Best,
Hudson","https://abaclinics.clubemkt.digital/aba?lid={{LEAD_ID}}&utm_source=cold_email&utm_medium=email&utm_campaign=pilot-2026-09-25-b2&utm_content=touch_2","Filling Delta Behavioral Care Center's caseload (NC)","Hi Camila,

I know you're busy running Delta Behavioral Care Center. 

If patient intake or waitlist conversion isn't a priority right now, no worries at all. If you ever want to check our 2-minute fit assessment or look at the numbers, you can bookmark this link:

{{TRACKED_URL_TOUCH_3}}

Wishing you and the team continued success in Wilmington!

Best,
Hudson","https://abaclinics.clubemkt.digital/aba?lid={{LEAD_ID}}&utm_source=cold_email&utm_medium=email&utm_campaign=pilot-2026-09-25-b2&utm_content=touch_3"
"Destiny Autism & Learning Institute","Carla Bannister","Carla","carla.bannister@destinycarega.org","Alpharetta","GA","1","pilot-2026-09-25-b2","Quick question about Destiny Autism & Learning Institute's openings in GA","Hi Carla,

I was looking at independent ABA practices in Alpharetta and came across Destiny Autism & Learning Institute. 

A lot of clinic owners we talk to with 1–3 locations tell us their biggest bottleneck isn't clinical interest—it's getting predictable commercial-insurance & private-pay inquiries without giving up margins to PE aggregators.

We built an intake & patient growth system specifically for independent practices at Destiny Autism & Learning Institute. You can see how the intake flow and caseload matching work here:

{{TRACKED_URL_TOUCH_1}}

Do you have 15 minutes this Thursday or Friday to see if this fits your current openings?

Best,
Hudson Argollo
Gold Traffic / ABA Practice Growth","https://abaclinics.clubemkt.digital/aba?lid={{LEAD_ID}}&utm_source=cold_email&utm_medium=email&utm_campaign=pilot-2026-09-25-b2&utm_content=touch_1","Re: Destiny Autism & Learning Institute's openings in GA","Hi Carla,

Quick follow-up on my note from earlier this week.

When clinics expand or try to hire new BCBAs, keeping the waitlist warm and converting families at the exact moment a slot opens is usually what keeps rooms full.

We put together a 20-minute discovery breakdown for independent practices:
{{TRACKED_URL_TOUCH_2}}

Would love to share what's working for clinics in GA if you're open to it.

Best,
Hudson","https://abaclinics.clubemkt.digital/aba?lid={{LEAD_ID}}&utm_source=cold_email&utm_medium=email&utm_campaign=pilot-2026-09-25-b2&utm_content=touch_2","Filling Destiny Autism & Learning Institute's caseload (GA)","Hi Carla,

I know you're busy running Destiny Autism & Learning Institute. 

If patient intake or waitlist conversion isn't a priority right now, no worries at all. If you ever want to check our 2-minute fit assessment or look at the numbers, you can bookmark this link:

{{TRACKED_URL_TOUCH_3}}

Wishing you and the team continued success in Alpharetta!

Best,
Hudson","https://abaclinics.clubemkt.digital/aba?lid={{LEAD_ID}}&utm_source=cold_email&utm_medium=email&utm_campaign=pilot-2026-09-25-b2&utm_content=touch_3"
"Diligence Developmental Solutions","Carlos Barajas","Carlos","cbarajas@diligenceabaco.net","Arvada","CO","2","pilot-2026-09-25-b2","Quick question about Diligence Developmental Solutions's openings in CO","Hi Carlos,

I was looking at independent ABA practices in Arvada and came across Diligence Developmental Solutions. 

A lot of clinic owners we talk to with 1–3 locations tell us their biggest bottleneck isn't clinical interest—it's getting predictable commercial-insurance & private-pay inquiries without giving up margins to PE aggregators.

We built an intake & patient growth system specifically for independent practices across your 2 locations. You can see how the intake flow and caseload matching work here:

{{TRACKED_URL_TOUCH_1}}

Do you have 15 minutes this Thursday or Friday to see if this fits your current openings?

Best,
Hudson Argollo
Gold Traffic / ABA Practice Growth","https://abaclinics.clubemkt.digital/aba?lid={{LEAD_ID}}&utm_source=cold_email&utm_medium=email&utm_campaign=pilot-2026-09-25-b2&utm_content=touch_1","Re: Diligence Developmental Solutions's openings in CO","Hi Carlos,

Quick follow-up on my note from earlier this week.

When clinics expand or try to hire new BCBAs, keeping the waitlist warm and converting families at the exact moment a slot opens is usually what keeps rooms full.

We put together a 20-minute discovery breakdown for independent practices:
{{TRACKED_URL_TOUCH_2}}

Would love to share what's working for clinics in CO if you're open to it.

Best,
Hudson","https://abaclinics.clubemkt.digital/aba?lid={{LEAD_ID}}&utm_source=cold_email&utm_medium=email&utm_campaign=pilot-2026-09-25-b2&utm_content=touch_2","Filling Diligence Developmental Solutions's caseload (CO)","Hi Carlos,

I know you're busy running Diligence Developmental Solutions. 

If patient intake or waitlist conversion isn't a priority right now, no worries at all. If you ever want to check our 2-minute fit assessment or look at the numbers, you can bookmark this link:

{{TRACKED_URL_TOUCH_3}}

Wishing you and the team continued success in Arvada!

Best,
Hudson","https://abaclinics.clubemkt.digital/aba?lid={{LEAD_ID}}&utm_source=cold_email&utm_medium=email&utm_campaign=pilot-2026-09-25-b2&utm_content=touch_3"
"Direction Behavioral Therapy Center","Caroline Barba","Caroline","caroline.barba@directionautismva.com","Reston","VA","3","pilot-2026-09-25-b2","Quick question about Direction Behavioral Therapy Center's openings in VA","Hi Caroline,

I was looking at independent ABA practices in Reston and came across Direction Behavioral Therapy Center. 

A lot of clinic owners we talk to with 1–3 locations tell us their biggest bottleneck isn't clinical interest—it's getting predictable commercial-insurance & private-pay inquiries without giving up margins to PE aggregators.

We built an intake & patient growth system specifically for independent practices across your 3 locations. You can see how the intake flow and caseload matching work here:

{{TRACKED_URL_TOUCH_1}}

Do you have 15 minutes this Thursday or Friday to see if this fits your current openings?

Best,
Hudson Argollo
Gold Traffic / ABA Practice Growth","https://abaclinics.clubemkt.digital/aba?lid={{LEAD_ID}}&utm_source=cold_email&utm_medium=email&utm_campaign=pilot-2026-09-25-b2&utm_content=touch_1","Re: Direction Behavioral Therapy Center's openings in VA","Hi Caroline,

Quick follow-up on my note from earlier this week.

When clinics expand or try to hire new BCBAs, keeping the waitlist warm and converting families at the exact moment a slot opens is usually what keeps rooms full.

We put together a 20-minute discovery breakdown for independent practices:
{{TRACKED_URL_TOUCH_2}}

Would love to share what's working for clinics in VA if you're open to it.

Best,
Hudson","https://abaclinics.clubemkt.digital/aba?lid={{LEAD_ID}}&utm_source=cold_email&utm_medium=email&utm_campaign=pilot-2026-09-25-b2&utm_content=touch_2","Filling Direction Behavioral Therapy Center's caseload (VA)","Hi Caroline,

I know you're busy running Direction Behavioral Therapy Center. 

If patient intake or waitlist conversion isn't a priority right now, no worries at all. If you ever want to check our 2-minute fit assessment or look at the numbers, you can bookmark this link:

{{TRACKED_URL_TOUCH_3}}

Wishing you and the team continued success in Reston!

Best,
Hudson","https://abaclinics.clubemkt.digital/aba?lid={{LEAD_ID}}&utm_source=cold_email&utm_medium=email&utm_campaign=pilot-2026-09-25-b2&utm_content=touch_3"
"Dynamic Autism Discovery Center","Carolyn Barbee","Carolyn","cbarbee@dynamiccaremd.com","Towson","MD","4","pilot-2026-09-25-b2","Quick question about Dynamic Autism Discovery Center's openings in MD","Hi Carolyn,

I was looking at independent ABA practices in Towson and came across Dynamic Autism Discovery Center. 

A lot of clinic owners we talk to with 1–4 locations tell us their biggest bottleneck isn't clinical interest—it's getting predictable commercial-insurance & private-pay inquiries without giving up margins to PE aggregators.

We built an intake & patient growth system specifically for independent practices across your 4 locations. You can see how the intake flow and caseload matching work here:

{{TRACKED_URL_TOUCH_1}}

Do you have 15 minutes this Thursday or Friday to see if this fits your current openings?

Best,
Hudson Argollo
Gold Traffic / ABA Practice Growth","https://abaclinics.clubemkt.digital/aba?lid={{LEAD_ID}}&utm_source=cold_email&utm_medium=email&utm_campaign=pilot-2026-09-25-b2&utm_content=touch_1","Re: Dynamic Autism Discovery Center's openings in MD","Hi Carolyn,

Quick follow-up on my note from earlier this week.

When clinics expand or try to hire new BCBAs, keeping the waitlist warm and converting families at the exact moment a slot opens is usually what keeps rooms full.

We put together a 20-minute discovery breakdown for independent practices:
{{TRACKED_URL_TOUCH_2}}

Would love to share what's working for clinics in MD if you're open to it.

Best,
Hudson","https://abaclinics.clubemkt.digital/aba?lid={{LEAD_ID}}&utm_source=cold_email&utm_medium=email&utm_campaign=pilot-2026-09-25-b2&utm_content=touch_2","Filling Dynamic Autism Discovery Center's caseload (MD)","Hi Carolyn,

I know you're busy running Dynamic Autism Discovery Center. 

If patient intake or waitlist conversion isn't a priority right now, no worries at all. If you ever want to check our 2-minute fit assessment or look at the numbers, you can bookmark this link:

{{TRACKED_URL_TOUCH_3}}

Wishing you and the team continued success in Towson!

Best,
Hudson","https://abaclinics.clubemkt.digital/aba?lid={{LEAD_ID}}&utm_source=cold_email&utm_medium=email&utm_campaign=pilot-2026-09-25-b2&utm_content=touch_3"
"Early Start Behavioral Foundations","Carson Barber","Carson","carson.barber@earlystartabail.org","Waukegan","IL","1","pilot-2026-09-25-b2","Quick question about Early Start Behavioral Foundations's openings in IL","Hi Carson,

I was looking at independent ABA practices in Waukegan and came across Early Start Behavioral Foundations. 

A lot of clinic owners we talk to with 1–3 locations tell us their biggest bottleneck isn't clinical interest—it's getting predictable commercial-insurance & private-pay inquiries without giving up margins to PE aggregators.

We built an intake & patient growth system specifically for independent practices at Early Start Behavioral Foundations. You can see how the intake flow and caseload matching work here:

{{TRACKED_URL_TOUCH_1}}

Do you have 15 minutes this Thursday or Friday to see if this fits your current openings?

Best,
Hudson Argollo
Gold Traffic / ABA Practice Growth","https://abaclinics.clubemkt.digital/aba?lid={{LEAD_ID}}&utm_source=cold_email&utm_medium=email&utm_campaign=pilot-2026-09-25-b2&utm_content=touch_1","Re: Early Start Behavioral Foundations's openings in IL","Hi Carson,

Quick follow-up on my note from earlier this week.

When clinics expand or try to hire new BCBAs, keeping the waitlist warm and converting families at the exact moment a slot opens is usually what keeps rooms full.

We put together a 20-minute discovery breakdown for independent practices:
{{TRACKED_URL_TOUCH_2}}

Would love to share what's working for clinics in IL if you're open to it.

Best,
Hudson","https://abaclinics.clubemkt.digital/aba?lid={{LEAD_ID}}&utm_source=cold_email&utm_medium=email&utm_campaign=pilot-2026-09-25-b2&utm_content=touch_2","Filling Early Start Behavioral Foundations's caseload (IL)","Hi Carson,

I know you're busy running Early Start Behavioral Foundations. 

If patient intake or waitlist conversion isn't a priority right now, no worries at all. If you ever want to check our 2-minute fit assessment or look at the numbers, you can bookmark this link:

{{TRACKED_URL_TOUCH_3}}

Wishing you and the team continued success in Waukegan!

Best,
Hudson","https://abaclinics.clubemkt.digital/aba?lid={{LEAD_ID}}&utm_source=cold_email&utm_medium=email&utm_campaign=pilot-2026-09-25-b2&utm_content=touch_3"
"Echo Therapeutic Solutions","Carter Abbott","Carter","cabbott@echoautismut.com","Taylorsville","UT","2","pilot-2026-09-25-b2","Quick question about Echo Therapeutic Solutions's openings in UT","Hi Carter,

I was looking at independent ABA practices in Taylorsville and came across Echo Therapeutic Solutions. 

A lot of clinic owners we talk to with 1–3 locations tell us their biggest bottleneck isn't clinical interest—it's getting predictable commercial-insurance & private-pay inquiries without giving up margins to PE aggregators.

We built an intake & patient growth system specifically for independent practices across your 2 locations. You can see how the intake flow and caseload matching work here:

{{TRACKED_URL_TOUCH_1}}

Do you have 15 minutes this Thursday or Friday to see if this fits your current openings?

Best,
Hudson Argollo
Gold Traffic / ABA Practice Growth","https://abaclinics.clubemkt.digital/aba?lid={{LEAD_ID}}&utm_source=cold_email&utm_medium=email&utm_campaign=pilot-2026-09-25-b2&utm_content=touch_1","Re: Echo Therapeutic Solutions's openings in UT","Hi Carter,

Quick follow-up on my note from earlier this week.

When clinics expand or try to hire new BCBAs, keeping the waitlist warm and converting families at the exact moment a slot opens is usually what keeps rooms full.

We put together a 20-minute discovery breakdown for independent practices:
{{TRACKED_URL_TOUCH_2}}

Would love to share what's working for clinics in UT if you're open to it.

Best,
Hudson","https://abaclinics.clubemkt.digital/aba?lid={{LEAD_ID}}&utm_source=cold_email&utm_medium=email&utm_campaign=pilot-2026-09-25-b2&utm_content=touch_2","Filling Echo Therapeutic Solutions's caseload (UT)","Hi Carter,

I know you're busy running Echo Therapeutic Solutions. 

If patient intake or waitlist conversion isn't a priority right now, no worries at all. If you ever want to check our 2-minute fit assessment or look at the numbers, you can bookmark this link:

{{TRACKED_URL_TOUCH_3}}

Wishing you and the team continued success in Taylorsville!

Best,
Hudson","https://abaclinics.clubemkt.digital/aba?lid={{LEAD_ID}}&utm_source=cold_email&utm_medium=email&utm_campaign=pilot-2026-09-25-b2&utm_content=touch_3"
"Eclipse ABA Collective","Cassandra Abernathy","Cassandra","cassandra.abernathy@eclipsecarenj.com","East Orange","NJ","3","pilot-2026-09-25-b2","Quick question about Eclipse ABA Collective's openings in NJ","Hi Cassandra,

I was looking at independent ABA practices in East Orange and came across Eclipse ABA Collective. 

A lot of clinic owners we talk to with 1–3 locations tell us their biggest bottleneck isn't clinical interest—it's getting predictable commercial-insurance & private-pay inquiries without giving up margins to PE aggregators.

We built an intake & patient growth system specifically for independent practices across your 3 locations. You can see how the intake flow and caseload matching work here:

{{TRACKED_URL_TOUCH_1}}

Do you have 15 minutes this Thursday or Friday to see if this fits your current openings?

Best,
Hudson Argollo
Gold Traffic / ABA Practice Growth","https://abaclinics.clubemkt.digital/aba?lid={{LEAD_ID}}&utm_source=cold_email&utm_medium=email&utm_campaign=pilot-2026-09-25-b2&utm_content=touch_1","Re: Eclipse ABA Collective's openings in NJ","Hi Cassandra,

Quick follow-up on my note from earlier this week.

When clinics expand or try to hire new BCBAs, keeping the waitlist warm and converting families at the exact moment a slot opens is usually what keeps rooms full.

We put together a 20-minute discovery breakdown for independent practices:
{{TRACKED_URL_TOUCH_2}}

Would love to share what's working for clinics in NJ if you're open to it.

Best,
Hudson","https://abaclinics.clubemkt.digital/aba?lid={{LEAD_ID}}&utm_source=cold_email&utm_medium=email&utm_campaign=pilot-2026-09-25-b2&utm_content=touch_2","Filling Eclipse ABA Collective's caseload (NJ)","Hi Cassandra,

I know you're busy running Eclipse ABA Collective. 

If patient intake or waitlist conversion isn't a priority right now, no worries at all. If you ever want to check our 2-minute fit assessment or look at the numbers, you can bookmark this link:

{{TRACKED_URL_TOUCH_3}}

Wishing you and the team continued success in East Orange!

Best,
Hudson","https://abaclinics.clubemkt.digital/aba?lid={{LEAD_ID}}&utm_source=cold_email&utm_medium=email&utm_campaign=pilot-2026-09-25-b2&utm_content=touch_3"
"Eden Autism Clinic","Catherine Acevedo","Catherine","cacevedo@edenabatx.com","Waco","TX","4","pilot-2026-09-25-b2","Quick question about Eden Autism Clinic's openings in TX","Hi Catherine,

I was looking at independent ABA practices in Waco and came across Eden Autism Clinic. 

A lot of clinic owners we talk to with 1–4 locations tell us their biggest bottleneck isn't clinical interest—it's getting predictable commercial-insurance & private-pay inquiries without giving up margins to PE aggregators.

We built an intake & patient growth system specifically for independent practices across your 4 locations. You can see how the intake flow and caseload matching work here:

{{TRACKED_URL_TOUCH_1}}

Do you have 15 minutes this Thursday or Friday to see if this fits your current openings?

Best,
Hudson Argollo
Gold Traffic / ABA Practice Growth","https://abaclinics.clubemkt.digital/aba?lid={{LEAD_ID}}&utm_source=cold_email&utm_medium=email&utm_campaign=pilot-2026-09-25-b2&utm_content=touch_1","Re: Eden Autism Clinic's openings in TX","Hi Catherine,

Quick follow-up on my note from earlier this week.

When clinics expand or try to hire new BCBAs, keeping the waitlist warm and converting families at the exact moment a slot opens is usually what keeps rooms full.

We put together a 20-minute discovery breakdown for independent practices:
{{TRACKED_URL_TOUCH_2}}

Would love to share what's working for clinics in TX if you're open to it.

Best,
Hudson","https://abaclinics.clubemkt.digital/aba?lid={{LEAD_ID}}&utm_source=cold_email&utm_medium=email&utm_campaign=pilot-2026-09-25-b2&utm_content=touch_2","Filling Eden Autism Clinic's caseload (TX)","Hi Catherine,

I know you're busy running Eden Autism Clinic. 

If patient intake or waitlist conversion isn't a priority right now, no worries at all. If you ever want to check our 2-minute fit assessment or look at the numbers, you can bookmark this link:

{{TRACKED_URL_TOUCH_3}}

Wishing you and the team continued success in Waco!

Best,
Hudson","https://abaclinics.clubemkt.digital/aba?lid={{LEAD_ID}}&utm_source=cold_email&utm_medium=email&utm_campaign=pilot-2026-09-25-b2&utm_content=touch_3"
"Elation ABA Center","Cecilia Acosta","Cecilia","cecilia.acosta@elationautismfl.org","Bradenton","FL","1","pilot-2026-09-25-b2","Quick question about Elation ABA Center's openings in FL","Hi Cecilia,

I was looking at independent ABA practices in Bradenton and came across Elation ABA Center. 

A lot of clinic owners we talk to with 1–3 locations tell us their biggest bottleneck isn't clinical interest—it's getting predictable commercial-insurance & private-pay inquiries without giving up margins to PE aggregators.

We built an intake & patient growth system specifically for independent practices at Elation ABA Center. You can see how the intake flow and caseload matching work here:

{{TRACKED_URL_TOUCH_1}}

Do you have 15 minutes this Thursday or Friday to see if this fits your current openings?

Best,
Hudson Argollo
Gold Traffic / ABA Practice Growth","https://abaclinics.clubemkt.digital/aba?lid={{LEAD_ID}}&utm_source=cold_email&utm_medium=email&utm_campaign=pilot-2026-09-25-b2&utm_content=touch_1","Re: Elation ABA Center's openings in FL","Hi Cecilia,

Quick follow-up on my note from earlier this week.

When clinics expand or try to hire new BCBAs, keeping the waitlist warm and converting families at the exact moment a slot opens is usually what keeps rooms full.

We put together a 20-minute discovery breakdown for independent practices:
{{TRACKED_URL_TOUCH_2}}

Would love to share what's working for clinics in FL if you're open to it.

Best,
Hudson","https://abaclinics.clubemkt.digital/aba?lid={{LEAD_ID}}&utm_source=cold_email&utm_medium=email&utm_campaign=pilot-2026-09-25-b2&utm_content=touch_2","Filling Elation ABA Center's caseload (FL)","Hi Cecilia,

I know you're busy running Elation ABA Center. 

If patient intake or waitlist conversion isn't a priority right now, no worries at all. If you ever want to check our 2-minute fit assessment or look at the numbers, you can bookmark this link:

{{TRACKED_URL_TOUCH_3}}

Wishing you and the team continued success in Bradenton!

Best,
Hudson","https://abaclinics.clubemkt.digital/aba?lid={{LEAD_ID}}&utm_source=cold_email&utm_medium=email&utm_campaign=pilot-2026-09-25-b2&utm_content=touch_3"
"Elite Behavioral Health Network","Chad Adair","Chad","cadair@elitecareca.com","Glendale","CA","2","pilot-2026-09-25-b2","Quick question about Elite Behavioral Health Network's openings in CA","Hi Chad,

I was looking at independent ABA practices in Glendale and came across Elite Behavioral Health Network. 

A lot of clinic owners we talk to with 1–3 locations tell us their biggest bottleneck isn't clinical interest—it's getting predictable commercial-insurance & private-pay inquiries without giving up margins to PE aggregators.

We built an intake & patient growth system specifically for independent practices across your 2 locations. You can see how the intake flow and caseload matching work here:

{{TRACKED_URL_TOUCH_1}}

Do you have 15 minutes this Thursday or Friday to see if this fits your current openings?

Best,
Hudson Argollo
Gold Traffic / ABA Practice Growth","https://abaclinics.clubemkt.digital/aba?lid={{LEAD_ID}}&utm_source=cold_email&utm_medium=email&utm_campaign=pilot-2026-09-25-b2&utm_content=touch_1","Re: Elite Behavioral Health Network's openings in CA","Hi Chad,

Quick follow-up on my note from earlier this week.

When clinics expand or try to hire new BCBAs, keeping the waitlist warm and converting families at the exact moment a slot opens is usually what keeps rooms full.

We put together a 20-minute discovery breakdown for independent practices:
{{TRACKED_URL_TOUCH_2}}

Would love to share what's working for clinics in CA if you're open to it.

Best,
Hudson","https://abaclinics.clubemkt.digital/aba?lid={{LEAD_ID}}&utm_source=cold_email&utm_medium=email&utm_campaign=pilot-2026-09-25-b2&utm_content=touch_2","Filling Elite Behavioral Health Network's caseload (CA)","Hi Chad,

I know you're busy running Elite Behavioral Health Network. 

If patient intake or waitlist conversion isn't a priority right now, no worries at all. If you ever want to check our 2-minute fit assessment or look at the numbers, you can bookmark this link:

{{TRACKED_URL_TOUCH_3}}

Wishing you and the team continued success in Glendale!

Best,
Hudson","https://abaclinics.clubemkt.digital/aba?lid={{LEAD_ID}}&utm_source=cold_email&utm_medium=email&utm_campaign=pilot-2026-09-25-b2&utm_content=touch_3"
"Embrace Autism Group","Charles Adkins","Charles","charles.adkins@embraceabanc.com","Durham","NC","3","pilot-2026-09-25-b2","Quick question about Embrace Autism Group's openings in NC","Hi Charles,

I was looking at independent ABA practices in Durham and came across Embrace Autism Group. 

A lot of clinic owners we talk to with 1–3 locations tell us their biggest bottleneck isn't clinical interest—it's getting predictable commercial-insurance & private-pay inquiries without giving up margins to PE aggregators.

We built an intake & patient growth system specifically for independent practices across your 3 locations. You can see how the intake flow and caseload matching work here:

{{TRACKED_URL_TOUCH_1}}

Do you have 15 minutes this Thursday or Friday to see if this fits your current openings?

Best,
Hudson Argollo
Gold Traffic / ABA Practice Growth","https://abaclinics.clubemkt.digital/aba?lid={{LEAD_ID}}&utm_source=cold_email&utm_medium=email&utm_campaign=pilot-2026-09-25-b2&utm_content=touch_1","Re: Embrace Autism Group's openings in NC","Hi Charles,

Quick follow-up on my note from earlier this week.

When clinics expand or try to hire new BCBAs, keeping the waitlist warm and converting families at the exact moment a slot opens is usually what keeps rooms full.

We put together a 20-minute discovery breakdown for independent practices:
{{TRACKED_URL_TOUCH_2}}

Would love to share what's working for clinics in NC if you're open to it.

Best,
Hudson","https://abaclinics.clubemkt.digital/aba?lid={{LEAD_ID}}&utm_source=cold_email&utm_medium=email&utm_campaign=pilot-2026-09-25-b2&utm_content=touch_2","Filling Embrace Autism Group's caseload (NC)","Hi Charles,

I know you're busy running Embrace Autism Group. 

If patient intake or waitlist conversion isn't a priority right now, no worries at all. If you ever want to check our 2-minute fit assessment or look at the numbers, you can bookmark this link:

{{TRACKED_URL_TOUCH_3}}

Wishing you and the team continued success in Durham!

Best,
Hudson","https://abaclinics.clubemkt.digital/aba?lid={{LEAD_ID}}&utm_source=cold_email&utm_medium=email&utm_campaign=pilot-2026-09-25-b2&utm_content=touch_3"
"Emergence Applied Behavior Specialists","Charlotte Aguilar","Charlotte","caguilar@emergenceautismga.com","Athens","GA","4","pilot-2026-09-25-b2","Quick question about Emergence Applied Behavior Specialists's openings in GA","Hi Charlotte,

I was looking at independent ABA practices in Athens and came across Emergence Applied Behavior Specialists. 

A lot of clinic owners we talk to with 1–4 locations tell us their biggest bottleneck isn't clinical interest—it's getting predictable commercial-insurance & private-pay inquiries without giving up margins to PE aggregators.

We built an intake & patient growth system specifically for independent practices across your 4 locations. You can see how the intake flow and caseload matching work here:

{{TRACKED_URL_TOUCH_1}}

Do you have 15 minutes this Thursday or Friday to see if this fits your current openings?

Best,
Hudson Argollo
Gold Traffic / ABA Practice Growth","https://abaclinics.clubemkt.digital/aba?lid={{LEAD_ID}}&utm_source=cold_email&utm_medium=email&utm_campaign=pilot-2026-09-25-b2&utm_content=touch_1","Re: Emergence Applied Behavior Specialists's openings in GA","Hi Charlotte,

Quick follow-up on my note from earlier this week.

When clinics expand or try to hire new BCBAs, keeping the waitlist warm and converting families at the exact moment a slot opens is usually what keeps rooms full.

We put together a 20-minute discovery breakdown for independent practices:
{{TRACKED_URL_TOUCH_2}}

Would love to share what's working for clinics in GA if you're open to it.

Best,
Hudson","https://abaclinics.clubemkt.digital/aba?lid={{LEAD_ID}}&utm_source=cold_email&utm_medium=email&utm_campaign=pilot-2026-09-25-b2&utm_content=touch_2","Filling Emergence Applied Behavior Specialists's caseload (GA)","Hi Charlotte,

I know you're busy running Emergence Applied Behavior Specialists. 

If patient intake or waitlist conversion isn't a priority right now, no worries at all. If you ever want to check our 2-minute fit assessment or look at the numbers, you can bookmark this link:

{{TRACKED_URL_TOUCH_3}}

Wishing you and the team continued success in Athens!

Best,
Hudson","https://abaclinics.clubemkt.digital/aba?lid={{LEAD_ID}}&utm_source=cold_email&utm_medium=email&utm_campaign=pilot-2026-09-25-b2&utm_content=touch_3"
"Empathy Therapy Partners","Chase Aguirre","Chase","chase.aguirre@empathycareco.org","Boulder","CO","1","pilot-2026-09-25-b2","Quick question about Empathy Therapy Partners's openings in CO","Hi Chase,

I was looking at independent ABA practices in Boulder and came across Empathy Therapy Partners. 

A lot of clinic owners we talk to with 1–3 locations tell us their biggest bottleneck isn't clinical interest—it's getting predictable commercial-insurance & private-pay inquiries without giving up margins to PE aggregators.

We built an intake & patient growth system specifically for independent practices at Empathy Therapy Partners. You can see how the intake flow and caseload matching work here:

{{TRACKED_URL_TOUCH_1}}

Do you have 15 minutes this Thursday or Friday to see if this fits your current openings?

Best,
Hudson Argollo
Gold Traffic / ABA Practice Growth","https://abaclinics.clubemkt.digital/aba?lid={{LEAD_ID}}&utm_source=cold_email&utm_medium=email&utm_campaign=pilot-2026-09-25-b2&utm_content=touch_1","Re: Empathy Therapy Partners's openings in CO","Hi Chase,

Quick follow-up on my note from earlier this week.

When clinics expand or try to hire new BCBAs, keeping the waitlist warm and converting families at the exact moment a slot opens is usually what keeps rooms full.

We put together a 20-minute discovery breakdown for independent practices:
{{TRACKED_URL_TOUCH_2}}

Would love to share what's working for clinics in CO if you're open to it.

Best,
Hudson","https://abaclinics.clubemkt.digital/aba?lid={{LEAD_ID}}&utm_source=cold_email&utm_medium=email&utm_campaign=pilot-2026-09-25-b2&utm_content=touch_2","Filling Empathy Therapy Partners's caseload (CO)","Hi Chase,

I know you're busy running Empathy Therapy Partners. 

If patient intake or waitlist conversion isn't a priority right now, no worries at all. If you ever want to check our 2-minute fit assessment or look at the numbers, you can bookmark this link:

{{TRACKED_URL_TOUCH_3}}

Wishing you and the team continued success in Boulder!

Best,
Hudson","https://abaclinics.clubemkt.digital/aba?lid={{LEAD_ID}}&utm_source=cold_email&utm_medium=email&utm_campaign=pilot-2026-09-25-b2&utm_content=touch_3"
"Empire Pediatric Autism Services","Chelsea Albert","Chelsea","calbert@empireabava.com","Roanoke","VA","2","pilot-2026-09-25-b2","Quick question about Empire Pediatric Autism Services's openings in VA","Hi Chelsea,

I was looking at independent ABA practices in Roanoke and came across Empire Pediatric Autism Services. 

A lot of clinic owners we talk to with 1–3 locations tell us their biggest bottleneck isn't clinical interest—it's getting predictable commercial-insurance & private-pay inquiries without giving up margins to PE aggregators.

We built an intake & patient growth system specifically for independent practices across your 2 locations. You can see how the intake flow and caseload matching work here:

{{TRACKED_URL_TOUCH_1}}

Do you have 15 minutes this Thursday or Friday to see if this fits your current openings?

Best,
Hudson Argollo
Gold Traffic / ABA Practice Growth","https://abaclinics.clubemkt.digital/aba?lid={{LEAD_ID}}&utm_source=cold_email&utm_medium=email&utm_campaign=pilot-2026-09-25-b2&utm_content=touch_1","Re: Empire Pediatric Autism Services's openings in VA","Hi Chelsea,

Quick follow-up on my note from earlier this week.

When clinics expand or try to hire new BCBAs, keeping the waitlist warm and converting families at the exact moment a slot opens is usually what keeps rooms full.

We put together a 20-minute discovery breakdown for independent practices:
{{TRACKED_URL_TOUCH_2}}

Would love to share what's working for clinics in VA if you're open to it.

Best,
Hudson","https://abaclinics.clubemkt.digital/aba?lid={{LEAD_ID}}&utm_source=cold_email&utm_medium=email&utm_campaign=pilot-2026-09-25-b2&utm_content=touch_2","Filling Empire Pediatric Autism Services's caseload (VA)","Hi Chelsea,

I know you're busy running Empire Pediatric Autism Services. 

If patient intake or waitlist conversion isn't a priority right now, no worries at all. If you ever want to check our 2-minute fit assessment or look at the numbers, you can bookmark this link:

{{TRACKED_URL_TOUCH_3}}

Wishing you and the team continued success in Roanoke!

Best,
Hudson","https://abaclinics.clubemkt.digital/aba?lid={{LEAD_ID}}&utm_source=cold_email&utm_medium=email&utm_campaign=pilot-2026-09-25-b2&utm_content=touch_3"
"Engage Behavioral Care Center","Cheyenne Albrecht","Cheyenne","cheyenne.albrecht@engageautismmd.com","Bowie","MD","3","pilot-2026-09-25-b2","Quick question about Engage Behavioral Care Center's openings in MD","Hi Cheyenne,

I was looking at independent ABA practices in Bowie and came across Engage Behavioral Care Center. 

A lot of clinic owners we talk to with 1–3 locations tell us their biggest bottleneck isn't clinical interest—it's getting predictable commercial-insurance & private-pay inquiries without giving up margins to PE aggregators.

We built an intake & patient growth system specifically for independent practices across your 3 locations. You can see how the intake flow and caseload matching work here:

{{TRACKED_URL_TOUCH_1}}

Do you have 15 minutes this Thursday or Friday to see if this fits your current openings?

Best,
Hudson Argollo
Gold Traffic / ABA Practice Growth","https://abaclinics.clubemkt.digital/aba?lid={{LEAD_ID}}&utm_source=cold_email&utm_medium=email&utm_campaign=pilot-2026-09-25-b2&utm_content=touch_1","Re: Engage Behavioral Care Center's openings in MD","Hi Cheyenne,

Quick follow-up on my note from earlier this week.

When clinics expand or try to hire new BCBAs, keeping the waitlist warm and converting families at the exact moment a slot opens is usually what keeps rooms full.

We put together a 20-minute discovery breakdown for independent practices:
{{TRACKED_URL_TOUCH_2}}

Would love to share what's working for clinics in MD if you're open to it.

Best,
Hudson","https://abaclinics.clubemkt.digital/aba?lid={{LEAD_ID}}&utm_source=cold_email&utm_medium=email&utm_campaign=pilot-2026-09-25-b2&utm_content=touch_2","Filling Engage Behavioral Care Center's caseload (MD)","Hi Cheyenne,

I know you're busy running Engage Behavioral Care Center. 

If patient intake or waitlist conversion isn't a priority right now, no worries at all. If you ever want to check our 2-minute fit assessment or look at the numbers, you can bookmark this link:

{{TRACKED_URL_TOUCH_3}}

Wishing you and the team continued success in Bowie!

Best,
Hudson","https://abaclinics.clubemkt.digital/aba?lid={{LEAD_ID}}&utm_source=cold_email&utm_medium=email&utm_campaign=pilot-2026-09-25-b2&utm_content=touch_3"
"Equinox Autism & Learning Institute","Chloe Alcorn","Chloe","calcorn@equinoxcareil.net","Peoria","IL","4","pilot-2026-09-25-b2","Quick question about Equinox Autism & Learning Institute's openings in IL","Hi Chloe,

I was looking at independent ABA practices in Peoria and came across Equinox Autism & Learning Institute. 

A lot of clinic owners we talk to with 1–4 locations tell us their biggest bottleneck isn't clinical interest—it's getting predictable commercial-insurance & private-pay inquiries without giving up margins to PE aggregators.

We built an intake & patient growth system specifically for independent practices across your 4 locations. You can see how the intake flow and caseload matching work here:

{{TRACKED_URL_TOUCH_1}}

Do you have 15 minutes this Thursday or Friday to see if this fits your current openings?

Best,
Hudson Argollo
Gold Traffic / ABA Practice Growth","https://abaclinics.clubemkt.digital/aba?lid={{LEAD_ID}}&utm_source=cold_email&utm_medium=email&utm_campaign=pilot-2026-09-25-b2&utm_content=touch_1","Re: Equinox Autism & Learning Institute's openings in IL","Hi Chloe,

Quick follow-up on my note from earlier this week.

When clinics expand or try to hire new BCBAs, keeping the waitlist warm and converting families at the exact moment a slot opens is usually what keeps rooms full.

We put together a 20-minute discovery breakdown for independent practices:
{{TRACKED_URL_TOUCH_2}}

Would love to share what's working for clinics in IL if you're open to it.

Best,
Hudson","https://abaclinics.clubemkt.digital/aba?lid={{LEAD_ID}}&utm_source=cold_email&utm_medium=email&utm_campaign=pilot-2026-09-25-b2&utm_content=touch_2","Filling Equinox Autism & Learning Institute's caseload (IL)","Hi Chloe,

I know you're busy running Equinox Autism & Learning Institute. 

If patient intake or waitlist conversion isn't a priority right now, no worries at all. If you ever want to check our 2-minute fit assessment or look at the numbers, you can bookmark this link:

{{TRACKED_URL_TOUCH_3}}

Wishing you and the team continued success in Peoria!

Best,
Hudson","https://abaclinics.clubemkt.digital/aba?lid={{LEAD_ID}}&utm_source=cold_email&utm_medium=email&utm_campaign=pilot-2026-09-25-b2&utm_content=touch_3"
"Essence Developmental Solutions","Christian Aldridge","Christian","christian.aldridge@essenceabaut.org","Lehi","UT","1","pilot-2026-09-25-b2","Quick question about Essence Developmental Solutions's openings in UT","Hi Christian,

I was looking at independent ABA practices in Lehi and came across Essence Developmental Solutions. 

A lot of clinic owners we talk to with 1–3 locations tell us their biggest bottleneck isn't clinical interest—it's getting predictable commercial-insurance & private-pay inquiries without giving up margins to PE aggregators.

We built an intake & patient growth system specifically for independent practices at Essence Developmental Solutions. You can see how the intake flow and caseload matching work here:

{{TRACKED_URL_TOUCH_1}}

Do you have 15 minutes this Thursday or Friday to see if this fits your current openings?

Best,
Hudson Argollo
Gold Traffic / ABA Practice Growth","https://abaclinics.clubemkt.digital/aba?lid={{LEAD_ID}}&utm_source=cold_email&utm_medium=email&utm_campaign=pilot-2026-09-25-b2&utm_content=touch_1","Re: Essence Developmental Solutions's openings in UT","Hi Christian,

Quick follow-up on my note from earlier this week.

When clinics expand or try to hire new BCBAs, keeping the waitlist warm and converting families at the exact moment a slot opens is usually what keeps rooms full.

We put together a 20-minute discovery breakdown for independent practices:
{{TRACKED_URL_TOUCH_2}}

Would love to share what's working for clinics in UT if you're open to it.

Best,
Hudson","https://abaclinics.clubemkt.digital/aba?lid={{LEAD_ID}}&utm_source=cold_email&utm_medium=email&utm_campaign=pilot-2026-09-25-b2&utm_content=touch_2","Filling Essence Developmental Solutions's caseload (UT)","Hi Christian,

I know you're busy running Essence Developmental Solutions. 

If patient intake or waitlist conversion isn't a priority right now, no worries at all. If you ever want to check our 2-minute fit assessment or look at the numbers, you can bookmark this link:

{{TRACKED_URL_TOUCH_3}}

Wishing you and the team continued success in Lehi!

Best,
Hudson","https://abaclinics.clubemkt.digital/aba?lid={{LEAD_ID}}&utm_source=cold_email&utm_medium=email&utm_campaign=pilot-2026-09-25-b2&utm_content=touch_3"
"Essential Behavioral Therapy Center","Christina Alford","Christina","calford@essentialautismnj.com","Camden","NJ","2","pilot-2026-09-25-b2","Quick question about Essential Behavioral Therapy Center's openings in NJ","Hi Christina,

I was looking at independent ABA practices in Camden and came across Essential Behavioral Therapy Center. 

A lot of clinic owners we talk to with 1–3 locations tell us their biggest bottleneck isn't clinical interest—it's getting predictable commercial-insurance & private-pay inquiries without giving up margins to PE aggregators.

We built an intake & patient growth system specifically for independent practices across your 2 locations. You can see how the intake flow and caseload matching work here:

{{TRACKED_URL_TOUCH_1}}

Do you have 15 minutes this Thursday or Friday to see if this fits your current openings?

Best,
Hudson Argollo
Gold Traffic / ABA Practice Growth","https://abaclinics.clubemkt.digital/aba?lid={{LEAD_ID}}&utm_source=cold_email&utm_medium=email&utm_campaign=pilot-2026-09-25-b2&utm_content=touch_1","Re: Essential Behavioral Therapy Center's openings in NJ","Hi Christina,

Quick follow-up on my note from earlier this week.

When clinics expand or try to hire new BCBAs, keeping the waitlist warm and converting families at the exact moment a slot opens is usually what keeps rooms full.

We put together a 20-minute discovery breakdown for independent practices:
{{TRACKED_URL_TOUCH_2}}

Would love to share what's working for clinics in NJ if you're open to it.

Best,
Hudson","https://abaclinics.clubemkt.digital/aba?lid={{LEAD_ID}}&utm_source=cold_email&utm_medium=email&utm_campaign=pilot-2026-09-25-b2&utm_content=touch_2","Filling Essential Behavioral Therapy Center's caseload (NJ)","Hi Christina,

I know you're busy running Essential Behavioral Therapy Center. 

If patient intake or waitlist conversion isn't a priority right now, no worries at all. If you ever want to check our 2-minute fit assessment or look at the numbers, you can bookmark this link:

{{TRACKED_URL_TOUCH_3}}

Wishing you and the team continued success in Camden!

Best,
Hudson","https://abaclinics.clubemkt.digital/aba?lid={{LEAD_ID}}&utm_source=cold_email&utm_medium=email&utm_campaign=pilot-2026-09-25-b2&utm_content=touch_3"
"Estuary Autism Discovery Center","Christine Allan","Christine","christine.allan@estuarycaretx.com","Sugar Land","TX","3","pilot-2026-09-25-b2","Quick question about Estuary Autism Discovery Center's openings in TX","Hi Christine,

I was looking at independent ABA practices in Sugar Land and came across Estuary Autism Discovery Center. 

A lot of clinic owners we talk to with 1–3 locations tell us their biggest bottleneck isn't clinical interest—it's getting predictable commercial-insurance & private-pay inquiries without giving up margins to PE aggregators.

We built an intake & patient growth system specifically for independent practices across your 3 locations. You can see how the intake flow and caseload matching work here:

{{TRACKED_URL_TOUCH_1}}

Do you have 15 minutes this Thursday or Friday to see if this fits your current openings?

Best,
Hudson Argollo
Gold Traffic / ABA Practice Growth","https://abaclinics.clubemkt.digital/aba?lid={{LEAD_ID}}&utm_source=cold_email&utm_medium=email&utm_campaign=pilot-2026-09-25-b2&utm_content=touch_1","Re: Estuary Autism Discovery Center's openings in TX","Hi Christine,

Quick follow-up on my note from earlier this week.

When clinics expand or try to hire new BCBAs, keeping the waitlist warm and converting families at the exact moment a slot opens is usually what keeps rooms full.

We put together a 20-minute discovery breakdown for independent practices:
{{TRACKED_URL_TOUCH_2}}

Would love to share what's working for clinics in TX if you're open to it.

Best,
Hudson","https://abaclinics.clubemkt.digital/aba?lid={{LEAD_ID}}&utm_source=cold_email&utm_medium=email&utm_campaign=pilot-2026-09-25-b2&utm_content=touch_2","Filling Estuary Autism Discovery Center's caseload (TX)","Hi Christine,

I know you're busy running Estuary Autism Discovery Center. 

If patient intake or waitlist conversion isn't a priority right now, no worries at all. If you ever want to check our 2-minute fit assessment or look at the numbers, you can bookmark this link:

{{TRACKED_URL_TOUCH_3}}

Wishing you and the team continued success in Sugar Land!

Best,
Hudson","https://abaclinics.clubemkt.digital/aba?lid={{LEAD_ID}}&utm_source=cold_email&utm_medium=email&utm_campaign=pilot-2026-09-25-b2&utm_content=touch_3"
"Evergreen Behavioral Foundations","Christopher Alston","Christopher","calston@evergreenabafl.com","Sarasota","FL","4","pilot-2026-09-25-b2","Quick question about Evergreen Behavioral Foundations's openings in FL","Hi Christopher,

I was looking at independent ABA practices in Sarasota and came across Evergreen Behavioral Foundations. 

A lot of clinic owners we talk to with 1–4 locations tell us their biggest bottleneck isn't clinical interest—it's getting predictable commercial-insurance & private-pay inquiries without giving up margins to PE aggregators.

We built an intake & patient growth system specifically for independent practices across your 4 locations. You can see how the intake flow and caseload matching work here:

{{TRACKED_URL_TOUCH_1}}

Do you have 15 minutes this Thursday or Friday to see if this fits your current openings?

Best,
Hudson Argollo
Gold Traffic / ABA Practice Growth","https://abaclinics.clubemkt.digital/aba?lid={{LEAD_ID}}&utm_source=cold_email&utm_medium=email&utm_campaign=pilot-2026-09-25-b2&utm_content=touch_1","Re: Evergreen Behavioral Foundations's openings in FL","Hi Christopher,

Quick follow-up on my note from earlier this week.

When clinics expand or try to hire new BCBAs, keeping the waitlist warm and converting families at the exact moment a slot opens is usually what keeps rooms full.

We put together a 20-minute discovery breakdown for independent practices:
{{TRACKED_URL_TOUCH_2}}

Would love to share what's working for clinics in FL if you're open to it.

Best,
Hudson","https://abaclinics.clubemkt.digital/aba?lid={{LEAD_ID}}&utm_source=cold_email&utm_medium=email&utm_campaign=pilot-2026-09-25-b2&utm_content=touch_2","Filling Evergreen Behavioral Foundations's caseload (FL)","Hi Christopher,

I know you're busy running Evergreen Behavioral Foundations. 

If patient intake or waitlist conversion isn't a priority right now, no worries at all. If you ever want to check our 2-minute fit assessment or look at the numbers, you can bookmark this link:

{{TRACKED_URL_TOUCH_3}}

Wishing you and the team continued success in Sarasota!

Best,
Hudson","https://abaclinics.clubemkt.digital/aba?lid={{LEAD_ID}}&utm_source=cold_email&utm_medium=email&utm_campaign=pilot-2026-09-25-b2&utm_content=touch_3"
"Excel Therapeutic Solutions","Claire Alvarado","Claire","claire.alvarado@excelautismca.org","Long Beach","CA","1","pilot-2026-09-25-b2","Quick question about Excel Therapeutic Solutions's openings in CA","Hi Claire,

I was looking at independent ABA practices in Long Beach and came across Excel Therapeutic Solutions. 

A lot of clinic owners we talk to with 1–3 locations tell us their biggest bottleneck isn't clinical interest—it's getting predictable commercial-insurance & private-pay inquiries without giving up margins to PE aggregators.

We built an intake & patient growth system specifically for independent practices at Excel Therapeutic Solutions. You can see how the intake flow and caseload matching work here:

{{TRACKED_URL_TOUCH_1}}

Do you have 15 minutes this Thursday or Friday to see if this fits your current openings?

Best,
Hudson Argollo
Gold Traffic / ABA Practice Growth","https://abaclinics.clubemkt.digital/aba?lid={{LEAD_ID}}&utm_source=cold_email&utm_medium=email&utm_campaign=pilot-2026-09-25-b2&utm_content=touch_1","Re: Excel Therapeutic Solutions's openings in CA","Hi Claire,

Quick follow-up on my note from earlier this week.

When clinics expand or try to hire new BCBAs, keeping the waitlist warm and converting families at the exact moment a slot opens is usually what keeps rooms full.

We put together a 20-minute discovery breakdown for independent practices:
{{TRACKED_URL_TOUCH_2}}

Would love to share what's working for clinics in CA if you're open to it.

Best,
Hudson","https://abaclinics.clubemkt.digital/aba?lid={{LEAD_ID}}&utm_source=cold_email&utm_medium=email&utm_campaign=pilot-2026-09-25-b2&utm_content=touch_2","Filling Excel Therapeutic Solutions's caseload (CA)","Hi Claire,

I know you're busy running Excel Therapeutic Solutions. 

If patient intake or waitlist conversion isn't a priority right now, no worries at all. If you ever want to check our 2-minute fit assessment or look at the numbers, you can bookmark this link:

{{TRACKED_URL_TOUCH_3}}

Wishing you and the team continued success in Long Beach!

Best,
Hudson","https://abaclinics.clubemkt.digital/aba?lid={{LEAD_ID}}&utm_source=cold_email&utm_medium=email&utm_campaign=pilot-2026-09-25-b2&utm_content=touch_3"
"Excellence ABA Collective","Clara Alvarez","Clara","calvarez@excellencecarenc.com","Burlington","NC","2","pilot-2026-09-25-b2","Quick question about Excellence ABA Collective's openings in NC","Hi Clara,

I was looking at independent ABA practices in Burlington and came across Excellence ABA Collective. 

A lot of clinic owners we talk to with 1–3 locations tell us their biggest bottleneck isn't clinical interest—it's getting predictable commercial-insurance & private-pay inquiries without giving up margins to PE aggregators.

We built an intake & patient growth system specifically for independent practices across your 2 locations. You can see how the intake flow and caseload matching work here:

{{TRACKED_URL_TOUCH_1}}

Do you have 15 minutes this Thursday or Friday to see if this fits your current openings?

Best,
Hudson Argollo
Gold Traffic / ABA Practice Growth","https://abaclinics.clubemkt.digital/aba?lid={{LEAD_ID}}&utm_source=cold_email&utm_medium=email&utm_campaign=pilot-2026-09-25-b2&utm_content=touch_1","Re: Excellence ABA Collective's openings in NC","Hi Clara,

Quick follow-up on my note from earlier this week.

When clinics expand or try to hire new BCBAs, keeping the waitlist warm and converting families at the exact moment a slot opens is usually what keeps rooms full.

We put together a 20-minute discovery breakdown for independent practices:
{{TRACKED_URL_TOUCH_2}}

Would love to share what's working for clinics in NC if you're open to it.

Best,
Hudson","https://abaclinics.clubemkt.digital/aba?lid={{LEAD_ID}}&utm_source=cold_email&utm_medium=email&utm_campaign=pilot-2026-09-25-b2&utm_content=touch_2","Filling Excellence ABA Collective's caseload (NC)","Hi Clara,

I know you're busy running Excellence ABA Collective. 

If patient intake or waitlist conversion isn't a priority right now, no worries at all. If you ever want to check our 2-minute fit assessment or look at the numbers, you can bookmark this link:

{{TRACKED_URL_TOUCH_3}}

Wishing you and the team continued success in Burlington!

Best,
Hudson","https://abaclinics.clubemkt.digital/aba?lid={{LEAD_ID}}&utm_source=cold_email&utm_medium=email&utm_campaign=pilot-2026-09-25-b2&utm_content=touch_3"
"Expansion Autism Clinic","Aaron Amato","Aaron","aaron.amato@expansionabaga.net","Atlanta","GA","3","pilot-2026-09-25-b2","Quick question about Expansion Autism Clinic's openings in GA","Hi Aaron,

I was looking at independent ABA practices in Atlanta and came across Expansion Autism Clinic. 

A lot of clinic owners we talk to with 1–3 locations tell us their biggest bottleneck isn't clinical interest—it's getting predictable commercial-insurance & private-pay inquiries without giving up margins to PE aggregators.

We built an intake & patient growth system specifically for independent practices across your 3 locations. You can see how the intake flow and caseload matching work here:

{{TRACKED_URL_TOUCH_1}}

Do you have 15 minutes this Thursday or Friday to see if this fits your current openings?

Best,
Hudson Argollo
Gold Traffic / ABA Practice Growth","https://abaclinics.clubemkt.digital/aba?lid={{LEAD_ID}}&utm_source=cold_email&utm_medium=email&utm_campaign=pilot-2026-09-25-b2&utm_content=touch_1","Re: Expansion Autism Clinic's openings in GA","Hi Aaron,

Quick follow-up on my note from earlier this week.

When clinics expand or try to hire new BCBAs, keeping the waitlist warm and converting families at the exact moment a slot opens is usually what keeps rooms full.

We put together a 20-minute discovery breakdown for independent practices:
{{TRACKED_URL_TOUCH_2}}

Would love to share what's working for clinics in GA if you're open to it.

Best,
Hudson","https://abaclinics.clubemkt.digital/aba?lid={{LEAD_ID}}&utm_source=cold_email&utm_medium=email&utm_campaign=pilot-2026-09-25-b2&utm_content=touch_2","Filling Expansion Autism Clinic's caseload (GA)","Hi Aaron,

I know you're busy running Expansion Autism Clinic. 

If patient intake or waitlist conversion isn't a priority right now, no worries at all. If you ever want to check our 2-minute fit assessment or look at the numbers, you can bookmark this link:

{{TRACKED_URL_TOUCH_3}}

Wishing you and the team continued success in Atlanta!

Best,
Hudson","https://abaclinics.clubemkt.digital/aba?lid={{LEAD_ID}}&utm_source=cold_email&utm_medium=email&utm_campaign=pilot-2026-09-25-b2&utm_content=touch_3"
"Express ABA Center","Abigail Ambrose","Abigail","aambrose@expressautismco.com","Fort Collins","CO","4","pilot-2026-09-25-b2","Quick question about Express ABA Center's openings in CO","Hi Abigail,

I was looking at independent ABA practices in Fort Collins and came across Express ABA Center. 

A lot of clinic owners we talk to with 1–4 locations tell us their biggest bottleneck isn't clinical interest—it's getting predictable commercial-insurance & private-pay inquiries without giving up margins to PE aggregators.

We built an intake & patient growth system specifically for independent practices across your 4 locations. You can see how the intake flow and caseload matching work here:

{{TRACKED_URL_TOUCH_1}}

Do you have 15 minutes this Thursday or Friday to see if this fits your current openings?

Best,
Hudson Argollo
Gold Traffic / ABA Practice Growth","https://abaclinics.clubemkt.digital/aba?lid={{LEAD_ID}}&utm_source=cold_email&utm_medium=email&utm_campaign=pilot-2026-09-25-b2&utm_content=touch_1","Re: Express ABA Center's openings in CO","Hi Abigail,

Quick follow-up on my note from earlier this week.

When clinics expand or try to hire new BCBAs, keeping the waitlist warm and converting families at the exact moment a slot opens is usually what keeps rooms full.

We put together a 20-minute discovery breakdown for independent practices:
{{TRACKED_URL_TOUCH_2}}

Would love to share what's working for clinics in CO if you're open to it.

Best,
Hudson","https://abaclinics.clubemkt.digital/aba?lid={{LEAD_ID}}&utm_source=cold_email&utm_medium=email&utm_campaign=pilot-2026-09-25-b2&utm_content=touch_2","Filling Express ABA Center's caseload (CO)","Hi Abigail,

I know you're busy running Express ABA Center. 

If patient intake or waitlist conversion isn't a priority right now, no worries at all. If you ever want to check our 2-minute fit assessment or look at the numbers, you can bookmark this link:

{{TRACKED_URL_TOUCH_3}}

Wishing you and the team continued success in Fort Collins!

Best,
Hudson","https://abaclinics.clubemkt.digital/aba?lid={{LEAD_ID}}&utm_source=cold_email&utm_medium=email&utm_campaign=pilot-2026-09-25-b2&utm_content=touch_3"
"Faith Behavioral Health Network","Adam Ames","Adam","adam.ames@faithcareva.org","Arlington","VA","1","pilot-2026-09-25-b2","Quick question about Faith Behavioral Health Network's openings in VA","Hi Adam,

I was looking at independent ABA practices in Arlington and came across Faith Behavioral Health Network. 

A lot of clinic owners we talk to with 1–3 locations tell us their biggest bottleneck isn't clinical interest—it's getting predictable commercial-insurance & private-pay inquiries without giving up margins to PE aggregators.

We built an intake & patient growth system specifically for independent practices at Faith Behavioral Health Network. You can see how the intake flow and caseload matching work here:

{{TRACKED_URL_TOUCH_1}}

Do you have 15 minutes this Thursday or Friday to see if this fits your current openings?

Best,
Hudson Argollo
Gold Traffic / ABA Practice Growth","https://abaclinics.clubemkt.digital/aba?lid={{LEAD_ID}}&utm_source=cold_email&utm_medium=email&utm_campaign=pilot-2026-09-25-b2&utm_content=touch_1","Re: Faith Behavioral Health Network's openings in VA","Hi Adam,

Quick follow-up on my note from earlier this week.

When clinics expand or try to hire new BCBAs, keeping the waitlist warm and converting families at the exact moment a slot opens is usually what keeps rooms full.

We put together a 20-minute discovery breakdown for independent practices:
{{TRACKED_URL_TOUCH_2}}

Would love to share what's working for clinics in VA if you're open to it.

Best,
Hudson","https://abaclinics.clubemkt.digital/aba?lid={{LEAD_ID}}&utm_source=cold_email&utm_medium=email&utm_campaign=pilot-2026-09-25-b2&utm_content=touch_2","Filling Faith Behavioral Health Network's caseload (VA)","Hi Adam,

I know you're busy running Faith Behavioral Health Network. 

If patient intake or waitlist conversion isn't a priority right now, no worries at all. If you ever want to check our 2-minute fit assessment or look at the numbers, you can bookmark this link:

{{TRACKED_URL_TOUCH_3}}

Wishing you and the team continued success in Arlington!

Best,
Hudson","https://abaclinics.clubemkt.digital/aba?lid={{LEAD_ID}}&utm_source=cold_email&utm_medium=email&utm_campaign=pilot-2026-09-25-b2&utm_content=touch_3"
"Family First Autism Group","Adrian Amos","Adrian","aamos@familyfirstabamd.com","Gaithersburg","MD","2","pilot-2026-09-25-b2","Quick question about Family First Autism Group's openings in MD","Hi Adrian,

I was looking at independent ABA practices in Gaithersburg and came across Family First Autism Group. 

A lot of clinic owners we talk to with 1–3 locations tell us their biggest bottleneck isn't clinical interest—it's getting predictable commercial-insurance & private-pay inquiries without giving up margins to PE aggregators.

We built an intake & patient growth system specifically for independent practices across your 2 locations. You can see how the intake flow and caseload matching work here:

{{TRACKED_URL_TOUCH_1}}

Do you have 15 minutes this Thursday or Friday to see if this fits your current openings?

Best,
Hudson Argollo
Gold Traffic / ABA Practice Growth","https://abaclinics.clubemkt.digital/aba?lid={{LEAD_ID}}&utm_source=cold_email&utm_medium=email&utm_campaign=pilot-2026-09-25-b2&utm_content=touch_1","Re: Family First Autism Group's openings in MD","Hi Adrian,

Quick follow-up on my note from earlier this week.

When clinics expand or try to hire new BCBAs, keeping the waitlist warm and converting families at the exact moment a slot opens is usually what keeps rooms full.

We put together a 20-minute discovery breakdown for independent practices:
{{TRACKED_URL_TOUCH_2}}

Would love to share what's working for clinics in MD if you're open to it.

Best,
Hudson","https://abaclinics.clubemkt.digital/aba?lid={{LEAD_ID}}&utm_source=cold_email&utm_medium=email&utm_campaign=pilot-2026-09-25-b2&utm_content=touch_2","Filling Family First Autism Group's caseload (MD)","Hi Adrian,

I know you're busy running Family First Autism Group. 

If patient intake or waitlist conversion isn't a priority right now, no worries at all. If you ever want to check our 2-minute fit assessment or look at the numbers, you can bookmark this link:

{{TRACKED_URL_TOUCH_3}}

Wishing you and the team continued success in Gaithersburg!

Best,
Hudson","https://abaclinics.clubemkt.digital/aba?lid={{LEAD_ID}}&utm_source=cold_email&utm_medium=email&utm_campaign=pilot-2026-09-25-b2&utm_content=touch_3"
"Feather Applied Behavior Specialists","Aiden Anaya","Aiden","aiden.anaya@featherautismil.com","Joliet","IL","3","pilot-2026-09-25-b2","Quick question about Feather Applied Behavior Specialists's openings in IL","Hi Aiden,

I was looking at independent ABA practices in Joliet and came across Feather Applied Behavior Specialists. 

A lot of clinic owners we talk to with 1–3 locations tell us their biggest bottleneck isn't clinical interest—it's getting predictable commercial-insurance & private-pay inquiries without giving up margins to PE aggregators.

We built an intake & patient growth system specifically for independent practices across your 3 locations. You can see how the intake flow and caseload matching work here:

{{TRACKED_URL_TOUCH_1}}

Do you have 15 minutes this Thursday or Friday to see if this fits your current openings?

Best,
Hudson Argollo
Gold Traffic / ABA Practice Growth","https://abaclinics.clubemkt.digital/aba?lid={{LEAD_ID}}&utm_source=cold_email&utm_medium=email&utm_campaign=pilot-2026-09-25-b2&utm_content=touch_1","Re: Feather Applied Behavior Specialists's openings in IL","Hi Aiden,

Quick follow-up on my note from earlier this week.

When clinics expand or try to hire new BCBAs, keeping the waitlist warm and converting families at the exact moment a slot opens is usually what keeps rooms full.

We put together a 20-minute discovery breakdown for independent practices:
{{TRACKED_URL_TOUCH_2}}

Would love to share what's working for clinics in IL if you're open to it.

Best,
Hudson","https://abaclinics.clubemkt.digital/aba?lid={{LEAD_ID}}&utm_source=cold_email&utm_medium=email&utm_campaign=pilot-2026-09-25-b2&utm_content=touch_2","Filling Feather Applied Behavior Specialists's caseload (IL)","Hi Aiden,

I know you're busy running Feather Applied Behavior Specialists. 

If patient intake or waitlist conversion isn't a priority right now, no worries at all. If you ever want to check our 2-minute fit assessment or look at the numbers, you can bookmark this link:

{{TRACKED_URL_TOUCH_3}}

Wishing you and the team continued success in Joliet!

Best,
Hudson","https://abaclinics.clubemkt.digital/aba?lid={{LEAD_ID}}&utm_source=cold_email&utm_medium=email&utm_campaign=pilot-2026-09-25-b2&utm_content=touch_3"
"First Step Therapy Partners","Alex Anders","Alex","aanders@firststepcareut.com","Layton","UT","4","pilot-2026-09-25-b2","Quick question about First Step Therapy Partners's openings in UT","Hi Alex,

I was looking at independent ABA practices in Layton and came across First Step Therapy Partners. 

A lot of clinic owners we talk to with 1–4 locations tell us their biggest bottleneck isn't clinical interest—it's getting predictable commercial-insurance & private-pay inquiries without giving up margins to PE aggregators.

We built an intake & patient growth system specifically for independent practices across your 4 locations. You can see how the intake flow and caseload matching work here:

{{TRACKED_URL_TOUCH_1}}

Do you have 15 minutes this Thursday or Friday to see if this fits your current openings?

Best,
Hudson Argollo
Gold Traffic / ABA Practice Growth","https://abaclinics.clubemkt.digital/aba?lid={{LEAD_ID}}&utm_source=cold_email&utm_medium=email&utm_campaign=pilot-2026-09-25-b2&utm_content=touch_1","Re: First Step Therapy Partners's openings in UT","Hi Alex,

Quick follow-up on my note from earlier this week.

When clinics expand or try to hire new BCBAs, keeping the waitlist warm and converting families at the exact moment a slot opens is usually what keeps rooms full.

We put together a 20-minute discovery breakdown for independent practices:
{{TRACKED_URL_TOUCH_2}}

Would love to share what's working for clinics in UT if you're open to it.

Best,
Hudson","https://abaclinics.clubemkt.digital/aba?lid={{LEAD_ID}}&utm_source=cold_email&utm_medium=email&utm_campaign=pilot-2026-09-25-b2&utm_content=touch_2","Filling First Step Therapy Partners's caseload (UT)","Hi Alex,

I know you're busy running First Step Therapy Partners. 

If patient intake or waitlist conversion isn't a priority right now, no worries at all. If you ever want to check our 2-minute fit assessment or look at the numbers, you can bookmark this link:

{{TRACKED_URL_TOUCH_3}}

Wishing you and the team continued success in Layton!

Best,
Hudson","https://abaclinics.clubemkt.digital/aba?lid={{LEAD_ID}}&utm_source=cold_email&utm_medium=email&utm_campaign=pilot-2026-09-25-b2&utm_content=touch_3"
"Focus Pediatric Autism Services","Alexander Andersen","Alexander","alexander.andersen@focusabanj.org","Princeton","NJ","1","pilot-2026-09-25-b2","Quick question about Focus Pediatric Autism Services's openings in NJ","Hi Alexander,

I was looking at independent ABA practices in Princeton and came across Focus Pediatric Autism Services. 

A lot of clinic owners we talk to with 1–3 locations tell us their biggest bottleneck isn't clinical interest—it's getting predictable commercial-insurance & private-pay inquiries without giving up margins to PE aggregators.

We built an intake & patient growth system specifically for independent practices at Focus Pediatric Autism Services. You can see how the intake flow and caseload matching work here:

{{TRACKED_URL_TOUCH_1}}

Do you have 15 minutes this Thursday or Friday to see if this fits your current openings?

Best,
Hudson Argollo
Gold Traffic / ABA Practice Growth","https://abaclinics.clubemkt.digital/aba?lid={{LEAD_ID}}&utm_source=cold_email&utm_medium=email&utm_campaign=pilot-2026-09-25-b2&utm_content=touch_1","Re: Focus Pediatric Autism Services's openings in NJ","Hi Alexander,

Quick follow-up on my note from earlier this week.

When clinics expand or try to hire new BCBAs, keeping the waitlist warm and converting families at the exact moment a slot opens is usually what keeps rooms full.

We put together a 20-minute discovery breakdown for independent practices:
{{TRACKED_URL_TOUCH_2}}

Would love to share what's working for clinics in NJ if you're open to it.

Best,
Hudson","https://abaclinics.clubemkt.digital/aba?lid={{LEAD_ID}}&utm_source=cold_email&utm_medium=email&utm_campaign=pilot-2026-09-25-b2&utm_content=touch_2","Filling Focus Pediatric Autism Services's caseload (NJ)","Hi Alexander,

I know you're busy running Focus Pediatric Autism Services. 

If patient intake or waitlist conversion isn't a priority right now, no worries at all. If you ever want to check our 2-minute fit assessment or look at the numbers, you can bookmark this link:

{{TRACKED_URL_TOUCH_3}}

Wishing you and the team continued success in Princeton!

Best,
Hudson","https://abaclinics.clubemkt.digital/aba?lid={{LEAD_ID}}&utm_source=cold_email&utm_medium=email&utm_campaign=pilot-2026-09-25-b2&utm_content=touch_3"
"Footprints Behavioral Care Center","Alexandra Anderson","Alexandra","aanderson@footprintsautismtx.net","College Station","TX","2","pilot-2026-09-25-b2","Quick question about Footprints Behavioral Care Center's openings in TX","Hi Alexandra,

I was looking at independent ABA practices in College Station and came across Footprints Behavioral Care Center. 

A lot of clinic owners we talk to with 1–3 locations tell us their biggest bottleneck isn't clinical interest—it's getting predictable commercial-insurance & private-pay inquiries without giving up margins to PE aggregators.

We built an intake & patient growth system specifically for independent practices across your 2 locations. You can see how the intake flow and caseload matching work here:

{{TRACKED_URL_TOUCH_1}}

Do you have 15 minutes this Thursday or Friday to see if this fits your current openings?

Best,
Hudson Argollo
Gold Traffic / ABA Practice Growth","https://abaclinics.clubemkt.digital/aba?lid={{LEAD_ID}}&utm_source=cold_email&utm_medium=email&utm_campaign=pilot-2026-09-25-b2&utm_content=touch_1","Re: Footprints Behavioral Care Center's openings in TX","Hi Alexandra,

Quick follow-up on my note from earlier this week.

When clinics expand or try to hire new BCBAs, keeping the waitlist warm and converting families at the exact moment a slot opens is usually what keeps rooms full.

We put together a 20-minute discovery breakdown for independent practices:
{{TRACKED_URL_TOUCH_2}}

Would love to share what's working for clinics in TX if you're open to it.

Best,
Hudson","https://abaclinics.clubemkt.digital/aba?lid={{LEAD_ID}}&utm_source=cold_email&utm_medium=email&utm_campaign=pilot-2026-09-25-b2&utm_content=touch_2","Filling Footprints Behavioral Care Center's caseload (TX)","Hi Alexandra,

I know you're busy running Footprints Behavioral Care Center. 

If patient intake or waitlist conversion isn't a priority right now, no worries at all. If you ever want to check our 2-minute fit assessment or look at the numbers, you can bookmark this link:

{{TRACKED_URL_TOUCH_3}}

Wishing you and the team continued success in College Station!

Best,
Hudson","https://abaclinics.clubemkt.digital/aba?lid={{LEAD_ID}}&utm_source=cold_email&utm_medium=email&utm_campaign=pilot-2026-09-25-b2&utm_content=touch_3"
"Forge Autism & Learning Institute","Alexis Andrade","Alexis","alexis.andrade@forgecarefl.com","Coral Gables","FL","3","pilot-2026-09-25-b2","Quick question about Forge Autism & Learning Institute's openings in FL","Hi Alexis,

I was looking at independent ABA practices in Coral Gables and came across Forge Autism & Learning Institute. 

A lot of clinic owners we talk to with 1–3 locations tell us their biggest bottleneck isn't clinical interest—it's getting predictable commercial-insurance & private-pay inquiries without giving up margins to PE aggregators.

We built an intake & patient growth system specifically for independent practices across your 3 locations. You can see how the intake flow and caseload matching work here:

{{TRACKED_URL_TOUCH_1}}

Do you have 15 minutes this Thursday or Friday to see if this fits your current openings?

Best,
Hudson Argollo
Gold Traffic / ABA Practice Growth","https://abaclinics.clubemkt.digital/aba?lid={{LEAD_ID}}&utm_source=cold_email&utm_medium=email&utm_campaign=pilot-2026-09-25-b2&utm_content=touch_1","Re: Forge Autism & Learning Institute's openings in FL","Hi Alexis,

Quick follow-up on my note from earlier this week.

When clinics expand or try to hire new BCBAs, keeping the waitlist warm and converting families at the exact moment a slot opens is usually what keeps rooms full.

We put together a 20-minute discovery breakdown for independent practices:
{{TRACKED_URL_TOUCH_2}}

Would love to share what's working for clinics in FL if you're open to it.

Best,
Hudson","https://abaclinics.clubemkt.digital/aba?lid={{LEAD_ID}}&utm_source=cold_email&utm_medium=email&utm_campaign=pilot-2026-09-25-b2&utm_content=touch_2","Filling Forge Autism & Learning Institute's caseload (FL)","Hi Alexis,

I know you're busy running Forge Autism & Learning Institute. 

If patient intake or waitlist conversion isn't a priority right now, no worries at all. If you ever want to check our 2-minute fit assessment or look at the numbers, you can bookmark this link:

{{TRACKED_URL_TOUCH_3}}

Wishing you and the team continued success in Coral Gables!

Best,
Hudson","https://abaclinics.clubemkt.digital/aba?lid={{LEAD_ID}}&utm_source=cold_email&utm_medium=email&utm_campaign=pilot-2026-09-25-b2&utm_content=touch_3"
"Frontier Developmental Solutions","Alice Andrews","Alice","aandrews@frontierabaca.com","Santa Rosa","CA","4","pilot-2026-09-25-b2","Quick question about Frontier Developmental Solutions's openings in CA","Hi Alice,

I was looking at independent ABA practices in Santa Rosa and came across Frontier Developmental Solutions. 

A lot of clinic owners we talk to with 1–4 locations tell us their biggest bottleneck isn't clinical interest—it's getting predictable commercial-insurance & private-pay inquiries without giving up margins to PE aggregators.

We built an intake & patient growth system specifically for independent practices across your 4 locations. You can see how the intake flow and caseload matching work here:

{{TRACKED_URL_TOUCH_1}}

Do you have 15 minutes this Thursday or Friday to see if this fits your current openings?

Best,
Hudson Argollo
Gold Traffic / ABA Practice Growth","https://abaclinics.clubemkt.digital/aba?lid={{LEAD_ID}}&utm_source=cold_email&utm_medium=email&utm_campaign=pilot-2026-09-25-b2&utm_content=touch_1","Re: Frontier Developmental Solutions's openings in CA","Hi Alice,

Quick follow-up on my note from earlier this week.

When clinics expand or try to hire new BCBAs, keeping the waitlist warm and converting families at the exact moment a slot opens is usually what keeps rooms full.

We put together a 20-minute discovery breakdown for independent practices:
{{TRACKED_URL_TOUCH_2}}

Would love to share what's working for clinics in CA if you're open to it.

Best,
Hudson","https://abaclinics.clubemkt.digital/aba?lid={{LEAD_ID}}&utm_source=cold_email&utm_medium=email&utm_campaign=pilot-2026-09-25-b2&utm_content=touch_2","Filling Frontier Developmental Solutions's caseload (CA)","Hi Alice,

I know you're busy running Frontier Developmental Solutions. 

If patient intake or waitlist conversion isn't a priority right now, no worries at all. If you ever want to check our 2-minute fit assessment or look at the numbers, you can bookmark this link:

{{TRACKED_URL_TOUCH_3}}

Wishing you and the team continued success in Santa Rosa!

Best,
Hudson","https://abaclinics.clubemkt.digital/aba?lid={{LEAD_ID}}&utm_source=cold_email&utm_medium=email&utm_campaign=pilot-2026-09-25-b2&utm_content=touch_3"
"Acorn Behavioral Therapy Center","Allison Anthony","Allison","allison.anthony@acornautismnc.org","Gastonia","NC","1","pilot-2026-09-25-b2","Quick question about Acorn Behavioral Therapy Center's openings in NC","Hi Allison,

I was looking at independent ABA practices in Gastonia and came across Acorn Behavioral Therapy Center. 

A lot of clinic owners we talk to with 1–3 locations tell us their biggest bottleneck isn't clinical interest—it's getting predictable commercial-insurance & private-pay inquiries without giving up margins to PE aggregators.

We built an intake & patient growth system specifically for independent practices at Acorn Behavioral Therapy Center. You can see how the intake flow and caseload matching work here:

{{TRACKED_URL_TOUCH_1}}

Do you have 15 minutes this Thursday or Friday to see if this fits your current openings?

Best,
Hudson Argollo
Gold Traffic / ABA Practice Growth","https://abaclinics.clubemkt.digital/aba?lid={{LEAD_ID}}&utm_source=cold_email&utm_medium=email&utm_campaign=pilot-2026-09-25-b2&utm_content=touch_1","Re: Acorn Behavioral Therapy Center's openings in NC","Hi Allison,

Quick follow-up on my note from earlier this week.

When clinics expand or try to hire new BCBAs, keeping the waitlist warm and converting families at the exact moment a slot opens is usually what keeps rooms full.

We put together a 20-minute discovery breakdown for independent practices:
{{TRACKED_URL_TOUCH_2}}

Would love to share what's working for clinics in NC if you're open to it.

Best,
Hudson","https://abaclinics.clubemkt.digital/aba?lid={{LEAD_ID}}&utm_source=cold_email&utm_medium=email&utm_campaign=pilot-2026-09-25-b2&utm_content=touch_2","Filling Acorn Behavioral Therapy Center's caseload (NC)","Hi Allison,

I know you're busy running Acorn Behavioral Therapy Center. 

If patient intake or waitlist conversion isn't a priority right now, no worries at all. If you ever want to check our 2-minute fit assessment or look at the numbers, you can bookmark this link:

{{TRACKED_URL_TOUCH_3}}

Wishing you and the team continued success in Gastonia!

Best,
Hudson","https://abaclinics.clubemkt.digital/aba?lid={{LEAD_ID}}&utm_source=cold_email&utm_medium=email&utm_campaign=pilot-2026-09-25-b2&utm_content=touch_3"
"Action Autism Discovery Center","Alyssa Archer","Alyssa","aarcher@actioncarega.com","Cumming","GA","2","pilot-2026-09-25-b2","Quick question about Action Autism Discovery Center's openings in GA","Hi Alyssa,

I was looking at independent ABA practices in Cumming and came across Action Autism Discovery Center. 

A lot of clinic owners we talk to with 1–3 locations tell us their biggest bottleneck isn't clinical interest—it's getting predictable commercial-insurance & private-pay inquiries without giving up margins to PE aggregators.

We built an intake & patient growth system specifically for independent practices across your 2 locations. You can see how the intake flow and caseload matching work here:

{{TRACKED_URL_TOUCH_1}}

Do you have 15 minutes this Thursday or Friday to see if this fits your current openings?

Best,
Hudson Argollo
Gold Traffic / ABA Practice Growth","https://abaclinics.clubemkt.digital/aba?lid={{LEAD_ID}}&utm_source=cold_email&utm_medium=email&utm_campaign=pilot-2026-09-25-b2&utm_content=touch_1","Re: Action Autism Discovery Center's openings in GA","Hi Alyssa,

Quick follow-up on my note from earlier this week.

When clinics expand or try to hire new BCBAs, keeping the waitlist warm and converting families at the exact moment a slot opens is usually what keeps rooms full.

We put together a 20-minute discovery breakdown for independent practices:
{{TRACKED_URL_TOUCH_2}}

Would love to share what's working for clinics in GA if you're open to it.

Best,
Hudson","https://abaclinics.clubemkt.digital/aba?lid={{LEAD_ID}}&utm_source=cold_email&utm_medium=email&utm_campaign=pilot-2026-09-25-b2&utm_content=touch_2","Filling Action Autism Discovery Center's caseload (GA)","Hi Alyssa,

I know you're busy running Action Autism Discovery Center. 

If patient intake or waitlist conversion isn't a priority right now, no worries at all. If you ever want to check our 2-minute fit assessment or look at the numbers, you can bookmark this link:

{{TRACKED_URL_TOUCH_3}}

Wishing you and the team continued success in Cumming!

Best,
Hudson","https://abaclinics.clubemkt.digital/aba?lid={{LEAD_ID}}&utm_source=cold_email&utm_medium=email&utm_campaign=pilot-2026-09-25-b2&utm_content=touch_3"
"Active Behavioral Foundations","Amber Arellano","Amber","amber.arellano@activeabaco.com","Colorado Springs","CO","3","pilot-2026-09-25-b2","Quick question about Active Behavioral Foundations's openings in CO","Hi Amber,

I was looking at independent ABA practices in Colorado Springs and came across Active Behavioral Foundations. 

A lot of clinic owners we talk to with 1–3 locations tell us their biggest bottleneck isn't clinical interest—it's getting predictable commercial-insurance & private-pay inquiries without giving up margins to PE aggregators.

We built an intake & patient growth system specifically for independent practices across your 3 locations. You can see how the intake flow and caseload matching work here:

{{TRACKED_URL_TOUCH_1}}

Do you have 15 minutes this Thursday or Friday to see if this fits your current openings?

Best,
Hudson Argollo
Gold Traffic / ABA Practice Growth","https://abaclinics.clubemkt.digital/aba?lid={{LEAD_ID}}&utm_source=cold_email&utm_medium=email&utm_campaign=pilot-2026-09-25-b2&utm_content=touch_1","Re: Active Behavioral Foundations's openings in CO","Hi Amber,

Quick follow-up on my note from earlier this week.

When clinics expand or try to hire new BCBAs, keeping the waitlist warm and converting families at the exact moment a slot opens is usually what keeps rooms full.

We put together a 20-minute discovery breakdown for independent practices:
{{TRACKED_URL_TOUCH_2}}

Would love to share what's working for clinics in CO if you're open to it.

Best,
Hudson","https://abaclinics.clubemkt.digital/aba?lid={{LEAD_ID}}&utm_source=cold_email&utm_medium=email&utm_campaign=pilot-2026-09-25-b2&utm_content=touch_2","Filling Active Behavioral Foundations's caseload (CO)","Hi Amber,

I know you're busy running Active Behavioral Foundations. 

If patient intake or waitlist conversion isn't a priority right now, no worries at all. If you ever want to check our 2-minute fit assessment or look at the numbers, you can bookmark this link:

{{TRACKED_URL_TOUCH_3}}

Wishing you and the team continued success in Colorado Springs!

Best,
Hudson","https://abaclinics.clubemkt.digital/aba?lid={{LEAD_ID}}&utm_source=cold_email&utm_medium=email&utm_campaign=pilot-2026-09-25-b2&utm_content=touch_3"
"Advance Therapeutic Solutions","Amy Armenta","Amy","aarmenta@advanceautismva.com","Norfolk","VA","4","pilot-2026-09-25-b2","Quick question about Advance Therapeutic Solutions's openings in VA","Hi Amy,

I was looking at independent ABA practices in Norfolk and came across Advance Therapeutic Solutions. 

A lot of clinic owners we talk to with 1–4 locations tell us their biggest bottleneck isn't clinical interest—it's getting predictable commercial-insurance & private-pay inquiries without giving up margins to PE aggregators.

We built an intake & patient growth system specifically for independent practices across your 4 locations. You can see how the intake flow and caseload matching work here:

{{TRACKED_URL_TOUCH_1}}

Do you have 15 minutes this Thursday or Friday to see if this fits your current openings?

Best,
Hudson Argollo
Gold Traffic / ABA Practice Growth","https://abaclinics.clubemkt.digital/aba?lid={{LEAD_ID}}&utm_source=cold_email&utm_medium=email&utm_campaign=pilot-2026-09-25-b2&utm_content=touch_1","Re: Advance Therapeutic Solutions's openings in VA","Hi Amy,

Quick follow-up on my note from earlier this week.

When clinics expand or try to hire new BCBAs, keeping the waitlist warm and converting families at the exact moment a slot opens is usually what keeps rooms full.

We put together a 20-minute discovery breakdown for independent practices:
{{TRACKED_URL_TOUCH_2}}

Would love to share what's working for clinics in VA if you're open to it.

Best,
Hudson","https://abaclinics.clubemkt.digital/aba?lid={{LEAD_ID}}&utm_source=cold_email&utm_medium=email&utm_campaign=pilot-2026-09-25-b2&utm_content=touch_2","Filling Advance Therapeutic Solutions's caseload (VA)","Hi Amy,

I know you're busy running Advance Therapeutic Solutions. 

If patient intake or waitlist conversion isn't a priority right now, no worries at all. If you ever want to check our 2-minute fit assessment or look at the numbers, you can bookmark this link:

{{TRACKED_URL_TOUCH_3}}

Wishing you and the team continued success in Norfolk!

Best,
Hudson","https://abaclinics.clubemkt.digital/aba?lid={{LEAD_ID}}&utm_source=cold_email&utm_medium=email&utm_campaign=pilot-2026-09-25-b2&utm_content=touch_3"
"Advantage ABA Collective","Andrea Armstrong","Andrea","andrea.armstrong@advantagecaremd.org","Silver Spring","MD","1","pilot-2026-09-25-b2","Quick question about Advantage ABA Collective's openings in MD","Hi Andrea,

I was looking at independent ABA practices in Silver Spring and came across Advantage ABA Collective. 

A lot of clinic owners we talk to with 1–3 locations tell us their biggest bottleneck isn't clinical interest—it's getting predictable commercial-insurance & private-pay inquiries without giving up margins to PE aggregators.

We built an intake & patient growth system specifically for independent practices at Advantage ABA Collective. You can see how the intake flow and caseload matching work here:

{{TRACKED_URL_TOUCH_1}}

Do you have 15 minutes this Thursday or Friday to see if this fits your current openings?

Best,
Hudson Argollo
Gold Traffic / ABA Practice Growth","https://abaclinics.clubemkt.digital/aba?lid={{LEAD_ID}}&utm_source=cold_email&utm_medium=email&utm_campaign=pilot-2026-09-25-b2&utm_content=touch_1","Re: Advantage ABA Collective's openings in MD","Hi Andrea,

Quick follow-up on my note from earlier this week.

When clinics expand or try to hire new BCBAs, keeping the waitlist warm and converting families at the exact moment a slot opens is usually what keeps rooms full.

We put together a 20-minute discovery breakdown for independent practices:
{{TRACKED_URL_TOUCH_2}}

Would love to share what's working for clinics in MD if you're open to it.

Best,
Hudson","https://abaclinics.clubemkt.digital/aba?lid={{LEAD_ID}}&utm_source=cold_email&utm_medium=email&utm_campaign=pilot-2026-09-25-b2&utm_content=touch_2","Filling Advantage ABA Collective's caseload (MD)","Hi Andrea,

I know you're busy running Advantage ABA Collective. 

If patient intake or waitlist conversion isn't a priority right now, no worries at all. If you ever want to check our 2-minute fit assessment or look at the numbers, you can bookmark this link:

{{TRACKED_URL_TOUCH_3}}

Wishing you and the team continued success in Silver Spring!

Best,
Hudson","https://abaclinics.clubemkt.digital/aba?lid={{LEAD_ID}}&utm_source=cold_email&utm_medium=email&utm_campaign=pilot-2026-09-25-b2&utm_content=touch_3"
"Aim Autism Clinic","Andrew Arndt","Andrew","aarndt@aimabail.com","Naperville","IL","2","pilot-2026-09-25-b2","Quick question about Aim Autism Clinic's openings in IL","Hi Andrew,

I was looking at independent ABA practices in Naperville and came across Aim Autism Clinic. 

A lot of clinic owners we talk to with 1–3 locations tell us their biggest bottleneck isn't clinical interest—it's getting predictable commercial-insurance & private-pay inquiries without giving up margins to PE aggregators.

We built an intake & patient growth system specifically for independent practices across your 2 locations. You can see how the intake flow and caseload matching work here:

{{TRACKED_URL_TOUCH_1}}

Do you have 15 minutes this Thursday or Friday to see if this fits your current openings?

Best,
Hudson Argollo
Gold Traffic / ABA Practice Growth","https://abaclinics.clubemkt.digital/aba?lid={{LEAD_ID}}&utm_source=cold_email&utm_medium=email&utm_campaign=pilot-2026-09-25-b2&utm_content=touch_1","Re: Aim Autism Clinic's openings in IL","Hi Andrew,

Quick follow-up on my note from earlier this week.

When clinics expand or try to hire new BCBAs, keeping the waitlist warm and converting families at the exact moment a slot opens is usually what keeps rooms full.

We put together a 20-minute discovery breakdown for independent practices:
{{TRACKED_URL_TOUCH_2}}

Would love to share what's working for clinics in IL if you're open to it.

Best,
Hudson","https://abaclinics.clubemkt.digital/aba?lid={{LEAD_ID}}&utm_source=cold_email&utm_medium=email&utm_campaign=pilot-2026-09-25-b2&utm_content=touch_2","Filling Aim Autism Clinic's caseload (IL)","Hi Andrew,

I know you're busy running Aim Autism Clinic. 

If patient intake or waitlist conversion isn't a priority right now, no worries at all. If you ever want to check our 2-minute fit assessment or look at the numbers, you can bookmark this link:

{{TRACKED_URL_TOUCH_3}}

Wishing you and the team continued success in Naperville!

Best,
Hudson","https://abaclinics.clubemkt.digital/aba?lid={{LEAD_ID}}&utm_source=cold_email&utm_medium=email&utm_campaign=pilot-2026-09-25-b2&utm_content=touch_3"
"Alliance ABA Center","Angela Arnold","Angela","angela.arnold@allianceautismut.com","Ogden","UT","3","pilot-2026-09-25-b2","Quick question about Alliance ABA Center's openings in UT","Hi Angela,

I was looking at independent ABA practices in Ogden and came across Alliance ABA Center. 

A lot of clinic owners we talk to with 1–3 locations tell us their biggest bottleneck isn't clinical interest—it's getting predictable commercial-insurance & private-pay inquiries without giving up margins to PE aggregators.

We built an intake & patient growth system specifically for independent practices across your 3 locations. You can see how the intake flow and caseload matching work here:

{{TRACKED_URL_TOUCH_1}}

Do you have 15 minutes this Thursday or Friday to see if this fits your current openings?

Best,
Hudson Argollo
Gold Traffic / ABA Practice Growth","https://abaclinics.clubemkt.digital/aba?lid={{LEAD_ID}}&utm_source=cold_email&utm_medium=email&utm_campaign=pilot-2026-09-25-b2&utm_content=touch_1","Re: Alliance ABA Center's openings in UT","Hi Angela,

Quick follow-up on my note from earlier this week.

When clinics expand or try to hire new BCBAs, keeping the waitlist warm and converting families at the exact moment a slot opens is usually what keeps rooms full.

We put together a 20-minute discovery breakdown for independent practices:
{{TRACKED_URL_TOUCH_2}}

Would love to share what's working for clinics in UT if you're open to it.

Best,
Hudson","https://abaclinics.clubemkt.digital/aba?lid={{LEAD_ID}}&utm_source=cold_email&utm_medium=email&utm_campaign=pilot-2026-09-25-b2&utm_content=touch_2","Filling Alliance ABA Center's caseload (UT)","Hi Angela,

I know you're busy running Alliance ABA Center. 

If patient intake or waitlist conversion isn't a priority right now, no worries at all. If you ever want to check our 2-minute fit assessment or look at the numbers, you can bookmark this link:

{{TRACKED_URL_TOUCH_3}}

Wishing you and the team continued success in Ogden!

Best,
Hudson","https://abaclinics.clubemkt.digital/aba?lid={{LEAD_ID}}&utm_source=cold_email&utm_medium=email&utm_campaign=pilot-2026-09-25-b2&utm_content=touch_3"
"Alpine Behavioral Health Network","Ann Arredondo","Ann","aarredondo@alpinecarenj.com","Paterson","NJ","4","pilot-2026-09-25-b2","Quick question about Alpine Behavioral Health Network's openings in NJ","Hi Ann,

I was looking at independent ABA practices in Paterson and came across Alpine Behavioral Health Network. 

A lot of clinic owners we talk to with 1–4 locations tell us their biggest bottleneck isn't clinical interest—it's getting predictable commercial-insurance & private-pay inquiries without giving up margins to PE aggregators.

We built an intake & patient growth system specifically for independent practices across your 4 locations. You can see how the intake flow and caseload matching work here:

{{TRACKED_URL_TOUCH_1}}

Do you have 15 minutes this Thursday or Friday to see if this fits your current openings?

Best,
Hudson Argollo
Gold Traffic / ABA Practice Growth","https://abaclinics.clubemkt.digital/aba?lid={{LEAD_ID}}&utm_source=cold_email&utm_medium=email&utm_campaign=pilot-2026-09-25-b2&utm_content=touch_1","Re: Alpine Behavioral Health Network's openings in NJ","Hi Ann,

Quick follow-up on my note from earlier this week.

When clinics expand or try to hire new BCBAs, keeping the waitlist warm and converting families at the exact moment a slot opens is usually what keeps rooms full.

We put together a 20-minute discovery breakdown for independent practices:
{{TRACKED_URL_TOUCH_2}}

Would love to share what's working for clinics in NJ if you're open to it.

Best,
Hudson","https://abaclinics.clubemkt.digital/aba?lid={{LEAD_ID}}&utm_source=cold_email&utm_medium=email&utm_campaign=pilot-2026-09-25-b2&utm_content=touch_2","Filling Alpine Behavioral Health Network's caseload (NJ)","Hi Ann,

I know you're busy running Alpine Behavioral Health Network. 

If patient intake or waitlist conversion isn't a priority right now, no worries at all. If you ever want to check our 2-minute fit assessment or look at the numbers, you can bookmark this link:

{{TRACKED_URL_TOUCH_3}}

Wishing you and the team continued success in Paterson!

Best,
Hudson","https://abaclinics.clubemkt.digital/aba?lid={{LEAD_ID}}&utm_source=cold_email&utm_medium=email&utm_campaign=pilot-2026-09-25-b2&utm_content=touch_3"
"Altus Autism Group","Anna Arroyo","Anna","anna.arroyo@altusabatx.org","The Woodlands","TX","1","pilot-2026-09-25-b2","Quick question about Altus Autism Group's openings in TX","Hi Anna,

I was looking at independent ABA practices in The Woodlands and came across Altus Autism Group. 

A lot of clinic owners we talk to with 1–3 locations tell us their biggest bottleneck isn't clinical interest—it's getting predictable commercial-insurance & private-pay inquiries without giving up margins to PE aggregators.

We built an intake & patient growth system specifically for independent practices at Altus Autism Group. You can see how the intake flow and caseload matching work here:

{{TRACKED_URL_TOUCH_1}}

Do you have 15 minutes this Thursday or Friday to see if this fits your current openings?

Best,
Hudson Argollo
Gold Traffic / ABA Practice Growth","https://abaclinics.clubemkt.digital/aba?lid={{LEAD_ID}}&utm_source=cold_email&utm_medium=email&utm_campaign=pilot-2026-09-25-b2&utm_content=touch_1","Re: Altus Autism Group's openings in TX","Hi Anna,

Quick follow-up on my note from earlier this week.

When clinics expand or try to hire new BCBAs, keeping the waitlist warm and converting families at the exact moment a slot opens is usually what keeps rooms full.

We put together a 20-minute discovery breakdown for independent practices:
{{TRACKED_URL_TOUCH_2}}

Would love to share what's working for clinics in TX if you're open to it.

Best,
Hudson","https://abaclinics.clubemkt.digital/aba?lid={{LEAD_ID}}&utm_source=cold_email&utm_medium=email&utm_campaign=pilot-2026-09-25-b2&utm_content=touch_2","Filling Altus Autism Group's caseload (TX)","Hi Anna,

I know you're busy running Altus Autism Group. 

If patient intake or waitlist conversion isn't a priority right now, no worries at all. If you ever want to check our 2-minute fit assessment or look at the numbers, you can bookmark this link:

{{TRACKED_URL_TOUCH_3}}

Wishing you and the team continued success in The Woodlands!

Best,
Hudson","https://abaclinics.clubemkt.digital/aba?lid={{LEAD_ID}}&utm_source=cold_email&utm_medium=email&utm_campaign=pilot-2026-09-25-b2&utm_content=touch_3"
"Amity Applied Behavior Specialists","Anthony Arthur","Anthony","aarthur@amityautismfl.com","Gainesville","FL","2","pilot-2026-09-25-b2","Quick question about Amity Applied Behavior Specialists's openings in FL","Hi Anthony,

I was looking at independent ABA practices in Gainesville and came across Amity Applied Behavior Specialists. 

A lot of clinic owners we talk to with 1–3 locations tell us their biggest bottleneck isn't clinical interest—it's getting predictable commercial-insurance & private-pay inquiries without giving up margins to PE aggregators.

We built an intake & patient growth system specifically for independent practices across your 2 locations. You can see how the intake flow and caseload matching work here:

{{TRACKED_URL_TOUCH_1}}

Do you have 15 minutes this Thursday or Friday to see if this fits your current openings?

Best,
Hudson Argollo
Gold Traffic / ABA Practice Growth","https://abaclinics.clubemkt.digital/aba?lid={{LEAD_ID}}&utm_source=cold_email&utm_medium=email&utm_campaign=pilot-2026-09-25-b2&utm_content=touch_1","Re: Amity Applied Behavior Specialists's openings in FL","Hi Anthony,

Quick follow-up on my note from earlier this week.

When clinics expand or try to hire new BCBAs, keeping the waitlist warm and converting families at the exact moment a slot opens is usually what keeps rooms full.

We put together a 20-minute discovery breakdown for independent practices:
{{TRACKED_URL_TOUCH_2}}

Would love to share what's working for clinics in FL if you're open to it.

Best,
Hudson","https://abaclinics.clubemkt.digital/aba?lid={{LEAD_ID}}&utm_source=cold_email&utm_medium=email&utm_campaign=pilot-2026-09-25-b2&utm_content=touch_2","Filling Amity Applied Behavior Specialists's caseload (FL)","Hi Anthony,

I know you're busy running Amity Applied Behavior Specialists. 

If patient intake or waitlist conversion isn't a priority right now, no worries at all. If you ever want to check our 2-minute fit assessment or look at the numbers, you can bookmark this link:

{{TRACKED_URL_TOUCH_3}}

Wishing you and the team continued success in Gainesville!

Best,
Hudson","https://abaclinics.clubemkt.digital/aba?lid={{LEAD_ID}}&utm_source=cold_email&utm_medium=email&utm_campaign=pilot-2026-09-25-b2&utm_content=touch_3"
"Apex Care Therapy Partners","Antonio Asher","Antonio","antonio.asher@apexcarecareca.com","Anaheim","CA","3","pilot-2026-09-25-b2","Quick question about Apex Care Therapy Partners's openings in CA","Hi Antonio,

I was looking at independent ABA practices in Anaheim and came across Apex Care Therapy Partners. 

A lot of clinic owners we talk to with 1–3 locations tell us their biggest bottleneck isn't clinical interest—it's getting predictable commercial-insurance & private-pay inquiries without giving up margins to PE aggregators.

We built an intake & patient growth system specifically for independent practices across your 3 locations. You can see how the intake flow and caseload matching work here:

{{TRACKED_URL_TOUCH_1}}

Do you have 15 minutes this Thursday or Friday to see if this fits your current openings?

Best,
Hudson Argollo
Gold Traffic / ABA Practice Growth","https://abaclinics.clubemkt.digital/aba?lid={{LEAD_ID}}&utm_source=cold_email&utm_medium=email&utm_campaign=pilot-2026-09-25-b2&utm_content=touch_1","Re: Apex Care Therapy Partners's openings in CA","Hi Antonio,

Quick follow-up on my note from earlier this week.

When clinics expand or try to hire new BCBAs, keeping the waitlist warm and converting families at the exact moment a slot opens is usually what keeps rooms full.

We put together a 20-minute discovery breakdown for independent practices:
{{TRACKED_URL_TOUCH_2}}

Would love to share what's working for clinics in CA if you're open to it.

Best,
Hudson","https://abaclinics.clubemkt.digital/aba?lid={{LEAD_ID}}&utm_source=cold_email&utm_medium=email&utm_campaign=pilot-2026-09-25-b2&utm_content=touch_2","Filling Apex Care Therapy Partners's caseload (CA)","Hi Antonio,

I know you're busy running Apex Care Therapy Partners. 

If patient intake or waitlist conversion isn't a priority right now, no worries at all. If you ever want to check our 2-minute fit assessment or look at the numbers, you can bookmark this link:

{{TRACKED_URL_TOUCH_3}}

Wishing you and the team continued success in Anaheim!

Best,
Hudson","https://abaclinics.clubemkt.digital/aba?lid={{LEAD_ID}}&utm_source=cold_email&utm_medium=email&utm_campaign=pilot-2026-09-25-b2&utm_content=touch_3"
"Aquila Pediatric Autism Services","Arthur Ashley","Arthur","aashley@aquilaabanc.net","Cary","NC","4","pilot-2026-09-25-b2","Quick question about Aquila Pediatric Autism Services's openings in NC","Hi Arthur,

I was looking at independent ABA practices in Cary and came across Aquila Pediatric Autism Services. 

A lot of clinic owners we talk to with 1–4 locations tell us their biggest bottleneck isn't clinical interest—it's getting predictable commercial-insurance & private-pay inquiries without giving up margins to PE aggregators.

We built an intake & patient growth system specifically for independent practices across your 4 locations. You can see how the intake flow and caseload matching work here:

{{TRACKED_URL_TOUCH_1}}

Do you have 15 minutes this Thursday or Friday to see if this fits your current openings?

Best,
Hudson Argollo
Gold Traffic / ABA Practice Growth","https://abaclinics.clubemkt.digital/aba?lid={{LEAD_ID}}&utm_source=cold_email&utm_medium=email&utm_campaign=pilot-2026-09-25-b2&utm_content=touch_1","Re: Aquila Pediatric Autism Services's openings in NC","Hi Arthur,

Quick follow-up on my note from earlier this week.

When clinics expand or try to hire new BCBAs, keeping the waitlist warm and converting families at the exact moment a slot opens is usually what keeps rooms full.

We put together a 20-minute discovery breakdown for independent practices:
{{TRACKED_URL_TOUCH_2}}

Would love to share what's working for clinics in NC if you're open to it.

Best,
Hudson","https://abaclinics.clubemkt.digital/aba?lid={{LEAD_ID}}&utm_source=cold_email&utm_medium=email&utm_campaign=pilot-2026-09-25-b2&utm_content=touch_2","Filling Aquila Pediatric Autism Services's caseload (NC)","Hi Arthur,

I know you're busy running Aquila Pediatric Autism Services. 

If patient intake or waitlist conversion isn't a priority right now, no worries at all. If you ever want to check our 2-minute fit assessment or look at the numbers, you can bookmark this link:

{{TRACKED_URL_TOUCH_3}}

Wishing you and the team continued success in Cary!

Best,
Hudson","https://abaclinics.clubemkt.digital/aba?lid={{LEAD_ID}}&utm_source=cold_email&utm_medium=email&utm_campaign=pilot-2026-09-25-b2&utm_content=touch_3"
"Arch Behavioral Care Center","Ashley Ashton","Ashley","ashley.ashton@archautismga.org","Johns Creek","GA","1","pilot-2026-09-25-b2","Quick question about Arch Behavioral Care Center's openings in GA","Hi Ashley,

I was looking at independent ABA practices in Johns Creek and came across Arch Behavioral Care Center. 

A lot of clinic owners we talk to with 1–3 locations tell us their biggest bottleneck isn't clinical interest—it's getting predictable commercial-insurance & private-pay inquiries without giving up margins to PE aggregators.

We built an intake & patient growth system specifically for independent practices at Arch Behavioral Care Center. You can see how the intake flow and caseload matching work here:

{{TRACKED_URL_TOUCH_1}}

Do you have 15 minutes this Thursday or Friday to see if this fits your current openings?

Best,
Hudson Argollo
Gold Traffic / ABA Practice Growth","https://abaclinics.clubemkt.digital/aba?lid={{LEAD_ID}}&utm_source=cold_email&utm_medium=email&utm_campaign=pilot-2026-09-25-b2&utm_content=touch_1","Re: Arch Behavioral Care Center's openings in GA","Hi Ashley,

Quick follow-up on my note from earlier this week.

When clinics expand or try to hire new BCBAs, keeping the waitlist warm and converting families at the exact moment a slot opens is usually what keeps rooms full.

We put together a 20-minute discovery breakdown for independent practices:
{{TRACKED_URL_TOUCH_2}}

Would love to share what's working for clinics in GA if you're open to it.

Best,
Hudson","https://abaclinics.clubemkt.digital/aba?lid={{LEAD_ID}}&utm_source=cold_email&utm_medium=email&utm_campaign=pilot-2026-09-25-b2&utm_content=touch_2","Filling Arch Behavioral Care Center's caseload (GA)","Hi Ashley,

I know you're busy running Arch Behavioral Care Center. 

If patient intake or waitlist conversion isn't a priority right now, no worries at all. If you ever want to check our 2-minute fit assessment or look at the numbers, you can bookmark this link:

{{TRACKED_URL_TOUCH_3}}

Wishing you and the team continued success in Johns Creek!

Best,
Hudson","https://abaclinics.clubemkt.digital/aba?lid={{LEAD_ID}}&utm_source=cold_email&utm_medium=email&utm_campaign=pilot-2026-09-25-b2&utm_content=touch_3"
"Ardent Autism & Learning Institute","Audrey Atkins","Audrey","aatkins@ardentcareco.com","Loveland","CO","2","pilot-2026-09-25-b2","Quick question about Ardent Autism & Learning Institute's openings in CO","Hi Audrey,

I was looking at independent ABA practices in Loveland and came across Ardent Autism & Learning Institute. 

A lot of clinic owners we talk to with 1–3 locations tell us their biggest bottleneck isn't clinical interest—it's getting predictable commercial-insurance & private-pay inquiries without giving up margins to PE aggregators.

We built an intake & patient growth system specifically for independent practices across your 2 locations. You can see how the intake flow and caseload matching work here:

{{TRACKED_URL_TOUCH_1}}

Do you have 15 minutes this Thursday or Friday to see if this fits your current openings?

Best,
Hudson Argollo
Gold Traffic / ABA Practice Growth","https://abaclinics.clubemkt.digital/aba?lid={{LEAD_ID}}&utm_source=cold_email&utm_medium=email&utm_campaign=pilot-2026-09-25-b2&utm_content=touch_1","Re: Ardent Autism & Learning Institute's openings in CO","Hi Audrey,

Quick follow-up on my note from earlier this week.

When clinics expand or try to hire new BCBAs, keeping the waitlist warm and converting families at the exact moment a slot opens is usually what keeps rooms full.

We put together a 20-minute discovery breakdown for independent practices:
{{TRACKED_URL_TOUCH_2}}

Would love to share what's working for clinics in CO if you're open to it.

Best,
Hudson","https://abaclinics.clubemkt.digital/aba?lid={{LEAD_ID}}&utm_source=cold_email&utm_medium=email&utm_campaign=pilot-2026-09-25-b2&utm_content=touch_2","Filling Ardent Autism & Learning Institute's caseload (CO)","Hi Audrey,

I know you're busy running Ardent Autism & Learning Institute. 

If patient intake or waitlist conversion isn't a priority right now, no worries at all. If you ever want to check our 2-minute fit assessment or look at the numbers, you can bookmark this link:

{{TRACKED_URL_TOUCH_3}}

Wishing you and the team continued success in Loveland!

Best,
Hudson","https://abaclinics.clubemkt.digital/aba?lid={{LEAD_ID}}&utm_source=cold_email&utm_medium=email&utm_campaign=pilot-2026-09-25-b2&utm_content=touch_3"
"Aspen Developmental Solutions","Austin Atkinson","Austin","austin.atkinson@aspenabava.com","Richmond","VA","3","pilot-2026-09-25-b2","Quick question about Aspen Developmental Solutions's openings in VA","Hi Austin,

I was looking at independent ABA practices in Richmond and came across Aspen Developmental Solutions. 

A lot of clinic owners we talk to with 1–3 locations tell us their biggest bottleneck isn't clinical interest—it's getting predictable commercial-insurance & private-pay inquiries without giving up margins to PE aggregators.

We built an intake & patient growth system specifically for independent practices across your 3 locations. You can see how the intake flow and caseload matching work here:

{{TRACKED_URL_TOUCH_1}}

Do you have 15 minutes this Thursday or Friday to see if this fits your current openings?

Best,
Hudson Argollo
Gold Traffic / ABA Practice Growth","https://abaclinics.clubemkt.digital/aba?lid={{LEAD_ID}}&utm_source=cold_email&utm_medium=email&utm_campaign=pilot-2026-09-25-b2&utm_content=touch_1","Re: Aspen Developmental Solutions's openings in VA","Hi Austin,

Quick follow-up on my note from earlier this week.

When clinics expand or try to hire new BCBAs, keeping the waitlist warm and converting families at the exact moment a slot opens is usually what keeps rooms full.

We put together a 20-minute discovery breakdown for independent practices:
{{TRACKED_URL_TOUCH_2}}

Would love to share what's working for clinics in VA if you're open to it.

Best,
Hudson","https://abaclinics.clubemkt.digital/aba?lid={{LEAD_ID}}&utm_source=cold_email&utm_medium=email&utm_campaign=pilot-2026-09-25-b2&utm_content=touch_2","Filling Aspen Developmental Solutions's caseload (VA)","Hi Austin,

I know you're busy running Aspen Developmental Solutions. 

If patient intake or waitlist conversion isn't a priority right now, no worries at all. If you ever want to check our 2-minute fit assessment or look at the numbers, you can bookmark this link:

{{TRACKED_URL_TOUCH_3}}

Wishing you and the team continued success in Richmond!

Best,
Hudson","https://abaclinics.clubemkt.digital/aba?lid={{LEAD_ID}}&utm_source=cold_email&utm_medium=email&utm_campaign=pilot-2026-09-25-b2&utm_content=touch_3"
"Aspire Behavioral Therapy Center","Autumn Augustine","Autumn","aaugustine@aspireautismmd.com","Rockville","MD","4","pilot-2026-09-25-b2","Quick question about Aspire Behavioral Therapy Center's openings in MD","Hi Autumn,

I was looking at independent ABA practices in Rockville and came across Aspire Behavioral Therapy Center. 

A lot of clinic owners we talk to with 1–4 locations tell us their biggest bottleneck isn't clinical interest—it's getting predictable commercial-insurance & private-pay inquiries without giving up margins to PE aggregators.

We built an intake & patient growth system specifically for independent practices across your 4 locations. You can see how the intake flow and caseload matching work here:

{{TRACKED_URL_TOUCH_1}}

Do you have 15 minutes this Thursday or Friday to see if this fits your current openings?

Best,
Hudson Argollo
Gold Traffic / ABA Practice Growth","https://abaclinics.clubemkt.digital/aba?lid={{LEAD_ID}}&utm_source=cold_email&utm_medium=email&utm_campaign=pilot-2026-09-25-b2&utm_content=touch_1","Re: Aspire Behavioral Therapy Center's openings in MD","Hi Autumn,

Quick follow-up on my note from earlier this week.

When clinics expand or try to hire new BCBAs, keeping the waitlist warm and converting families at the exact moment a slot opens is usually what keeps rooms full.

We put together a 20-minute discovery breakdown for independent practices:
{{TRACKED_URL_TOUCH_2}}

Would love to share what's working for clinics in MD if you're open to it.

Best,
Hudson","https://abaclinics.clubemkt.digital/aba?lid={{LEAD_ID}}&utm_source=cold_email&utm_medium=email&utm_campaign=pilot-2026-09-25-b2&utm_content=touch_2","Filling Aspire Behavioral Therapy Center's caseload (MD)","Hi Autumn,

I know you're busy running Aspire Behavioral Therapy Center. 

If patient intake or waitlist conversion isn't a priority right now, no worries at all. If you ever want to check our 2-minute fit assessment or look at the numbers, you can bookmark this link:

{{TRACKED_URL_TOUCH_3}}

Wishing you and the team continued success in Rockville!

Best,
Hudson","https://abaclinics.clubemkt.digital/aba?lid={{LEAD_ID}}&utm_source=cold_email&utm_medium=email&utm_campaign=pilot-2026-09-25-b2&utm_content=touch_3"
"Aston Autism Discovery Center","Ava Austin","Ava","ava.austin@astoncareil.org","Champaign","IL","1","pilot-2026-09-25-b2","Quick question about Aston Autism Discovery Center's openings in IL","Hi Ava,

I was looking at independent ABA practices in Champaign and came across Aston Autism Discovery Center. 

A lot of clinic owners we talk to with 1–3 locations tell us their biggest bottleneck isn't clinical interest—it's getting predictable commercial-insurance & private-pay inquiries without giving up margins to PE aggregators.

We built an intake & patient growth system specifically for independent practices at Aston Autism Discovery Center. You can see how the intake flow and caseload matching work here:

{{TRACKED_URL_TOUCH_1}}

Do you have 15 minutes this Thursday or Friday to see if this fits your current openings?

Best,
Hudson Argollo
Gold Traffic / ABA Practice Growth","https://abaclinics.clubemkt.digital/aba?lid={{LEAD_ID}}&utm_source=cold_email&utm_medium=email&utm_campaign=pilot-2026-09-25-b2&utm_content=touch_1","Re: Aston Autism Discovery Center's openings in IL","Hi Ava,

Quick follow-up on my note from earlier this week.

When clinics expand or try to hire new BCBAs, keeping the waitlist warm and converting families at the exact moment a slot opens is usually what keeps rooms full.

We put together a 20-minute discovery breakdown for independent practices:
{{TRACKED_URL_TOUCH_2}}

Would love to share what's working for clinics in IL if you're open to it.

Best,
Hudson","https://abaclinics.clubemkt.digital/aba?lid={{LEAD_ID}}&utm_source=cold_email&utm_medium=email&utm_campaign=pilot-2026-09-25-b2&utm_content=touch_2","Filling Aston Autism Discovery Center's caseload (IL)","Hi Ava,

I know you're busy running Aston Autism Discovery Center. 

If patient intake or waitlist conversion isn't a priority right now, no worries at all. If you ever want to check our 2-minute fit assessment or look at the numbers, you can bookmark this link:

{{TRACKED_URL_TOUCH_3}}

Wishing you and the team continued success in Champaign!

Best,
Hudson","https://abaclinics.clubemkt.digital/aba?lid={{LEAD_ID}}&utm_source=cold_email&utm_medium=email&utm_campaign=pilot-2026-09-25-b2&utm_content=touch_3"
"Atlantic Behavioral Foundations","Avery Avalos","Avery","aavalos@atlanticabaut.com","Orem","UT","2","pilot-2026-09-25-b2","Quick question about Atlantic Behavioral Foundations's openings in UT","Hi Avery,

I was looking at independent ABA practices in Orem and came across Atlantic Behavioral Foundations. 

A lot of clinic owners we talk to with 1–3 locations tell us their biggest bottleneck isn't clinical interest—it's getting predictable commercial-insurance & private-pay inquiries without giving up margins to PE aggregators.

We built an intake & patient growth system specifically for independent practices across your 2 locations. You can see how the intake flow and caseload matching work here:

{{TRACKED_URL_TOUCH_1}}

Do you have 15 minutes this Thursday or Friday to see if this fits your current openings?

Best,
Hudson Argollo
Gold Traffic / ABA Practice Growth","https://abaclinics.clubemkt.digital/aba?lid={{LEAD_ID}}&utm_source=cold_email&utm_medium=email&utm_campaign=pilot-2026-09-25-b2&utm_content=touch_1","Re: Atlantic Behavioral Foundations's openings in UT","Hi Avery,

Quick follow-up on my note from earlier this week.

When clinics expand or try to hire new BCBAs, keeping the waitlist warm and converting families at the exact moment a slot opens is usually what keeps rooms full.

We put together a 20-minute discovery breakdown for independent practices:
{{TRACKED_URL_TOUCH_2}}

Would love to share what's working for clinics in UT if you're open to it.

Best,
Hudson","https://abaclinics.clubemkt.digital/aba?lid={{LEAD_ID}}&utm_source=cold_email&utm_medium=email&utm_campaign=pilot-2026-09-25-b2&utm_content=touch_2","Filling Atlantic Behavioral Foundations's caseload (UT)","Hi Avery,

I know you're busy running Atlantic Behavioral Foundations. 

If patient intake or waitlist conversion isn't a priority right now, no worries at all. If you ever want to check our 2-minute fit assessment or look at the numbers, you can bookmark this link:

{{TRACKED_URL_TOUCH_3}}

Wishing you and the team continued success in Orem!

Best,
Hudson","https://abaclinics.clubemkt.digital/aba?lid={{LEAD_ID}}&utm_source=cold_email&utm_medium=email&utm_campaign=pilot-2026-09-25-b2&utm_content=touch_3"
"Atlas Therapeutic Solutions","Bailey Avery","Bailey","bailey.avery@atlasautismnj.net","Bayonne","NJ","3","pilot-2026-09-25-b2","Quick question about Atlas Therapeutic Solutions's openings in NJ","Hi Bailey,

I was looking at independent ABA practices in Bayonne and came across Atlas Therapeutic Solutions. 

A lot of clinic owners we talk to with 1–3 locations tell us their biggest bottleneck isn't clinical interest—it's getting predictable commercial-insurance & private-pay inquiries without giving up margins to PE aggregators.

We built an intake & patient growth system specifically for independent practices across your 3 locations. You can see how the intake flow and caseload matching work here:

{{TRACKED_URL_TOUCH_1}}

Do you have 15 minutes this Thursday or Friday to see if this fits your current openings?

Best,
Hudson Argollo
Gold Traffic / ABA Practice Growth","https://abaclinics.clubemkt.digital/aba?lid={{LEAD_ID}}&utm_source=cold_email&utm_medium=email&utm_campaign=pilot-2026-09-25-b2&utm_content=touch_1","Re: Atlas Therapeutic Solutions's openings in NJ","Hi Bailey,

Quick follow-up on my note from earlier this week.

When clinics expand or try to hire new BCBAs, keeping the waitlist warm and converting families at the exact moment a slot opens is usually what keeps rooms full.

We put together a 20-minute discovery breakdown for independent practices:
{{TRACKED_URL_TOUCH_2}}

Would love to share what's working for clinics in NJ if you're open to it.

Best,
Hudson","https://abaclinics.clubemkt.digital/aba?lid={{LEAD_ID}}&utm_source=cold_email&utm_medium=email&utm_campaign=pilot-2026-09-25-b2&utm_content=touch_2","Filling Atlas Therapeutic Solutions's caseload (NJ)","Hi Bailey,

I know you're busy running Atlas Therapeutic Solutions. 

If patient intake or waitlist conversion isn't a priority right now, no worries at all. If you ever want to check our 2-minute fit assessment or look at the numbers, you can bookmark this link:

{{TRACKED_URL_TOUCH_3}}

Wishing you and the team continued success in Bayonne!

Best,
Hudson","https://abaclinics.clubemkt.digital/aba?lid={{LEAD_ID}}&utm_source=cold_email&utm_medium=email&utm_campaign=pilot-2026-09-25-b2&utm_content=touch_3"
"Atrium ABA Collective","Barbara Avila","Barbara","bavila@atriumcaretx.com","Round Rock","TX","4","pilot-2026-09-25-b2","Quick question about Atrium ABA Collective's openings in TX","Hi Barbara,

I was looking at independent ABA practices in Round Rock and came across Atrium ABA Collective. 

A lot of clinic owners we talk to with 1–4 locations tell us their biggest bottleneck isn't clinical interest—it's getting predictable commercial-insurance & private-pay inquiries without giving up margins to PE aggregators.

We built an intake & patient growth system specifically for independent practices across your 4 locations. You can see how the intake flow and caseload matching work here:

{{TRACKED_URL_TOUCH_1}}

Do you have 15 minutes this Thursday or Friday to see if this fits your current openings?

Best,
Hudson Argollo
Gold Traffic / ABA Practice Growth","https://abaclinics.clubemkt.digital/aba?lid={{LEAD_ID}}&utm_source=cold_email&utm_medium=email&utm_campaign=pilot-2026-09-25-b2&utm_content=touch_1","Re: Atrium ABA Collective's openings in TX","Hi Barbara,

Quick follow-up on my note from earlier this week.

When clinics expand or try to hire new BCBAs, keeping the waitlist warm and converting families at the exact moment a slot opens is usually what keeps rooms full.

We put together a 20-minute discovery breakdown for independent practices:
{{TRACKED_URL_TOUCH_2}}

Would love to share what's working for clinics in TX if you're open to it.

Best,
Hudson","https://abaclinics.clubemkt.digital/aba?lid={{LEAD_ID}}&utm_source=cold_email&utm_medium=email&utm_campaign=pilot-2026-09-25-b2&utm_content=touch_2","Filling Atrium ABA Collective's caseload (TX)","Hi Barbara,

I know you're busy running Atrium ABA Collective. 

If patient intake or waitlist conversion isn't a priority right now, no worries at all. If you ever want to check our 2-minute fit assessment or look at the numbers, you can bookmark this link:

{{TRACKED_URL_TOUCH_3}}

Wishing you and the team continued success in Round Rock!

Best,
Hudson","https://abaclinics.clubemkt.digital/aba?lid={{LEAD_ID}}&utm_source=cold_email&utm_medium=email&utm_campaign=pilot-2026-09-25-b2&utm_content=touch_3"
"Aura Autism Clinic","Beatrice Ayala","Beatrice","beatrice.ayala@auraabafl.org","Miami","FL","1","pilot-2026-09-25-b2","Quick question about Aura Autism Clinic's openings in FL","Hi Beatrice,

I was looking at independent ABA practices in Miami and came across Aura Autism Clinic. 

A lot of clinic owners we talk to with 1–3 locations tell us their biggest bottleneck isn't clinical interest—it's getting predictable commercial-insurance & private-pay inquiries without giving up margins to PE aggregators.

We built an intake & patient growth system specifically for independent practices at Aura Autism Clinic. You can see how the intake flow and caseload matching work here:

{{TRACKED_URL_TOUCH_1}}

Do you have 15 minutes this Thursday or Friday to see if this fits your current openings?

Best,
Hudson Argollo
Gold Traffic / ABA Practice Growth","https://abaclinics.clubemkt.digital/aba?lid={{LEAD_ID}}&utm_source=cold_email&utm_medium=email&utm_campaign=pilot-2026-09-25-b2&utm_content=touch_1","Re: Aura Autism Clinic's openings in FL","Hi Beatrice,

Quick follow-up on my note from earlier this week.

When clinics expand or try to hire new BCBAs, keeping the waitlist warm and converting families at the exact moment a slot opens is usually what keeps rooms full.

We put together a 20-minute discovery breakdown for independent practices:
{{TRACKED_URL_TOUCH_2}}

Would love to share what's working for clinics in FL if you're open to it.

Best,
Hudson","https://abaclinics.clubemkt.digital/aba?lid={{LEAD_ID}}&utm_source=cold_email&utm_medium=email&utm_campaign=pilot-2026-09-25-b2&utm_content=touch_2","Filling Aura Autism Clinic's caseload (FL)","Hi Beatrice,

I know you're busy running Aura Autism Clinic. 

If patient intake or waitlist conversion isn't a priority right now, no worries at all. If you ever want to check our 2-minute fit assessment or look at the numbers, you can bookmark this link:

{{TRACKED_URL_TOUCH_3}}

Wishing you and the team continued success in Miami!

Best,
Hudson","https://abaclinics.clubemkt.digital/aba?lid={{LEAD_ID}}&utm_source=cold_email&utm_medium=email&utm_campaign=pilot-2026-09-25-b2&utm_content=touch_3"
"Authentic ABA Center","Benjamin Babcock","Benjamin","bbabcock@authenticautismca.com","Los Angeles","CA","2","pilot-2026-09-25-b2","Quick question about Authentic ABA Center's openings in CA","Hi Benjamin,

I was looking at independent ABA practices in Los Angeles and came across Authentic ABA Center. 

A lot of clinic owners we talk to with 1–3 locations tell us their biggest bottleneck isn't clinical interest—it's getting predictable commercial-insurance & private-pay inquiries without giving up margins to PE aggregators.

We built an intake & patient growth system specifically for independent practices across your 2 locations. You can see how the intake flow and caseload matching work here:

{{TRACKED_URL_TOUCH_1}}

Do you have 15 minutes this Thursday or Friday to see if this fits your current openings?

Best,
Hudson Argollo
Gold Traffic / ABA Practice Growth","https://abaclinics.clubemkt.digital/aba?lid={{LEAD_ID}}&utm_source=cold_email&utm_medium=email&utm_campaign=pilot-2026-09-25-b2&utm_content=touch_1","Re: Authentic ABA Center's openings in CA","Hi Benjamin,

Quick follow-up on my note from earlier this week.

When clinics expand or try to hire new BCBAs, keeping the waitlist warm and converting families at the exact moment a slot opens is usually what keeps rooms full.

We put together a 20-minute discovery breakdown for independent practices:
{{TRACKED_URL_TOUCH_2}}

Would love to share what's working for clinics in CA if you're open to it.

Best,
Hudson","https://abaclinics.clubemkt.digital/aba?lid={{LEAD_ID}}&utm_source=cold_email&utm_medium=email&utm_campaign=pilot-2026-09-25-b2&utm_content=touch_2","Filling Authentic ABA Center's caseload (CA)","Hi Benjamin,

I know you're busy running Authentic ABA Center. 

If patient intake or waitlist conversion isn't a priority right now, no worries at all. If you ever want to check our 2-minute fit assessment or look at the numbers, you can bookmark this link:

{{TRACKED_URL_TOUCH_3}}

Wishing you and the team continued success in Los Angeles!

Best,
Hudson","https://abaclinics.clubemkt.digital/aba?lid={{LEAD_ID}}&utm_source=cold_email&utm_medium=email&utm_campaign=pilot-2026-09-25-b2&utm_content=touch_3"
"Avenue Behavioral Health Network","Bethany Bach","Bethany","bethany.bach@avenuecarenc.com","Greensboro","NC","3","pilot-2026-09-25-b2","Quick question about Avenue Behavioral Health Network's openings in NC","Hi Bethany,

I was looking at independent ABA practices in Greensboro and came across Avenue Behavioral Health Network. 

A lot of clinic owners we talk to with 1–3 locations tell us their biggest bottleneck isn't clinical interest—it's getting predictable commercial-insurance & private-pay inquiries without giving up margins to PE aggregators.

We built an intake & patient growth system specifically for independent practices across your 3 locations. You can see how the intake flow and caseload matching work here:

{{TRACKED_URL_TOUCH_1}}

Do you have 15 minutes this Thursday or Friday to see if this fits your current openings?

Best,
Hudson Argollo
Gold Traffic / ABA Practice Growth","https://abaclinics.clubemkt.digital/aba?lid={{LEAD_ID}}&utm_source=cold_email&utm_medium=email&utm_campaign=pilot-2026-09-25-b2&utm_content=touch_1","Re: Avenue Behavioral Health Network's openings in NC","Hi Bethany,

Quick follow-up on my note from earlier this week.

When clinics expand or try to hire new BCBAs, keeping the waitlist warm and converting families at the exact moment a slot opens is usually what keeps rooms full.

We put together a 20-minute discovery breakdown for independent practices:
{{TRACKED_URL_TOUCH_2}}

Would love to share what's working for clinics in NC if you're open to it.

Best,
Hudson","https://abaclinics.clubemkt.digital/aba?lid={{LEAD_ID}}&utm_source=cold_email&utm_medium=email&utm_campaign=pilot-2026-09-25-b2&utm_content=touch_2","Filling Avenue Behavioral Health Network's caseload (NC)","Hi Bethany,

I know you're busy running Avenue Behavioral Health Network. 

If patient intake or waitlist conversion isn't a priority right now, no worries at all. If you ever want to check our 2-minute fit assessment or look at the numbers, you can bookmark this link:

{{TRACKED_URL_TOUCH_3}}

Wishing you and the team continued success in Greensboro!

Best,
Hudson","https://abaclinics.clubemkt.digital/aba?lid={{LEAD_ID}}&utm_source=cold_email&utm_medium=email&utm_campaign=pilot-2026-09-25-b2&utm_content=touch_3"
"Axis Autism Group","Blake Bader","Blake","bbader@axisabaga.com","Savannah","GA","4","pilot-2026-09-25-b2","Quick question about Axis Autism Group's openings in GA","Hi Blake,

I was looking at independent ABA practices in Savannah and came across Axis Autism Group. 

A lot of clinic owners we talk to with 1–4 locations tell us their biggest bottleneck isn't clinical interest—it's getting predictable commercial-insurance & private-pay inquiries without giving up margins to PE aggregators.

We built an intake & patient growth system specifically for independent practices across your 4 locations. You can see how the intake flow and caseload matching work here:

{{TRACKED_URL_TOUCH_1}}

Do you have 15 minutes this Thursday or Friday to see if this fits your current openings?

Best,
Hudson Argollo
Gold Traffic / ABA Practice Growth","https://abaclinics.clubemkt.digital/aba?lid={{LEAD_ID}}&utm_source=cold_email&utm_medium=email&utm_campaign=pilot-2026-09-25-b2&utm_content=touch_1","Re: Axis Autism Group's openings in GA","Hi Blake,

Quick follow-up on my note from earlier this week.

When clinics expand or try to hire new BCBAs, keeping the waitlist warm and converting families at the exact moment a slot opens is usually what keeps rooms full.

We put together a 20-minute discovery breakdown for independent practices:
{{TRACKED_URL_TOUCH_2}}

Would love to share what's working for clinics in GA if you're open to it.

Best,
Hudson","https://abaclinics.clubemkt.digital/aba?lid={{LEAD_ID}}&utm_source=cold_email&utm_medium=email&utm_campaign=pilot-2026-09-25-b2&utm_content=touch_2","Filling Axis Autism Group's caseload (GA)","Hi Blake,

I know you're busy running Axis Autism Group. 

If patient intake or waitlist conversion isn't a priority right now, no worries at all. If you ever want to check our 2-minute fit assessment or look at the numbers, you can bookmark this link:

{{TRACKED_URL_TOUCH_3}}

Wishing you and the team continued success in Savannah!

Best,
Hudson","https://abaclinics.clubemkt.digital/aba?lid={{LEAD_ID}}&utm_source=cold_email&utm_medium=email&utm_campaign=pilot-2026-09-25-b2&utm_content=touch_3"
"Basis Applied Behavior Specialists","Bradley Baer","Bradley","bradley.baer@basisautismco.org","Greeley","CO","1","pilot-2026-09-25-b2","Quick question about Basis Applied Behavior Specialists's openings in CO","Hi Bradley,

I was looking at independent ABA practices in Greeley and came across Basis Applied Behavior Specialists. 

A lot of clinic owners we talk to with 1–3 locations tell us their biggest bottleneck isn't clinical interest—it's getting predictable commercial-insurance & private-pay inquiries without giving up margins to PE aggregators.

We built an intake & patient growth system specifically for independent practices at Basis Applied Behavior Specialists. You can see how the intake flow and caseload matching work here:

{{TRACKED_URL_TOUCH_1}}

Do you have 15 minutes this Thursday or Friday to see if this fits your current openings?

Best,
Hudson Argollo
Gold Traffic / ABA Practice Growth","https://abaclinics.clubemkt.digital/aba?lid={{LEAD_ID}}&utm_source=cold_email&utm_medium=email&utm_campaign=pilot-2026-09-25-b2&utm_content=touch_1","Re: Basis Applied Behavior Specialists's openings in CO","Hi Bradley,

Quick follow-up on my note from earlier this week.

When clinics expand or try to hire new BCBAs, keeping the waitlist warm and converting families at the exact moment a slot opens is usually what keeps rooms full.

We put together a 20-minute discovery breakdown for independent practices:
{{TRACKED_URL_TOUCH_2}}

Would love to share what's working for clinics in CO if you're open to it.

Best,
Hudson","https://abaclinics.clubemkt.digital/aba?lid={{LEAD_ID}}&utm_source=cold_email&utm_medium=email&utm_campaign=pilot-2026-09-25-b2&utm_content=touch_2","Filling Basis Applied Behavior Specialists's caseload (CO)","Hi Bradley,

I know you're busy running Basis Applied Behavior Specialists. 

If patient intake or waitlist conversion isn't a priority right now, no worries at all. If you ever want to check our 2-minute fit assessment or look at the numbers, you can bookmark this link:

{{TRACKED_URL_TOUCH_3}}

Wishing you and the team continued success in Greeley!

Best,
Hudson","https://abaclinics.clubemkt.digital/aba?lid={{LEAD_ID}}&utm_source=cold_email&utm_medium=email&utm_campaign=pilot-2026-09-25-b2&utm_content=touch_3"
"Belief Therapy Partners","Brandon Baggett","Brandon","bbaggett@beliefcareva.net","Newport News","VA","2","pilot-2026-09-25-b2","Quick question about Belief Therapy Partners's openings in VA","Hi Brandon,

I was looking at independent ABA practices in Newport News and came across Belief Therapy Partners. 

A lot of clinic owners we talk to with 1–3 locations tell us their biggest bottleneck isn't clinical interest—it's getting predictable commercial-insurance & private-pay inquiries without giving up margins to PE aggregators.

We built an intake & patient growth system specifically for independent practices across your 2 locations. You can see how the intake flow and caseload matching work here:

{{TRACKED_URL_TOUCH_1}}

Do you have 15 minutes this Thursday or Friday to see if this fits your current openings?

Best,
Hudson Argollo
Gold Traffic / ABA Practice Growth","https://abaclinics.clubemkt.digital/aba?lid={{LEAD_ID}}&utm_source=cold_email&utm_medium=email&utm_campaign=pilot-2026-09-25-b2&utm_content=touch_1","Re: Belief Therapy Partners's openings in VA","Hi Brandon,

Quick follow-up on my note from earlier this week.

When clinics expand or try to hire new BCBAs, keeping the waitlist warm and converting families at the exact moment a slot opens is usually what keeps rooms full.

We put together a 20-minute discovery breakdown for independent practices:
{{TRACKED_URL_TOUCH_2}}

Would love to share what's working for clinics in VA if you're open to it.

Best,
Hudson","https://abaclinics.clubemkt.digital/aba?lid={{LEAD_ID}}&utm_source=cold_email&utm_medium=email&utm_campaign=pilot-2026-09-25-b2&utm_content=touch_2","Filling Belief Therapy Partners's caseload (VA)","Hi Brandon,

I know you're busy running Belief Therapy Partners. 

If patient intake or waitlist conversion isn't a priority right now, no worries at all. If you ever want to check our 2-minute fit assessment or look at the numbers, you can bookmark this link:

{{TRACKED_URL_TOUCH_3}}

Wishing you and the team continued success in Newport News!

Best,
Hudson","https://abaclinics.clubemkt.digital/aba?lid={{LEAD_ID}}&utm_source=cold_email&utm_medium=email&utm_campaign=pilot-2026-09-25-b2&utm_content=touch_3"
"Beloved Pediatric Autism Services","Brayden Bagley","Brayden","brayden.bagley@belovedabamd.com","Ellicott City","MD","3","pilot-2026-09-25-b2","Quick question about Beloved Pediatric Autism Services's openings in MD","Hi Brayden,

I was looking at independent ABA practices in Ellicott City and came across Beloved Pediatric Autism Services. 

A lot of clinic owners we talk to with 1–3 locations tell us their biggest bottleneck isn't clinical interest—it's getting predictable commercial-insurance & private-pay inquiries without giving up margins to PE aggregators.

We built an intake & patient growth system specifically for independent practices across your 3 locations. You can see how the intake flow and caseload matching work here:

{{TRACKED_URL_TOUCH_1}}

Do you have 15 minutes this Thursday or Friday to see if this fits your current openings?

Best,
Hudson Argollo
Gold Traffic / ABA Practice Growth","https://abaclinics.clubemkt.digital/aba?lid={{LEAD_ID}}&utm_source=cold_email&utm_medium=email&utm_campaign=pilot-2026-09-25-b2&utm_content=touch_1","Re: Beloved Pediatric Autism Services's openings in MD","Hi Brayden,

Quick follow-up on my note from earlier this week.

When clinics expand or try to hire new BCBAs, keeping the waitlist warm and converting families at the exact moment a slot opens is usually what keeps rooms full.

We put together a 20-minute discovery breakdown for independent practices:
{{TRACKED_URL_TOUCH_2}}

Would love to share what's working for clinics in MD if you're open to it.

Best,
Hudson","https://abaclinics.clubemkt.digital/aba?lid={{LEAD_ID}}&utm_source=cold_email&utm_medium=email&utm_campaign=pilot-2026-09-25-b2&utm_content=touch_2","Filling Beloved Pediatric Autism Services's caseload (MD)","Hi Brayden,

I know you're busy running Beloved Pediatric Autism Services. 

If patient intake or waitlist conversion isn't a priority right now, no worries at all. If you ever want to check our 2-minute fit assessment or look at the numbers, you can bookmark this link:

{{TRACKED_URL_TOUCH_3}}

Wishing you and the team continued success in Ellicott City!

Best,
Hudson","https://abaclinics.clubemkt.digital/aba?lid={{LEAD_ID}}&utm_source=cold_email&utm_medium=email&utm_campaign=pilot-2026-09-25-b2&utm_content=touch_3"
"Benchmark Behavioral Care Center","Brenda Bailey","Brenda","bbailey@benchmarkautismil.com","Springfield","IL","4","pilot-2026-09-25-b2","Quick question about Benchmark Behavioral Care Center's openings in IL","Hi Brenda,

I was looking at independent ABA practices in Springfield and came across Benchmark Behavioral Care Center. 

A lot of clinic owners we talk to with 1–4 locations tell us their biggest bottleneck isn't clinical interest—it's getting predictable commercial-insurance & private-pay inquiries without giving up margins to PE aggregators.

We built an intake & patient growth system specifically for independent practices across your 4 locations. You can see how the intake flow and caseload matching work here:

{{TRACKED_URL_TOUCH_1}}

Do you have 15 minutes this Thursday or Friday to see if this fits your current openings?

Best,
Hudson Argollo
Gold Traffic / ABA Practice Growth","https://abaclinics.clubemkt.digital/aba?lid={{LEAD_ID}}&utm_source=cold_email&utm_medium=email&utm_campaign=pilot-2026-09-25-b2&utm_content=touch_1","Re: Benchmark Behavioral Care Center's openings in IL","Hi Brenda,

Quick follow-up on my note from earlier this week.

When clinics expand or try to hire new BCBAs, keeping the waitlist warm and converting families at the exact moment a slot opens is usually what keeps rooms full.

We put together a 20-minute discovery breakdown for independent practices:
{{TRACKED_URL_TOUCH_2}}

Would love to share what's working for clinics in IL if you're open to it.

Best,
Hudson","https://abaclinics.clubemkt.digital/aba?lid={{LEAD_ID}}&utm_source=cold_email&utm_medium=email&utm_campaign=pilot-2026-09-25-b2&utm_content=touch_2","Filling Benchmark Behavioral Care Center's caseload (IL)","Hi Brenda,

I know you're busy running Benchmark Behavioral Care Center. 

If patient intake or waitlist conversion isn't a priority right now, no worries at all. If you ever want to check our 2-minute fit assessment or look at the numbers, you can bookmark this link:

{{TRACKED_URL_TOUCH_3}}

Wishing you and the team continued success in Springfield!

Best,
Hudson","https://abaclinics.clubemkt.digital/aba?lid={{LEAD_ID}}&utm_source=cold_email&utm_medium=email&utm_campaign=pilot-2026-09-25-b2&utm_content=touch_3"
"Benefit Autism & Learning Institute","Brian Bain","Brian","brian.bain@benefitcareut.org","Provo","UT","1","pilot-2026-09-25-b2","Quick question about Benefit Autism & Learning Institute's openings in UT","Hi Brian,

I was looking at independent ABA practices in Provo and came across Benefit Autism & Learning Institute. 

A lot of clinic owners we talk to with 1–3 locations tell us their biggest bottleneck isn't clinical interest—it's getting predictable commercial-insurance & private-pay inquiries without giving up margins to PE aggregators.

We built an intake & patient growth system specifically for independent practices at Benefit Autism & Learning Institute. You can see how the intake flow and caseload matching work here:

{{TRACKED_URL_TOUCH_1}}

Do you have 15 minutes this Thursday or Friday to see if this fits your current openings?

Best,
Hudson Argollo
Gold Traffic / ABA Practice Growth","https://abaclinics.clubemkt.digital/aba?lid={{LEAD_ID}}&utm_source=cold_email&utm_medium=email&utm_campaign=pilot-2026-09-25-b2&utm_content=touch_1","Re: Benefit Autism & Learning Institute's openings in UT","Hi Brian,

Quick follow-up on my note from earlier this week.

When clinics expand or try to hire new BCBAs, keeping the waitlist warm and converting families at the exact moment a slot opens is usually what keeps rooms full.

We put together a 20-minute discovery breakdown for independent practices:
{{TRACKED_URL_TOUCH_2}}

Would love to share what's working for clinics in UT if you're open to it.

Best,
Hudson","https://abaclinics.clubemkt.digital/aba?lid={{LEAD_ID}}&utm_source=cold_email&utm_medium=email&utm_campaign=pilot-2026-09-25-b2&utm_content=touch_2","Filling Benefit Autism & Learning Institute's caseload (UT)","Hi Brian,

I know you're busy running Benefit Autism & Learning Institute. 

If patient intake or waitlist conversion isn't a priority right now, no worries at all. If you ever want to check our 2-minute fit assessment or look at the numbers, you can bookmark this link:

{{TRACKED_URL_TOUCH_3}}

Wishing you and the team continued success in Provo!

Best,
Hudson","https://abaclinics.clubemkt.digital/aba?lid={{LEAD_ID}}&utm_source=cold_email&utm_medium=email&utm_campaign=pilot-2026-09-25-b2&utm_content=touch_3"
"Better Days Developmental Solutions","Brianna Baird","Brianna","bbaird@betterdaysabanj.com","Clifton","NJ","2","pilot-2026-09-25-b2","Quick question about Better Days Developmental Solutions's openings in NJ","Hi Brianna,

I was looking at independent ABA practices in Clifton and came across Better Days Developmental Solutions. 

A lot of clinic owners we talk to with 1–3 locations tell us their biggest bottleneck isn't clinical interest—it's getting predictable commercial-insurance & private-pay inquiries without giving up margins to PE aggregators.

We built an intake & patient growth system specifically for independent practices across your 2 locations. You can see how the intake flow and caseload matching work here:

{{TRACKED_URL_TOUCH_1}}

Do you have 15 minutes this Thursday or Friday to see if this fits your current openings?

Best,
Hudson Argollo
Gold Traffic / ABA Practice Growth","https://abaclinics.clubemkt.digital/aba?lid={{LEAD_ID}}&utm_source=cold_email&utm_medium=email&utm_campaign=pilot-2026-09-25-b2&utm_content=touch_1","Re: Better Days Developmental Solutions's openings in NJ","Hi Brianna,

Quick follow-up on my note from earlier this week.

When clinics expand or try to hire new BCBAs, keeping the waitlist warm and converting families at the exact moment a slot opens is usually what keeps rooms full.

We put together a 20-minute discovery breakdown for independent practices:
{{TRACKED_URL_TOUCH_2}}

Would love to share what's working for clinics in NJ if you're open to it.

Best,
Hudson","https://abaclinics.clubemkt.digital/aba?lid={{LEAD_ID}}&utm_source=cold_email&utm_medium=email&utm_campaign=pilot-2026-09-25-b2&utm_content=touch_2","Filling Better Days Developmental Solutions's caseload (NJ)","Hi Brianna,

I know you're busy running Better Days Developmental Solutions. 

If patient intake or waitlist conversion isn't a priority right now, no worries at all. If you ever want to check our 2-minute fit assessment or look at the numbers, you can bookmark this link:

{{TRACKED_URL_TOUCH_3}}

Wishing you and the team continued success in Clifton!

Best,
Hudson","https://abaclinics.clubemkt.digital/aba?lid={{LEAD_ID}}&utm_source=cold_email&utm_medium=email&utm_campaign=pilot-2026-09-25-b2&utm_content=touch_3"
"Beyond Behavioral Therapy Center","Brittany Baker","Brittany","brittany.baker@beyondautismtx.com","Corpus Christi","TX","3","pilot-2026-09-25-b2","Quick question about Beyond Behavioral Therapy Center's openings in TX","Hi Brittany,

I was looking at independent ABA practices in Corpus Christi and came across Beyond Behavioral Therapy Center. 

A lot of clinic owners we talk to with 1–3 locations tell us their biggest bottleneck isn't clinical interest—it's getting predictable commercial-insurance & private-pay inquiries without giving up margins to PE aggregators.

We built an intake & patient growth system specifically for independent practices across your 3 locations. You can see how the intake flow and caseload matching work here:

{{TRACKED_URL_TOUCH_1}}

Do you have 15 minutes this Thursday or Friday to see if this fits your current openings?

Best,
Hudson Argollo
Gold Traffic / ABA Practice Growth","https://abaclinics.clubemkt.digital/aba?lid={{LEAD_ID}}&utm_source=cold_email&utm_medium=email&utm_campaign=pilot-2026-09-25-b2&utm_content=touch_1","Re: Beyond Behavioral Therapy Center's openings in TX","Hi Brittany,

Quick follow-up on my note from earlier this week.

When clinics expand or try to hire new BCBAs, keeping the waitlist warm and converting families at the exact moment a slot opens is usually what keeps rooms full.

We put together a 20-minute discovery breakdown for independent practices:
{{TRACKED_URL_TOUCH_2}}

Would love to share what's working for clinics in TX if you're open to it.

Best,
Hudson","https://abaclinics.clubemkt.digital/aba?lid={{LEAD_ID}}&utm_source=cold_email&utm_medium=email&utm_campaign=pilot-2026-09-25-b2&utm_content=touch_2","Filling Beyond Behavioral Therapy Center's caseload (TX)","Hi Brittany,

I know you're busy running Beyond Behavioral Therapy Center. 

If patient intake or waitlist conversion isn't a priority right now, no worries at all. If you ever want to check our 2-minute fit assessment or look at the numbers, you can bookmark this link:

{{TRACKED_URL_TOUCH_3}}

Wishing you and the team continued success in Corpus Christi!

Best,
Hudson","https://abaclinics.clubemkt.digital/aba?lid={{LEAD_ID}}&utm_source=cold_email&utm_medium=email&utm_campaign=pilot-2026-09-25-b2&utm_content=touch_3"
"Blue Ridge Autism Discovery Center","Brooke Baldwin","Brooke","bbaldwin@blueridgecarefl.com","Pensacola","FL","4","pilot-2026-09-25-b2","Quick question about Blue Ridge Autism Discovery Center's openings in FL","Hi Brooke,

I was looking at independent ABA practices in Pensacola and came across Blue Ridge Autism Discovery Center. 

A lot of clinic owners we talk to with 1–4 locations tell us their biggest bottleneck isn't clinical interest—it's getting predictable commercial-insurance & private-pay inquiries without giving up margins to PE aggregators.

We built an intake & patient growth system specifically for independent practices across your 4 locations. You can see how the intake flow and caseload matching work here:

{{TRACKED_URL_TOUCH_1}}

Do you have 15 minutes this Thursday or Friday to see if this fits your current openings?

Best,
Hudson Argollo
Gold Traffic / ABA Practice Growth","https://abaclinics.clubemkt.digital/aba?lid={{LEAD_ID}}&utm_source=cold_email&utm_medium=email&utm_campaign=pilot-2026-09-25-b2&utm_content=touch_1","Re: Blue Ridge Autism Discovery Center's openings in FL","Hi Brooke,

Quick follow-up on my note from earlier this week.

When clinics expand or try to hire new BCBAs, keeping the waitlist warm and converting families at the exact moment a slot opens is usually what keeps rooms full.

We put together a 20-minute discovery breakdown for independent practices:
{{TRACKED_URL_TOUCH_2}}

Would love to share what's working for clinics in FL if you're open to it.

Best,
Hudson","https://abaclinics.clubemkt.digital/aba?lid={{LEAD_ID}}&utm_source=cold_email&utm_medium=email&utm_campaign=pilot-2026-09-25-b2&utm_content=touch_2","Filling Blue Ridge Autism Discovery Center's caseload (FL)","Hi Brooke,

I know you're busy running Blue Ridge Autism Discovery Center. 

If patient intake or waitlist conversion isn't a priority right now, no worries at all. If you ever want to check our 2-minute fit assessment or look at the numbers, you can bookmark this link:

{{TRACKED_URL_TOUCH_3}}

Wishing you and the team continued success in Pensacola!

Best,
Hudson","https://abaclinics.clubemkt.digital/aba?lid={{LEAD_ID}}&utm_source=cold_email&utm_medium=email&utm_campaign=pilot-2026-09-25-b2&utm_content=touch_3"
"Blossom Behavioral Foundations","Brooklyn Bales","Brooklyn","brooklyn.bales@blossomabaca.org","Stockton","CA","1","pilot-2026-09-25-b2","Quick question about Blossom Behavioral Foundations's openings in CA","Hi Brooklyn,

I was looking at independent ABA practices in Stockton and came across Blossom Behavioral Foundations. 

A lot of clinic owners we talk to with 1–3 locations tell us their biggest bottleneck isn't clinical interest—it's getting predictable commercial-insurance & private-pay inquiries without giving up margins to PE aggregators.

We built an intake & patient growth system specifically for independent practices at Blossom Behavioral Foundations. You can see how the intake flow and caseload matching work here:

{{TRACKED_URL_TOUCH_1}}

Do you have 15 minutes this Thursday or Friday to see if this fits your current openings?

Best,
Hudson Argollo
Gold Traffic / ABA Practice Growth","https://abaclinics.clubemkt.digital/aba?lid={{LEAD_ID}}&utm_source=cold_email&utm_medium=email&utm_campaign=pilot-2026-09-25-b2&utm_content=touch_1","Re: Blossom Behavioral Foundations's openings in CA","Hi Brooklyn,

Quick follow-up on my note from earlier this week.

When clinics expand or try to hire new BCBAs, keeping the waitlist warm and converting families at the exact moment a slot opens is usually what keeps rooms full.

We put together a 20-minute discovery breakdown for independent practices:
{{TRACKED_URL_TOUCH_2}}

Would love to share what's working for clinics in CA if you're open to it.

Best,
Hudson","https://abaclinics.clubemkt.digital/aba?lid={{LEAD_ID}}&utm_source=cold_email&utm_medium=email&utm_campaign=pilot-2026-09-25-b2&utm_content=touch_2","Filling Blossom Behavioral Foundations's caseload (CA)","Hi Brooklyn,

I know you're busy running Blossom Behavioral Foundations. 

If patient intake or waitlist conversion isn't a priority right now, no worries at all. If you ever want to check our 2-minute fit assessment or look at the numbers, you can bookmark this link:

{{TRACKED_URL_TOUCH_3}}

Wishing you and the team continued success in Stockton!

Best,
Hudson","https://abaclinics.clubemkt.digital/aba?lid={{LEAD_ID}}&utm_source=cold_email&utm_medium=email&utm_campaign=pilot-2026-09-25-b2&utm_content=touch_3"
"Bold Therapeutic Solutions","Bruce Ball","Bruce","bball@boldautismnc.com","High Point","NC","2","pilot-2026-09-25-b2","Quick question about Bold Therapeutic Solutions's openings in NC","Hi Bruce,

I was looking at independent ABA practices in High Point and came across Bold Therapeutic Solutions. 

A lot of clinic owners we talk to with 1–3 locations tell us their biggest bottleneck isn't clinical interest—it's getting predictable commercial-insurance & private-pay inquiries without giving up margins to PE aggregators.

We built an intake & patient growth system specifically for independent practices across your 2 locations. You can see how the intake flow and caseload matching work here:

{{TRACKED_URL_TOUCH_1}}

Do you have 15 minutes this Thursday or Friday to see if this fits your current openings?

Best,
Hudson Argollo
Gold Traffic / ABA Practice Growth","https://abaclinics.clubemkt.digital/aba?lid={{LEAD_ID}}&utm_source=cold_email&utm_medium=email&utm_campaign=pilot-2026-09-25-b2&utm_content=touch_1","Re: Bold Therapeutic Solutions's openings in NC","Hi Bruce,

Quick follow-up on my note from earlier this week.

When clinics expand or try to hire new BCBAs, keeping the waitlist warm and converting families at the exact moment a slot opens is usually what keeps rooms full.

We put together a 20-minute discovery breakdown for independent practices:
{{TRACKED_URL_TOUCH_2}}

Would love to share what's working for clinics in NC if you're open to it.

Best,
Hudson","https://abaclinics.clubemkt.digital/aba?lid={{LEAD_ID}}&utm_source=cold_email&utm_medium=email&utm_campaign=pilot-2026-09-25-b2&utm_content=touch_2","Filling Bold Therapeutic Solutions's caseload (NC)","Hi Bruce,

I know you're busy running Bold Therapeutic Solutions. 

If patient intake or waitlist conversion isn't a priority right now, no worries at all. If you ever want to check our 2-minute fit assessment or look at the numbers, you can bookmark this link:

{{TRACKED_URL_TOUCH_3}}

Wishing you and the team continued success in High Point!

Best,
Hudson","https://abaclinics.clubemkt.digital/aba?lid={{LEAD_ID}}&utm_source=cold_email&utm_medium=email&utm_campaign=pilot-2026-09-25-b2&utm_content=touch_3"
"Bond ABA Collective","Bryan Ballard","Bryan","bryan.ballard@bondcarega.com","Dunwoody","GA","3","pilot-2026-09-25-b2","Quick question about Bond ABA Collective's openings in GA","Hi Bryan,

I was looking at independent ABA practices in Dunwoody and came across Bond ABA Collective. 

A lot of clinic owners we talk to with 1–3 locations tell us their biggest bottleneck isn't clinical interest—it's getting predictable commercial-insurance & private-pay inquiries without giving up margins to PE aggregators.

We built an intake & patient growth system specifically for independent practices across your 3 locations. You can see how the intake flow and caseload matching work here:

{{TRACKED_URL_TOUCH_1}}

Do you have 15 minutes this Thursday or Friday to see if this fits your current openings?

Best,
Hudson Argollo
Gold Traffic / ABA Practice Growth","https://abaclinics.clubemkt.digital/aba?lid={{LEAD_ID}}&utm_source=cold_email&utm_medium=email&utm_campaign=pilot-2026-09-25-b2&utm_content=touch_1","Re: Bond ABA Collective's openings in GA","Hi Bryan,

Quick follow-up on my note from earlier this week.

When clinics expand or try to hire new BCBAs, keeping the waitlist warm and converting families at the exact moment a slot opens is usually what keeps rooms full.

We put together a 20-minute discovery breakdown for independent practices:
{{TRACKED_URL_TOUCH_2}}

Would love to share what's working for clinics in GA if you're open to it.

Best,
Hudson","https://abaclinics.clubemkt.digital/aba?lid={{LEAD_ID}}&utm_source=cold_email&utm_medium=email&utm_campaign=pilot-2026-09-25-b2&utm_content=touch_2","Filling Bond ABA Collective's caseload (GA)","Hi Bryan,

I know you're busy running Bond ABA Collective. 

If patient intake or waitlist conversion isn't a priority right now, no worries at all. If you ever want to check our 2-minute fit assessment or look at the numbers, you can bookmark this link:

{{TRACKED_URL_TOUCH_3}}

Wishing you and the team continued success in Dunwoody!

Best,
Hudson","https://abaclinics.clubemkt.digital/aba?lid={{LEAD_ID}}&utm_source=cold_email&utm_medium=email&utm_campaign=pilot-2026-09-25-b2&utm_content=touch_3"
"Boundless Autism Clinic","Caleb Ballesteros","Caleb","cballesteros@boundlessabaco.com","Centennial","CO","4","pilot-2026-09-25-b2","Quick question about Boundless Autism Clinic's openings in CO","Hi Caleb,

I was looking at independent ABA practices in Centennial and came across Boundless Autism Clinic. 

A lot of clinic owners we talk to with 1–4 locations tell us their biggest bottleneck isn't clinical interest—it's getting predictable commercial-insurance & private-pay inquiries without giving up margins to PE aggregators.

We built an intake & patient growth system specifically for independent practices across your 4 locations. You can see how the intake flow and caseload matching work here:

{{TRACKED_URL_TOUCH_1}}

Do you have 15 minutes this Thursday or Friday to see if this fits your current openings?

Best,
Hudson Argollo
Gold Traffic / ABA Practice Growth","https://abaclinics.clubemkt.digital/aba?lid={{LEAD_ID}}&utm_source=cold_email&utm_medium=email&utm_campaign=pilot-2026-09-25-b2&utm_content=touch_1","Re: Boundless Autism Clinic's openings in CO","Hi Caleb,

Quick follow-up on my note from earlier this week.

When clinics expand or try to hire new BCBAs, keeping the waitlist warm and converting families at the exact moment a slot opens is usually what keeps rooms full.

We put together a 20-minute discovery breakdown for independent practices:
{{TRACKED_URL_TOUCH_2}}

Would love to share what's working for clinics in CO if you're open to it.

Best,
Hudson","https://abaclinics.clubemkt.digital/aba?lid={{LEAD_ID}}&utm_source=cold_email&utm_medium=email&utm_campaign=pilot-2026-09-25-b2&utm_content=touch_2","Filling Boundless Autism Clinic's caseload (CO)","Hi Caleb,

I know you're busy running Boundless Autism Clinic. 

If patient intake or waitlist conversion isn't a priority right now, no worries at all. If you ever want to check our 2-minute fit assessment or look at the numbers, you can bookmark this link:

{{TRACKED_URL_TOUCH_3}}

Wishing you and the team continued success in Centennial!

Best,
Hudson","https://abaclinics.clubemkt.digital/aba?lid={{LEAD_ID}}&utm_source=cold_email&utm_medium=email&utm_campaign=pilot-2026-09-25-b2&utm_content=touch_3"
"Branch ABA Center","Cameron Banks","Cameron","cameron.banks@branchautismva.org","McLean","VA","1","pilot-2026-09-25-b2","Quick question about Branch ABA Center's openings in VA","Hi Cameron,

I was looking at independent ABA practices in McLean and came across Branch ABA Center. 

A lot of clinic owners we talk to with 1–3 locations tell us their biggest bottleneck isn't clinical interest—it's getting predictable commercial-insurance & private-pay inquiries without giving up margins to PE aggregators.

We built an intake & patient growth system specifically for independent practices at Branch ABA Center. You can see how the intake flow and caseload matching work here:

{{TRACKED_URL_TOUCH_1}}

Do you have 15 minutes this Thursday or Friday to see if this fits your current openings?

Best,
Hudson Argollo
Gold Traffic / ABA Practice Growth","https://abaclinics.clubemkt.digital/aba?lid={{LEAD_ID}}&utm_source=cold_email&utm_medium=email&utm_campaign=pilot-2026-09-25-b2&utm_content=touch_1","Re: Branch ABA Center's openings in VA","Hi Cameron,

Quick follow-up on my note from earlier this week.

When clinics expand or try to hire new BCBAs, keeping the waitlist warm and converting families at the exact moment a slot opens is usually what keeps rooms full.

We put together a 20-minute discovery breakdown for independent practices:
{{TRACKED_URL_TOUCH_2}}

Would love to share what's working for clinics in VA if you're open to it.

Best,
Hudson","https://abaclinics.clubemkt.digital/aba?lid={{LEAD_ID}}&utm_source=cold_email&utm_medium=email&utm_campaign=pilot-2026-09-25-b2&utm_content=touch_2","Filling Branch ABA Center's caseload (VA)","Hi Cameron,

I know you're busy running Branch ABA Center. 

If patient intake or waitlist conversion isn't a priority right now, no worries at all. If you ever want to check our 2-minute fit assessment or look at the numbers, you can bookmark this link:

{{TRACKED_URL_TOUCH_3}}

Wishing you and the team continued success in McLean!

Best,
Hudson","https://abaclinics.clubemkt.digital/aba?lid={{LEAD_ID}}&utm_source=cold_email&utm_medium=email&utm_campaign=pilot-2026-09-25-b2&utm_content=touch_3"
"Bravo Behavioral Health Network","Camila Bankston","Camila","cbankston@bravocaremd.com","Germantown","MD","2","pilot-2026-09-25-b2","Quick question about Bravo Behavioral Health Network's openings in MD","Hi Camila,

I was looking at independent ABA practices in Germantown and came across Bravo Behavioral Health Network. 

A lot of clinic owners we talk to with 1–3 locations tell us their biggest bottleneck isn't clinical interest—it's getting predictable commercial-insurance & private-pay inquiries without giving up margins to PE aggregators.

We built an intake & patient growth system specifically for independent practices across your 2 locations. You can see how the intake flow and caseload matching work here:

{{TRACKED_URL_TOUCH_1}}

Do you have 15 minutes this Thursday or Friday to see if this fits your current openings?

Best,
Hudson Argollo
Gold Traffic / ABA Practice Growth","https://abaclinics.clubemkt.digital/aba?lid={{LEAD_ID}}&utm_source=cold_email&utm_medium=email&utm_campaign=pilot-2026-09-25-b2&utm_content=touch_1","Re: Bravo Behavioral Health Network's openings in MD","Hi Camila,

Quick follow-up on my note from earlier this week.

When clinics expand or try to hire new BCBAs, keeping the waitlist warm and converting families at the exact moment a slot opens is usually what keeps rooms full.

We put together a 20-minute discovery breakdown for independent practices:
{{TRACKED_URL_TOUCH_2}}

Would love to share what's working for clinics in MD if you're open to it.

Best,
Hudson","https://abaclinics.clubemkt.digital/aba?lid={{LEAD_ID}}&utm_source=cold_email&utm_medium=email&utm_campaign=pilot-2026-09-25-b2&utm_content=touch_2","Filling Bravo Behavioral Health Network's caseload (MD)","Hi Camila,

I know you're busy running Bravo Behavioral Health Network. 

If patient intake or waitlist conversion isn't a priority right now, no worries at all. If you ever want to check our 2-minute fit assessment or look at the numbers, you can bookmark this link:

{{TRACKED_URL_TOUCH_3}}

Wishing you and the team continued success in Germantown!

Best,
Hudson","https://abaclinics.clubemkt.digital/aba?lid={{LEAD_ID}}&utm_source=cold_email&utm_medium=email&utm_campaign=pilot-2026-09-25-b2&utm_content=touch_3"
"Bravery Autism Group","Carla Bannister","Carla","carla.bannister@braveryabail.com","Schaumburg","IL","3","pilot-2026-09-25-b2","Quick question about Bravery Autism Group's openings in IL","Hi Carla,

I was looking at independent ABA practices in Schaumburg and came across Bravery Autism Group. 

A lot of clinic owners we talk to with 1–3 locations tell us their biggest bottleneck isn't clinical interest—it's getting predictable commercial-insurance & private-pay inquiries without giving up margins to PE aggregators.

We built an intake & patient growth system specifically for independent practices across your 3 locations. You can see how the intake flow and caseload matching work here:

{{TRACKED_URL_TOUCH_1}}

Do you have 15 minutes this Thursday or Friday to see if this fits your current openings?

Best,
Hudson Argollo
Gold Traffic / ABA Practice Growth","https://abaclinics.clubemkt.digital/aba?lid={{LEAD_ID}}&utm_source=cold_email&utm_medium=email&utm_campaign=pilot-2026-09-25-b2&utm_content=touch_1","Re: Bravery Autism Group's openings in IL","Hi Carla,

Quick follow-up on my note from earlier this week.

When clinics expand or try to hire new BCBAs, keeping the waitlist warm and converting families at the exact moment a slot opens is usually what keeps rooms full.

We put together a 20-minute discovery breakdown for independent practices:
{{TRACKED_URL_TOUCH_2}}

Would love to share what's working for clinics in IL if you're open to it.

Best,
Hudson","https://abaclinics.clubemkt.digital/aba?lid={{LEAD_ID}}&utm_source=cold_email&utm_medium=email&utm_campaign=pilot-2026-09-25-b2&utm_content=touch_2","Filling Bravery Autism Group's caseload (IL)","Hi Carla,

I know you're busy running Bravery Autism Group. 

If patient intake or waitlist conversion isn't a priority right now, no worries at all. If you ever want to check our 2-minute fit assessment or look at the numbers, you can bookmark this link:

{{TRACKED_URL_TOUCH_3}}

Wishing you and the team continued success in Schaumburg!

Best,
Hudson","https://abaclinics.clubemkt.digital/aba?lid={{LEAD_ID}}&utm_source=cold_email&utm_medium=email&utm_campaign=pilot-2026-09-25-b2&utm_content=touch_3"
"Bright Future Applied Behavior Specialists","Carlos Barajas","Carlos","cbarajas@brightfutureautismut.net","Logan","UT","4","pilot-2026-09-25-b2","Quick question about Bright Future Applied Behavior Specialists's openings in UT","Hi Carlos,

I was looking at independent ABA practices in Logan and came across Bright Future Applied Behavior Specialists. 

A lot of clinic owners we talk to with 1–4 locations tell us their biggest bottleneck isn't clinical interest—it's getting predictable commercial-insurance & private-pay inquiries without giving up margins to PE aggregators.

We built an intake & patient growth system specifically for independent practices across your 4 locations. You can see how the intake flow and caseload matching work here:

{{TRACKED_URL_TOUCH_1}}

Do you have 15 minutes this Thursday or Friday to see if this fits your current openings?

Best,
Hudson Argollo
Gold Traffic / ABA Practice Growth","https://abaclinics.clubemkt.digital/aba?lid={{LEAD_ID}}&utm_source=cold_email&utm_medium=email&utm_campaign=pilot-2026-09-25-b2&utm_content=touch_1","Re: Bright Future Applied Behavior Specialists's openings in UT","Hi Carlos,

Quick follow-up on my note from earlier this week.

When clinics expand or try to hire new BCBAs, keeping the waitlist warm and converting families at the exact moment a slot opens is usually what keeps rooms full.

We put together a 20-minute discovery breakdown for independent practices:
{{TRACKED_URL_TOUCH_2}}

Would love to share what's working for clinics in UT if you're open to it.

Best,
Hudson","https://abaclinics.clubemkt.digital/aba?lid={{LEAD_ID}}&utm_source=cold_email&utm_medium=email&utm_campaign=pilot-2026-09-25-b2&utm_content=touch_2","Filling Bright Future Applied Behavior Specialists's caseload (UT)","Hi Carlos,

I know you're busy running Bright Future Applied Behavior Specialists. 

If patient intake or waitlist conversion isn't a priority right now, no worries at all. If you ever want to check our 2-minute fit assessment or look at the numbers, you can bookmark this link:

{{TRACKED_URL_TOUCH_3}}

Wishing you and the team continued success in Logan!

Best,
Hudson","https://abaclinics.clubemkt.digital/aba?lid={{LEAD_ID}}&utm_source=cold_email&utm_medium=email&utm_campaign=pilot-2026-09-25-b2&utm_content=touch_3"
"Brighter Days Therapy Partners","Caroline Barba","Caroline","caroline.barba@brighterdayscarenj.org","Woodbridge","NJ","1","pilot-2026-09-25-b2","Quick question about Brighter Days Therapy Partners's openings in NJ","Hi Caroline,

I was looking at independent ABA practices in Woodbridge and came across Brighter Days Therapy Partners. 

A lot of clinic owners we talk to with 1–3 locations tell us their biggest bottleneck isn't clinical interest—it's getting predictable commercial-insurance & private-pay inquiries without giving up margins to PE aggregators.

We built an intake & patient growth system specifically for independent practices at Brighter Days Therapy Partners. You can see how the intake flow and caseload matching work here:

{{TRACKED_URL_TOUCH_1}}

Do you have 15 minutes this Thursday or Friday to see if this fits your current openings?

Best,
Hudson Argollo
Gold Traffic / ABA Practice Growth","https://abaclinics.clubemkt.digital/aba?lid={{LEAD_ID}}&utm_source=cold_email&utm_medium=email&utm_campaign=pilot-2026-09-25-b2&utm_content=touch_1","Re: Brighter Days Therapy Partners's openings in NJ","Hi Caroline,

Quick follow-up on my note from earlier this week.

When clinics expand or try to hire new BCBAs, keeping the waitlist warm and converting families at the exact moment a slot opens is usually what keeps rooms full.

We put together a 20-minute discovery breakdown for independent practices:
{{TRACKED_URL_TOUCH_2}}

Would love to share what's working for clinics in NJ if you're open to it.

Best,
Hudson","https://abaclinics.clubemkt.digital/aba?lid={{LEAD_ID}}&utm_source=cold_email&utm_medium=email&utm_campaign=pilot-2026-09-25-b2&utm_content=touch_2","Filling Brighter Days Therapy Partners's caseload (NJ)","Hi Caroline,

I know you're busy running Brighter Days Therapy Partners. 

If patient intake or waitlist conversion isn't a priority right now, no worries at all. If you ever want to check our 2-minute fit assessment or look at the numbers, you can bookmark this link:

{{TRACKED_URL_TOUCH_3}}

Wishing you and the team continued success in Woodbridge!

Best,
Hudson","https://abaclinics.clubemkt.digital/aba?lid={{LEAD_ID}}&utm_source=cold_email&utm_medium=email&utm_campaign=pilot-2026-09-25-b2&utm_content=touch_3"
"Broadview Pediatric Autism Services","Carolyn Barbee","Carolyn","cbarbee@broadviewabatx.com","Dallas","TX","2","pilot-2026-09-25-b2","Quick question about Broadview Pediatric Autism Services's openings in TX","Hi Carolyn,

I was looking at independent ABA practices in Dallas and came across Broadview Pediatric Autism Services. 

A lot of clinic owners we talk to with 1–3 locations tell us their biggest bottleneck isn't clinical interest—it's getting predictable commercial-insurance & private-pay inquiries without giving up margins to PE aggregators.

We built an intake & patient growth system specifically for independent practices across your 2 locations. You can see how the intake flow and caseload matching work here:

{{TRACKED_URL_TOUCH_1}}

Do you have 15 minutes this Thursday or Friday to see if this fits your current openings?

Best,
Hudson Argollo
Gold Traffic / ABA Practice Growth","https://abaclinics.clubemkt.digital/aba?lid={{LEAD_ID}}&utm_source=cold_email&utm_medium=email&utm_campaign=pilot-2026-09-25-b2&utm_content=touch_1","Re: Broadview Pediatric Autism Services's openings in TX","Hi Carolyn,

Quick follow-up on my note from earlier this week.

When clinics expand or try to hire new BCBAs, keeping the waitlist warm and converting families at the exact moment a slot opens is usually what keeps rooms full.

We put together a 20-minute discovery breakdown for independent practices:
{{TRACKED_URL_TOUCH_2}}

Would love to share what's working for clinics in TX if you're open to it.

Best,
Hudson","https://abaclinics.clubemkt.digital/aba?lid={{LEAD_ID}}&utm_source=cold_email&utm_medium=email&utm_campaign=pilot-2026-09-25-b2&utm_content=touch_2","Filling Broadview Pediatric Autism Services's caseload (TX)","Hi Carolyn,

I know you're busy running Broadview Pediatric Autism Services. 

If patient intake or waitlist conversion isn't a priority right now, no worries at all. If you ever want to check our 2-minute fit assessment or look at the numbers, you can bookmark this link:

{{TRACKED_URL_TOUCH_3}}

Wishing you and the team continued success in Dallas!

Best,
Hudson","https://abaclinics.clubemkt.digital/aba?lid={{LEAD_ID}}&utm_source=cold_email&utm_medium=email&utm_campaign=pilot-2026-09-25-b2&utm_content=touch_3"
"Building Blocks Behavioral Care Center","Carson Barber","Carson","carson.barber@buildingblocksautismfl.com","Tampa","FL","3","pilot-2026-09-25-b2","Quick question about Building Blocks Behavioral Care Center's openings in FL","Hi Carson,

I was looking at independent ABA practices in Tampa and came across Building Blocks Behavioral Care Center. 

A lot of clinic owners we talk to with 1–3 locations tell us their biggest bottleneck isn't clinical interest—it's getting predictable commercial-insurance & private-pay inquiries without giving up margins to PE aggregators.

We built an intake & patient growth system specifically for independent practices across your 3 locations. You can see how the intake flow and caseload matching work here:

{{TRACKED_URL_TOUCH_1}}

Do you have 15 minutes this Thursday or Friday to see if this fits your current openings?

Best,
Hudson Argollo
Gold Traffic / ABA Practice Growth","https://abaclinics.clubemkt.digital/aba?lid={{LEAD_ID}}&utm_source=cold_email&utm_medium=email&utm_campaign=pilot-2026-09-25-b2&utm_content=touch_1","Re: Building Blocks Behavioral Care Center's openings in FL","Hi Carson,

Quick follow-up on my note from earlier this week.

When clinics expand or try to hire new BCBAs, keeping the waitlist warm and converting families at the exact moment a slot opens is usually what keeps rooms full.

We put together a 20-minute discovery breakdown for independent practices:
{{TRACKED_URL_TOUCH_2}}

Would love to share what's working for clinics in FL if you're open to it.

Best,
Hudson","https://abaclinics.clubemkt.digital/aba?lid={{LEAD_ID}}&utm_source=cold_email&utm_medium=email&utm_campaign=pilot-2026-09-25-b2&utm_content=touch_2","Filling Building Blocks Behavioral Care Center's caseload (FL)","Hi Carson,

I know you're busy running Building Blocks Behavioral Care Center. 

If patient intake or waitlist conversion isn't a priority right now, no worries at all. If you ever want to check our 2-minute fit assessment or look at the numbers, you can bookmark this link:

{{TRACKED_URL_TOUCH_3}}

Wishing you and the team continued success in Tampa!

Best,
Hudson","https://abaclinics.clubemkt.digital/aba?lid={{LEAD_ID}}&utm_source=cold_email&utm_medium=email&utm_campaign=pilot-2026-09-25-b2&utm_content=touch_3"
"Calm Autism & Learning Institute","Carter Abbott","Carter","cabbott@calmcareca.com","Sacramento","CA","4","pilot-2026-09-25-b2","Quick question about Calm Autism & Learning Institute's openings in CA","Hi Carter,

I was looking at independent ABA practices in Sacramento and came across Calm Autism & Learning Institute. 

A lot of clinic owners we talk to with 1–4 locations tell us their biggest bottleneck isn't clinical interest—it's getting predictable commercial-insurance & private-pay inquiries without giving up margins to PE aggregators.

We built an intake & patient growth system specifically for independent practices across your 4 locations. You can see how the intake flow and caseload matching work here:

{{TRACKED_URL_TOUCH_1}}

Do you have 15 minutes this Thursday or Friday to see if this fits your current openings?

Best,
Hudson Argollo
Gold Traffic / ABA Practice Growth","https://abaclinics.clubemkt.digital/aba?lid={{LEAD_ID}}&utm_source=cold_email&utm_medium=email&utm_campaign=pilot-2026-09-25-b2&utm_content=touch_1","Re: Calm Autism & Learning Institute's openings in CA","Hi Carter,

Quick follow-up on my note from earlier this week.

When clinics expand or try to hire new BCBAs, keeping the waitlist warm and converting families at the exact moment a slot opens is usually what keeps rooms full.

We put together a 20-minute discovery breakdown for independent practices:
{{TRACKED_URL_TOUCH_2}}

Would love to share what's working for clinics in CA if you're open to it.

Best,
Hudson","https://abaclinics.clubemkt.digital/aba?lid={{LEAD_ID}}&utm_source=cold_email&utm_medium=email&utm_campaign=pilot-2026-09-25-b2&utm_content=touch_2","Filling Calm Autism & Learning Institute's caseload (CA)","Hi Carter,

I know you're busy running Calm Autism & Learning Institute. 

If patient intake or waitlist conversion isn't a priority right now, no worries at all. If you ever want to check our 2-minute fit assessment or look at the numbers, you can bookmark this link:

{{TRACKED_URL_TOUCH_3}}

Wishing you and the team continued success in Sacramento!

Best,
Hudson","https://abaclinics.clubemkt.digital/aba?lid={{LEAD_ID}}&utm_source=cold_email&utm_medium=email&utm_campaign=pilot-2026-09-25-b2&utm_content=touch_3"
"Canyon Developmental Solutions","Cassandra Abernathy","Cassandra","cassandra.abernathy@canyonabanc.org","Concord","NC","1","pilot-2026-09-25-b2","Quick question about Canyon Developmental Solutions's openings in NC","Hi Cassandra,

I was looking at independent ABA practices in Concord and came across Canyon Developmental Solutions. 

A lot of clinic owners we talk to with 1–3 locations tell us their biggest bottleneck isn't clinical interest—it's getting predictable commercial-insurance & private-pay inquiries without giving up margins to PE aggregators.

We built an intake & patient growth system specifically for independent practices at Canyon Developmental Solutions. You can see how the intake flow and caseload matching work here:

{{TRACKED_URL_TOUCH_1}}

Do you have 15 minutes this Thursday or Friday to see if this fits your current openings?

Best,
Hudson Argollo
Gold Traffic / ABA Practice Growth","https://abaclinics.clubemkt.digital/aba?lid={{LEAD_ID}}&utm_source=cold_email&utm_medium=email&utm_campaign=pilot-2026-09-25-b2&utm_content=touch_1","Re: Canyon Developmental Solutions's openings in NC","Hi Cassandra,

Quick follow-up on my note from earlier this week.

When clinics expand or try to hire new BCBAs, keeping the waitlist warm and converting families at the exact moment a slot opens is usually what keeps rooms full.

We put together a 20-minute discovery breakdown for independent practices:
{{TRACKED_URL_TOUCH_2}}

Would love to share what's working for clinics in NC if you're open to it.

Best,
Hudson","https://abaclinics.clubemkt.digital/aba?lid={{LEAD_ID}}&utm_source=cold_email&utm_medium=email&utm_campaign=pilot-2026-09-25-b2&utm_content=touch_2","Filling Canyon Developmental Solutions's caseload (NC)","Hi Cassandra,

I know you're busy running Canyon Developmental Solutions. 

If patient intake or waitlist conversion isn't a priority right now, no worries at all. If you ever want to check our 2-minute fit assessment or look at the numbers, you can bookmark this link:

{{TRACKED_URL_TOUCH_3}}

Wishing you and the team continued success in Concord!

Best,
Hudson","https://abaclinics.clubemkt.digital/aba?lid={{LEAD_ID}}&utm_source=cold_email&utm_medium=email&utm_campaign=pilot-2026-09-25-b2&utm_content=touch_3"
"Capital Behavioral Therapy Center","Catherine Acevedo","Catherine","cacevedo@capitalautismga.com","Tyrone","GA","2","pilot-2026-09-25-b2","Quick question about Capital Behavioral Therapy Center's openings in GA","Hi Catherine,

I was looking at independent ABA practices in Tyrone and came across Capital Behavioral Therapy Center. 

A lot of clinic owners we talk to with 1–3 locations tell us their biggest bottleneck isn't clinical interest—it's getting predictable commercial-insurance & private-pay inquiries without giving up margins to PE aggregators.

We built an intake & patient growth system specifically for independent practices across your 2 locations. You can see how the intake flow and caseload matching work here:

{{TRACKED_URL_TOUCH_1}}

Do you have 15 minutes this Thursday or Friday to see if this fits your current openings?

Best,
Hudson Argollo
Gold Traffic / ABA Practice Growth","https://abaclinics.clubemkt.digital/aba?lid={{LEAD_ID}}&utm_source=cold_email&utm_medium=email&utm_campaign=pilot-2026-09-25-b2&utm_content=touch_1","Re: Capital Behavioral Therapy Center's openings in GA","Hi Catherine,

Quick follow-up on my note from earlier this week.

When clinics expand or try to hire new BCBAs, keeping the waitlist warm and converting families at the exact moment a slot opens is usually what keeps rooms full.

We put together a 20-minute discovery breakdown for independent practices:
{{TRACKED_URL_TOUCH_2}}

Would love to share what's working for clinics in GA if you're open to it.

Best,
Hudson","https://abaclinics.clubemkt.digital/aba?lid={{LEAD_ID}}&utm_source=cold_email&utm_medium=email&utm_campaign=pilot-2026-09-25-b2&utm_content=touch_2","Filling Capital Behavioral Therapy Center's caseload (GA)","Hi Catherine,

I know you're busy running Capital Behavioral Therapy Center. 

If patient intake or waitlist conversion isn't a priority right now, no worries at all. If you ever want to check our 2-minute fit assessment or look at the numbers, you can bookmark this link:

{{TRACKED_URL_TOUCH_3}}

Wishing you and the team continued success in Tyrone!

Best,
Hudson","https://abaclinics.clubemkt.digital/aba?lid={{LEAD_ID}}&utm_source=cold_email&utm_medium=email&utm_campaign=pilot-2026-09-25-b2&utm_content=touch_3"
"CarePoint Autism Discovery Center","Cecilia Acosta","Cecilia","cecilia.acosta@carepointcareco.net","Thornton","CO","3","pilot-2026-09-25-b2","Quick question about CarePoint Autism Discovery Center's openings in CO","Hi Cecilia,

I was looking at independent ABA practices in Thornton and came across CarePoint Autism Discovery Center. 

A lot of clinic owners we talk to with 1–3 locations tell us their biggest bottleneck isn't clinical interest—it's getting predictable commercial-insurance & private-pay inquiries without giving up margins to PE aggregators.

We built an intake & patient growth system specifically for independent practices across your 3 locations. You can see how the intake flow and caseload matching work here:

{{TRACKED_URL_TOUCH_1}}

Do you have 15 minutes this Thursday or Friday to see if this fits your current openings?

Best,
Hudson Argollo
Gold Traffic / ABA Practice Growth","https://abaclinics.clubemkt.digital/aba?lid={{LEAD_ID}}&utm_source=cold_email&utm_medium=email&utm_campaign=pilot-2026-09-25-b2&utm_content=touch_1","Re: CarePoint Autism Discovery Center's openings in CO","Hi Cecilia,

Quick follow-up on my note from earlier this week.

When clinics expand or try to hire new BCBAs, keeping the waitlist warm and converting families at the exact moment a slot opens is usually what keeps rooms full.

We put together a 20-minute discovery breakdown for independent practices:
{{TRACKED_URL_TOUCH_2}}

Would love to share what's working for clinics in CO if you're open to it.

Best,
Hudson","https://abaclinics.clubemkt.digital/aba?lid={{LEAD_ID}}&utm_source=cold_email&utm_medium=email&utm_campaign=pilot-2026-09-25-b2&utm_content=touch_2","Filling CarePoint Autism Discovery Center's caseload (CO)","Hi Cecilia,

I know you're busy running CarePoint Autism Discovery Center. 

If patient intake or waitlist conversion isn't a priority right now, no worries at all. If you ever want to check our 2-minute fit assessment or look at the numbers, you can bookmark this link:

{{TRACKED_URL_TOUCH_3}}

Wishing you and the team continued success in Thornton!

Best,
Hudson","https://abaclinics.clubemkt.digital/aba?lid={{LEAD_ID}}&utm_source=cold_email&utm_medium=email&utm_campaign=pilot-2026-09-25-b2&utm_content=touch_3"
"Cascade Behavioral Foundations","Chad Adair","Chad","cadair@cascadeabava.com","Fairfax","VA","4","pilot-2026-09-25-b2","Quick question about Cascade Behavioral Foundations's openings in VA","Hi Chad,

I was looking at independent ABA practices in Fairfax and came across Cascade Behavioral Foundations. 

A lot of clinic owners we talk to with 1–4 locations tell us their biggest bottleneck isn't clinical interest—it's getting predictable commercial-insurance & private-pay inquiries without giving up margins to PE aggregators.

We built an intake & patient growth system specifically for independent practices across your 4 locations. You can see how the intake flow and caseload matching work here:

{{TRACKED_URL_TOUCH_1}}

Do you have 15 minutes this Thursday or Friday to see if this fits your current openings?

Best,
Hudson Argollo
Gold Traffic / ABA Practice Growth","https://abaclinics.clubemkt.digital/aba?lid={{LEAD_ID}}&utm_source=cold_email&utm_medium=email&utm_campaign=pilot-2026-09-25-b2&utm_content=touch_1","Re: Cascade Behavioral Foundations's openings in VA","Hi Chad,

Quick follow-up on my note from earlier this week.

When clinics expand or try to hire new BCBAs, keeping the waitlist warm and converting families at the exact moment a slot opens is usually what keeps rooms full.

We put together a 20-minute discovery breakdown for independent practices:
{{TRACKED_URL_TOUCH_2}}

Would love to share what's working for clinics in VA if you're open to it.

Best,
Hudson","https://abaclinics.clubemkt.digital/aba?lid={{LEAD_ID}}&utm_source=cold_email&utm_medium=email&utm_campaign=pilot-2026-09-25-b2&utm_content=touch_2","Filling Cascade Behavioral Foundations's caseload (VA)","Hi Chad,

I know you're busy running Cascade Behavioral Foundations. 

If patient intake or waitlist conversion isn't a priority right now, no worries at all. If you ever want to check our 2-minute fit assessment or look at the numbers, you can bookmark this link:

{{TRACKED_URL_TOUCH_3}}

Wishing you and the team continued success in Fairfax!

Best,
Hudson","https://abaclinics.clubemkt.digital/aba?lid={{LEAD_ID}}&utm_source=cold_email&utm_medium=email&utm_campaign=pilot-2026-09-25-b2&utm_content=touch_3"
"Cedar Therapeutic Solutions","Charles Adkins","Charles","charles.adkins@cedarautismmd.org","Columbia","MD","1","pilot-2026-09-25-b2","Quick question about Cedar Therapeutic Solutions's openings in MD","Hi Charles,

I was looking at independent ABA practices in Columbia and came across Cedar Therapeutic Solutions. 

A lot of clinic owners we talk to with 1–3 locations tell us their biggest bottleneck isn't clinical interest—it's getting predictable commercial-insurance & private-pay inquiries without giving up margins to PE aggregators.

We built an intake & patient growth system specifically for independent practices at Cedar Therapeutic Solutions. You can see how the intake flow and caseload matching work here:

{{TRACKED_URL_TOUCH_1}}

Do you have 15 minutes this Thursday or Friday to see if this fits your current openings?

Best,
Hudson Argollo
Gold Traffic / ABA Practice Growth","https://abaclinics.clubemkt.digital/aba?lid={{LEAD_ID}}&utm_source=cold_email&utm_medium=email&utm_campaign=pilot-2026-09-25-b2&utm_content=touch_1","Re: Cedar Therapeutic Solutions's openings in MD","Hi Charles,

Quick follow-up on my note from earlier this week.

When clinics expand or try to hire new BCBAs, keeping the waitlist warm and converting families at the exact moment a slot opens is usually what keeps rooms full.

We put together a 20-minute discovery breakdown for independent practices:
{{TRACKED_URL_TOUCH_2}}

Would love to share what's working for clinics in MD if you're open to it.

Best,
Hudson","https://abaclinics.clubemkt.digital/aba?lid={{LEAD_ID}}&utm_source=cold_email&utm_medium=email&utm_campaign=pilot-2026-09-25-b2&utm_content=touch_2","Filling Cedar Therapeutic Solutions's caseload (MD)","Hi Charles,

I know you're busy running Cedar Therapeutic Solutions. 

If patient intake or waitlist conversion isn't a priority right now, no worries at all. If you ever want to check our 2-minute fit assessment or look at the numbers, you can bookmark this link:

{{TRACKED_URL_TOUCH_3}}

Wishing you and the team continued success in Columbia!

Best,
Hudson","https://abaclinics.clubemkt.digital/aba?lid={{LEAD_ID}}&utm_source=cold_email&utm_medium=email&utm_campaign=pilot-2026-09-25-b2&utm_content=touch_3"
"Celestial ABA Collective","Charlotte Aguilar","Charlotte","caguilar@celestialcareil.com","Rockford","IL","2","pilot-2026-09-25-b2","Quick question about Celestial ABA Collective's openings in IL","Hi Charlotte,

I was looking at independent ABA practices in Rockford and came across Celestial ABA Collective. 

A lot of clinic owners we talk to with 1–3 locations tell us their biggest bottleneck isn't clinical interest—it's getting predictable commercial-insurance & private-pay inquiries without giving up margins to PE aggregators.

We built an intake & patient growth system specifically for independent practices across your 2 locations. You can see how the intake flow and caseload matching work here:

{{TRACKED_URL_TOUCH_1}}

Do you have 15 minutes this Thursday or Friday to see if this fits your current openings?

Best,
Hudson Argollo
Gold Traffic / ABA Practice Growth","https://abaclinics.clubemkt.digital/aba?lid={{LEAD_ID}}&utm_source=cold_email&utm_medium=email&utm_campaign=pilot-2026-09-25-b2&utm_content=touch_1","Re: Celestial ABA Collective's openings in IL","Hi Charlotte,

Quick follow-up on my note from earlier this week.

When clinics expand or try to hire new BCBAs, keeping the waitlist warm and converting families at the exact moment a slot opens is usually what keeps rooms full.

We put together a 20-minute discovery breakdown for independent practices:
{{TRACKED_URL_TOUCH_2}}

Would love to share what's working for clinics in IL if you're open to it.

Best,
Hudson","https://abaclinics.clubemkt.digital/aba?lid={{LEAD_ID}}&utm_source=cold_email&utm_medium=email&utm_campaign=pilot-2026-09-25-b2&utm_content=touch_2","Filling Celestial ABA Collective's caseload (IL)","Hi Charlotte,

I know you're busy running Celestial ABA Collective. 

If patient intake or waitlist conversion isn't a priority right now, no worries at all. If you ever want to check our 2-minute fit assessment or look at the numbers, you can bookmark this link:

{{TRACKED_URL_TOUCH_3}}

Wishing you and the team continued success in Rockford!

Best,
Hudson","https://abaclinics.clubemkt.digital/aba?lid={{LEAD_ID}}&utm_source=cold_email&utm_medium=email&utm_campaign=pilot-2026-09-25-b2&utm_content=touch_3"
"Centennial Autism Clinic","Chase Aguirre","Chase","chase.aguirre@centennialabaut.com","Millcreek","UT","3","pilot-2026-09-25-b2","Quick question about Centennial Autism Clinic's openings in UT","Hi Chase,

I was looking at independent ABA practices in Millcreek and came across Centennial Autism Clinic. 

A lot of clinic owners we talk to with 1–3 locations tell us their biggest bottleneck isn't clinical interest—it's getting predictable commercial-insurance & private-pay inquiries without giving up margins to PE aggregators.

We built an intake & patient growth system specifically for independent practices across your 3 locations. You can see how the intake flow and caseload matching work here:

{{TRACKED_URL_TOUCH_1}}

Do you have 15 minutes this Thursday or Friday to see if this fits your current openings?

Best,
Hudson Argollo
Gold Traffic / ABA Practice Growth","https://abaclinics.clubemkt.digital/aba?lid={{LEAD_ID}}&utm_source=cold_email&utm_medium=email&utm_campaign=pilot-2026-09-25-b2&utm_content=touch_1","Re: Centennial Autism Clinic's openings in UT","Hi Chase,

Quick follow-up on my note from earlier this week.

When clinics expand or try to hire new BCBAs, keeping the waitlist warm and converting families at the exact moment a slot opens is usually what keeps rooms full.

We put together a 20-minute discovery breakdown for independent practices:
{{TRACKED_URL_TOUCH_2}}

Would love to share what's working for clinics in UT if you're open to it.

Best,
Hudson","https://abaclinics.clubemkt.digital/aba?lid={{LEAD_ID}}&utm_source=cold_email&utm_medium=email&utm_campaign=pilot-2026-09-25-b2&utm_content=touch_2","Filling Centennial Autism Clinic's caseload (UT)","Hi Chase,

I know you're busy running Centennial Autism Clinic. 

If patient intake or waitlist conversion isn't a priority right now, no worries at all. If you ever want to check our 2-minute fit assessment or look at the numbers, you can bookmark this link:

{{TRACKED_URL_TOUCH_3}}

Wishing you and the team continued success in Millcreek!

Best,
Hudson","https://abaclinics.clubemkt.digital/aba?lid={{LEAD_ID}}&utm_source=cold_email&utm_medium=email&utm_campaign=pilot-2026-09-25-b2&utm_content=touch_3"
"CenterPoint ABA Center","Chelsea Albert","Chelsea","calbert@centerpointautismnj.com","Jersey City","NJ","4","pilot-2026-09-25-b2","Quick question about CenterPoint ABA Center's openings in NJ","Hi Chelsea,

I was looking at independent ABA practices in Jersey City and came across CenterPoint ABA Center. 

A lot of clinic owners we talk to with 1–4 locations tell us their biggest bottleneck isn't clinical interest—it's getting predictable commercial-insurance & private-pay inquiries without giving up margins to PE aggregators.

We built an intake & patient growth system specifically for independent practices across your 4 locations. You can see how the intake flow and caseload matching work here:

{{TRACKED_URL_TOUCH_1}}

Do you have 15 minutes this Thursday or Friday to see if this fits your current openings?

Best,
Hudson Argollo
Gold Traffic / ABA Practice Growth","https://abaclinics.clubemkt.digital/aba?lid={{LEAD_ID}}&utm_source=cold_email&utm_medium=email&utm_campaign=pilot-2026-09-25-b2&utm_content=touch_1","Re: CenterPoint ABA Center's openings in NJ","Hi Chelsea,

Quick follow-up on my note from earlier this week.

When clinics expand or try to hire new BCBAs, keeping the waitlist warm and converting families at the exact moment a slot opens is usually what keeps rooms full.

We put together a 20-minute discovery breakdown for independent practices:
{{TRACKED_URL_TOUCH_2}}

Would love to share what's working for clinics in NJ if you're open to it.

Best,
Hudson","https://abaclinics.clubemkt.digital/aba?lid={{LEAD_ID}}&utm_source=cold_email&utm_medium=email&utm_campaign=pilot-2026-09-25-b2&utm_content=touch_2","Filling CenterPoint ABA Center's caseload (NJ)","Hi Chelsea,

I know you're busy running CenterPoint ABA Center. 

If patient intake or waitlist conversion isn't a priority right now, no worries at all. If you ever want to check our 2-minute fit assessment or look at the numbers, you can bookmark this link:

{{TRACKED_URL_TOUCH_3}}

Wishing you and the team continued success in Jersey City!

Best,
Hudson","https://abaclinics.clubemkt.digital/aba?lid={{LEAD_ID}}&utm_source=cold_email&utm_medium=email&utm_campaign=pilot-2026-09-25-b2&utm_content=touch_3"
"Champion Behavioral Health Network","Cheyenne Albrecht","Cheyenne","cheyenne.albrecht@championcaretx.org","Lubbock","TX","1","pilot-2026-09-25-b2","Quick question about Champion Behavioral Health Network's openings in TX","Hi Cheyenne,

I was looking at independent ABA practices in Lubbock and came across Champion Behavioral Health Network. 

A lot of clinic owners we talk to with 1–3 locations tell us their biggest bottleneck isn't clinical interest—it's getting predictable commercial-insurance & private-pay inquiries without giving up margins to PE aggregators.

We built an intake & patient growth system specifically for independent practices at Champion Behavioral Health Network. You can see how the intake flow and caseload matching work here:

{{TRACKED_URL_TOUCH_1}}

Do you have 15 minutes this Thursday or Friday to see if this fits your current openings?

Best,
Hudson Argollo
Gold Traffic / ABA Practice Growth","https://abaclinics.clubemkt.digital/aba?lid={{LEAD_ID}}&utm_source=cold_email&utm_medium=email&utm_campaign=pilot-2026-09-25-b2&utm_content=touch_1","Re: Champion Behavioral Health Network's openings in TX","Hi Cheyenne,

Quick follow-up on my note from earlier this week.

When clinics expand or try to hire new BCBAs, keeping the waitlist warm and converting families at the exact moment a slot opens is usually what keeps rooms full.

We put together a 20-minute discovery breakdown for independent practices:
{{TRACKED_URL_TOUCH_2}}

Would love to share what's working for clinics in TX if you're open to it.

Best,
Hudson","https://abaclinics.clubemkt.digital/aba?lid={{LEAD_ID}}&utm_source=cold_email&utm_medium=email&utm_campaign=pilot-2026-09-25-b2&utm_content=touch_2","Filling Champion Behavioral Health Network's caseload (TX)","Hi Cheyenne,

I know you're busy running Champion Behavioral Health Network. 

If patient intake or waitlist conversion isn't a priority right now, no worries at all. If you ever want to check our 2-minute fit assessment or look at the numbers, you can bookmark this link:

{{TRACKED_URL_TOUCH_3}}

Wishing you and the team continued success in Lubbock!

Best,
Hudson","https://abaclinics.clubemkt.digital/aba?lid={{LEAD_ID}}&utm_source=cold_email&utm_medium=email&utm_campaign=pilot-2026-09-25-b2&utm_content=touch_3"
"Channel Autism Group","Chloe Alcorn","Chloe","calcorn@channelabafl.net","West Palm Beach","FL","2","pilot-2026-09-25-b2","Quick question about Channel Autism Group's openings in FL","Hi Chloe,

I was looking at independent ABA practices in West Palm Beach and came across Channel Autism Group. 

A lot of clinic owners we talk to with 1–3 locations tell us their biggest bottleneck isn't clinical interest—it's getting predictable commercial-insurance & private-pay inquiries without giving up margins to PE aggregators.

We built an intake & patient growth system specifically for independent practices across your 2 locations. You can see how the intake flow and caseload matching work here:

{{TRACKED_URL_TOUCH_1}}

Do you have 15 minutes this Thursday or Friday to see if this fits your current openings?

Best,
Hudson Argollo
Gold Traffic / ABA Practice Growth","https://abaclinics.clubemkt.digital/aba?lid={{LEAD_ID}}&utm_source=cold_email&utm_medium=email&utm_campaign=pilot-2026-09-25-b2&utm_content=touch_1","Re: Channel Autism Group's openings in FL","Hi Chloe,

Quick follow-up on my note from earlier this week.

When clinics expand or try to hire new BCBAs, keeping the waitlist warm and converting families at the exact moment a slot opens is usually what keeps rooms full.

We put together a 20-minute discovery breakdown for independent practices:
{{TRACKED_URL_TOUCH_2}}

Would love to share what's working for clinics in FL if you're open to it.

Best,
Hudson","https://abaclinics.clubemkt.digital/aba?lid={{LEAD_ID}}&utm_source=cold_email&utm_medium=email&utm_campaign=pilot-2026-09-25-b2&utm_content=touch_2","Filling Channel Autism Group's caseload (FL)","Hi Chloe,

I know you're busy running Channel Autism Group. 

If patient intake or waitlist conversion isn't a priority right now, no worries at all. If you ever want to check our 2-minute fit assessment or look at the numbers, you can bookmark this link:

{{TRACKED_URL_TOUCH_3}}

Wishing you and the team continued success in West Palm Beach!

Best,
Hudson","https://abaclinics.clubemkt.digital/aba?lid={{LEAD_ID}}&utm_source=cold_email&utm_medium=email&utm_campaign=pilot-2026-09-25-b2&utm_content=touch_3"
"Circle Applied Behavior Specialists","Christian Aldridge","Christian","christian.aldridge@circleautismca.com","Fremont","CA","3","pilot-2026-09-25-b2","Quick question about Circle Applied Behavior Specialists's openings in CA","Hi Christian,

I was looking at independent ABA practices in Fremont and came across Circle Applied Behavior Specialists. 

A lot of clinic owners we talk to with 1–3 locations tell us their biggest bottleneck isn't clinical interest—it's getting predictable commercial-insurance & private-pay inquiries without giving up margins to PE aggregators.

We built an intake & patient growth system specifically for independent practices across your 3 locations. You can see how the intake flow and caseload matching work here:

{{TRACKED_URL_TOUCH_1}}

Do you have 15 minutes this Thursday or Friday to see if this fits your current openings?

Best,
Hudson Argollo
Gold Traffic / ABA Practice Growth","https://abaclinics.clubemkt.digital/aba?lid={{LEAD_ID}}&utm_source=cold_email&utm_medium=email&utm_campaign=pilot-2026-09-25-b2&utm_content=touch_1","Re: Circle Applied Behavior Specialists's openings in CA","Hi Christian,

Quick follow-up on my note from earlier this week.

When clinics expand or try to hire new BCBAs, keeping the waitlist warm and converting families at the exact moment a slot opens is usually what keeps rooms full.

We put together a 20-minute discovery breakdown for independent practices:
{{TRACKED_URL_TOUCH_2}}

Would love to share what's working for clinics in CA if you're open to it.

Best,
Hudson","https://abaclinics.clubemkt.digital/aba?lid={{LEAD_ID}}&utm_source=cold_email&utm_medium=email&utm_campaign=pilot-2026-09-25-b2&utm_content=touch_2","Filling Circle Applied Behavior Specialists's caseload (CA)","Hi Christian,

I know you're busy running Circle Applied Behavior Specialists. 

If patient intake or waitlist conversion isn't a priority right now, no worries at all. If you ever want to check our 2-minute fit assessment or look at the numbers, you can bookmark this link:

{{TRACKED_URL_TOUCH_3}}

Wishing you and the team continued success in Fremont!

Best,
Hudson","https://abaclinics.clubemkt.digital/aba?lid={{LEAD_ID}}&utm_source=cold_email&utm_medium=email&utm_campaign=pilot-2026-09-25-b2&utm_content=touch_3"
"Climb Therapy Partners","Christina Alford","Christina","calford@climbcarenc.com","Fayetteville","NC","4","pilot-2026-09-25-b2","Quick question about Climb Therapy Partners's openings in NC","Hi Christina,

I was looking at independent ABA practices in Fayetteville and came across Climb Therapy Partners. 

A lot of clinic owners we talk to with 1–4 locations tell us their biggest bottleneck isn't clinical interest—it's getting predictable commercial-insurance & private-pay inquiries without giving up margins to PE aggregators.

We built an intake & patient growth system specifically for independent practices across your 4 locations. You can see how the intake flow and caseload matching work here:

{{TRACKED_URL_TOUCH_1}}

Do you have 15 minutes this Thursday or Friday to see if this fits your current openings?

Best,
Hudson Argollo
Gold Traffic / ABA Practice Growth","https://abaclinics.clubemkt.digital/aba?lid={{LEAD_ID}}&utm_source=cold_email&utm_medium=email&utm_campaign=pilot-2026-09-25-b2&utm_content=touch_1","Re: Climb Therapy Partners's openings in NC","Hi Christina,

Quick follow-up on my note from earlier this week.

When clinics expand or try to hire new BCBAs, keeping the waitlist warm and converting families at the exact moment a slot opens is usually what keeps rooms full.

We put together a 20-minute discovery breakdown for independent practices:
{{TRACKED_URL_TOUCH_2}}

Would love to share what's working for clinics in NC if you're open to it.

Best,
Hudson","https://abaclinics.clubemkt.digital/aba?lid={{LEAD_ID}}&utm_source=cold_email&utm_medium=email&utm_campaign=pilot-2026-09-25-b2&utm_content=touch_2","Filling Climb Therapy Partners's caseload (NC)","Hi Christina,

I know you're busy running Climb Therapy Partners. 

If patient intake or waitlist conversion isn't a priority right now, no worries at all. If you ever want to check our 2-minute fit assessment or look at the numbers, you can bookmark this link:

{{TRACKED_URL_TOUCH_3}}

Wishing you and the team continued success in Fayetteville!

Best,
Hudson","https://abaclinics.clubemkt.digital/aba?lid={{LEAD_ID}}&utm_source=cold_email&utm_medium=email&utm_campaign=pilot-2026-09-25-b2&utm_content=touch_3"
"Clover Pediatric Autism Services","Christine Allan","Christine","christine.allan@cloverabaga.org","Roswell","GA","1","pilot-2026-09-25-b2","Quick question about Clover Pediatric Autism Services's openings in GA","Hi Christine,

I was looking at independent ABA practices in Roswell and came across Clover Pediatric Autism Services. 

A lot of clinic owners we talk to with 1–3 locations tell us their biggest bottleneck isn't clinical interest—it's getting predictable commercial-insurance & private-pay inquiries without giving up margins to PE aggregators.

We built an intake & patient growth system specifically for independent practices at Clover Pediatric Autism Services. You can see how the intake flow and caseload matching work here:

{{TRACKED_URL_TOUCH_1}}

Do you have 15 minutes this Thursday or Friday to see if this fits your current openings?

Best,
Hudson Argollo
Gold Traffic / ABA Practice Growth","https://abaclinics.clubemkt.digital/aba?lid={{LEAD_ID}}&utm_source=cold_email&utm_medium=email&utm_campaign=pilot-2026-09-25-b2&utm_content=touch_1","Re: Clover Pediatric Autism Services's openings in GA","Hi Christine,

Quick follow-up on my note from earlier this week.

When clinics expand or try to hire new BCBAs, keeping the waitlist warm and converting families at the exact moment a slot opens is usually what keeps rooms full.

We put together a 20-minute discovery breakdown for independent practices:
{{TRACKED_URL_TOUCH_2}}

Would love to share what's working for clinics in GA if you're open to it.

Best,
Hudson","https://abaclinics.clubemkt.digital/aba?lid={{LEAD_ID}}&utm_source=cold_email&utm_medium=email&utm_campaign=pilot-2026-09-25-b2&utm_content=touch_2","Filling Clover Pediatric Autism Services's caseload (GA)","Hi Christine,

I know you're busy running Clover Pediatric Autism Services. 

If patient intake or waitlist conversion isn't a priority right now, no worries at all. If you ever want to check our 2-minute fit assessment or look at the numbers, you can bookmark this link:

{{TRACKED_URL_TOUCH_3}}

Wishing you and the team continued success in Roswell!

Best,
Hudson","https://abaclinics.clubemkt.digital/aba?lid={{LEAD_ID}}&utm_source=cold_email&utm_medium=email&utm_campaign=pilot-2026-09-25-b2&utm_content=touch_3"
"Coastal Behavioral Care Center","Christopher Alston","Christopher","calston@coastalautismco.com","Lakewood","CO","2","pilot-2026-09-25-b2","Quick question about Coastal Behavioral Care Center's openings in CO","Hi Christopher,

I was looking at independent ABA practices in Lakewood and came across Coastal Behavioral Care Center. 

A lot of clinic owners we talk to with 1–3 locations tell us their biggest bottleneck isn't clinical interest—it's getting predictable commercial-insurance & private-pay inquiries without giving up margins to PE aggregators.

We built an intake & patient growth system specifically for independent practices across your 2 locations. You can see how the intake flow and caseload matching work here:

{{TRACKED_URL_TOUCH_1}}

Do you have 15 minutes this Thursday or Friday to see if this fits your current openings?

Best,
Hudson Argollo
Gold Traffic / ABA Practice Growth","https://abaclinics.clubemkt.digital/aba?lid={{LEAD_ID}}&utm_source=cold_email&utm_medium=email&utm_campaign=pilot-2026-09-25-b2&utm_content=touch_1","Re: Coastal Behavioral Care Center's openings in CO","Hi Christopher,

Quick follow-up on my note from earlier this week.

When clinics expand or try to hire new BCBAs, keeping the waitlist warm and converting families at the exact moment a slot opens is usually what keeps rooms full.

We put together a 20-minute discovery breakdown for independent practices:
{{TRACKED_URL_TOUCH_2}}

Would love to share what's working for clinics in CO if you're open to it.

Best,
Hudson","https://abaclinics.clubemkt.digital/aba?lid={{LEAD_ID}}&utm_source=cold_email&utm_medium=email&utm_campaign=pilot-2026-09-25-b2&utm_content=touch_2","Filling Coastal Behavioral Care Center's caseload (CO)","Hi Christopher,

I know you're busy running Coastal Behavioral Care Center. 

If patient intake or waitlist conversion isn't a priority right now, no worries at all. If you ever want to check our 2-minute fit assessment or look at the numbers, you can bookmark this link:

{{TRACKED_URL_TOUCH_3}}

Wishing you and the team continued success in Lakewood!

Best,
Hudson","https://abaclinics.clubemkt.digital/aba?lid={{LEAD_ID}}&utm_source=cold_email&utm_medium=email&utm_campaign=pilot-2026-09-25-b2&utm_content=touch_3"
"Cognitive Autism & Learning Institute","Claire Alvarado","Claire","claire.alvarado@cognitivecareva.com","Alexandria","VA","3","pilot-2026-09-25-b2","Quick question about Cognitive Autism & Learning Institute's openings in VA","Hi Claire,

I was looking at independent ABA practices in Alexandria and came across Cognitive Autism & Learning Institute. 

A lot of clinic owners we talk to with 1–3 locations tell us their biggest bottleneck isn't clinical interest—it's getting predictable commercial-insurance & private-pay inquiries without giving up margins to PE aggregators.

We built an intake & patient growth system specifically for independent practices across your 3 locations. You can see how the intake flow and caseload matching work here:

{{TRACKED_URL_TOUCH_1}}

Do you have 15 minutes this Thursday or Friday to see if this fits your current openings?

Best,
Hudson Argollo
Gold Traffic / ABA Practice Growth","https://abaclinics.clubemkt.digital/aba?lid={{LEAD_ID}}&utm_source=cold_email&utm_medium=email&utm_campaign=pilot-2026-09-25-b2&utm_content=touch_1","Re: Cognitive Autism & Learning Institute's openings in VA","Hi Claire,

Quick follow-up on my note from earlier this week.

When clinics expand or try to hire new BCBAs, keeping the waitlist warm and converting families at the exact moment a slot opens is usually what keeps rooms full.

We put together a 20-minute discovery breakdown for independent practices:
{{TRACKED_URL_TOUCH_2}}

Would love to share what's working for clinics in VA if you're open to it.

Best,
Hudson","https://abaclinics.clubemkt.digital/aba?lid={{LEAD_ID}}&utm_source=cold_email&utm_medium=email&utm_campaign=pilot-2026-09-25-b2&utm_content=touch_2","Filling Cognitive Autism & Learning Institute's caseload (VA)","Hi Claire,

I know you're busy running Cognitive Autism & Learning Institute. 

If patient intake or waitlist conversion isn't a priority right now, no worries at all. If you ever want to check our 2-minute fit assessment or look at the numbers, you can bookmark this link:

{{TRACKED_URL_TOUCH_3}}

Wishing you and the team continued success in Alexandria!

Best,
Hudson","https://abaclinics.clubemkt.digital/aba?lid={{LEAD_ID}}&utm_source=cold_email&utm_medium=email&utm_campaign=pilot-2026-09-25-b2&utm_content=touch_3"
"Collab Developmental Solutions","Clara Alvarez","Clara","calvarez@collababamd.com","Annapolis","MD","4","pilot-2026-09-25-b2","Quick question about Collab Developmental Solutions's openings in MD","Hi Clara,

I was looking at independent ABA practices in Annapolis and came across Collab Developmental Solutions. 

A lot of clinic owners we talk to with 1–4 locations tell us their biggest bottleneck isn't clinical interest—it's getting predictable commercial-insurance & private-pay inquiries without giving up margins to PE aggregators.

We built an intake & patient growth system specifically for independent practices across your 4 locations. You can see how the intake flow and caseload matching work here:

{{TRACKED_URL_TOUCH_1}}

Do you have 15 minutes this Thursday or Friday to see if this fits your current openings?

Best,
Hudson Argollo
Gold Traffic / ABA Practice Growth","https://abaclinics.clubemkt.digital/aba?lid={{LEAD_ID}}&utm_source=cold_email&utm_medium=email&utm_campaign=pilot-2026-09-25-b2&utm_content=touch_1","Re: Collab Developmental Solutions's openings in MD","Hi Clara,

Quick follow-up on my note from earlier this week.

When clinics expand or try to hire new BCBAs, keeping the waitlist warm and converting families at the exact moment a slot opens is usually what keeps rooms full.

We put together a 20-minute discovery breakdown for independent practices:
{{TRACKED_URL_TOUCH_2}}

Would love to share what's working for clinics in MD if you're open to it.

Best,
Hudson","https://abaclinics.clubemkt.digital/aba?lid={{LEAD_ID}}&utm_source=cold_email&utm_medium=email&utm_campaign=pilot-2026-09-25-b2&utm_content=touch_2","Filling Collab Developmental Solutions's caseload (MD)","Hi Clara,

I know you're busy running Collab Developmental Solutions. 

If patient intake or waitlist conversion isn't a priority right now, no worries at all. If you ever want to check our 2-minute fit assessment or look at the numbers, you can bookmark this link:

{{TRACKED_URL_TOUCH_3}}

Wishing you and the team continued success in Annapolis!

Best,
Hudson","https://abaclinics.clubemkt.digital/aba?lid={{LEAD_ID}}&utm_source=cold_email&utm_medium=email&utm_campaign=pilot-2026-09-25-b2&utm_content=touch_3"
"Comfort Behavioral Therapy Center","Aaron Amato","Aaron","aaron.amato@comfortautismil.org","Chicago","IL","1","pilot-2026-09-25-b2","Quick question about Comfort Behavioral Therapy Center's openings in IL","Hi Aaron,

I was looking at independent ABA practices in Chicago and came across Comfort Behavioral Therapy Center. 

A lot of clinic owners we talk to with 1–3 locations tell us their biggest bottleneck isn't clinical interest—it's getting predictable commercial-insurance & private-pay inquiries without giving up margins to PE aggregators.

We built an intake & patient growth system specifically for independent practices at Comfort Behavioral Therapy Center. You can see how the intake flow and caseload matching work here:

{{TRACKED_URL_TOUCH_1}}

Do you have 15 minutes this Thursday or Friday to see if this fits your current openings?

Best,
Hudson Argollo
Gold Traffic / ABA Practice Growth","https://abaclinics.clubemkt.digital/aba?lid={{LEAD_ID}}&utm_source=cold_email&utm_medium=email&utm_campaign=pilot-2026-09-25-b2&utm_content=touch_1","Re: Comfort Behavioral Therapy Center's openings in IL","Hi Aaron,

Quick follow-up on my note from earlier this week.

When clinics expand or try to hire new BCBAs, keeping the waitlist warm and converting families at the exact moment a slot opens is usually what keeps rooms full.

We put together a 20-minute discovery breakdown for independent practices:
{{TRACKED_URL_TOUCH_2}}

Would love to share what's working for clinics in IL if you're open to it.

Best,
Hudson","https://abaclinics.clubemkt.digital/aba?lid={{LEAD_ID}}&utm_source=cold_email&utm_medium=email&utm_campaign=pilot-2026-09-25-b2&utm_content=touch_2","Filling Comfort Behavioral Therapy Center's caseload (IL)","Hi Aaron,

I know you're busy running Comfort Behavioral Therapy Center. 

If patient intake or waitlist conversion isn't a priority right now, no worries at all. If you ever want to check our 2-minute fit assessment or look at the numbers, you can bookmark this link:

{{TRACKED_URL_TOUCH_3}}

Wishing you and the team continued success in Chicago!

Best,
Hudson","https://abaclinics.clubemkt.digital/aba?lid={{LEAD_ID}}&utm_source=cold_email&utm_medium=email&utm_campaign=pilot-2026-09-25-b2&utm_content=touch_3"
"Common Ground Autism Discovery Center","Abigail Ambrose","Abigail","aambrose@commongroundcareut.com","South Jordan","UT","2","pilot-2026-09-25-b2","Quick question about Common Ground Autism Discovery Center's openings in UT","Hi Abigail,

I was looking at independent ABA practices in South Jordan and came across Common Ground Autism Discovery Center. 

A lot of clinic owners we talk to with 1–3 locations tell us their biggest bottleneck isn't clinical interest—it's getting predictable commercial-insurance & private-pay inquiries without giving up margins to PE aggregators.

We built an intake & patient growth system specifically for independent practices across your 2 locations. You can see how the intake flow and caseload matching work here:

{{TRACKED_URL_TOUCH_1}}

Do you have 15 minutes this Thursday or Friday to see if this fits your current openings?

Best,
Hudson Argollo
Gold Traffic / ABA Practice Growth","https://abaclinics.clubemkt.digital/aba?lid={{LEAD_ID}}&utm_source=cold_email&utm_medium=email&utm_campaign=pilot-2026-09-25-b2&utm_content=touch_1","Re: Common Ground Autism Discovery Center's openings in UT","Hi Abigail,

Quick follow-up on my note from earlier this week.

When clinics expand or try to hire new BCBAs, keeping the waitlist warm and converting families at the exact moment a slot opens is usually what keeps rooms full.

We put together a 20-minute discovery breakdown for independent practices:
{{TRACKED_URL_TOUCH_2}}

Would love to share what's working for clinics in UT if you're open to it.

Best,
Hudson","https://abaclinics.clubemkt.digital/aba?lid={{LEAD_ID}}&utm_source=cold_email&utm_medium=email&utm_campaign=pilot-2026-09-25-b2&utm_content=touch_2","Filling Common Ground Autism Discovery Center's caseload (UT)","Hi Abigail,

I know you're busy running Common Ground Autism Discovery Center. 

If patient intake or waitlist conversion isn't a priority right now, no worries at all. If you ever want to check our 2-minute fit assessment or look at the numbers, you can bookmark this link:

{{TRACKED_URL_TOUCH_3}}

Wishing you and the team continued success in South Jordan!

Best,
Hudson","https://abaclinics.clubemkt.digital/aba?lid={{LEAD_ID}}&utm_source=cold_email&utm_medium=email&utm_campaign=pilot-2026-09-25-b2&utm_content=touch_3"
"Community Behavioral Foundations","Adam Ames","Adam","adam.ames@communityabanj.com","Union City","NJ","3","pilot-2026-09-25-b2","Quick question about Community Behavioral Foundations's openings in NJ","Hi Adam,

I was looking at independent ABA practices in Union City and came across Community Behavioral Foundations. 

A lot of clinic owners we talk to with 1–3 locations tell us their biggest bottleneck isn't clinical interest—it's getting predictable commercial-insurance & private-pay inquiries without giving up margins to PE aggregators.

We built an intake & patient growth system specifically for independent practices across your 3 locations. You can see how the intake flow and caseload matching work here:

{{TRACKED_URL_TOUCH_1}}

Do you have 15 minutes this Thursday or Friday to see if this fits your current openings?

Best,
Hudson Argollo
Gold Traffic / ABA Practice Growth","https://abaclinics.clubemkt.digital/aba?lid={{LEAD_ID}}&utm_source=cold_email&utm_medium=email&utm_campaign=pilot-2026-09-25-b2&utm_content=touch_1","Re: Community Behavioral Foundations's openings in NJ","Hi Adam,

Quick follow-up on my note from earlier this week.

When clinics expand or try to hire new BCBAs, keeping the waitlist warm and converting families at the exact moment a slot opens is usually what keeps rooms full.

We put together a 20-minute discovery breakdown for independent practices:
{{TRACKED_URL_TOUCH_2}}

Would love to share what's working for clinics in NJ if you're open to it.

Best,
Hudson","https://abaclinics.clubemkt.digital/aba?lid={{LEAD_ID}}&utm_source=cold_email&utm_medium=email&utm_campaign=pilot-2026-09-25-b2&utm_content=touch_2","Filling Community Behavioral Foundations's caseload (NJ)","Hi Adam,

I know you're busy running Community Behavioral Foundations. 

If patient intake or waitlist conversion isn't a priority right now, no worries at all. If you ever want to check our 2-minute fit assessment or look at the numbers, you can bookmark this link:

{{TRACKED_URL_TOUCH_3}}

Wishing you and the team continued success in Union City!

Best,
Hudson","https://abaclinics.clubemkt.digital/aba?lid={{LEAD_ID}}&utm_source=cold_email&utm_medium=email&utm_campaign=pilot-2026-09-25-b2&utm_content=touch_3"
"Companion Therapeutic Solutions","Adrian Amos","Adrian","aamos@companionautismtx.com","San Antonio","TX","4","pilot-2026-09-25-b2","Quick question about Companion Therapeutic Solutions's openings in TX","Hi Adrian,

I was looking at independent ABA practices in San Antonio and came across Companion Therapeutic Solutions. 

A lot of clinic owners we talk to with 1–4 locations tell us their biggest bottleneck isn't clinical interest—it's getting predictable commercial-insurance & private-pay inquiries without giving up margins to PE aggregators.

We built an intake & patient growth system specifically for independent practices across your 4 locations. You can see how the intake flow and caseload matching work here:

{{TRACKED_URL_TOUCH_1}}

Do you have 15 minutes this Thursday or Friday to see if this fits your current openings?

Best,
Hudson Argollo
Gold Traffic / ABA Practice Growth","https://abaclinics.clubemkt.digital/aba?lid={{LEAD_ID}}&utm_source=cold_email&utm_medium=email&utm_campaign=pilot-2026-09-25-b2&utm_content=touch_1","Re: Companion Therapeutic Solutions's openings in TX","Hi Adrian,

Quick follow-up on my note from earlier this week.

When clinics expand or try to hire new BCBAs, keeping the waitlist warm and converting families at the exact moment a slot opens is usually what keeps rooms full.

We put together a 20-minute discovery breakdown for independent practices:
{{TRACKED_URL_TOUCH_2}}

Would love to share what's working for clinics in TX if you're open to it.

Best,
Hudson","https://abaclinics.clubemkt.digital/aba?lid={{LEAD_ID}}&utm_source=cold_email&utm_medium=email&utm_campaign=pilot-2026-09-25-b2&utm_content=touch_2","Filling Companion Therapeutic Solutions's caseload (TX)","Hi Adrian,

I know you're busy running Companion Therapeutic Solutions. 

If patient intake or waitlist conversion isn't a priority right now, no worries at all. If you ever want to check our 2-minute fit assessment or look at the numbers, you can bookmark this link:

{{TRACKED_URL_TOUCH_3}}

Wishing you and the team continued success in San Antonio!

Best,
Hudson","https://abaclinics.clubemkt.digital/aba?lid={{LEAD_ID}}&utm_source=cold_email&utm_medium=email&utm_campaign=pilot-2026-09-25-b2&utm_content=touch_3"
"Concord ABA Collective","Aiden Anaya","Aiden","aiden.anaya@concordcarefl.org","Fort Lauderdale","FL","1","pilot-2026-09-25-b2","Quick question about Concord ABA Collective's openings in FL","Hi Aiden,

I was looking at independent ABA practices in Fort Lauderdale and came across Concord ABA Collective. 

A lot of clinic owners we talk to with 1–3 locations tell us their biggest bottleneck isn't clinical interest—it's getting predictable commercial-insurance & private-pay inquiries without giving up margins to PE aggregators.

We built an intake & patient growth system specifically for independent practices at Concord ABA Collective. You can see how the intake flow and caseload matching work here:

{{TRACKED_URL_TOUCH_1}}

Do you have 15 minutes this Thursday or Friday to see if this fits your current openings?

Best,
Hudson Argollo
Gold Traffic / ABA Practice Growth","https://abaclinics.clubemkt.digital/aba?lid={{LEAD_ID}}&utm_source=cold_email&utm_medium=email&utm_campaign=pilot-2026-09-25-b2&utm_content=touch_1","Re: Concord ABA Collective's openings in FL","Hi Aiden,

Quick follow-up on my note from earlier this week.

When clinics expand or try to hire new BCBAs, keeping the waitlist warm and converting families at the exact moment a slot opens is usually what keeps rooms full.

We put together a 20-minute discovery breakdown for independent practices:
{{TRACKED_URL_TOUCH_2}}

Would love to share what's working for clinics in FL if you're open to it.

Best,
Hudson","https://abaclinics.clubemkt.digital/aba?lid={{LEAD_ID}}&utm_source=cold_email&utm_medium=email&utm_campaign=pilot-2026-09-25-b2&utm_content=touch_2","Filling Concord ABA Collective's caseload (FL)","Hi Aiden,

I know you're busy running Concord ABA Collective. 

If patient intake or waitlist conversion isn't a priority right now, no worries at all. If you ever want to check our 2-minute fit assessment or look at the numbers, you can bookmark this link:

{{TRACKED_URL_TOUCH_3}}

Wishing you and the team continued success in Fort Lauderdale!

Best,
Hudson","https://abaclinics.clubemkt.digital/aba?lid={{LEAD_ID}}&utm_source=cold_email&utm_medium=email&utm_campaign=pilot-2026-09-25-b2&utm_content=touch_3"
"Confidence Autism Clinic","Alex Anders","Alex","aanders@confidenceabaca.com","Fresno","CA","2","pilot-2026-09-25-b2","Quick question about Confidence Autism Clinic's openings in CA","Hi Alex,

I was looking at independent ABA practices in Fresno and came across Confidence Autism Clinic. 

A lot of clinic owners we talk to with 1–3 locations tell us their biggest bottleneck isn't clinical interest—it's getting predictable commercial-insurance & private-pay inquiries without giving up margins to PE aggregators.

We built an intake & patient growth system specifically for independent practices across your 2 locations. You can see how the intake flow and caseload matching work here:

{{TRACKED_URL_TOUCH_1}}

Do you have 15 minutes this Thursday or Friday to see if this fits your current openings?

Best,
Hudson Argollo
Gold Traffic / ABA Practice Growth","https://abaclinics.clubemkt.digital/aba?lid={{LEAD_ID}}&utm_source=cold_email&utm_medium=email&utm_campaign=pilot-2026-09-25-b2&utm_content=touch_1","Re: Confidence Autism Clinic's openings in CA","Hi Alex,

Quick follow-up on my note from earlier this week.

When clinics expand or try to hire new BCBAs, keeping the waitlist warm and converting families at the exact moment a slot opens is usually what keeps rooms full.

We put together a 20-minute discovery breakdown for independent practices:
{{TRACKED_URL_TOUCH_2}}

Would love to share what's working for clinics in CA if you're open to it.

Best,
Hudson","https://abaclinics.clubemkt.digital/aba?lid={{LEAD_ID}}&utm_source=cold_email&utm_medium=email&utm_campaign=pilot-2026-09-25-b2&utm_content=touch_2","Filling Confidence Autism Clinic's caseload (CA)","Hi Alex,

I know you're busy running Confidence Autism Clinic. 

If patient intake or waitlist conversion isn't a priority right now, no worries at all. If you ever want to check our 2-minute fit assessment or look at the numbers, you can bookmark this link:

{{TRACKED_URL_TOUCH_3}}

Wishing you and the team continued success in Fresno!

Best,
Hudson","https://abaclinics.clubemkt.digital/aba?lid={{LEAD_ID}}&utm_source=cold_email&utm_medium=email&utm_campaign=pilot-2026-09-25-b2&utm_content=touch_3"
"Connect ABA Center","Alexander Andersen","Alexander","alexander.andersen@connectautismnc.com","Raleigh","NC","3","pilot-2026-09-25-b2","Quick question about Connect ABA Center's openings in NC","Hi Alexander,

I was looking at independent ABA practices in Raleigh and came across Connect ABA Center. 

A lot of clinic owners we talk to with 1–3 locations tell us their biggest bottleneck isn't clinical interest—it's getting predictable commercial-insurance & private-pay inquiries without giving up margins to PE aggregators.

We built an intake & patient growth system specifically for independent practices across your 3 locations. You can see how the intake flow and caseload matching work here:

{{TRACKED_URL_TOUCH_1}}

Do you have 15 minutes this Thursday or Friday to see if this fits your current openings?

Best,
Hudson Argollo
Gold Traffic / ABA Practice Growth","https://abaclinics.clubemkt.digital/aba?lid={{LEAD_ID}}&utm_source=cold_email&utm_medium=email&utm_campaign=pilot-2026-09-25-b2&utm_content=touch_1","Re: Connect ABA Center's openings in NC","Hi Alexander,

Quick follow-up on my note from earlier this week.

When clinics expand or try to hire new BCBAs, keeping the waitlist warm and converting families at the exact moment a slot opens is usually what keeps rooms full.

We put together a 20-minute discovery breakdown for independent practices:
{{TRACKED_URL_TOUCH_2}}

Would love to share what's working for clinics in NC if you're open to it.

Best,
Hudson","https://abaclinics.clubemkt.digital/aba?lid={{LEAD_ID}}&utm_source=cold_email&utm_medium=email&utm_campaign=pilot-2026-09-25-b2&utm_content=touch_2","Filling Connect ABA Center's caseload (NC)","Hi Alexander,

I know you're busy running Connect ABA Center. 

If patient intake or waitlist conversion isn't a priority right now, no worries at all. If you ever want to check our 2-minute fit assessment or look at the numbers, you can bookmark this link:

{{TRACKED_URL_TOUCH_3}}

Wishing you and the team continued success in Raleigh!

Best,
Hudson","https://abaclinics.clubemkt.digital/aba?lid={{LEAD_ID}}&utm_source=cold_email&utm_medium=email&utm_campaign=pilot-2026-09-25-b2&utm_content=touch_3"
"Cornerstone Behavioral Health Network","Alexandra Anderson","Alexandra","aanderson@cornerstonecarega.net","Columbus","GA","4","pilot-2026-09-25-b2","Quick question about Cornerstone Behavioral Health Network's openings in GA","Hi Alexandra,

I was looking at independent ABA practices in Columbus and came across Cornerstone Behavioral Health Network. 

A lot of clinic owners we talk to with 1–4 locations tell us their biggest bottleneck isn't clinical interest—it's getting predictable commercial-insurance & private-pay inquiries without giving up margins to PE aggregators.

We built an intake & patient growth system specifically for independent practices across your 4 locations. You can see how the intake flow and caseload matching work here:

{{TRACKED_URL_TOUCH_1}}

Do you have 15 minutes this Thursday or Friday to see if this fits your current openings?

Best,
Hudson Argollo
Gold Traffic / ABA Practice Growth","https://abaclinics.clubemkt.digital/aba?lid={{LEAD_ID}}&utm_source=cold_email&utm_medium=email&utm_campaign=pilot-2026-09-25-b2&utm_content=touch_1","Re: Cornerstone Behavioral Health Network's openings in GA","Hi Alexandra,

Quick follow-up on my note from earlier this week.

When clinics expand or try to hire new BCBAs, keeping the waitlist warm and converting families at the exact moment a slot opens is usually what keeps rooms full.

We put together a 20-minute discovery breakdown for independent practices:
{{TRACKED_URL_TOUCH_2}}

Would love to share what's working for clinics in GA if you're open to it.

Best,
Hudson","https://abaclinics.clubemkt.digital/aba?lid={{LEAD_ID}}&utm_source=cold_email&utm_medium=email&utm_campaign=pilot-2026-09-25-b2&utm_content=touch_2","Filling Cornerstone Behavioral Health Network's caseload (GA)","Hi Alexandra,

I know you're busy running Cornerstone Behavioral Health Network. 

If patient intake or waitlist conversion isn't a priority right now, no worries at all. If you ever want to check our 2-minute fit assessment or look at the numbers, you can bookmark this link:

{{TRACKED_URL_TOUCH_3}}

Wishing you and the team continued success in Columbus!

Best,
Hudson","https://abaclinics.clubemkt.digital/aba?lid={{LEAD_ID}}&utm_source=cold_email&utm_medium=email&utm_campaign=pilot-2026-09-25-b2&utm_content=touch_3"
"Cosmos Autism Group","Alexis Andrade","Alexis","alexis.andrade@cosmosabaco.org","Aurora","CO","1","pilot-2026-09-25-b2","Quick question about Cosmos Autism Group's openings in CO","Hi Alexis,

I was looking at independent ABA practices in Aurora and came across Cosmos Autism Group. 

A lot of clinic owners we talk to with 1–3 locations tell us their biggest bottleneck isn't clinical interest—it's getting predictable commercial-insurance & private-pay inquiries without giving up margins to PE aggregators.

We built an intake & patient growth system specifically for independent practices at Cosmos Autism Group. You can see how the intake flow and caseload matching work here:

{{TRACKED_URL_TOUCH_1}}

Do you have 15 minutes this Thursday or Friday to see if this fits your current openings?

Best,
Hudson Argollo
Gold Traffic / ABA Practice Growth","https://abaclinics.clubemkt.digital/aba?lid={{LEAD_ID}}&utm_source=cold_email&utm_medium=email&utm_campaign=pilot-2026-09-25-b2&utm_content=touch_1","Re: Cosmos Autism Group's openings in CO","Hi Alexis,

Quick follow-up on my note from earlier this week.

When clinics expand or try to hire new BCBAs, keeping the waitlist warm and converting families at the exact moment a slot opens is usually what keeps rooms full.

We put together a 20-minute discovery breakdown for independent practices:
{{TRACKED_URL_TOUCH_2}}

Would love to share what's working for clinics in CO if you're open to it.

Best,
Hudson","https://abaclinics.clubemkt.digital/aba?lid={{LEAD_ID}}&utm_source=cold_email&utm_medium=email&utm_campaign=pilot-2026-09-25-b2&utm_content=touch_2","Filling Cosmos Autism Group's caseload (CO)","Hi Alexis,

I know you're busy running Cosmos Autism Group. 

If patient intake or waitlist conversion isn't a priority right now, no worries at all. If you ever want to check our 2-minute fit assessment or look at the numbers, you can bookmark this link:

{{TRACKED_URL_TOUCH_3}}

Wishing you and the team continued success in Aurora!

Best,
Hudson","https://abaclinics.clubemkt.digital/aba?lid={{LEAD_ID}}&utm_source=cold_email&utm_medium=email&utm_campaign=pilot-2026-09-25-b2&utm_content=touch_3"
"Courage Applied Behavior Specialists","Alice Andrews","Alice","aandrews@courageautismva.com","Chesapeake","VA","2","pilot-2026-09-25-b2","Quick question about Courage Applied Behavior Specialists's openings in VA","Hi Alice,

I was looking at independent ABA practices in Chesapeake and came across Courage Applied Behavior Specialists. 

A lot of clinic owners we talk to with 1–3 locations tell us their biggest bottleneck isn't clinical interest—it's getting predictable commercial-insurance & private-pay inquiries without giving up margins to PE aggregators.

We built an intake & patient growth system specifically for independent practices across your 2 locations. You can see how the intake flow and caseload matching work here:

{{TRACKED_URL_TOUCH_1}}

Do you have 15 minutes this Thursday or Friday to see if this fits your current openings?

Best,
Hudson Argollo
Gold Traffic / ABA Practice Growth","https://abaclinics.clubemkt.digital/aba?lid={{LEAD_ID}}&utm_source=cold_email&utm_medium=email&utm_campaign=pilot-2026-09-25-b2&utm_content=touch_1","Re: Courage Applied Behavior Specialists's openings in VA","Hi Alice,

Quick follow-up on my note from earlier this week.

When clinics expand or try to hire new BCBAs, keeping the waitlist warm and converting families at the exact moment a slot opens is usually what keeps rooms full.

We put together a 20-minute discovery breakdown for independent practices:
{{TRACKED_URL_TOUCH_2}}

Would love to share what's working for clinics in VA if you're open to it.

Best,
Hudson","https://abaclinics.clubemkt.digital/aba?lid={{LEAD_ID}}&utm_source=cold_email&utm_medium=email&utm_campaign=pilot-2026-09-25-b2&utm_content=touch_2","Filling Courage Applied Behavior Specialists's caseload (VA)","Hi Alice,

I know you're busy running Courage Applied Behavior Specialists. 

If patient intake or waitlist conversion isn't a priority right now, no worries at all. If you ever want to check our 2-minute fit assessment or look at the numbers, you can bookmark this link:

{{TRACKED_URL_TOUCH_3}}

Wishing you and the team continued success in Chesapeake!

Best,
Hudson","https://abaclinics.clubemkt.digital/aba?lid={{LEAD_ID}}&utm_source=cold_email&utm_medium=email&utm_campaign=pilot-2026-09-25-b2&utm_content=touch_3"
"Cove Therapy Partners","Allison Anthony","Allison","allison.anthony@covecaremd.com","Frederick","MD","3","pilot-2026-09-25-b2","Quick question about Cove Therapy Partners's openings in MD","Hi Allison,

I was looking at independent ABA practices in Frederick and came across Cove Therapy Partners. 

A lot of clinic owners we talk to with 1–3 locations tell us their biggest bottleneck isn't clinical interest—it's getting predictable commercial-insurance & private-pay inquiries without giving up margins to PE aggregators.

We built an intake & patient growth system specifically for independent practices across your 3 locations. You can see how the intake flow and caseload matching work here:

{{TRACKED_URL_TOUCH_1}}

Do you have 15 minutes this Thursday or Friday to see if this fits your current openings?

Best,
Hudson Argollo
Gold Traffic / ABA Practice Growth","https://abaclinics.clubemkt.digital/aba?lid={{LEAD_ID}}&utm_source=cold_email&utm_medium=email&utm_campaign=pilot-2026-09-25-b2&utm_content=touch_1","Re: Cove Therapy Partners's openings in MD","Hi Allison,

Quick follow-up on my note from earlier this week.

When clinics expand or try to hire new BCBAs, keeping the waitlist warm and converting families at the exact moment a slot opens is usually what keeps rooms full.

We put together a 20-minute discovery breakdown for independent practices:
{{TRACKED_URL_TOUCH_2}}

Would love to share what's working for clinics in MD if you're open to it.

Best,
Hudson","https://abaclinics.clubemkt.digital/aba?lid={{LEAD_ID}}&utm_source=cold_email&utm_medium=email&utm_campaign=pilot-2026-09-25-b2&utm_content=touch_2","Filling Cove Therapy Partners's caseload (MD)","Hi Allison,

I know you're busy running Cove Therapy Partners. 

If patient intake or waitlist conversion isn't a priority right now, no worries at all. If you ever want to check our 2-minute fit assessment or look at the numbers, you can bookmark this link:

{{TRACKED_URL_TOUCH_3}}

Wishing you and the team continued success in Frederick!

Best,
Hudson","https://abaclinics.clubemkt.digital/aba?lid={{LEAD_ID}}&utm_source=cold_email&utm_medium=email&utm_campaign=pilot-2026-09-25-b2&utm_content=touch_3"
"Cradle Pediatric Autism Services","Alyssa Archer","Alyssa","aarcher@cradleabail.com","Cicero","IL","4","pilot-2026-09-25-b2","Quick question about Cradle Pediatric Autism Services's openings in IL","Hi Alyssa,

I was looking at independent ABA practices in Cicero and came across Cradle Pediatric Autism Services. 

A lot of clinic owners we talk to with 1–4 locations tell us their biggest bottleneck isn't clinical interest—it's getting predictable commercial-insurance & private-pay inquiries without giving up margins to PE aggregators.

We built an intake & patient growth system specifically for independent practices across your 4 locations. You can see how the intake flow and caseload matching work here:

{{TRACKED_URL_TOUCH_1}}

Do you have 15 minutes this Thursday or Friday to see if this fits your current openings?

Best,
Hudson Argollo
Gold Traffic / ABA Practice Growth","https://abaclinics.clubemkt.digital/aba?lid={{LEAD_ID}}&utm_source=cold_email&utm_medium=email&utm_campaign=pilot-2026-09-25-b2&utm_content=touch_1","Re: Cradle Pediatric Autism Services's openings in IL","Hi Alyssa,

Quick follow-up on my note from earlier this week.

When clinics expand or try to hire new BCBAs, keeping the waitlist warm and converting families at the exact moment a slot opens is usually what keeps rooms full.

We put together a 20-minute discovery breakdown for independent practices:
{{TRACKED_URL_TOUCH_2}}

Would love to share what's working for clinics in IL if you're open to it.

Best,
Hudson","https://abaclinics.clubemkt.digital/aba?lid={{LEAD_ID}}&utm_source=cold_email&utm_medium=email&utm_campaign=pilot-2026-09-25-b2&utm_content=touch_2","Filling Cradle Pediatric Autism Services's caseload (IL)","Hi Alyssa,

I know you're busy running Cradle Pediatric Autism Services. 

If patient intake or waitlist conversion isn't a priority right now, no worries at all. If you ever want to check our 2-minute fit assessment or look at the numbers, you can bookmark this link:

{{TRACKED_URL_TOUCH_3}}

Wishing you and the team continued success in Cicero!

Best,
Hudson","https://abaclinics.clubemkt.digital/aba?lid={{LEAD_ID}}&utm_source=cold_email&utm_medium=email&utm_campaign=pilot-2026-09-25-b2&utm_content=touch_3"
"Craft Behavioral Care Center","Amber Arellano","Amber","amber.arellano@craftautismut.org","St. George","UT","1","pilot-2026-09-25-b2","Quick question about Craft Behavioral Care Center's openings in UT","Hi Amber,

I was looking at independent ABA practices in St. George and came across Craft Behavioral Care Center. 

A lot of clinic owners we talk to with 1–3 locations tell us their biggest bottleneck isn't clinical interest—it's getting predictable commercial-insurance & private-pay inquiries without giving up margins to PE aggregators.

We built an intake & patient growth system specifically for independent practices at Craft Behavioral Care Center. You can see how the intake flow and caseload matching work here:

{{TRACKED_URL_TOUCH_1}}

Do you have 15 minutes this Thursday or Friday to see if this fits your current openings?

Best,
Hudson Argollo
Gold Traffic / ABA Practice Growth","https://abaclinics.clubemkt.digital/aba?lid={{LEAD_ID}}&utm_source=cold_email&utm_medium=email&utm_campaign=pilot-2026-09-25-b2&utm_content=touch_1","Re: Craft Behavioral Care Center's openings in UT","Hi Amber,

Quick follow-up on my note from earlier this week.

When clinics expand or try to hire new BCBAs, keeping the waitlist warm and converting families at the exact moment a slot opens is usually what keeps rooms full.

We put together a 20-minute discovery breakdown for independent practices:
{{TRACKED_URL_TOUCH_2}}

Would love to share what's working for clinics in UT if you're open to it.

Best,
Hudson","https://abaclinics.clubemkt.digital/aba?lid={{LEAD_ID}}&utm_source=cold_email&utm_medium=email&utm_campaign=pilot-2026-09-25-b2&utm_content=touch_2","Filling Craft Behavioral Care Center's caseload (UT)","Hi Amber,

I know you're busy running Craft Behavioral Care Center. 

If patient intake or waitlist conversion isn't a priority right now, no worries at all. If you ever want to check our 2-minute fit assessment or look at the numbers, you can bookmark this link:

{{TRACKED_URL_TOUCH_3}}

Wishing you and the team continued success in St. George!

Best,
Hudson","https://abaclinics.clubemkt.digital/aba?lid={{LEAD_ID}}&utm_source=cold_email&utm_medium=email&utm_campaign=pilot-2026-09-25-b2&utm_content=touch_3"
"Crossroads Autism & Learning Institute","Amy Armenta","Amy","aarmenta@crossroadscarenj.com","Trenton","NJ","2","pilot-2026-09-25-b2","Quick question about Crossroads Autism & Learning Institute's openings in NJ","Hi Amy,

I was looking at independent ABA practices in Trenton and came across Crossroads Autism & Learning Institute. 

A lot of clinic owners we talk to with 1–3 locations tell us their biggest bottleneck isn't clinical interest—it's getting predictable commercial-insurance & private-pay inquiries without giving up margins to PE aggregators.

We built an intake & patient growth system specifically for independent practices across your 2 locations. You can see how the intake flow and caseload matching work here:

{{TRACKED_URL_TOUCH_1}}

Do you have 15 minutes this Thursday or Friday to see if this fits your current openings?

Best,
Hudson Argollo
Gold Traffic / ABA Practice Growth","https://abaclinics.clubemkt.digital/aba?lid={{LEAD_ID}}&utm_source=cold_email&utm_medium=email&utm_campaign=pilot-2026-09-25-b2&utm_content=touch_1","Re: Crossroads Autism & Learning Institute's openings in NJ","Hi Amy,

Quick follow-up on my note from earlier this week.

When clinics expand or try to hire new BCBAs, keeping the waitlist warm and converting families at the exact moment a slot opens is usually what keeps rooms full.

We put together a 20-minute discovery breakdown for independent practices:
{{TRACKED_URL_TOUCH_2}}

Would love to share what's working for clinics in NJ if you're open to it.

Best,
Hudson","https://abaclinics.clubemkt.digital/aba?lid={{LEAD_ID}}&utm_source=cold_email&utm_medium=email&utm_campaign=pilot-2026-09-25-b2&utm_content=touch_2","Filling Crossroads Autism & Learning Institute's caseload (NJ)","Hi Amy,

I know you're busy running Crossroads Autism & Learning Institute. 

If patient intake or waitlist conversion isn't a priority right now, no worries at all. If you ever want to check our 2-minute fit assessment or look at the numbers, you can bookmark this link:

{{TRACKED_URL_TOUCH_3}}

Wishing you and the team continued success in Trenton!

Best,
Hudson","https://abaclinics.clubemkt.digital/aba?lid={{LEAD_ID}}&utm_source=cold_email&utm_medium=email&utm_campaign=pilot-2026-09-25-b2&utm_content=touch_3"
"Crystal Developmental Solutions","Andrea Armstrong","Andrea","andrea.armstrong@crystalabatx.net","Denton","TX","3","pilot-2026-09-25-b2","Quick question about Crystal Developmental Solutions's openings in TX","Hi Andrea,

I was looking at independent ABA practices in Denton and came across Crystal Developmental Solutions. 

A lot of clinic owners we talk to with 1–3 locations tell us their biggest bottleneck isn't clinical interest—it's getting predictable commercial-insurance & private-pay inquiries without giving up margins to PE aggregators.

We built an intake & patient growth system specifically for independent practices across your 3 locations. You can see how the intake flow and caseload matching work here:

{{TRACKED_URL_TOUCH_1}}

Do you have 15 minutes this Thursday or Friday to see if this fits your current openings?

Best,
Hudson Argollo
Gold Traffic / ABA Practice Growth","https://abaclinics.clubemkt.digital/aba?lid={{LEAD_ID}}&utm_source=cold_email&utm_medium=email&utm_campaign=pilot-2026-09-25-b2&utm_content=touch_1","Re: Crystal Developmental Solutions's openings in TX","Hi Andrea,

Quick follow-up on my note from earlier this week.

When clinics expand or try to hire new BCBAs, keeping the waitlist warm and converting families at the exact moment a slot opens is usually what keeps rooms full.

We put together a 20-minute discovery breakdown for independent practices:
{{TRACKED_URL_TOUCH_2}}

Would love to share what's working for clinics in TX if you're open to it.

Best,
Hudson","https://abaclinics.clubemkt.digital/aba?lid={{LEAD_ID}}&utm_source=cold_email&utm_medium=email&utm_campaign=pilot-2026-09-25-b2&utm_content=touch_2","Filling Crystal Developmental Solutions's caseload (TX)","Hi Andrea,

I know you're busy running Crystal Developmental Solutions. 

If patient intake or waitlist conversion isn't a priority right now, no worries at all. If you ever want to check our 2-minute fit assessment or look at the numbers, you can bookmark this link:

{{TRACKED_URL_TOUCH_3}}

Wishing you and the team continued success in Denton!

Best,
Hudson","https://abaclinics.clubemkt.digital/aba?lid={{LEAD_ID}}&utm_source=cold_email&utm_medium=email&utm_campaign=pilot-2026-09-25-b2&utm_content=touch_3"
"Cultivate Behavioral Therapy Center","Andrew Arndt","Andrew","aarndt@cultivateautismfl.com","Tallahassee","FL","4","pilot-2026-09-25-b2","Quick question about Cultivate Behavioral Therapy Center's openings in FL","Hi Andrew,

I was looking at independent ABA practices in Tallahassee and came across Cultivate Behavioral Therapy Center. 

A lot of clinic owners we talk to with 1–4 locations tell us their biggest bottleneck isn't clinical interest—it's getting predictable commercial-insurance & private-pay inquiries without giving up margins to PE aggregators.

We built an intake & patient growth system specifically for independent practices across your 4 locations. You can see how the intake flow and caseload matching work here:

{{TRACKED_URL_TOUCH_1}}

Do you have 15 minutes this Thursday or Friday to see if this fits your current openings?

Best,
Hudson Argollo
Gold Traffic / ABA Practice Growth","https://abaclinics.clubemkt.digital/aba?lid={{LEAD_ID}}&utm_source=cold_email&utm_medium=email&utm_campaign=pilot-2026-09-25-b2&utm_content=touch_1","Re: Cultivate Behavioral Therapy Center's openings in FL","Hi Andrew,

Quick follow-up on my note from earlier this week.

When clinics expand or try to hire new BCBAs, keeping the waitlist warm and converting families at the exact moment a slot opens is usually what keeps rooms full.

We put together a 20-minute discovery breakdown for independent practices:
{{TRACKED_URL_TOUCH_2}}

Would love to share what's working for clinics in FL if you're open to it.

Best,
Hudson","https://abaclinics.clubemkt.digital/aba?lid={{LEAD_ID}}&utm_source=cold_email&utm_medium=email&utm_campaign=pilot-2026-09-25-b2&utm_content=touch_2","Filling Cultivate Behavioral Therapy Center's caseload (FL)","Hi Andrew,

I know you're busy running Cultivate Behavioral Therapy Center. 

If patient intake or waitlist conversion isn't a priority right now, no worries at all. If you ever want to check our 2-minute fit assessment or look at the numbers, you can bookmark this link:

{{TRACKED_URL_TOUCH_3}}

Wishing you and the team continued success in Tallahassee!

Best,
Hudson","https://abaclinics.clubemkt.digital/aba?lid={{LEAD_ID}}&utm_source=cold_email&utm_medium=email&utm_campaign=pilot-2026-09-25-b2&utm_content=touch_3"
"Daybreak Autism Discovery Center","Angela Arnold","Angela","angela.arnold@daybreakcareca.org","Modesto","CA","1","pilot-2026-09-25-b2","Quick question about Daybreak Autism Discovery Center's openings in CA","Hi Angela,

I was looking at independent ABA practices in Modesto and came across Daybreak Autism Discovery Center. 

A lot of clinic owners we talk to with 1–3 locations tell us their biggest bottleneck isn't clinical interest—it's getting predictable commercial-insurance & private-pay inquiries without giving up margins to PE aggregators.

We built an intake & patient growth system specifically for independent practices at Daybreak Autism Discovery Center. You can see how the intake flow and caseload matching work here:

{{TRACKED_URL_TOUCH_1}}

Do you have 15 minutes this Thursday or Friday to see if this fits your current openings?

Best,
Hudson Argollo
Gold Traffic / ABA Practice Growth","https://abaclinics.clubemkt.digital/aba?lid={{LEAD_ID}}&utm_source=cold_email&utm_medium=email&utm_campaign=pilot-2026-09-25-b2&utm_content=touch_1","Re: Daybreak Autism Discovery Center's openings in CA","Hi Angela,

Quick follow-up on my note from earlier this week.

When clinics expand or try to hire new BCBAs, keeping the waitlist warm and converting families at the exact moment a slot opens is usually what keeps rooms full.

We put together a 20-minute discovery breakdown for independent practices:
{{TRACKED_URL_TOUCH_2}}

Would love to share what's working for clinics in CA if you're open to it.

Best,
Hudson","https://abaclinics.clubemkt.digital/aba?lid={{LEAD_ID}}&utm_source=cold_email&utm_medium=email&utm_campaign=pilot-2026-09-25-b2&utm_content=touch_2","Filling Daybreak Autism Discovery Center's caseload (CA)","Hi Angela,

I know you're busy running Daybreak Autism Discovery Center. 

If patient intake or waitlist conversion isn't a priority right now, no worries at all. If you ever want to check our 2-minute fit assessment or look at the numbers, you can bookmark this link:

{{TRACKED_URL_TOUCH_3}}

Wishing you and the team continued success in Modesto!

Best,
Hudson","https://abaclinics.clubemkt.digital/aba?lid={{LEAD_ID}}&utm_source=cold_email&utm_medium=email&utm_campaign=pilot-2026-09-25-b2&utm_content=touch_3"
"Delta Behavioral Foundations","Ann Arredondo","Ann","aarredondo@deltaabanc.com","Apex","NC","2","pilot-2026-09-25-b2","Quick question about Delta Behavioral Foundations's openings in NC","Hi Ann,

I was looking at independent ABA practices in Apex and came across Delta Behavioral Foundations. 

A lot of clinic owners we talk to with 1–3 locations tell us their biggest bottleneck isn't clinical interest—it's getting predictable commercial-insurance & private-pay inquiries without giving up margins to PE aggregators.

We built an intake & patient growth system specifically for independent practices across your 2 locations. You can see how the intake flow and caseload matching work here:

{{TRACKED_URL_TOUCH_1}}

Do you have 15 minutes this Thursday or Friday to see if this fits your current openings?

Best,
Hudson Argollo
Gold Traffic / ABA Practice Growth","https://abaclinics.clubemkt.digital/aba?lid={{LEAD_ID}}&utm_source=cold_email&utm_medium=email&utm_campaign=pilot-2026-09-25-b2&utm_content=touch_1","Re: Delta Behavioral Foundations's openings in NC","Hi Ann,

Quick follow-up on my note from earlier this week.

When clinics expand or try to hire new BCBAs, keeping the waitlist warm and converting families at the exact moment a slot opens is usually what keeps rooms full.

We put together a 20-minute discovery breakdown for independent practices:
{{TRACKED_URL_TOUCH_2}}

Would love to share what's working for clinics in NC if you're open to it.

Best,
Hudson","https://abaclinics.clubemkt.digital/aba?lid={{LEAD_ID}}&utm_source=cold_email&utm_medium=email&utm_campaign=pilot-2026-09-25-b2&utm_content=touch_2","Filling Delta Behavioral Foundations's caseload (NC)","Hi Ann,

I know you're busy running Delta Behavioral Foundations. 

If patient intake or waitlist conversion isn't a priority right now, no worries at all. If you ever want to check our 2-minute fit assessment or look at the numbers, you can bookmark this link:

{{TRACKED_URL_TOUCH_3}}

Wishing you and the team continued success in Apex!

Best,
Hudson","https://abaclinics.clubemkt.digital/aba?lid={{LEAD_ID}}&utm_source=cold_email&utm_medium=email&utm_campaign=pilot-2026-09-25-b2&utm_content=touch_3"
"Destiny Therapeutic Solutions","Anna Arroyo","Anna","anna.arroyo@destinyautismga.com","Smyrna","GA","3","pilot-2026-09-25-b2","Quick question about Destiny Therapeutic Solutions's openings in GA","Hi Anna,

I was looking at independent ABA practices in Smyrna and came across Destiny Therapeutic Solutions. 

A lot of clinic owners we talk to with 1–3 locations tell us their biggest bottleneck isn't clinical interest—it's getting predictable commercial-insurance & private-pay inquiries without giving up margins to PE aggregators.

We built an intake & patient growth system specifically for independent practices across your 3 locations. You can see how the intake flow and caseload matching work here:

{{TRACKED_URL_TOUCH_1}}

Do you have 15 minutes this Thursday or Friday to see if this fits your current openings?

Best,
Hudson Argollo
Gold Traffic / ABA Practice Growth","https://abaclinics.clubemkt.digital/aba?lid={{LEAD_ID}}&utm_source=cold_email&utm_medium=email&utm_campaign=pilot-2026-09-25-b2&utm_content=touch_1","Re: Destiny Therapeutic Solutions's openings in GA","Hi Anna,

Quick follow-up on my note from earlier this week.

When clinics expand or try to hire new BCBAs, keeping the waitlist warm and converting families at the exact moment a slot opens is usually what keeps rooms full.

We put together a 20-minute discovery breakdown for independent practices:
{{TRACKED_URL_TOUCH_2}}

Would love to share what's working for clinics in GA if you're open to it.

Best,
Hudson","https://abaclinics.clubemkt.digital/aba?lid={{LEAD_ID}}&utm_source=cold_email&utm_medium=email&utm_campaign=pilot-2026-09-25-b2&utm_content=touch_2","Filling Destiny Therapeutic Solutions's caseload (GA)","Hi Anna,

I know you're busy running Destiny Therapeutic Solutions. 

If patient intake or waitlist conversion isn't a priority right now, no worries at all. If you ever want to check our 2-minute fit assessment or look at the numbers, you can bookmark this link:

{{TRACKED_URL_TOUCH_3}}

Wishing you and the team continued success in Smyrna!

Best,
Hudson","https://abaclinics.clubemkt.digital/aba?lid={{LEAD_ID}}&utm_source=cold_email&utm_medium=email&utm_campaign=pilot-2026-09-25-b2&utm_content=touch_3"
"Diligence ABA Collective","Anthony Arthur","Anthony","aarthur@diligencecareco.com","Denver","CO","4","pilot-2026-09-25-b2","Quick question about Diligence ABA Collective's openings in CO","Hi Anthony,

I was looking at independent ABA practices in Denver and came across Diligence ABA Collective. 

A lot of clinic owners we talk to with 1–4 locations tell us their biggest bottleneck isn't clinical interest—it's getting predictable commercial-insurance & private-pay inquiries without giving up margins to PE aggregators.

We built an intake & patient growth system specifically for independent practices across your 4 locations. You can see how the intake flow and caseload matching work here:

{{TRACKED_URL_TOUCH_1}}

Do you have 15 minutes this Thursday or Friday to see if this fits your current openings?

Best,
Hudson Argollo
Gold Traffic / ABA Practice Growth","https://abaclinics.clubemkt.digital/aba?lid={{LEAD_ID}}&utm_source=cold_email&utm_medium=email&utm_campaign=pilot-2026-09-25-b2&utm_content=touch_1","Re: Diligence ABA Collective's openings in CO","Hi Anthony,

Quick follow-up on my note from earlier this week.

When clinics expand or try to hire new BCBAs, keeping the waitlist warm and converting families at the exact moment a slot opens is usually what keeps rooms full.

We put together a 20-minute discovery breakdown for independent practices:
{{TRACKED_URL_TOUCH_2}}

Would love to share what's working for clinics in CO if you're open to it.

Best,
Hudson","https://abaclinics.clubemkt.digital/aba?lid={{LEAD_ID}}&utm_source=cold_email&utm_medium=email&utm_campaign=pilot-2026-09-25-b2&utm_content=touch_2","Filling Diligence ABA Collective's caseload (CO)","Hi Anthony,

I know you're busy running Diligence ABA Collective. 

If patient intake or waitlist conversion isn't a priority right now, no worries at all. If you ever want to check our 2-minute fit assessment or look at the numbers, you can bookmark this link:

{{TRACKED_URL_TOUCH_3}}

Wishing you and the team continued success in Denver!

Best,
Hudson","https://abaclinics.clubemkt.digital/aba?lid={{LEAD_ID}}&utm_source=cold_email&utm_medium=email&utm_campaign=pilot-2026-09-25-b2&utm_content=touch_3"