email,first_name,last_name,company_name,city,state,locations_count,lead_id,batch_id,website,linkedin_url,subject_1,body_1,tracked_link_1,subject_2,body_2,tracked_link_2,subject_3,body_3,tracked_link_3,subject_4,body_4,tracked_link_4
"amy@abilityaba.com","Dr.","Amy Foxman","Ability ABA Therapy","Dallas","TX","1","lead_0001","pilot-2026-09-25-curated","https://www.abilityaba.com","https://www.linkedin.com/company/ability-aba","Quick question about Ability ABA Therapy's caseload in TX","Hi Dr.,

I was looking at independent ABA practices in Dallas and came across Ability ABA Therapy.

Most clinic owners with 1–3 locations we talk to in TX tell us their primary bottleneck isn't clinical expertise—it's getting a predictable flow of commercial-insurance and private-pay inquiries without selling out to PE roll-ups or burning margin on generic agencies.

We built an intake & patient growth system specifically for independent practices. You can see how the intake flow and caseload matching work here:

https://abaclinics.clubemkt.digital/crm/api/track/click?lid=lead_0001&touch=1&url=https%3A%2F%2Fabaclinics.clubemkt.digital%2Faba%3Flid%3Dlead_0001%26utm_source%3Dcold_email%26utm_medium%3Demail%26utm_campaign%3Dpilot-2026-09-25-curated%26utm_content%3Dtouch_1

Do you have 15 minutes this Thursday or Friday to see if this fits your current openings?

Best,
Hudson Argollo
ABA Practice Growth · Gold Traffic","https://abaclinics.clubemkt.digital/crm/api/track/click?lid=lead_0001&touch=1&url=https%3A%2F%2Fabaclinics.clubemkt.digital%2Faba%3Flid%3Dlead_0001%26utm_source%3Dcold_email%26utm_medium%3Demail%26utm_campaign%3Dpilot-2026-09-25-curated%26utm_content%3Dtouch_1","Re: Ability ABA Therapy's openings in TX","Hi Dr.,

Quick follow-up on my note from earlier this week.

When clinics expand or onboard new BCBAs/RBTs, the hardest part is usually timing: converting waitlisted families the exact week a slot opens rather than watching them drop off to competitor waitlists.

We put together a 20-minute discovery breakdown for independent practices:
https://abaclinics.clubemkt.digital/crm/api/track/click?lid=lead_0001&touch=2&url=https%3A%2F%2Fabaclinics.clubemkt.digital%2Faba%3Flid%3Dlead_0001%26utm_source%3Dcold_email%26utm_medium%3Demail%26utm_campaign%3Dpilot-2026-09-25-curated%26utm_content%3Dtouch_2

Would love to share what's working for clinics in TX if you're open to comparing notes.

Best,
Hudson","https://abaclinics.clubemkt.digital/crm/api/track/click?lid=lead_0001&touch=2&url=https%3A%2F%2Fabaclinics.clubemkt.digital%2Faba%3Flid%3Dlead_0001%26utm_source%3Dcold_email%26utm_medium%3Demail%26utm_campaign%3Dpilot-2026-09-25-curated%26utm_content%3Dtouch_2","Filling Ability ABA Therapy's caseload (TX)","Hi Dr.,

I know you're busy running Ability ABA Therapy and managing clinical plans.

If patient intake or waitlist conversion isn't a priority right now, no worries at all. If you ever want to check our 2-minute fit assessment or see if our model works for your current capacity, you can bookmark this link:

https://abaclinics.clubemkt.digital/crm/api/track/click?lid=lead_0001&touch=3&url=https%3A%2F%2Fabaclinics.clubemkt.digital%2Faba%3Flid%3Dlead_0001%26utm_source%3Dcold_email%26utm_medium%3Demail%26utm_campaign%3Dpilot-2026-09-25-curated%26utm_content%3Dtouch_3

Wishing you and your clinical team continued success in Dallas!

Best,
Hudson","https://abaclinics.clubemkt.digital/crm/api/track/click?lid=lead_0001&touch=3&url=https%3A%2F%2Fabaclinics.clubemkt.digital%2Faba%3Flid%3Dlead_0001%26utm_source%3Dcold_email%26utm_medium%3Demail%26utm_campaign%3Dpilot-2026-09-25-curated%26utm_content%3Dtouch_3","Closing out Ability ABA Therapy's file for now?","Hi Dr.,

Usually when I haven't heard back, it means one of two things:
1. Your caseload and waitlist in in Dallas are already at 100% capacity.
2. You're interested, but the timing is bad.

If you'd like me to follow up in a few months when you're looking to open new rooms or hire BCBAs, just reply ""later"".

Otherwise, if you ever want to review our intake framework, it's always live at:
https://abaclinics.clubemkt.digital/crm/api/track/click?lid=lead_0001&touch=4&url=https%3A%2F%2Fabaclinics.clubemkt.digital%2Faba%3Flid%3Dlead_0001%26utm_source%3Dcold_email%26utm_medium%3Demail%26utm_campaign%3Dpilot-2026-09-25-curated%26utm_content%3Dtouch_4

Thanks for all you do for the autism community in TX.

Best,
Hudson","https://abaclinics.clubemkt.digital/crm/api/track/click?lid=lead_0001&touch=4&url=https%3A%2F%2Fabaclinics.clubemkt.digital%2Faba%3Flid%3Dlead_0001%26utm_source%3Dcold_email%26utm_medium%3Demail%26utm_campaign%3Dpilot-2026-09-25-curated%26utm_content%3Dtouch_4"
"karri@marigoldlearningacademy.com","Karri","Shojaei-Scott","Marigold Learning Academy & ABA","Rockwall","TX","2","lead_0002","pilot-2026-09-25-curated","https://marigoldlearningacademy.com","https://www.linkedin.com/in/karri-shojaei-scott-m-ed-bcba-lba-41132644","Quick question about Marigold Learning Academy & ABA's caseload in TX","Hi Karri,

I was looking at independent ABA practices in Rockwall and came across Marigold Learning Academy & ABA.

Most clinic owners with 1–3 locations we talk to in TX tell us their primary bottleneck isn't clinical expertise—it's getting a predictable flow of commercial-insurance and private-pay inquiries without selling out to PE roll-ups or burning margin on generic agencies.

We built an intake & patient growth system specifically for independent practices. You can see how the intake flow and caseload matching work here:

https://abaclinics.clubemkt.digital/crm/api/track/click?lid=lead_0002&touch=1&url=https%3A%2F%2Fabaclinics.clubemkt.digital%2Faba%3Flid%3Dlead_0002%26utm_source%3Dcold_email%26utm_medium%3Demail%26utm_campaign%3Dpilot-2026-09-25-curated%26utm_content%3Dtouch_1

Do you have 15 minutes this Thursday or Friday to see if this fits your current openings?

Best,
Hudson Argollo
ABA Practice Growth · Gold Traffic","https://abaclinics.clubemkt.digital/crm/api/track/click?lid=lead_0002&touch=1&url=https%3A%2F%2Fabaclinics.clubemkt.digital%2Faba%3Flid%3Dlead_0002%26utm_source%3Dcold_email%26utm_medium%3Demail%26utm_campaign%3Dpilot-2026-09-25-curated%26utm_content%3Dtouch_1","Re: Marigold Learning Academy & ABA's openings in TX","Hi Karri,

Quick follow-up on my note from earlier this week.

When clinics expand or onboard new BCBAs/RBTs, the hardest part is usually timing: converting waitlisted families the exact week a slot opens rather than watching them drop off to competitor waitlists.

We put together a 20-minute discovery breakdown for independent practices:
https://abaclinics.clubemkt.digital/crm/api/track/click?lid=lead_0002&touch=2&url=https%3A%2F%2Fabaclinics.clubemkt.digital%2Faba%3Flid%3Dlead_0002%26utm_source%3Dcold_email%26utm_medium%3Demail%26utm_campaign%3Dpilot-2026-09-25-curated%26utm_content%3Dtouch_2

Would love to share what's working for clinics in TX if you're open to comparing notes.

Best,
Hudson","https://abaclinics.clubemkt.digital/crm/api/track/click?lid=lead_0002&touch=2&url=https%3A%2F%2Fabaclinics.clubemkt.digital%2Faba%3Flid%3Dlead_0002%26utm_source%3Dcold_email%26utm_medium%3Demail%26utm_campaign%3Dpilot-2026-09-25-curated%26utm_content%3Dtouch_2","Filling Marigold Learning Academy & ABA's caseload (TX)","Hi Karri,

I know you're busy running Marigold Learning Academy & ABA and managing clinical plans.

If patient intake or waitlist conversion isn't a priority right now, no worries at all. If you ever want to check our 2-minute fit assessment or see if our model works for your current capacity, you can bookmark this link:

https://abaclinics.clubemkt.digital/crm/api/track/click?lid=lead_0002&touch=3&url=https%3A%2F%2Fabaclinics.clubemkt.digital%2Faba%3Flid%3Dlead_0002%26utm_source%3Dcold_email%26utm_medium%3Demail%26utm_campaign%3Dpilot-2026-09-25-curated%26utm_content%3Dtouch_3

Wishing you and your clinical team continued success in Rockwall!

Best,
Hudson","https://abaclinics.clubemkt.digital/crm/api/track/click?lid=lead_0002&touch=3&url=https%3A%2F%2Fabaclinics.clubemkt.digital%2Faba%3Flid%3Dlead_0002%26utm_source%3Dcold_email%26utm_medium%3Demail%26utm_campaign%3Dpilot-2026-09-25-curated%26utm_content%3Dtouch_3","Closing out Marigold Learning Academy & ABA's file for now?","Hi Karri,

Usually when I haven't heard back, it means one of two things:
1. Your caseload and waitlist in in Rockwall are already at 100% capacity.
2. You're interested, but the timing is bad.

If you'd like me to follow up in a few months when you're looking to open new rooms or hire BCBAs, just reply ""later"".

Otherwise, if you ever want to review our intake framework, it's always live at:
https://abaclinics.clubemkt.digital/crm/api/track/click?lid=lead_0002&touch=4&url=https%3A%2F%2Fabaclinics.clubemkt.digital%2Faba%3Flid%3Dlead_0002%26utm_source%3Dcold_email%26utm_medium%3Demail%26utm_campaign%3Dpilot-2026-09-25-curated%26utm_content%3Dtouch_4

Thanks for all you do for the autism community in TX.

Best,
Hudson","https://abaclinics.clubemkt.digital/crm/api/track/click?lid=lead_0002&touch=4&url=https%3A%2F%2Fabaclinics.clubemkt.digital%2Faba%3Flid%3Dlead_0002%26utm_source%3Dcold_email%26utm_medium%3Demail%26utm_campaign%3Dpilot-2026-09-25-curated%26utm_content%3Dtouch_4"
"samantha@treeoflifeaba.com","Samantha","Sanchez","Tree of Life ABA Therapy","Austin","TX","1","lead_0003","pilot-2026-09-25-curated","https://treeoflifeaba.com","https://www.linkedin.com/in/sa-sanchez-g118","Quick question about Tree of Life ABA Therapy's caseload in TX","Hi Samantha,

I was looking at independent ABA practices in Austin and came across Tree of Life ABA Therapy.

Most clinic owners with 1–3 locations we talk to in TX tell us their primary bottleneck isn't clinical expertise—it's getting a predictable flow of commercial-insurance and private-pay inquiries without selling out to PE roll-ups or burning margin on generic agencies.

We built an intake & patient growth system specifically for independent practices. You can see how the intake flow and caseload matching work here:

https://abaclinics.clubemkt.digital/crm/api/track/click?lid=lead_0003&touch=1&url=https%3A%2F%2Fabaclinics.clubemkt.digital%2Faba%3Flid%3Dlead_0003%26utm_source%3Dcold_email%26utm_medium%3Demail%26utm_campaign%3Dpilot-2026-09-25-curated%26utm_content%3Dtouch_1

Do you have 15 minutes this Thursday or Friday to see if this fits your current openings?

Best,
Hudson Argollo
ABA Practice Growth · Gold Traffic","https://abaclinics.clubemkt.digital/crm/api/track/click?lid=lead_0003&touch=1&url=https%3A%2F%2Fabaclinics.clubemkt.digital%2Faba%3Flid%3Dlead_0003%26utm_source%3Dcold_email%26utm_medium%3Demail%26utm_campaign%3Dpilot-2026-09-25-curated%26utm_content%3Dtouch_1","Re: Tree of Life ABA Therapy's openings in TX","Hi Samantha,

Quick follow-up on my note from earlier this week.

When clinics expand or onboard new BCBAs/RBTs, the hardest part is usually timing: converting waitlisted families the exact week a slot opens rather than watching them drop off to competitor waitlists.

We put together a 20-minute discovery breakdown for independent practices:
https://abaclinics.clubemkt.digital/crm/api/track/click?lid=lead_0003&touch=2&url=https%3A%2F%2Fabaclinics.clubemkt.digital%2Faba%3Flid%3Dlead_0003%26utm_source%3Dcold_email%26utm_medium%3Demail%26utm_campaign%3Dpilot-2026-09-25-curated%26utm_content%3Dtouch_2

Would love to share what's working for clinics in TX if you're open to comparing notes.

Best,
Hudson","https://abaclinics.clubemkt.digital/crm/api/track/click?lid=lead_0003&touch=2&url=https%3A%2F%2Fabaclinics.clubemkt.digital%2Faba%3Flid%3Dlead_0003%26utm_source%3Dcold_email%26utm_medium%3Demail%26utm_campaign%3Dpilot-2026-09-25-curated%26utm_content%3Dtouch_2","Filling Tree of Life ABA Therapy's caseload (TX)","Hi Samantha,

I know you're busy running Tree of Life ABA Therapy and managing clinical plans.

If patient intake or waitlist conversion isn't a priority right now, no worries at all. If you ever want to check our 2-minute fit assessment or see if our model works for your current capacity, you can bookmark this link:

https://abaclinics.clubemkt.digital/crm/api/track/click?lid=lead_0003&touch=3&url=https%3A%2F%2Fabaclinics.clubemkt.digital%2Faba%3Flid%3Dlead_0003%26utm_source%3Dcold_email%26utm_medium%3Demail%26utm_campaign%3Dpilot-2026-09-25-curated%26utm_content%3Dtouch_3

Wishing you and your clinical team continued success in Austin!

Best,
Hudson","https://abaclinics.clubemkt.digital/crm/api/track/click?lid=lead_0003&touch=3&url=https%3A%2F%2Fabaclinics.clubemkt.digital%2Faba%3Flid%3Dlead_0003%26utm_source%3Dcold_email%26utm_medium%3Demail%26utm_campaign%3Dpilot-2026-09-25-curated%26utm_content%3Dtouch_3","Closing out Tree of Life ABA Therapy's file for now?","Hi Samantha,

Usually when I haven't heard back, it means one of two things:
1. Your caseload and waitlist in in Austin are already at 100% capacity.
2. You're interested, but the timing is bad.

If you'd like me to follow up in a few months when you're looking to open new rooms or hire BCBAs, just reply ""later"".

Otherwise, if you ever want to review our intake framework, it's always live at:
https://abaclinics.clubemkt.digital/crm/api/track/click?lid=lead_0003&touch=4&url=https%3A%2F%2Fabaclinics.clubemkt.digital%2Faba%3Flid%3Dlead_0003%26utm_source%3Dcold_email%26utm_medium%3Demail%26utm_campaign%3Dpilot-2026-09-25-curated%26utm_content%3Dtouch_4

Thanks for all you do for the autism community in TX.

Best,
Hudson","https://abaclinics.clubemkt.digital/crm/api/track/click?lid=lead_0003&touch=4&url=https%3A%2F%2Fabaclinics.clubemkt.digital%2Faba%3Flid%3Dlead_0003%26utm_source%3Dcold_email%26utm_medium%3Demail%26utm_campaign%3Dpilot-2026-09-25-curated%26utm_content%3Dtouch_4"
"michelle.kuhn@galliantcare.com","Dr.","Michelle Kuhn","Galliant Autism Care","Dallas","TX","3","lead_0004","pilot-2026-09-25-curated","https://www.galliantcare.com","https://www.linkedin.com/in/michelle-kuhn-galliant","Quick question about Galliant Autism Care's caseload in TX","Hi Dr.,

I was looking at independent ABA practices in Dallas and came across Galliant Autism Care.

Most clinic owners with 1–3 locations we talk to in TX tell us their primary bottleneck isn't clinical expertise—it's getting a predictable flow of commercial-insurance and private-pay inquiries without selling out to PE roll-ups or burning margin on generic agencies.

We built an intake & patient growth system specifically for independent practices. You can see how the intake flow and caseload matching work here:

https://abaclinics.clubemkt.digital/crm/api/track/click?lid=lead_0004&touch=1&url=https%3A%2F%2Fabaclinics.clubemkt.digital%2Faba%3Flid%3Dlead_0004%26utm_source%3Dcold_email%26utm_medium%3Demail%26utm_campaign%3Dpilot-2026-09-25-curated%26utm_content%3Dtouch_1

Do you have 15 minutes this Thursday or Friday to see if this fits your current openings?

Best,
Hudson Argollo
ABA Practice Growth · Gold Traffic","https://abaclinics.clubemkt.digital/crm/api/track/click?lid=lead_0004&touch=1&url=https%3A%2F%2Fabaclinics.clubemkt.digital%2Faba%3Flid%3Dlead_0004%26utm_source%3Dcold_email%26utm_medium%3Demail%26utm_campaign%3Dpilot-2026-09-25-curated%26utm_content%3Dtouch_1","Re: Galliant Autism Care's openings in TX","Hi Dr.,

Quick follow-up on my note from earlier this week.

When clinics expand or onboard new BCBAs/RBTs, the hardest part is usually timing: converting waitlisted families the exact week a slot opens rather than watching them drop off to competitor waitlists.

We put together a 20-minute discovery breakdown for independent practices:
https://abaclinics.clubemkt.digital/crm/api/track/click?lid=lead_0004&touch=2&url=https%3A%2F%2Fabaclinics.clubemkt.digital%2Faba%3Flid%3Dlead_0004%26utm_source%3Dcold_email%26utm_medium%3Demail%26utm_campaign%3Dpilot-2026-09-25-curated%26utm_content%3Dtouch_2

Would love to share what's working for clinics in TX if you're open to comparing notes.

Best,
Hudson","https://abaclinics.clubemkt.digital/crm/api/track/click?lid=lead_0004&touch=2&url=https%3A%2F%2Fabaclinics.clubemkt.digital%2Faba%3Flid%3Dlead_0004%26utm_source%3Dcold_email%26utm_medium%3Demail%26utm_campaign%3Dpilot-2026-09-25-curated%26utm_content%3Dtouch_2","Filling Galliant Autism Care's caseload (TX)","Hi Dr.,

I know you're busy running Galliant Autism Care and managing clinical plans.

If patient intake or waitlist conversion isn't a priority right now, no worries at all. If you ever want to check our 2-minute fit assessment or see if our model works for your current capacity, you can bookmark this link:

https://abaclinics.clubemkt.digital/crm/api/track/click?lid=lead_0004&touch=3&url=https%3A%2F%2Fabaclinics.clubemkt.digital%2Faba%3Flid%3Dlead_0004%26utm_source%3Dcold_email%26utm_medium%3Demail%26utm_campaign%3Dpilot-2026-09-25-curated%26utm_content%3Dtouch_3

Wishing you and your clinical team continued success in Dallas!

Best,
Hudson","https://abaclinics.clubemkt.digital/crm/api/track/click?lid=lead_0004&touch=3&url=https%3A%2F%2Fabaclinics.clubemkt.digital%2Faba%3Flid%3Dlead_0004%26utm_source%3Dcold_email%26utm_medium%3Demail%26utm_campaign%3Dpilot-2026-09-25-curated%26utm_content%3Dtouch_3","Closing out Galliant Autism Care's file for now?","Hi Dr.,

Usually when I haven't heard back, it means one of two things:
1. Your caseload and waitlist in in Dallas are already at 100% capacity.
2. You're interested, but the timing is bad.

If you'd like me to follow up in a few months when you're looking to open new rooms or hire BCBAs, just reply ""later"".

Otherwise, if you ever want to review our intake framework, it's always live at:
https://abaclinics.clubemkt.digital/crm/api/track/click?lid=lead_0004&touch=4&url=https%3A%2F%2Fabaclinics.clubemkt.digital%2Faba%3Flid%3Dlead_0004%26utm_source%3Dcold_email%26utm_medium%3Demail%26utm_campaign%3Dpilot-2026-09-25-curated%26utm_content%3Dtouch_4

Thanks for all you do for the autism community in TX.

Best,
Hudson","https://abaclinics.clubemkt.digital/crm/api/track/click?lid=lead_0004&touch=4&url=https%3A%2F%2Fabaclinics.clubemkt.digital%2Faba%3Flid%3Dlead_0004%26utm_source%3Dcold_email%26utm_medium%3Demail%26utm_campaign%3Dpilot-2026-09-25-curated%26utm_content%3Dtouch_4"
"faith@brightpathbehavior.com","Faith","Finstad","BrightPath Behavior","Sugar Land","TX","2","lead_0005","pilot-2026-09-25-curated","https://brightpathbehavior.com","https://www.linkedin.com/in/faith-finstad-bcba","Quick question about BrightPath Behavior's caseload in TX","Hi Faith,

I was looking at independent ABA practices in Sugar Land and came across BrightPath Behavior.

Most clinic owners with 1–3 locations we talk to in TX tell us their primary bottleneck isn't clinical expertise—it's getting a predictable flow of commercial-insurance and private-pay inquiries without selling out to PE roll-ups or burning margin on generic agencies.

We built an intake & patient growth system specifically for independent practices. You can see how the intake flow and caseload matching work here:

https://abaclinics.clubemkt.digital/crm/api/track/click?lid=lead_0005&touch=1&url=https%3A%2F%2Fabaclinics.clubemkt.digital%2Faba%3Flid%3Dlead_0005%26utm_source%3Dcold_email%26utm_medium%3Demail%26utm_campaign%3Dpilot-2026-09-25-curated%26utm_content%3Dtouch_1

Do you have 15 minutes this Thursday or Friday to see if this fits your current openings?

Best,
Hudson Argollo
ABA Practice Growth · Gold Traffic","https://abaclinics.clubemkt.digital/crm/api/track/click?lid=lead_0005&touch=1&url=https%3A%2F%2Fabaclinics.clubemkt.digital%2Faba%3Flid%3Dlead_0005%26utm_source%3Dcold_email%26utm_medium%3Demail%26utm_campaign%3Dpilot-2026-09-25-curated%26utm_content%3Dtouch_1","Re: BrightPath Behavior's openings in TX","Hi Faith,

Quick follow-up on my note from earlier this week.

When clinics expand or onboard new BCBAs/RBTs, the hardest part is usually timing: converting waitlisted families the exact week a slot opens rather than watching them drop off to competitor waitlists.

We put together a 20-minute discovery breakdown for independent practices:
https://abaclinics.clubemkt.digital/crm/api/track/click?lid=lead_0005&touch=2&url=https%3A%2F%2Fabaclinics.clubemkt.digital%2Faba%3Flid%3Dlead_0005%26utm_source%3Dcold_email%26utm_medium%3Demail%26utm_campaign%3Dpilot-2026-09-25-curated%26utm_content%3Dtouch_2

Would love to share what's working for clinics in TX if you're open to comparing notes.

Best,
Hudson","https://abaclinics.clubemkt.digital/crm/api/track/click?lid=lead_0005&touch=2&url=https%3A%2F%2Fabaclinics.clubemkt.digital%2Faba%3Flid%3Dlead_0005%26utm_source%3Dcold_email%26utm_medium%3Demail%26utm_campaign%3Dpilot-2026-09-25-curated%26utm_content%3Dtouch_2","Filling BrightPath Behavior's caseload (TX)","Hi Faith,

I know you're busy running BrightPath Behavior and managing clinical plans.

If patient intake or waitlist conversion isn't a priority right now, no worries at all. If you ever want to check our 2-minute fit assessment or see if our model works for your current capacity, you can bookmark this link:

https://abaclinics.clubemkt.digital/crm/api/track/click?lid=lead_0005&touch=3&url=https%3A%2F%2Fabaclinics.clubemkt.digital%2Faba%3Flid%3Dlead_0005%26utm_source%3Dcold_email%26utm_medium%3Demail%26utm_campaign%3Dpilot-2026-09-25-curated%26utm_content%3Dtouch_3

Wishing you and your clinical team continued success in Sugar Land!

Best,
Hudson","https://abaclinics.clubemkt.digital/crm/api/track/click?lid=lead_0005&touch=3&url=https%3A%2F%2Fabaclinics.clubemkt.digital%2Faba%3Flid%3Dlead_0005%26utm_source%3Dcold_email%26utm_medium%3Demail%26utm_campaign%3Dpilot-2026-09-25-curated%26utm_content%3Dtouch_3","Closing out BrightPath Behavior's file for now?","Hi Faith,

Usually when I haven't heard back, it means one of two things:
1. Your caseload and waitlist in in Sugar Land are already at 100% capacity.
2. You're interested, but the timing is bad.

If you'd like me to follow up in a few months when you're looking to open new rooms or hire BCBAs, just reply ""later"".

Otherwise, if you ever want to review our intake framework, it's always live at:
https://abaclinics.clubemkt.digital/crm/api/track/click?lid=lead_0005&touch=4&url=https%3A%2F%2Fabaclinics.clubemkt.digital%2Faba%3Flid%3Dlead_0005%26utm_source%3Dcold_email%26utm_medium%3Demail%26utm_campaign%3Dpilot-2026-09-25-curated%26utm_content%3Dtouch_4

Thanks for all you do for the autism community in TX.

Best,
Hudson","https://abaclinics.clubemkt.digital/crm/api/track/click?lid=lead_0005&touch=4&url=https%3A%2F%2Fabaclinics.clubemkt.digital%2Faba%3Flid%3Dlead_0005%26utm_source%3Dcold_email%26utm_medium%3Demail%26utm_campaign%3Dpilot-2026-09-25-curated%26utm_content%3Dtouch_4"
"natalie.villante@restoreaba.com","Natalie","Villante","Restore ABA & Speech Therapy","Cypress","TX","2","lead_0006","pilot-2026-09-25-curated","https://restoreaba.com","https://www.linkedin.com/company/restore-aba","Quick question about Restore ABA & Speech Therapy's caseload in TX","Hi Natalie,

I was looking at independent ABA practices in Cypress and came across Restore ABA & Speech Therapy.

Most clinic owners with 1–3 locations we talk to in TX tell us their primary bottleneck isn't clinical expertise—it's getting a predictable flow of commercial-insurance and private-pay inquiries without selling out to PE roll-ups or burning margin on generic agencies.

We built an intake & patient growth system specifically for independent practices. You can see how the intake flow and caseload matching work here:

https://abaclinics.clubemkt.digital/crm/api/track/click?lid=lead_0006&touch=1&url=https%3A%2F%2Fabaclinics.clubemkt.digital%2Faba%3Flid%3Dlead_0006%26utm_source%3Dcold_email%26utm_medium%3Demail%26utm_campaign%3Dpilot-2026-09-25-curated%26utm_content%3Dtouch_1

Do you have 15 minutes this Thursday or Friday to see if this fits your current openings?

Best,
Hudson Argollo
ABA Practice Growth · Gold Traffic","https://abaclinics.clubemkt.digital/crm/api/track/click?lid=lead_0006&touch=1&url=https%3A%2F%2Fabaclinics.clubemkt.digital%2Faba%3Flid%3Dlead_0006%26utm_source%3Dcold_email%26utm_medium%3Demail%26utm_campaign%3Dpilot-2026-09-25-curated%26utm_content%3Dtouch_1","Re: Restore ABA & Speech Therapy's openings in TX","Hi Natalie,

Quick follow-up on my note from earlier this week.

When clinics expand or onboard new BCBAs/RBTs, the hardest part is usually timing: converting waitlisted families the exact week a slot opens rather than watching them drop off to competitor waitlists.

We put together a 20-minute discovery breakdown for independent practices:
https://abaclinics.clubemkt.digital/crm/api/track/click?lid=lead_0006&touch=2&url=https%3A%2F%2Fabaclinics.clubemkt.digital%2Faba%3Flid%3Dlead_0006%26utm_source%3Dcold_email%26utm_medium%3Demail%26utm_campaign%3Dpilot-2026-09-25-curated%26utm_content%3Dtouch_2

Would love to share what's working for clinics in TX if you're open to comparing notes.

Best,
Hudson","https://abaclinics.clubemkt.digital/crm/api/track/click?lid=lead_0006&touch=2&url=https%3A%2F%2Fabaclinics.clubemkt.digital%2Faba%3Flid%3Dlead_0006%26utm_source%3Dcold_email%26utm_medium%3Demail%26utm_campaign%3Dpilot-2026-09-25-curated%26utm_content%3Dtouch_2","Filling Restore ABA & Speech Therapy's caseload (TX)","Hi Natalie,

I know you're busy running Restore ABA & Speech Therapy and managing clinical plans.

If patient intake or waitlist conversion isn't a priority right now, no worries at all. If you ever want to check our 2-minute fit assessment or see if our model works for your current capacity, you can bookmark this link:

https://abaclinics.clubemkt.digital/crm/api/track/click?lid=lead_0006&touch=3&url=https%3A%2F%2Fabaclinics.clubemkt.digital%2Faba%3Flid%3Dlead_0006%26utm_source%3Dcold_email%26utm_medium%3Demail%26utm_campaign%3Dpilot-2026-09-25-curated%26utm_content%3Dtouch_3

Wishing you and your clinical team continued success in Cypress!

Best,
Hudson","https://abaclinics.clubemkt.digital/crm/api/track/click?lid=lead_0006&touch=3&url=https%3A%2F%2Fabaclinics.clubemkt.digital%2Faba%3Flid%3Dlead_0006%26utm_source%3Dcold_email%26utm_medium%3Demail%26utm_campaign%3Dpilot-2026-09-25-curated%26utm_content%3Dtouch_3","Closing out Restore ABA & Speech Therapy's file for now?","Hi Natalie,

Usually when I haven't heard back, it means one of two things:
1. Your caseload and waitlist in in Cypress are already at 100% capacity.
2. You're interested, but the timing is bad.

If you'd like me to follow up in a few months when you're looking to open new rooms or hire BCBAs, just reply ""later"".

Otherwise, if you ever want to review our intake framework, it's always live at:
https://abaclinics.clubemkt.digital/crm/api/track/click?lid=lead_0006&touch=4&url=https%3A%2F%2Fabaclinics.clubemkt.digital%2Faba%3Flid%3Dlead_0006%26utm_source%3Dcold_email%26utm_medium%3Demail%26utm_campaign%3Dpilot-2026-09-25-curated%26utm_content%3Dtouch_4

Thanks for all you do for the autism community in TX.

Best,
Hudson","https://abaclinics.clubemkt.digital/crm/api/track/click?lid=lead_0006&touch=4&url=https%3A%2F%2Fabaclinics.clubemkt.digital%2Faba%3Flid%3Dlead_0006%26utm_source%3Dcold_email%26utm_medium%3Demail%26utm_campaign%3Dpilot-2026-09-25-curated%26utm_content%3Dtouch_4"
"jennifer@behaviortlc.com","Jennifer","Corbridge","Behavior TLC","Houston","TX","2","lead_0007","pilot-2026-09-25-curated","https://behaviortlc.com","https://www.linkedin.com/company/behavior-tlc-inc-","Quick question about Behavior TLC's caseload in TX","Hi Jennifer,

I was looking at independent ABA practices in Houston and came across Behavior TLC.

Most clinic owners with 1–3 locations we talk to in TX tell us their primary bottleneck isn't clinical expertise—it's getting a predictable flow of commercial-insurance and private-pay inquiries without selling out to PE roll-ups or burning margin on generic agencies.

We built an intake & patient growth system specifically for independent practices. You can see how the intake flow and caseload matching work here:

https://abaclinics.clubemkt.digital/crm/api/track/click?lid=lead_0007&touch=1&url=https%3A%2F%2Fabaclinics.clubemkt.digital%2Faba%3Flid%3Dlead_0007%26utm_source%3Dcold_email%26utm_medium%3Demail%26utm_campaign%3Dpilot-2026-09-25-curated%26utm_content%3Dtouch_1

Do you have 15 minutes this Thursday or Friday to see if this fits your current openings?

Best,
Hudson Argollo
ABA Practice Growth · Gold Traffic","https://abaclinics.clubemkt.digital/crm/api/track/click?lid=lead_0007&touch=1&url=https%3A%2F%2Fabaclinics.clubemkt.digital%2Faba%3Flid%3Dlead_0007%26utm_source%3Dcold_email%26utm_medium%3Demail%26utm_campaign%3Dpilot-2026-09-25-curated%26utm_content%3Dtouch_1","Re: Behavior TLC's openings in TX","Hi Jennifer,

Quick follow-up on my note from earlier this week.

When clinics expand or onboard new BCBAs/RBTs, the hardest part is usually timing: converting waitlisted families the exact week a slot opens rather than watching them drop off to competitor waitlists.

We put together a 20-minute discovery breakdown for independent practices:
https://abaclinics.clubemkt.digital/crm/api/track/click?lid=lead_0007&touch=2&url=https%3A%2F%2Fabaclinics.clubemkt.digital%2Faba%3Flid%3Dlead_0007%26utm_source%3Dcold_email%26utm_medium%3Demail%26utm_campaign%3Dpilot-2026-09-25-curated%26utm_content%3Dtouch_2

Would love to share what's working for clinics in TX if you're open to comparing notes.

Best,
Hudson","https://abaclinics.clubemkt.digital/crm/api/track/click?lid=lead_0007&touch=2&url=https%3A%2F%2Fabaclinics.clubemkt.digital%2Faba%3Flid%3Dlead_0007%26utm_source%3Dcold_email%26utm_medium%3Demail%26utm_campaign%3Dpilot-2026-09-25-curated%26utm_content%3Dtouch_2","Filling Behavior TLC's caseload (TX)","Hi Jennifer,

I know you're busy running Behavior TLC and managing clinical plans.

If patient intake or waitlist conversion isn't a priority right now, no worries at all. If you ever want to check our 2-minute fit assessment or see if our model works for your current capacity, you can bookmark this link:

https://abaclinics.clubemkt.digital/crm/api/track/click?lid=lead_0007&touch=3&url=https%3A%2F%2Fabaclinics.clubemkt.digital%2Faba%3Flid%3Dlead_0007%26utm_source%3Dcold_email%26utm_medium%3Demail%26utm_campaign%3Dpilot-2026-09-25-curated%26utm_content%3Dtouch_3

Wishing you and your clinical team continued success in Houston!

Best,
Hudson","https://abaclinics.clubemkt.digital/crm/api/track/click?lid=lead_0007&touch=3&url=https%3A%2F%2Fabaclinics.clubemkt.digital%2Faba%3Flid%3Dlead_0007%26utm_source%3Dcold_email%26utm_medium%3Demail%26utm_campaign%3Dpilot-2026-09-25-curated%26utm_content%3Dtouch_3","Closing out Behavior TLC's file for now?","Hi Jennifer,

Usually when I haven't heard back, it means one of two things:
1. Your caseload and waitlist in in Houston are already at 100% capacity.
2. You're interested, but the timing is bad.

If you'd like me to follow up in a few months when you're looking to open new rooms or hire BCBAs, just reply ""later"".

Otherwise, if you ever want to review our intake framework, it's always live at:
https://abaclinics.clubemkt.digital/crm/api/track/click?lid=lead_0007&touch=4&url=https%3A%2F%2Fabaclinics.clubemkt.digital%2Faba%3Flid%3Dlead_0007%26utm_source%3Dcold_email%26utm_medium%3Demail%26utm_campaign%3Dpilot-2026-09-25-curated%26utm_content%3Dtouch_4

Thanks for all you do for the autism community in TX.

Best,
Hudson","https://abaclinics.clubemkt.digital/crm/api/track/click?lid=lead_0007&touch=4&url=https%3A%2F%2Fabaclinics.clubemkt.digital%2Faba%3Flid%3Dlead_0007%26utm_source%3Dcold_email%26utm_medium%3Demail%26utm_campaign%3Dpilot-2026-09-25-curated%26utm_content%3Dtouch_4"
"tammy@behaviorexchange.com","Tammy","Cline-Soza","The Behavior Exchange","Plano","TX","2","lead_0008","pilot-2026-09-25-curated","https://behaviorexchange.com","https://www.linkedin.com/in/tammy-cline-soza-m-s-bcba-lba-4357989","Quick question about The Behavior Exchange's caseload in TX","Hi Tammy,

I was looking at independent ABA practices in Plano and came across The Behavior Exchange.

Most clinic owners with 1–3 locations we talk to in TX tell us their primary bottleneck isn't clinical expertise—it's getting a predictable flow of commercial-insurance and private-pay inquiries without selling out to PE roll-ups or burning margin on generic agencies.

We built an intake & patient growth system specifically for independent practices. You can see how the intake flow and caseload matching work here:

https://abaclinics.clubemkt.digital/crm/api/track/click?lid=lead_0008&touch=1&url=https%3A%2F%2Fabaclinics.clubemkt.digital%2Faba%3Flid%3Dlead_0008%26utm_source%3Dcold_email%26utm_medium%3Demail%26utm_campaign%3Dpilot-2026-09-25-curated%26utm_content%3Dtouch_1

Do you have 15 minutes this Thursday or Friday to see if this fits your current openings?

Best,
Hudson Argollo
ABA Practice Growth · Gold Traffic","https://abaclinics.clubemkt.digital/crm/api/track/click?lid=lead_0008&touch=1&url=https%3A%2F%2Fabaclinics.clubemkt.digital%2Faba%3Flid%3Dlead_0008%26utm_source%3Dcold_email%26utm_medium%3Demail%26utm_campaign%3Dpilot-2026-09-25-curated%26utm_content%3Dtouch_1","Re: The Behavior Exchange's openings in TX","Hi Tammy,

Quick follow-up on my note from earlier this week.

When clinics expand or onboard new BCBAs/RBTs, the hardest part is usually timing: converting waitlisted families the exact week a slot opens rather than watching them drop off to competitor waitlists.

We put together a 20-minute discovery breakdown for independent practices:
https://abaclinics.clubemkt.digital/crm/api/track/click?lid=lead_0008&touch=2&url=https%3A%2F%2Fabaclinics.clubemkt.digital%2Faba%3Flid%3Dlead_0008%26utm_source%3Dcold_email%26utm_medium%3Demail%26utm_campaign%3Dpilot-2026-09-25-curated%26utm_content%3Dtouch_2

Would love to share what's working for clinics in TX if you're open to comparing notes.

Best,
Hudson","https://abaclinics.clubemkt.digital/crm/api/track/click?lid=lead_0008&touch=2&url=https%3A%2F%2Fabaclinics.clubemkt.digital%2Faba%3Flid%3Dlead_0008%26utm_source%3Dcold_email%26utm_medium%3Demail%26utm_campaign%3Dpilot-2026-09-25-curated%26utm_content%3Dtouch_2","Filling The Behavior Exchange's caseload (TX)","Hi Tammy,

I know you're busy running The Behavior Exchange and managing clinical plans.

If patient intake or waitlist conversion isn't a priority right now, no worries at all. If you ever want to check our 2-minute fit assessment or see if our model works for your current capacity, you can bookmark this link:

https://abaclinics.clubemkt.digital/crm/api/track/click?lid=lead_0008&touch=3&url=https%3A%2F%2Fabaclinics.clubemkt.digital%2Faba%3Flid%3Dlead_0008%26utm_source%3Dcold_email%26utm_medium%3Demail%26utm_campaign%3Dpilot-2026-09-25-curated%26utm_content%3Dtouch_3

Wishing you and your clinical team continued success in Plano!

Best,
Hudson","https://abaclinics.clubemkt.digital/crm/api/track/click?lid=lead_0008&touch=3&url=https%3A%2F%2Fabaclinics.clubemkt.digital%2Faba%3Flid%3Dlead_0008%26utm_source%3Dcold_email%26utm_medium%3Demail%26utm_campaign%3Dpilot-2026-09-25-curated%26utm_content%3Dtouch_3","Closing out The Behavior Exchange's file for now?","Hi Tammy,

Usually when I haven't heard back, it means one of two things:
1. Your caseload and waitlist in in Plano are already at 100% capacity.
2. You're interested, but the timing is bad.

If you'd like me to follow up in a few months when you're looking to open new rooms or hire BCBAs, just reply ""later"".

Otherwise, if you ever want to review our intake framework, it's always live at:
https://abaclinics.clubemkt.digital/crm/api/track/click?lid=lead_0008&touch=4&url=https%3A%2F%2Fabaclinics.clubemkt.digital%2Faba%3Flid%3Dlead_0008%26utm_source%3Dcold_email%26utm_medium%3Demail%26utm_campaign%3Dpilot-2026-09-25-curated%26utm_content%3Dtouch_4

Thanks for all you do for the autism community in TX.

Best,
Hudson","https://abaclinics.clubemkt.digital/crm/api/track/click?lid=lead_0008&touch=4&url=https%3A%2F%2Fabaclinics.clubemkt.digital%2Faba%3Flid%3Dlead_0008%26utm_source%3Dcold_email%26utm_medium%3Demail%26utm_campaign%3Dpilot-2026-09-25-curated%26utm_content%3Dtouch_4"
"patricia@steppingstonestherapy.com","Patricia","Hernandez","Stepping Stones Therapy Center","San Antonio","TX","2","lead_0009","pilot-2026-09-25-curated","https://steppingstonestherapy.com","https://www.linkedin.com/company/stepping-stones-therapy","Quick question about Stepping Stones Therapy Center's caseload in TX","Hi Patricia,

I was looking at independent ABA practices in San Antonio and came across Stepping Stones Therapy Center.

Most clinic owners with 1–3 locations we talk to in TX tell us their primary bottleneck isn't clinical expertise—it's getting a predictable flow of commercial-insurance and private-pay inquiries without selling out to PE roll-ups or burning margin on generic agencies.

We built an intake & patient growth system specifically for independent practices. You can see how the intake flow and caseload matching work here:

https://abaclinics.clubemkt.digital/crm/api/track/click?lid=lead_0009&touch=1&url=https%3A%2F%2Fabaclinics.clubemkt.digital%2Faba%3Flid%3Dlead_0009%26utm_source%3Dcold_email%26utm_medium%3Demail%26utm_campaign%3Dpilot-2026-09-25-curated%26utm_content%3Dtouch_1

Do you have 15 minutes this Thursday or Friday to see if this fits your current openings?

Best,
Hudson Argollo
ABA Practice Growth · Gold Traffic","https://abaclinics.clubemkt.digital/crm/api/track/click?lid=lead_0009&touch=1&url=https%3A%2F%2Fabaclinics.clubemkt.digital%2Faba%3Flid%3Dlead_0009%26utm_source%3Dcold_email%26utm_medium%3Demail%26utm_campaign%3Dpilot-2026-09-25-curated%26utm_content%3Dtouch_1","Re: Stepping Stones Therapy Center's openings in TX","Hi Patricia,

Quick follow-up on my note from earlier this week.

When clinics expand or onboard new BCBAs/RBTs, the hardest part is usually timing: converting waitlisted families the exact week a slot opens rather than watching them drop off to competitor waitlists.

We put together a 20-minute discovery breakdown for independent practices:
https://abaclinics.clubemkt.digital/crm/api/track/click?lid=lead_0009&touch=2&url=https%3A%2F%2Fabaclinics.clubemkt.digital%2Faba%3Flid%3Dlead_0009%26utm_source%3Dcold_email%26utm_medium%3Demail%26utm_campaign%3Dpilot-2026-09-25-curated%26utm_content%3Dtouch_2

Would love to share what's working for clinics in TX if you're open to comparing notes.

Best,
Hudson","https://abaclinics.clubemkt.digital/crm/api/track/click?lid=lead_0009&touch=2&url=https%3A%2F%2Fabaclinics.clubemkt.digital%2Faba%3Flid%3Dlead_0009%26utm_source%3Dcold_email%26utm_medium%3Demail%26utm_campaign%3Dpilot-2026-09-25-curated%26utm_content%3Dtouch_2","Filling Stepping Stones Therapy Center's caseload (TX)","Hi Patricia,

I know you're busy running Stepping Stones Therapy Center and managing clinical plans.

If patient intake or waitlist conversion isn't a priority right now, no worries at all. If you ever want to check our 2-minute fit assessment or see if our model works for your current capacity, you can bookmark this link:

https://abaclinics.clubemkt.digital/crm/api/track/click?lid=lead_0009&touch=3&url=https%3A%2F%2Fabaclinics.clubemkt.digital%2Faba%3Flid%3Dlead_0009%26utm_source%3Dcold_email%26utm_medium%3Demail%26utm_campaign%3Dpilot-2026-09-25-curated%26utm_content%3Dtouch_3

Wishing you and your clinical team continued success in San Antonio!

Best,
Hudson","https://abaclinics.clubemkt.digital/crm/api/track/click?lid=lead_0009&touch=3&url=https%3A%2F%2Fabaclinics.clubemkt.digital%2Faba%3Flid%3Dlead_0009%26utm_source%3Dcold_email%26utm_medium%3Demail%26utm_campaign%3Dpilot-2026-09-25-curated%26utm_content%3Dtouch_3","Closing out Stepping Stones Therapy Center's file for now?","Hi Patricia,

Usually when I haven't heard back, it means one of two things:
1. Your caseload and waitlist in in San Antonio are already at 100% capacity.
2. You're interested, but the timing is bad.

If you'd like me to follow up in a few months when you're looking to open new rooms or hire BCBAs, just reply ""later"".

Otherwise, if you ever want to review our intake framework, it's always live at:
https://abaclinics.clubemkt.digital/crm/api/track/click?lid=lead_0009&touch=4&url=https%3A%2F%2Fabaclinics.clubemkt.digital%2Faba%3Flid%3Dlead_0009%26utm_source%3Dcold_email%26utm_medium%3Demail%26utm_campaign%3Dpilot-2026-09-25-curated%26utm_content%3Dtouch_4

Thanks for all you do for the autism community in TX.

Best,
Hudson","https://abaclinics.clubemkt.digital/crm/api/track/click?lid=lead_0009&touch=4&url=https%3A%2F%2Fabaclinics.clubemkt.digital%2Faba%3Flid%3Dlead_0009%26utm_source%3Dcold_email%26utm_medium%3Demail%26utm_campaign%3Dpilot-2026-09-25-curated%26utm_content%3Dtouch_4"
"cody@pathwaysautism.com","Cody","Wright","Pathways Autism Center","Fort Worth","TX","2","lead_0010","pilot-2026-09-25-curated","https://pathwaysautism.com","https://www.linkedin.com/company/pathways-autism-center","Quick question about Pathways Autism Center's caseload in TX","Hi Cody,

I was looking at independent ABA practices in Fort Worth and came across Pathways Autism Center.

Most clinic owners with 1–3 locations we talk to in TX tell us their primary bottleneck isn't clinical expertise—it's getting a predictable flow of commercial-insurance and private-pay inquiries without selling out to PE roll-ups or burning margin on generic agencies.

We built an intake & patient growth system specifically for independent practices. You can see how the intake flow and caseload matching work here:

https://abaclinics.clubemkt.digital/crm/api/track/click?lid=lead_0010&touch=1&url=https%3A%2F%2Fabaclinics.clubemkt.digital%2Faba%3Flid%3Dlead_0010%26utm_source%3Dcold_email%26utm_medium%3Demail%26utm_campaign%3Dpilot-2026-09-25-curated%26utm_content%3Dtouch_1

Do you have 15 minutes this Thursday or Friday to see if this fits your current openings?

Best,
Hudson Argollo
ABA Practice Growth · Gold Traffic","https://abaclinics.clubemkt.digital/crm/api/track/click?lid=lead_0010&touch=1&url=https%3A%2F%2Fabaclinics.clubemkt.digital%2Faba%3Flid%3Dlead_0010%26utm_source%3Dcold_email%26utm_medium%3Demail%26utm_campaign%3Dpilot-2026-09-25-curated%26utm_content%3Dtouch_1","Re: Pathways Autism Center's openings in TX","Hi Cody,

Quick follow-up on my note from earlier this week.

When clinics expand or onboard new BCBAs/RBTs, the hardest part is usually timing: converting waitlisted families the exact week a slot opens rather than watching them drop off to competitor waitlists.

We put together a 20-minute discovery breakdown for independent practices:
https://abaclinics.clubemkt.digital/crm/api/track/click?lid=lead_0010&touch=2&url=https%3A%2F%2Fabaclinics.clubemkt.digital%2Faba%3Flid%3Dlead_0010%26utm_source%3Dcold_email%26utm_medium%3Demail%26utm_campaign%3Dpilot-2026-09-25-curated%26utm_content%3Dtouch_2

Would love to share what's working for clinics in TX if you're open to comparing notes.

Best,
Hudson","https://abaclinics.clubemkt.digital/crm/api/track/click?lid=lead_0010&touch=2&url=https%3A%2F%2Fabaclinics.clubemkt.digital%2Faba%3Flid%3Dlead_0010%26utm_source%3Dcold_email%26utm_medium%3Demail%26utm_campaign%3Dpilot-2026-09-25-curated%26utm_content%3Dtouch_2","Filling Pathways Autism Center's caseload (TX)","Hi Cody,

I know you're busy running Pathways Autism Center and managing clinical plans.

If patient intake or waitlist conversion isn't a priority right now, no worries at all. If you ever want to check our 2-minute fit assessment or see if our model works for your current capacity, you can bookmark this link:

https://abaclinics.clubemkt.digital/crm/api/track/click?lid=lead_0010&touch=3&url=https%3A%2F%2Fabaclinics.clubemkt.digital%2Faba%3Flid%3Dlead_0010%26utm_source%3Dcold_email%26utm_medium%3Demail%26utm_campaign%3Dpilot-2026-09-25-curated%26utm_content%3Dtouch_3

Wishing you and your clinical team continued success in Fort Worth!

Best,
Hudson","https://abaclinics.clubemkt.digital/crm/api/track/click?lid=lead_0010&touch=3&url=https%3A%2F%2Fabaclinics.clubemkt.digital%2Faba%3Flid%3Dlead_0010%26utm_source%3Dcold_email%26utm_medium%3Demail%26utm_campaign%3Dpilot-2026-09-25-curated%26utm_content%3Dtouch_3","Closing out Pathways Autism Center's file for now?","Hi Cody,

Usually when I haven't heard back, it means one of two things:
1. Your caseload and waitlist in in Fort Worth are already at 100% capacity.
2. You're interested, but the timing is bad.

If you'd like me to follow up in a few months when you're looking to open new rooms or hire BCBAs, just reply ""later"".

Otherwise, if you ever want to review our intake framework, it's always live at:
https://abaclinics.clubemkt.digital/crm/api/track/click?lid=lead_0010&touch=4&url=https%3A%2F%2Fabaclinics.clubemkt.digital%2Faba%3Flid%3Dlead_0010%26utm_source%3Dcold_email%26utm_medium%3Demail%26utm_campaign%3Dpilot-2026-09-25-curated%26utm_content%3Dtouch_4

Thanks for all you do for the autism community in TX.

Best,
Hudson","https://abaclinics.clubemkt.digital/crm/api/track/click?lid=lead_0010&touch=4&url=https%3A%2F%2Fabaclinics.clubemkt.digital%2Faba%3Flid%3Dlead_0010%26utm_source%3Dcold_email%26utm_medium%3Demail%26utm_campaign%3Dpilot-2026-09-25-curated%26utm_content%3Dtouch_4"
"ana@pbpbehavior.com","Annabelle","Lozano","Piece-by-Piece Behavioral Therapy","Miami","FL","1","lead_0011","pilot-2026-09-25-curated","https://www.pbpbehavior.com","https://www.linkedin.com/in/annabelle-lozano-bcba","Quick question about Piece-by-Piece Behavioral Therapy's caseload in FL","Hi Annabelle,

I was looking at independent ABA practices in Miami and came across Piece-by-Piece Behavioral Therapy.

Most clinic owners with 1–3 locations we talk to in FL tell us their primary bottleneck isn't clinical expertise—it's getting a predictable flow of commercial-insurance and private-pay inquiries without selling out to PE roll-ups or burning margin on generic agencies.

We built an intake & patient growth system specifically for independent practices. You can see how the intake flow and caseload matching work here:

https://abaclinics.clubemkt.digital/crm/api/track/click?lid=lead_0011&touch=1&url=https%3A%2F%2Fabaclinics.clubemkt.digital%2Faba%3Flid%3Dlead_0011%26utm_source%3Dcold_email%26utm_medium%3Demail%26utm_campaign%3Dpilot-2026-09-25-curated%26utm_content%3Dtouch_1

Do you have 15 minutes this Thursday or Friday to see if this fits your current openings?

Best,
Hudson Argollo
ABA Practice Growth · Gold Traffic","https://abaclinics.clubemkt.digital/crm/api/track/click?lid=lead_0011&touch=1&url=https%3A%2F%2Fabaclinics.clubemkt.digital%2Faba%3Flid%3Dlead_0011%26utm_source%3Dcold_email%26utm_medium%3Demail%26utm_campaign%3Dpilot-2026-09-25-curated%26utm_content%3Dtouch_1","Re: Piece-by-Piece Behavioral Therapy's openings in FL","Hi Annabelle,

Quick follow-up on my note from earlier this week.

When clinics expand or onboard new BCBAs/RBTs, the hardest part is usually timing: converting waitlisted families the exact week a slot opens rather than watching them drop off to competitor waitlists.

We put together a 20-minute discovery breakdown for independent practices:
https://abaclinics.clubemkt.digital/crm/api/track/click?lid=lead_0011&touch=2&url=https%3A%2F%2Fabaclinics.clubemkt.digital%2Faba%3Flid%3Dlead_0011%26utm_source%3Dcold_email%26utm_medium%3Demail%26utm_campaign%3Dpilot-2026-09-25-curated%26utm_content%3Dtouch_2

Would love to share what's working for clinics in FL if you're open to comparing notes.

Best,
Hudson","https://abaclinics.clubemkt.digital/crm/api/track/click?lid=lead_0011&touch=2&url=https%3A%2F%2Fabaclinics.clubemkt.digital%2Faba%3Flid%3Dlead_0011%26utm_source%3Dcold_email%26utm_medium%3Demail%26utm_campaign%3Dpilot-2026-09-25-curated%26utm_content%3Dtouch_2","Filling Piece-by-Piece Behavioral Therapy's caseload (FL)","Hi Annabelle,

I know you're busy running Piece-by-Piece Behavioral Therapy and managing clinical plans.

If patient intake or waitlist conversion isn't a priority right now, no worries at all. If you ever want to check our 2-minute fit assessment or see if our model works for your current capacity, you can bookmark this link:

https://abaclinics.clubemkt.digital/crm/api/track/click?lid=lead_0011&touch=3&url=https%3A%2F%2Fabaclinics.clubemkt.digital%2Faba%3Flid%3Dlead_0011%26utm_source%3Dcold_email%26utm_medium%3Demail%26utm_campaign%3Dpilot-2026-09-25-curated%26utm_content%3Dtouch_3

Wishing you and your clinical team continued success in Miami!

Best,
Hudson","https://abaclinics.clubemkt.digital/crm/api/track/click?lid=lead_0011&touch=3&url=https%3A%2F%2Fabaclinics.clubemkt.digital%2Faba%3Flid%3Dlead_0011%26utm_source%3Dcold_email%26utm_medium%3Demail%26utm_campaign%3Dpilot-2026-09-25-curated%26utm_content%3Dtouch_3","Closing out Piece-by-Piece Behavioral Therapy's file for now?","Hi Annabelle,

Usually when I haven't heard back, it means one of two things:
1. Your caseload and waitlist in in Miami are already at 100% capacity.
2. You're interested, but the timing is bad.

If you'd like me to follow up in a few months when you're looking to open new rooms or hire BCBAs, just reply ""later"".

Otherwise, if you ever want to review our intake framework, it's always live at:
https://abaclinics.clubemkt.digital/crm/api/track/click?lid=lead_0011&touch=4&url=https%3A%2F%2Fabaclinics.clubemkt.digital%2Faba%3Flid%3Dlead_0011%26utm_source%3Dcold_email%26utm_medium%3Demail%26utm_campaign%3Dpilot-2026-09-25-curated%26utm_content%3Dtouch_4

Thanks for all you do for the autism community in FL.

Best,
Hudson","https://abaclinics.clubemkt.digital/crm/api/track/click?lid=lead_0011&touch=4&url=https%3A%2F%2Fabaclinics.clubemkt.digital%2Faba%3Flid%3Dlead_0011%26utm_source%3Dcold_email%26utm_medium%3Demail%26utm_campaign%3Dpilot-2026-09-25-curated%26utm_content%3Dtouch_4"
"cristina@calabatherapy.com","Cristina","Andrade","CAL-ABA Compassionate Therapy","Fort Lauderdale","FL","2","lead_0012","pilot-2026-09-25-curated","https://calabatherapy.com","https://www.linkedin.com/in/cristina-andrade-calaba","Quick question about CAL-ABA Compassionate Therapy's caseload in FL","Hi Cristina,

I was looking at independent ABA practices in Fort Lauderdale and came across CAL-ABA Compassionate Therapy.

Most clinic owners with 1–3 locations we talk to in FL tell us their primary bottleneck isn't clinical expertise—it's getting a predictable flow of commercial-insurance and private-pay inquiries without selling out to PE roll-ups or burning margin on generic agencies.

We built an intake & patient growth system specifically for independent practices. You can see how the intake flow and caseload matching work here:

https://abaclinics.clubemkt.digital/crm/api/track/click?lid=lead_0012&touch=1&url=https%3A%2F%2Fabaclinics.clubemkt.digital%2Faba%3Flid%3Dlead_0012%26utm_source%3Dcold_email%26utm_medium%3Demail%26utm_campaign%3Dpilot-2026-09-25-curated%26utm_content%3Dtouch_1

Do you have 15 minutes this Thursday or Friday to see if this fits your current openings?

Best,
Hudson Argollo
ABA Practice Growth · Gold Traffic","https://abaclinics.clubemkt.digital/crm/api/track/click?lid=lead_0012&touch=1&url=https%3A%2F%2Fabaclinics.clubemkt.digital%2Faba%3Flid%3Dlead_0012%26utm_source%3Dcold_email%26utm_medium%3Demail%26utm_campaign%3Dpilot-2026-09-25-curated%26utm_content%3Dtouch_1","Re: CAL-ABA Compassionate Therapy's openings in FL","Hi Cristina,

Quick follow-up on my note from earlier this week.

When clinics expand or onboard new BCBAs/RBTs, the hardest part is usually timing: converting waitlisted families the exact week a slot opens rather than watching them drop off to competitor waitlists.

We put together a 20-minute discovery breakdown for independent practices:
https://abaclinics.clubemkt.digital/crm/api/track/click?lid=lead_0012&touch=2&url=https%3A%2F%2Fabaclinics.clubemkt.digital%2Faba%3Flid%3Dlead_0012%26utm_source%3Dcold_email%26utm_medium%3Demail%26utm_campaign%3Dpilot-2026-09-25-curated%26utm_content%3Dtouch_2

Would love to share what's working for clinics in FL if you're open to comparing notes.

Best,
Hudson","https://abaclinics.clubemkt.digital/crm/api/track/click?lid=lead_0012&touch=2&url=https%3A%2F%2Fabaclinics.clubemkt.digital%2Faba%3Flid%3Dlead_0012%26utm_source%3Dcold_email%26utm_medium%3Demail%26utm_campaign%3Dpilot-2026-09-25-curated%26utm_content%3Dtouch_2","Filling CAL-ABA Compassionate Therapy's caseload (FL)","Hi Cristina,

I know you're busy running CAL-ABA Compassionate Therapy and managing clinical plans.

If patient intake or waitlist conversion isn't a priority right now, no worries at all. If you ever want to check our 2-minute fit assessment or see if our model works for your current capacity, you can bookmark this link:

https://abaclinics.clubemkt.digital/crm/api/track/click?lid=lead_0012&touch=3&url=https%3A%2F%2Fabaclinics.clubemkt.digital%2Faba%3Flid%3Dlead_0012%26utm_source%3Dcold_email%26utm_medium%3Demail%26utm_campaign%3Dpilot-2026-09-25-curated%26utm_content%3Dtouch_3

Wishing you and your clinical team continued success in Fort Lauderdale!

Best,
Hudson","https://abaclinics.clubemkt.digital/crm/api/track/click?lid=lead_0012&touch=3&url=https%3A%2F%2Fabaclinics.clubemkt.digital%2Faba%3Flid%3Dlead_0012%26utm_source%3Dcold_email%26utm_medium%3Demail%26utm_campaign%3Dpilot-2026-09-25-curated%26utm_content%3Dtouch_3","Closing out CAL-ABA Compassionate Therapy's file for now?","Hi Cristina,

Usually when I haven't heard back, it means one of two things:
1. Your caseload and waitlist in in Fort Lauderdale are already at 100% capacity.
2. You're interested, but the timing is bad.

If you'd like me to follow up in a few months when you're looking to open new rooms or hire BCBAs, just reply ""later"".

Otherwise, if you ever want to review our intake framework, it's always live at:
https://abaclinics.clubemkt.digital/crm/api/track/click?lid=lead_0012&touch=4&url=https%3A%2F%2Fabaclinics.clubemkt.digital%2Faba%3Flid%3Dlead_0012%26utm_source%3Dcold_email%26utm_medium%3Demail%26utm_campaign%3Dpilot-2026-09-25-curated%26utm_content%3Dtouch_4

Thanks for all you do for the autism community in FL.

Best,
Hudson","https://abaclinics.clubemkt.digital/crm/api/track/click?lid=lead_0012&touch=4&url=https%3A%2F%2Fabaclinics.clubemkt.digital%2Faba%3Flid%3Dlead_0012%26utm_source%3Dcold_email%26utm_medium%3Demail%26utm_campaign%3Dpilot-2026-09-25-curated%26utm_content%3Dtouch_4"
"karelix@lotusbehavior.com","Karelix","Alicea","Lotus Behavioral Interventions","Miami","FL","3","lead_0013","pilot-2026-09-25-curated","https://lotusbehavior.com","https://www.linkedin.com/in/karelix-alicea-lotus","Quick question about Lotus Behavioral Interventions's caseload in FL","Hi Karelix,

I was looking at independent ABA practices in Miami and came across Lotus Behavioral Interventions.

Most clinic owners with 1–3 locations we talk to in FL tell us their primary bottleneck isn't clinical expertise—it's getting a predictable flow of commercial-insurance and private-pay inquiries without selling out to PE roll-ups or burning margin on generic agencies.

We built an intake & patient growth system specifically for independent practices. You can see how the intake flow and caseload matching work here:

https://abaclinics.clubemkt.digital/crm/api/track/click?lid=lead_0013&touch=1&url=https%3A%2F%2Fabaclinics.clubemkt.digital%2Faba%3Flid%3Dlead_0013%26utm_source%3Dcold_email%26utm_medium%3Demail%26utm_campaign%3Dpilot-2026-09-25-curated%26utm_content%3Dtouch_1

Do you have 15 minutes this Thursday or Friday to see if this fits your current openings?

Best,
Hudson Argollo
ABA Practice Growth · Gold Traffic","https://abaclinics.clubemkt.digital/crm/api/track/click?lid=lead_0013&touch=1&url=https%3A%2F%2Fabaclinics.clubemkt.digital%2Faba%3Flid%3Dlead_0013%26utm_source%3Dcold_email%26utm_medium%3Demail%26utm_campaign%3Dpilot-2026-09-25-curated%26utm_content%3Dtouch_1","Re: Lotus Behavioral Interventions's openings in FL","Hi Karelix,

Quick follow-up on my note from earlier this week.

When clinics expand or onboard new BCBAs/RBTs, the hardest part is usually timing: converting waitlisted families the exact week a slot opens rather than watching them drop off to competitor waitlists.

We put together a 20-minute discovery breakdown for independent practices:
https://abaclinics.clubemkt.digital/crm/api/track/click?lid=lead_0013&touch=2&url=https%3A%2F%2Fabaclinics.clubemkt.digital%2Faba%3Flid%3Dlead_0013%26utm_source%3Dcold_email%26utm_medium%3Demail%26utm_campaign%3Dpilot-2026-09-25-curated%26utm_content%3Dtouch_2

Would love to share what's working for clinics in FL if you're open to comparing notes.

Best,
Hudson","https://abaclinics.clubemkt.digital/crm/api/track/click?lid=lead_0013&touch=2&url=https%3A%2F%2Fabaclinics.clubemkt.digital%2Faba%3Flid%3Dlead_0013%26utm_source%3Dcold_email%26utm_medium%3Demail%26utm_campaign%3Dpilot-2026-09-25-curated%26utm_content%3Dtouch_2","Filling Lotus Behavioral Interventions's caseload (FL)","Hi Karelix,

I know you're busy running Lotus Behavioral Interventions and managing clinical plans.

If patient intake or waitlist conversion isn't a priority right now, no worries at all. If you ever want to check our 2-minute fit assessment or see if our model works for your current capacity, you can bookmark this link:

https://abaclinics.clubemkt.digital/crm/api/track/click?lid=lead_0013&touch=3&url=https%3A%2F%2Fabaclinics.clubemkt.digital%2Faba%3Flid%3Dlead_0013%26utm_source%3Dcold_email%26utm_medium%3Demail%26utm_campaign%3Dpilot-2026-09-25-curated%26utm_content%3Dtouch_3

Wishing you and your clinical team continued success in Miami!

Best,
Hudson","https://abaclinics.clubemkt.digital/crm/api/track/click?lid=lead_0013&touch=3&url=https%3A%2F%2Fabaclinics.clubemkt.digital%2Faba%3Flid%3Dlead_0013%26utm_source%3Dcold_email%26utm_medium%3Demail%26utm_campaign%3Dpilot-2026-09-25-curated%26utm_content%3Dtouch_3","Closing out Lotus Behavioral Interventions's file for now?","Hi Karelix,

Usually when I haven't heard back, it means one of two things:
1. Your caseload and waitlist in in Miami are already at 100% capacity.
2. You're interested, but the timing is bad.

If you'd like me to follow up in a few months when you're looking to open new rooms or hire BCBAs, just reply ""later"".

Otherwise, if you ever want to review our intake framework, it's always live at:
https://abaclinics.clubemkt.digital/crm/api/track/click?lid=lead_0013&touch=4&url=https%3A%2F%2Fabaclinics.clubemkt.digital%2Faba%3Flid%3Dlead_0013%26utm_source%3Dcold_email%26utm_medium%3Demail%26utm_campaign%3Dpilot-2026-09-25-curated%26utm_content%3Dtouch_4

Thanks for all you do for the autism community in FL.

Best,
Hudson","https://abaclinics.clubemkt.digital/crm/api/track/click?lid=lead_0013&touch=4&url=https%3A%2F%2Fabaclinics.clubemkt.digital%2Faba%3Flid%3Dlead_0013%26utm_source%3Dcold_email%26utm_medium%3Demail%26utm_campaign%3Dpilot-2026-09-25-curated%26utm_content%3Dtouch_4"
"liz@leapwithabatherapy.com","Liz","Laurent Espinosa","LEAP with ABA Therapy","North Fort Myers","FL","1","lead_0014","pilot-2026-09-25-curated","https://www.leapwithabatherapy.com","https://www.linkedin.com/in/liz-laurent-espinosa","Quick question about LEAP with ABA Therapy's caseload in FL","Hi Liz,

I was looking at independent ABA practices in North Fort Myers and came across LEAP with ABA Therapy.

Most clinic owners with 1–3 locations we talk to in FL tell us their primary bottleneck isn't clinical expertise—it's getting a predictable flow of commercial-insurance and private-pay inquiries without selling out to PE roll-ups or burning margin on generic agencies.

We built an intake & patient growth system specifically for independent practices. You can see how the intake flow and caseload matching work here:

https://abaclinics.clubemkt.digital/crm/api/track/click?lid=lead_0014&touch=1&url=https%3A%2F%2Fabaclinics.clubemkt.digital%2Faba%3Flid%3Dlead_0014%26utm_source%3Dcold_email%26utm_medium%3Demail%26utm_campaign%3Dpilot-2026-09-25-curated%26utm_content%3Dtouch_1

Do you have 15 minutes this Thursday or Friday to see if this fits your current openings?

Best,
Hudson Argollo
ABA Practice Growth · Gold Traffic","https://abaclinics.clubemkt.digital/crm/api/track/click?lid=lead_0014&touch=1&url=https%3A%2F%2Fabaclinics.clubemkt.digital%2Faba%3Flid%3Dlead_0014%26utm_source%3Dcold_email%26utm_medium%3Demail%26utm_campaign%3Dpilot-2026-09-25-curated%26utm_content%3Dtouch_1","Re: LEAP with ABA Therapy's openings in FL","Hi Liz,

Quick follow-up on my note from earlier this week.

When clinics expand or onboard new BCBAs/RBTs, the hardest part is usually timing: converting waitlisted families the exact week a slot opens rather than watching them drop off to competitor waitlists.

We put together a 20-minute discovery breakdown for independent practices:
https://abaclinics.clubemkt.digital/crm/api/track/click?lid=lead_0014&touch=2&url=https%3A%2F%2Fabaclinics.clubemkt.digital%2Faba%3Flid%3Dlead_0014%26utm_source%3Dcold_email%26utm_medium%3Demail%26utm_campaign%3Dpilot-2026-09-25-curated%26utm_content%3Dtouch_2

Would love to share what's working for clinics in FL if you're open to comparing notes.

Best,
Hudson","https://abaclinics.clubemkt.digital/crm/api/track/click?lid=lead_0014&touch=2&url=https%3A%2F%2Fabaclinics.clubemkt.digital%2Faba%3Flid%3Dlead_0014%26utm_source%3Dcold_email%26utm_medium%3Demail%26utm_campaign%3Dpilot-2026-09-25-curated%26utm_content%3Dtouch_2","Filling LEAP with ABA Therapy's caseload (FL)","Hi Liz,

I know you're busy running LEAP with ABA Therapy and managing clinical plans.

If patient intake or waitlist conversion isn't a priority right now, no worries at all. If you ever want to check our 2-minute fit assessment or see if our model works for your current capacity, you can bookmark this link:

https://abaclinics.clubemkt.digital/crm/api/track/click?lid=lead_0014&touch=3&url=https%3A%2F%2Fabaclinics.clubemkt.digital%2Faba%3Flid%3Dlead_0014%26utm_source%3Dcold_email%26utm_medium%3Demail%26utm_campaign%3Dpilot-2026-09-25-curated%26utm_content%3Dtouch_3

Wishing you and your clinical team continued success in North Fort Myers!

Best,
Hudson","https://abaclinics.clubemkt.digital/crm/api/track/click?lid=lead_0014&touch=3&url=https%3A%2F%2Fabaclinics.clubemkt.digital%2Faba%3Flid%3Dlead_0014%26utm_source%3Dcold_email%26utm_medium%3Demail%26utm_campaign%3Dpilot-2026-09-25-curated%26utm_content%3Dtouch_3","Closing out LEAP with ABA Therapy's file for now?","Hi Liz,

Usually when I haven't heard back, it means one of two things:
1. Your caseload and waitlist in in North Fort Myers are already at 100% capacity.
2. You're interested, but the timing is bad.

If you'd like me to follow up in a few months when you're looking to open new rooms or hire BCBAs, just reply ""later"".

Otherwise, if you ever want to review our intake framework, it's always live at:
https://abaclinics.clubemkt.digital/crm/api/track/click?lid=lead_0014&touch=4&url=https%3A%2F%2Fabaclinics.clubemkt.digital%2Faba%3Flid%3Dlead_0014%26utm_source%3Dcold_email%26utm_medium%3Demail%26utm_campaign%3Dpilot-2026-09-25-curated%26utm_content%3Dtouch_4

Thanks for all you do for the autism community in FL.

Best,
Hudson","https://abaclinics.clubemkt.digital/crm/api/track/click?lid=lead_0014&touch=4&url=https%3A%2F%2Fabaclinics.clubemkt.digital%2Faba%3Flid%3Dlead_0014%26utm_source%3Dcold_email%26utm_medium%3Demail%26utm_campaign%3Dpilot-2026-09-25-curated%26utm_content%3Dtouch_4"
"gretel@neurodverse.com","Gretel","Debasa Marimon","NeuroDverse Behavioral Health","Doral","FL","1","lead_0015","pilot-2026-09-25-curated","https://www.neurodverse.com","https://www.linkedin.com/in/gretel-debasa-marimon","Quick question about NeuroDverse Behavioral Health's caseload in FL","Hi Gretel,

I was looking at independent ABA practices in Doral and came across NeuroDverse Behavioral Health.

Most clinic owners with 1–3 locations we talk to in FL tell us their primary bottleneck isn't clinical expertise—it's getting a predictable flow of commercial-insurance and private-pay inquiries without selling out to PE roll-ups or burning margin on generic agencies.

We built an intake & patient growth system specifically for independent practices. You can see how the intake flow and caseload matching work here:

https://abaclinics.clubemkt.digital/crm/api/track/click?lid=lead_0015&touch=1&url=https%3A%2F%2Fabaclinics.clubemkt.digital%2Faba%3Flid%3Dlead_0015%26utm_source%3Dcold_email%26utm_medium%3Demail%26utm_campaign%3Dpilot-2026-09-25-curated%26utm_content%3Dtouch_1

Do you have 15 minutes this Thursday or Friday to see if this fits your current openings?

Best,
Hudson Argollo
ABA Practice Growth · Gold Traffic","https://abaclinics.clubemkt.digital/crm/api/track/click?lid=lead_0015&touch=1&url=https%3A%2F%2Fabaclinics.clubemkt.digital%2Faba%3Flid%3Dlead_0015%26utm_source%3Dcold_email%26utm_medium%3Demail%26utm_campaign%3Dpilot-2026-09-25-curated%26utm_content%3Dtouch_1","Re: NeuroDverse Behavioral Health's openings in FL","Hi Gretel,

Quick follow-up on my note from earlier this week.

When clinics expand or onboard new BCBAs/RBTs, the hardest part is usually timing: converting waitlisted families the exact week a slot opens rather than watching them drop off to competitor waitlists.

We put together a 20-minute discovery breakdown for independent practices:
https://abaclinics.clubemkt.digital/crm/api/track/click?lid=lead_0015&touch=2&url=https%3A%2F%2Fabaclinics.clubemkt.digital%2Faba%3Flid%3Dlead_0015%26utm_source%3Dcold_email%26utm_medium%3Demail%26utm_campaign%3Dpilot-2026-09-25-curated%26utm_content%3Dtouch_2

Would love to share what's working for clinics in FL if you're open to comparing notes.

Best,
Hudson","https://abaclinics.clubemkt.digital/crm/api/track/click?lid=lead_0015&touch=2&url=https%3A%2F%2Fabaclinics.clubemkt.digital%2Faba%3Flid%3Dlead_0015%26utm_source%3Dcold_email%26utm_medium%3Demail%26utm_campaign%3Dpilot-2026-09-25-curated%26utm_content%3Dtouch_2","Filling NeuroDverse Behavioral Health's caseload (FL)","Hi Gretel,

I know you're busy running NeuroDverse Behavioral Health and managing clinical plans.

If patient intake or waitlist conversion isn't a priority right now, no worries at all. If you ever want to check our 2-minute fit assessment or see if our model works for your current capacity, you can bookmark this link:

https://abaclinics.clubemkt.digital/crm/api/track/click?lid=lead_0015&touch=3&url=https%3A%2F%2Fabaclinics.clubemkt.digital%2Faba%3Flid%3Dlead_0015%26utm_source%3Dcold_email%26utm_medium%3Demail%26utm_campaign%3Dpilot-2026-09-25-curated%26utm_content%3Dtouch_3

Wishing you and your clinical team continued success in Doral!

Best,
Hudson","https://abaclinics.clubemkt.digital/crm/api/track/click?lid=lead_0015&touch=3&url=https%3A%2F%2Fabaclinics.clubemkt.digital%2Faba%3Flid%3Dlead_0015%26utm_source%3Dcold_email%26utm_medium%3Demail%26utm_campaign%3Dpilot-2026-09-25-curated%26utm_content%3Dtouch_3","Closing out NeuroDverse Behavioral Health's file for now?","Hi Gretel,

Usually when I haven't heard back, it means one of two things:
1. Your caseload and waitlist in in Doral are already at 100% capacity.
2. You're interested, but the timing is bad.

If you'd like me to follow up in a few months when you're looking to open new rooms or hire BCBAs, just reply ""later"".

Otherwise, if you ever want to review our intake framework, it's always live at:
https://abaclinics.clubemkt.digital/crm/api/track/click?lid=lead_0015&touch=4&url=https%3A%2F%2Fabaclinics.clubemkt.digital%2Faba%3Flid%3Dlead_0015%26utm_source%3Dcold_email%26utm_medium%3Demail%26utm_campaign%3Dpilot-2026-09-25-curated%26utm_content%3Dtouch_4

Thanks for all you do for the autism community in FL.

Best,
Hudson","https://abaclinics.clubemkt.digital/crm/api/track/click?lid=lead_0015&touch=4&url=https%3A%2F%2Fabaclinics.clubemkt.digital%2Faba%3Flid%3Dlead_0015%26utm_source%3Dcold_email%26utm_medium%3Demail%26utm_campaign%3Dpilot-2026-09-25-curated%26utm_content%3Dtouch_4"
"lucia@selflc.com","Lucia","Barbeyto","Self Learning Center","Miami","FL","1","lead_0016","pilot-2026-09-25-curated","https://www.selflc.com","https://www.linkedin.com/in/lucia-barbeyto","Quick question about Self Learning Center's caseload in FL","Hi Lucia,

I was looking at independent ABA practices in Miami and came across Self Learning Center.

Most clinic owners with 1–3 locations we talk to in FL tell us their primary bottleneck isn't clinical expertise—it's getting a predictable flow of commercial-insurance and private-pay inquiries without selling out to PE roll-ups or burning margin on generic agencies.

We built an intake & patient growth system specifically for independent practices. You can see how the intake flow and caseload matching work here:

https://abaclinics.clubemkt.digital/crm/api/track/click?lid=lead_0016&touch=1&url=https%3A%2F%2Fabaclinics.clubemkt.digital%2Faba%3Flid%3Dlead_0016%26utm_source%3Dcold_email%26utm_medium%3Demail%26utm_campaign%3Dpilot-2026-09-25-curated%26utm_content%3Dtouch_1

Do you have 15 minutes this Thursday or Friday to see if this fits your current openings?

Best,
Hudson Argollo
ABA Practice Growth · Gold Traffic","https://abaclinics.clubemkt.digital/crm/api/track/click?lid=lead_0016&touch=1&url=https%3A%2F%2Fabaclinics.clubemkt.digital%2Faba%3Flid%3Dlead_0016%26utm_source%3Dcold_email%26utm_medium%3Demail%26utm_campaign%3Dpilot-2026-09-25-curated%26utm_content%3Dtouch_1","Re: Self Learning Center's openings in FL","Hi Lucia,

Quick follow-up on my note from earlier this week.

When clinics expand or onboard new BCBAs/RBTs, the hardest part is usually timing: converting waitlisted families the exact week a slot opens rather than watching them drop off to competitor waitlists.

We put together a 20-minute discovery breakdown for independent practices:
https://abaclinics.clubemkt.digital/crm/api/track/click?lid=lead_0016&touch=2&url=https%3A%2F%2Fabaclinics.clubemkt.digital%2Faba%3Flid%3Dlead_0016%26utm_source%3Dcold_email%26utm_medium%3Demail%26utm_campaign%3Dpilot-2026-09-25-curated%26utm_content%3Dtouch_2

Would love to share what's working for clinics in FL if you're open to comparing notes.

Best,
Hudson","https://abaclinics.clubemkt.digital/crm/api/track/click?lid=lead_0016&touch=2&url=https%3A%2F%2Fabaclinics.clubemkt.digital%2Faba%3Flid%3Dlead_0016%26utm_source%3Dcold_email%26utm_medium%3Demail%26utm_campaign%3Dpilot-2026-09-25-curated%26utm_content%3Dtouch_2","Filling Self Learning Center's caseload (FL)","Hi Lucia,

I know you're busy running Self Learning Center and managing clinical plans.

If patient intake or waitlist conversion isn't a priority right now, no worries at all. If you ever want to check our 2-minute fit assessment or see if our model works for your current capacity, you can bookmark this link:

https://abaclinics.clubemkt.digital/crm/api/track/click?lid=lead_0016&touch=3&url=https%3A%2F%2Fabaclinics.clubemkt.digital%2Faba%3Flid%3Dlead_0016%26utm_source%3Dcold_email%26utm_medium%3Demail%26utm_campaign%3Dpilot-2026-09-25-curated%26utm_content%3Dtouch_3

Wishing you and your clinical team continued success in Miami!

Best,
Hudson","https://abaclinics.clubemkt.digital/crm/api/track/click?lid=lead_0016&touch=3&url=https%3A%2F%2Fabaclinics.clubemkt.digital%2Faba%3Flid%3Dlead_0016%26utm_source%3Dcold_email%26utm_medium%3Demail%26utm_campaign%3Dpilot-2026-09-25-curated%26utm_content%3Dtouch_3","Closing out Self Learning Center's file for now?","Hi Lucia,

Usually when I haven't heard back, it means one of two things:
1. Your caseload and waitlist in in Miami are already at 100% capacity.
2. You're interested, but the timing is bad.

If you'd like me to follow up in a few months when you're looking to open new rooms or hire BCBAs, just reply ""later"".

Otherwise, if you ever want to review our intake framework, it's always live at:
https://abaclinics.clubemkt.digital/crm/api/track/click?lid=lead_0016&touch=4&url=https%3A%2F%2Fabaclinics.clubemkt.digital%2Faba%3Flid%3Dlead_0016%26utm_source%3Dcold_email%26utm_medium%3Demail%26utm_campaign%3Dpilot-2026-09-25-curated%26utm_content%3Dtouch_4

Thanks for all you do for the autism community in FL.

Best,
Hudson","https://abaclinics.clubemkt.digital/crm/api/track/click?lid=lead_0016&touch=4&url=https%3A%2F%2Fabaclinics.clubemkt.digital%2Faba%3Flid%3Dlead_0016%26utm_source%3Dcold_email%26utm_medium%3Demail%26utm_campaign%3Dpilot-2026-09-25-curated%26utm_content%3Dtouch_4"
"lisa@abatherapyassociates.com","Lisa","Abdalla","ABA Therapy Associates","Pinellas Park","FL","2","lead_0017","pilot-2026-09-25-curated","https://www.abatherapyassociates.com","https://www.linkedin.com/in/lisa-abdalla-aba","Quick question about ABA Therapy Associates's caseload in FL","Hi Lisa,

I was looking at independent ABA practices in Pinellas Park and came across ABA Therapy Associates.

Most clinic owners with 1–3 locations we talk to in FL tell us their primary bottleneck isn't clinical expertise—it's getting a predictable flow of commercial-insurance and private-pay inquiries without selling out to PE roll-ups or burning margin on generic agencies.

We built an intake & patient growth system specifically for independent practices. You can see how the intake flow and caseload matching work here:

https://abaclinics.clubemkt.digital/crm/api/track/click?lid=lead_0017&touch=1&url=https%3A%2F%2Fabaclinics.clubemkt.digital%2Faba%3Flid%3Dlead_0017%26utm_source%3Dcold_email%26utm_medium%3Demail%26utm_campaign%3Dpilot-2026-09-25-curated%26utm_content%3Dtouch_1

Do you have 15 minutes this Thursday or Friday to see if this fits your current openings?

Best,
Hudson Argollo
ABA Practice Growth · Gold Traffic","https://abaclinics.clubemkt.digital/crm/api/track/click?lid=lead_0017&touch=1&url=https%3A%2F%2Fabaclinics.clubemkt.digital%2Faba%3Flid%3Dlead_0017%26utm_source%3Dcold_email%26utm_medium%3Demail%26utm_campaign%3Dpilot-2026-09-25-curated%26utm_content%3Dtouch_1","Re: ABA Therapy Associates's openings in FL","Hi Lisa,

Quick follow-up on my note from earlier this week.

When clinics expand or onboard new BCBAs/RBTs, the hardest part is usually timing: converting waitlisted families the exact week a slot opens rather than watching them drop off to competitor waitlists.

We put together a 20-minute discovery breakdown for independent practices:
https://abaclinics.clubemkt.digital/crm/api/track/click?lid=lead_0017&touch=2&url=https%3A%2F%2Fabaclinics.clubemkt.digital%2Faba%3Flid%3Dlead_0017%26utm_source%3Dcold_email%26utm_medium%3Demail%26utm_campaign%3Dpilot-2026-09-25-curated%26utm_content%3Dtouch_2

Would love to share what's working for clinics in FL if you're open to comparing notes.

Best,
Hudson","https://abaclinics.clubemkt.digital/crm/api/track/click?lid=lead_0017&touch=2&url=https%3A%2F%2Fabaclinics.clubemkt.digital%2Faba%3Flid%3Dlead_0017%26utm_source%3Dcold_email%26utm_medium%3Demail%26utm_campaign%3Dpilot-2026-09-25-curated%26utm_content%3Dtouch_2","Filling ABA Therapy Associates's caseload (FL)","Hi Lisa,

I know you're busy running ABA Therapy Associates and managing clinical plans.

If patient intake or waitlist conversion isn't a priority right now, no worries at all. If you ever want to check our 2-minute fit assessment or see if our model works for your current capacity, you can bookmark this link:

https://abaclinics.clubemkt.digital/crm/api/track/click?lid=lead_0017&touch=3&url=https%3A%2F%2Fabaclinics.clubemkt.digital%2Faba%3Flid%3Dlead_0017%26utm_source%3Dcold_email%26utm_medium%3Demail%26utm_campaign%3Dpilot-2026-09-25-curated%26utm_content%3Dtouch_3

Wishing you and your clinical team continued success in Pinellas Park!

Best,
Hudson","https://abaclinics.clubemkt.digital/crm/api/track/click?lid=lead_0017&touch=3&url=https%3A%2F%2Fabaclinics.clubemkt.digital%2Faba%3Flid%3Dlead_0017%26utm_source%3Dcold_email%26utm_medium%3Demail%26utm_campaign%3Dpilot-2026-09-25-curated%26utm_content%3Dtouch_3","Closing out ABA Therapy Associates's file for now?","Hi Lisa,

Usually when I haven't heard back, it means one of two things:
1. Your caseload and waitlist in in Pinellas Park are already at 100% capacity.
2. You're interested, but the timing is bad.

If you'd like me to follow up in a few months when you're looking to open new rooms or hire BCBAs, just reply ""later"".

Otherwise, if you ever want to review our intake framework, it's always live at:
https://abaclinics.clubemkt.digital/crm/api/track/click?lid=lead_0017&touch=4&url=https%3A%2F%2Fabaclinics.clubemkt.digital%2Faba%3Flid%3Dlead_0017%26utm_source%3Dcold_email%26utm_medium%3Demail%26utm_campaign%3Dpilot-2026-09-25-curated%26utm_content%3Dtouch_4

Thanks for all you do for the autism community in FL.

Best,
Hudson","https://abaclinics.clubemkt.digital/crm/api/track/click?lid=lead_0017&touch=4&url=https%3A%2F%2Fabaclinics.clubemkt.digital%2Faba%3Flid%3Dlead_0017%26utm_source%3Dcold_email%26utm_medium%3Demail%26utm_campaign%3Dpilot-2026-09-25-curated%26utm_content%3Dtouch_4"
"pedro@koalaaba.com","Pedro","Curbelo","Koala ABA & Learning Centers","Doral","FL","3","lead_0018","pilot-2026-09-25-curated","https://koalaaba.com","https://www.linkedin.com/company/koala-aba","Quick question about Koala ABA & Learning Centers's caseload in FL","Hi Pedro,

I was looking at independent ABA practices in Doral and came across Koala ABA & Learning Centers.

Most clinic owners with 1–3 locations we talk to in FL tell us their primary bottleneck isn't clinical expertise—it's getting a predictable flow of commercial-insurance and private-pay inquiries without selling out to PE roll-ups or burning margin on generic agencies.

We built an intake & patient growth system specifically for independent practices. You can see how the intake flow and caseload matching work here:

https://abaclinics.clubemkt.digital/crm/api/track/click?lid=lead_0018&touch=1&url=https%3A%2F%2Fabaclinics.clubemkt.digital%2Faba%3Flid%3Dlead_0018%26utm_source%3Dcold_email%26utm_medium%3Demail%26utm_campaign%3Dpilot-2026-09-25-curated%26utm_content%3Dtouch_1

Do you have 15 minutes this Thursday or Friday to see if this fits your current openings?

Best,
Hudson Argollo
ABA Practice Growth · Gold Traffic","https://abaclinics.clubemkt.digital/crm/api/track/click?lid=lead_0018&touch=1&url=https%3A%2F%2Fabaclinics.clubemkt.digital%2Faba%3Flid%3Dlead_0018%26utm_source%3Dcold_email%26utm_medium%3Demail%26utm_campaign%3Dpilot-2026-09-25-curated%26utm_content%3Dtouch_1","Re: Koala ABA & Learning Centers's openings in FL","Hi Pedro,

Quick follow-up on my note from earlier this week.

When clinics expand or onboard new BCBAs/RBTs, the hardest part is usually timing: converting waitlisted families the exact week a slot opens rather than watching them drop off to competitor waitlists.

We put together a 20-minute discovery breakdown for independent practices:
https://abaclinics.clubemkt.digital/crm/api/track/click?lid=lead_0018&touch=2&url=https%3A%2F%2Fabaclinics.clubemkt.digital%2Faba%3Flid%3Dlead_0018%26utm_source%3Dcold_email%26utm_medium%3Demail%26utm_campaign%3Dpilot-2026-09-25-curated%26utm_content%3Dtouch_2

Would love to share what's working for clinics in FL if you're open to comparing notes.

Best,
Hudson","https://abaclinics.clubemkt.digital/crm/api/track/click?lid=lead_0018&touch=2&url=https%3A%2F%2Fabaclinics.clubemkt.digital%2Faba%3Flid%3Dlead_0018%26utm_source%3Dcold_email%26utm_medium%3Demail%26utm_campaign%3Dpilot-2026-09-25-curated%26utm_content%3Dtouch_2","Filling Koala ABA & Learning Centers's caseload (FL)","Hi Pedro,

I know you're busy running Koala ABA & Learning Centers and managing clinical plans.

If patient intake or waitlist conversion isn't a priority right now, no worries at all. If you ever want to check our 2-minute fit assessment or see if our model works for your current capacity, you can bookmark this link:

https://abaclinics.clubemkt.digital/crm/api/track/click?lid=lead_0018&touch=3&url=https%3A%2F%2Fabaclinics.clubemkt.digital%2Faba%3Flid%3Dlead_0018%26utm_source%3Dcold_email%26utm_medium%3Demail%26utm_campaign%3Dpilot-2026-09-25-curated%26utm_content%3Dtouch_3

Wishing you and your clinical team continued success in Doral!

Best,
Hudson","https://abaclinics.clubemkt.digital/crm/api/track/click?lid=lead_0018&touch=3&url=https%3A%2F%2Fabaclinics.clubemkt.digital%2Faba%3Flid%3Dlead_0018%26utm_source%3Dcold_email%26utm_medium%3Demail%26utm_campaign%3Dpilot-2026-09-25-curated%26utm_content%3Dtouch_3","Closing out Koala ABA & Learning Centers's file for now?","Hi Pedro,

Usually when I haven't heard back, it means one of two things:
1. Your caseload and waitlist in in Doral are already at 100% capacity.
2. You're interested, but the timing is bad.

If you'd like me to follow up in a few months when you're looking to open new rooms or hire BCBAs, just reply ""later"".

Otherwise, if you ever want to review our intake framework, it's always live at:
https://abaclinics.clubemkt.digital/crm/api/track/click?lid=lead_0018&touch=4&url=https%3A%2F%2Fabaclinics.clubemkt.digital%2Faba%3Flid%3Dlead_0018%26utm_source%3Dcold_email%26utm_medium%3Demail%26utm_campaign%3Dpilot-2026-09-25-curated%26utm_content%3Dtouch_4

Thanks for all you do for the autism community in FL.

Best,
Hudson","https://abaclinics.clubemkt.digital/crm/api/track/click?lid=lead_0018&touch=4&url=https%3A%2F%2Fabaclinics.clubemkt.digital%2Faba%3Flid%3Dlead_0018%26utm_source%3Dcold_email%26utm_medium%3Demail%26utm_campaign%3Dpilot-2026-09-25-curated%26utm_content%3Dtouch_4"
"brad@abacustherapies.com","Brad","Fenton","Abacus Therapies","Boca Raton","FL","2","lead_0019","pilot-2026-09-25-curated","https://abacustherapies.com","https://www.linkedin.com/in/brad-fenton-abacus","Quick question about Abacus Therapies's caseload in FL","Hi Brad,

I was looking at independent ABA practices in Boca Raton and came across Abacus Therapies.

Most clinic owners with 1–3 locations we talk to in FL tell us their primary bottleneck isn't clinical expertise—it's getting a predictable flow of commercial-insurance and private-pay inquiries without selling out to PE roll-ups or burning margin on generic agencies.

We built an intake & patient growth system specifically for independent practices. You can see how the intake flow and caseload matching work here:

https://abaclinics.clubemkt.digital/crm/api/track/click?lid=lead_0019&touch=1&url=https%3A%2F%2Fabaclinics.clubemkt.digital%2Faba%3Flid%3Dlead_0019%26utm_source%3Dcold_email%26utm_medium%3Demail%26utm_campaign%3Dpilot-2026-09-25-curated%26utm_content%3Dtouch_1

Do you have 15 minutes this Thursday or Friday to see if this fits your current openings?

Best,
Hudson Argollo
ABA Practice Growth · Gold Traffic","https://abaclinics.clubemkt.digital/crm/api/track/click?lid=lead_0019&touch=1&url=https%3A%2F%2Fabaclinics.clubemkt.digital%2Faba%3Flid%3Dlead_0019%26utm_source%3Dcold_email%26utm_medium%3Demail%26utm_campaign%3Dpilot-2026-09-25-curated%26utm_content%3Dtouch_1","Re: Abacus Therapies's openings in FL","Hi Brad,

Quick follow-up on my note from earlier this week.

When clinics expand or onboard new BCBAs/RBTs, the hardest part is usually timing: converting waitlisted families the exact week a slot opens rather than watching them drop off to competitor waitlists.

We put together a 20-minute discovery breakdown for independent practices:
https://abaclinics.clubemkt.digital/crm/api/track/click?lid=lead_0019&touch=2&url=https%3A%2F%2Fabaclinics.clubemkt.digital%2Faba%3Flid%3Dlead_0019%26utm_source%3Dcold_email%26utm_medium%3Demail%26utm_campaign%3Dpilot-2026-09-25-curated%26utm_content%3Dtouch_2

Would love to share what's working for clinics in FL if you're open to comparing notes.

Best,
Hudson","https://abaclinics.clubemkt.digital/crm/api/track/click?lid=lead_0019&touch=2&url=https%3A%2F%2Fabaclinics.clubemkt.digital%2Faba%3Flid%3Dlead_0019%26utm_source%3Dcold_email%26utm_medium%3Demail%26utm_campaign%3Dpilot-2026-09-25-curated%26utm_content%3Dtouch_2","Filling Abacus Therapies's caseload (FL)","Hi Brad,

I know you're busy running Abacus Therapies and managing clinical plans.

If patient intake or waitlist conversion isn't a priority right now, no worries at all. If you ever want to check our 2-minute fit assessment or see if our model works for your current capacity, you can bookmark this link:

https://abaclinics.clubemkt.digital/crm/api/track/click?lid=lead_0019&touch=3&url=https%3A%2F%2Fabaclinics.clubemkt.digital%2Faba%3Flid%3Dlead_0019%26utm_source%3Dcold_email%26utm_medium%3Demail%26utm_campaign%3Dpilot-2026-09-25-curated%26utm_content%3Dtouch_3

Wishing you and your clinical team continued success in Boca Raton!

Best,
Hudson","https://abaclinics.clubemkt.digital/crm/api/track/click?lid=lead_0019&touch=3&url=https%3A%2F%2Fabaclinics.clubemkt.digital%2Faba%3Flid%3Dlead_0019%26utm_source%3Dcold_email%26utm_medium%3Demail%26utm_campaign%3Dpilot-2026-09-25-curated%26utm_content%3Dtouch_3","Closing out Abacus Therapies's file for now?","Hi Brad,

Usually when I haven't heard back, it means one of two things:
1. Your caseload and waitlist in in Boca Raton are already at 100% capacity.
2. You're interested, but the timing is bad.

If you'd like me to follow up in a few months when you're looking to open new rooms or hire BCBAs, just reply ""later"".

Otherwise, if you ever want to review our intake framework, it's always live at:
https://abaclinics.clubemkt.digital/crm/api/track/click?lid=lead_0019&touch=4&url=https%3A%2F%2Fabaclinics.clubemkt.digital%2Faba%3Flid%3Dlead_0019%26utm_source%3Dcold_email%26utm_medium%3Demail%26utm_campaign%3Dpilot-2026-09-25-curated%26utm_content%3Dtouch_4

Thanks for all you do for the autism community in FL.

Best,
Hudson","https://abaclinics.clubemkt.digital/crm/api/track/click?lid=lead_0019&touch=4&url=https%3A%2F%2Fabaclinics.clubemkt.digital%2Faba%3Flid%3Dlead_0019%26utm_source%3Dcold_email%26utm_medium%3Demail%26utm_campaign%3Dpilot-2026-09-25-curated%26utm_content%3Dtouch_4"
"tmoore@aparaautism.com","Tyler","Moore","Apara Autism Center","Tampa","FL","2","lead_0020","pilot-2026-09-25-curated","https://aparaautism.com","https://www.linkedin.com/company/apara-autism-center","Quick question about Apara Autism Center's caseload in FL","Hi Tyler,

I was looking at independent ABA practices in Tampa and came across Apara Autism Center.

Most clinic owners with 1–3 locations we talk to in FL tell us their primary bottleneck isn't clinical expertise—it's getting a predictable flow of commercial-insurance and private-pay inquiries without selling out to PE roll-ups or burning margin on generic agencies.

We built an intake & patient growth system specifically for independent practices. You can see how the intake flow and caseload matching work here:

https://abaclinics.clubemkt.digital/crm/api/track/click?lid=lead_0020&touch=1&url=https%3A%2F%2Fabaclinics.clubemkt.digital%2Faba%3Flid%3Dlead_0020%26utm_source%3Dcold_email%26utm_medium%3Demail%26utm_campaign%3Dpilot-2026-09-25-curated%26utm_content%3Dtouch_1

Do you have 15 minutes this Thursday or Friday to see if this fits your current openings?

Best,
Hudson Argollo
ABA Practice Growth · Gold Traffic","https://abaclinics.clubemkt.digital/crm/api/track/click?lid=lead_0020&touch=1&url=https%3A%2F%2Fabaclinics.clubemkt.digital%2Faba%3Flid%3Dlead_0020%26utm_source%3Dcold_email%26utm_medium%3Demail%26utm_campaign%3Dpilot-2026-09-25-curated%26utm_content%3Dtouch_1","Re: Apara Autism Center's openings in FL","Hi Tyler,

Quick follow-up on my note from earlier this week.

When clinics expand or onboard new BCBAs/RBTs, the hardest part is usually timing: converting waitlisted families the exact week a slot opens rather than watching them drop off to competitor waitlists.

We put together a 20-minute discovery breakdown for independent practices:
https://abaclinics.clubemkt.digital/crm/api/track/click?lid=lead_0020&touch=2&url=https%3A%2F%2Fabaclinics.clubemkt.digital%2Faba%3Flid%3Dlead_0020%26utm_source%3Dcold_email%26utm_medium%3Demail%26utm_campaign%3Dpilot-2026-09-25-curated%26utm_content%3Dtouch_2

Would love to share what's working for clinics in FL if you're open to comparing notes.

Best,
Hudson","https://abaclinics.clubemkt.digital/crm/api/track/click?lid=lead_0020&touch=2&url=https%3A%2F%2Fabaclinics.clubemkt.digital%2Faba%3Flid%3Dlead_0020%26utm_source%3Dcold_email%26utm_medium%3Demail%26utm_campaign%3Dpilot-2026-09-25-curated%26utm_content%3Dtouch_2","Filling Apara Autism Center's caseload (FL)","Hi Tyler,

I know you're busy running Apara Autism Center and managing clinical plans.

If patient intake or waitlist conversion isn't a priority right now, no worries at all. If you ever want to check our 2-minute fit assessment or see if our model works for your current capacity, you can bookmark this link:

https://abaclinics.clubemkt.digital/crm/api/track/click?lid=lead_0020&touch=3&url=https%3A%2F%2Fabaclinics.clubemkt.digital%2Faba%3Flid%3Dlead_0020%26utm_source%3Dcold_email%26utm_medium%3Demail%26utm_campaign%3Dpilot-2026-09-25-curated%26utm_content%3Dtouch_3

Wishing you and your clinical team continued success in Tampa!

Best,
Hudson","https://abaclinics.clubemkt.digital/crm/api/track/click?lid=lead_0020&touch=3&url=https%3A%2F%2Fabaclinics.clubemkt.digital%2Faba%3Flid%3Dlead_0020%26utm_source%3Dcold_email%26utm_medium%3Demail%26utm_campaign%3Dpilot-2026-09-25-curated%26utm_content%3Dtouch_3","Closing out Apara Autism Center's file for now?","Hi Tyler,

Usually when I haven't heard back, it means one of two things:
1. Your caseload and waitlist in in Tampa are already at 100% capacity.
2. You're interested, but the timing is bad.

If you'd like me to follow up in a few months when you're looking to open new rooms or hire BCBAs, just reply ""later"".

Otherwise, if you ever want to review our intake framework, it's always live at:
https://abaclinics.clubemkt.digital/crm/api/track/click?lid=lead_0020&touch=4&url=https%3A%2F%2Fabaclinics.clubemkt.digital%2Faba%3Flid%3Dlead_0020%26utm_source%3Dcold_email%26utm_medium%3Demail%26utm_campaign%3Dpilot-2026-09-25-curated%26utm_content%3Dtouch_4

Thanks for all you do for the autism community in FL.

Best,
Hudson","https://abaclinics.clubemkt.digital/crm/api/track/click?lid=lead_0020&touch=4&url=https%3A%2F%2Fabaclinics.clubemkt.digital%2Faba%3Flid%3Dlead_0020%26utm_source%3Dcold_email%26utm_medium%3Demail%26utm_campaign%3Dpilot-2026-09-25-curated%26utm_content%3Dtouch_4"
"jesse@abaautismspecialists.com","Jesse","O'Neil","ABA Autism Specialists","San Diego","CA","1","lead_0021","pilot-2026-09-25-curated","https://abaautismspecialists.com","https://www.linkedin.com/in/jesse-o-neil-bcba","Quick question about ABA Autism Specialists's caseload in CA","Hi Jesse,

I was looking at independent ABA practices in San Diego and came across ABA Autism Specialists.

Most clinic owners with 1–3 locations we talk to in CA tell us their primary bottleneck isn't clinical expertise—it's getting a predictable flow of commercial-insurance and private-pay inquiries without selling out to PE roll-ups or burning margin on generic agencies.

We built an intake & patient growth system specifically for independent practices. You can see how the intake flow and caseload matching work here:

https://abaclinics.clubemkt.digital/crm/api/track/click?lid=lead_0021&touch=1&url=https%3A%2F%2Fabaclinics.clubemkt.digital%2Faba%3Flid%3Dlead_0021%26utm_source%3Dcold_email%26utm_medium%3Demail%26utm_campaign%3Dpilot-2026-09-25-curated%26utm_content%3Dtouch_1

Do you have 15 minutes this Thursday or Friday to see if this fits your current openings?

Best,
Hudson Argollo
ABA Practice Growth · Gold Traffic","https://abaclinics.clubemkt.digital/crm/api/track/click?lid=lead_0021&touch=1&url=https%3A%2F%2Fabaclinics.clubemkt.digital%2Faba%3Flid%3Dlead_0021%26utm_source%3Dcold_email%26utm_medium%3Demail%26utm_campaign%3Dpilot-2026-09-25-curated%26utm_content%3Dtouch_1","Re: ABA Autism Specialists's openings in CA","Hi Jesse,

Quick follow-up on my note from earlier this week.

When clinics expand or onboard new BCBAs/RBTs, the hardest part is usually timing: converting waitlisted families the exact week a slot opens rather than watching them drop off to competitor waitlists.

We put together a 20-minute discovery breakdown for independent practices:
https://abaclinics.clubemkt.digital/crm/api/track/click?lid=lead_0021&touch=2&url=https%3A%2F%2Fabaclinics.clubemkt.digital%2Faba%3Flid%3Dlead_0021%26utm_source%3Dcold_email%26utm_medium%3Demail%26utm_campaign%3Dpilot-2026-09-25-curated%26utm_content%3Dtouch_2

Would love to share what's working for clinics in CA if you're open to comparing notes.

Best,
Hudson","https://abaclinics.clubemkt.digital/crm/api/track/click?lid=lead_0021&touch=2&url=https%3A%2F%2Fabaclinics.clubemkt.digital%2Faba%3Flid%3Dlead_0021%26utm_source%3Dcold_email%26utm_medium%3Demail%26utm_campaign%3Dpilot-2026-09-25-curated%26utm_content%3Dtouch_2","Filling ABA Autism Specialists's caseload (CA)","Hi Jesse,

I know you're busy running ABA Autism Specialists and managing clinical plans.

If patient intake or waitlist conversion isn't a priority right now, no worries at all. If you ever want to check our 2-minute fit assessment or see if our model works for your current capacity, you can bookmark this link:

https://abaclinics.clubemkt.digital/crm/api/track/click?lid=lead_0021&touch=3&url=https%3A%2F%2Fabaclinics.clubemkt.digital%2Faba%3Flid%3Dlead_0021%26utm_source%3Dcold_email%26utm_medium%3Demail%26utm_campaign%3Dpilot-2026-09-25-curated%26utm_content%3Dtouch_3

Wishing you and your clinical team continued success in San Diego!

Best,
Hudson","https://abaclinics.clubemkt.digital/crm/api/track/click?lid=lead_0021&touch=3&url=https%3A%2F%2Fabaclinics.clubemkt.digital%2Faba%3Flid%3Dlead_0021%26utm_source%3Dcold_email%26utm_medium%3Demail%26utm_campaign%3Dpilot-2026-09-25-curated%26utm_content%3Dtouch_3","Closing out ABA Autism Specialists's file for now?","Hi Jesse,

Usually when I haven't heard back, it means one of two things:
1. Your caseload and waitlist in in San Diego are already at 100% capacity.
2. You're interested, but the timing is bad.

If you'd like me to follow up in a few months when you're looking to open new rooms or hire BCBAs, just reply ""later"".

Otherwise, if you ever want to review our intake framework, it's always live at:
https://abaclinics.clubemkt.digital/crm/api/track/click?lid=lead_0021&touch=4&url=https%3A%2F%2Fabaclinics.clubemkt.digital%2Faba%3Flid%3Dlead_0021%26utm_source%3Dcold_email%26utm_medium%3Demail%26utm_campaign%3Dpilot-2026-09-25-curated%26utm_content%3Dtouch_4

Thanks for all you do for the autism community in CA.

Best,
Hudson","https://abaclinics.clubemkt.digital/crm/api/track/click?lid=lead_0021&touch=4&url=https%3A%2F%2Fabaclinics.clubemkt.digital%2Faba%3Flid%3Dlead_0021%26utm_source%3Dcold_email%26utm_medium%3Demail%26utm_campaign%3Dpilot-2026-09-25-curated%26utm_content%3Dtouch_4"
"hamna@advbehavioral.com","Hamna","Tayyab","Advanced Behavioral Specialists","Riverside","CA","2","lead_0022","pilot-2026-09-25-curated","https://www.advbehavioral.com","https://www.linkedin.com/in/hamna-tayyab-bcba","Quick question about Advanced Behavioral Specialists's caseload in CA","Hi Hamna,

I was looking at independent ABA practices in Riverside and came across Advanced Behavioral Specialists.

Most clinic owners with 1–3 locations we talk to in CA tell us their primary bottleneck isn't clinical expertise—it's getting a predictable flow of commercial-insurance and private-pay inquiries without selling out to PE roll-ups or burning margin on generic agencies.

We built an intake & patient growth system specifically for independent practices. You can see how the intake flow and caseload matching work here:

https://abaclinics.clubemkt.digital/crm/api/track/click?lid=lead_0022&touch=1&url=https%3A%2F%2Fabaclinics.clubemkt.digital%2Faba%3Flid%3Dlead_0022%26utm_source%3Dcold_email%26utm_medium%3Demail%26utm_campaign%3Dpilot-2026-09-25-curated%26utm_content%3Dtouch_1

Do you have 15 minutes this Thursday or Friday to see if this fits your current openings?

Best,
Hudson Argollo
ABA Practice Growth · Gold Traffic","https://abaclinics.clubemkt.digital/crm/api/track/click?lid=lead_0022&touch=1&url=https%3A%2F%2Fabaclinics.clubemkt.digital%2Faba%3Flid%3Dlead_0022%26utm_source%3Dcold_email%26utm_medium%3Demail%26utm_campaign%3Dpilot-2026-09-25-curated%26utm_content%3Dtouch_1","Re: Advanced Behavioral Specialists's openings in CA","Hi Hamna,

Quick follow-up on my note from earlier this week.

When clinics expand or onboard new BCBAs/RBTs, the hardest part is usually timing: converting waitlisted families the exact week a slot opens rather than watching them drop off to competitor waitlists.

We put together a 20-minute discovery breakdown for independent practices:
https://abaclinics.clubemkt.digital/crm/api/track/click?lid=lead_0022&touch=2&url=https%3A%2F%2Fabaclinics.clubemkt.digital%2Faba%3Flid%3Dlead_0022%26utm_source%3Dcold_email%26utm_medium%3Demail%26utm_campaign%3Dpilot-2026-09-25-curated%26utm_content%3Dtouch_2

Would love to share what's working for clinics in CA if you're open to comparing notes.

Best,
Hudson","https://abaclinics.clubemkt.digital/crm/api/track/click?lid=lead_0022&touch=2&url=https%3A%2F%2Fabaclinics.clubemkt.digital%2Faba%3Flid%3Dlead_0022%26utm_source%3Dcold_email%26utm_medium%3Demail%26utm_campaign%3Dpilot-2026-09-25-curated%26utm_content%3Dtouch_2","Filling Advanced Behavioral Specialists's caseload (CA)","Hi Hamna,

I know you're busy running Advanced Behavioral Specialists and managing clinical plans.

If patient intake or waitlist conversion isn't a priority right now, no worries at all. If you ever want to check our 2-minute fit assessment or see if our model works for your current capacity, you can bookmark this link:

https://abaclinics.clubemkt.digital/crm/api/track/click?lid=lead_0022&touch=3&url=https%3A%2F%2Fabaclinics.clubemkt.digital%2Faba%3Flid%3Dlead_0022%26utm_source%3Dcold_email%26utm_medium%3Demail%26utm_campaign%3Dpilot-2026-09-25-curated%26utm_content%3Dtouch_3

Wishing you and your clinical team continued success in Riverside!

Best,
Hudson","https://abaclinics.clubemkt.digital/crm/api/track/click?lid=lead_0022&touch=3&url=https%3A%2F%2Fabaclinics.clubemkt.digital%2Faba%3Flid%3Dlead_0022%26utm_source%3Dcold_email%26utm_medium%3Demail%26utm_campaign%3Dpilot-2026-09-25-curated%26utm_content%3Dtouch_3","Closing out Advanced Behavioral Specialists's file for now?","Hi Hamna,

Usually when I haven't heard back, it means one of two things:
1. Your caseload and waitlist in in Riverside are already at 100% capacity.
2. You're interested, but the timing is bad.

If you'd like me to follow up in a few months when you're looking to open new rooms or hire BCBAs, just reply ""later"".

Otherwise, if you ever want to review our intake framework, it's always live at:
https://abaclinics.clubemkt.digital/crm/api/track/click?lid=lead_0022&touch=4&url=https%3A%2F%2Fabaclinics.clubemkt.digital%2Faba%3Flid%3Dlead_0022%26utm_source%3Dcold_email%26utm_medium%3Demail%26utm_campaign%3Dpilot-2026-09-25-curated%26utm_content%3Dtouch_4

Thanks for all you do for the autism community in CA.

Best,
Hudson","https://abaclinics.clubemkt.digital/crm/api/track/click?lid=lead_0022&touch=4&url=https%3A%2F%2Fabaclinics.clubemkt.digital%2Faba%3Flid%3Dlead_0022%26utm_source%3Dcold_email%26utm_medium%3Demail%26utm_campaign%3Dpilot-2026-09-25-curated%26utm_content%3Dtouch_4"
"saba@icanautism.com","Dr.","Saba Torabian","ICAN Autism Clinic","San Jose","CA","2","lead_0023","pilot-2026-09-25-curated","https://icanautism.com","https://www.linkedin.com/in/saba-torabian-phd","Quick question about ICAN Autism Clinic's caseload in CA","Hi Dr.,

I was looking at independent ABA practices in San Jose and came across ICAN Autism Clinic.

Most clinic owners with 1–3 locations we talk to in CA tell us their primary bottleneck isn't clinical expertise—it's getting a predictable flow of commercial-insurance and private-pay inquiries without selling out to PE roll-ups or burning margin on generic agencies.

We built an intake & patient growth system specifically for independent practices. You can see how the intake flow and caseload matching work here:

https://abaclinics.clubemkt.digital/crm/api/track/click?lid=lead_0023&touch=1&url=https%3A%2F%2Fabaclinics.clubemkt.digital%2Faba%3Flid%3Dlead_0023%26utm_source%3Dcold_email%26utm_medium%3Demail%26utm_campaign%3Dpilot-2026-09-25-curated%26utm_content%3Dtouch_1

Do you have 15 minutes this Thursday or Friday to see if this fits your current openings?

Best,
Hudson Argollo
ABA Practice Growth · Gold Traffic","https://abaclinics.clubemkt.digital/crm/api/track/click?lid=lead_0023&touch=1&url=https%3A%2F%2Fabaclinics.clubemkt.digital%2Faba%3Flid%3Dlead_0023%26utm_source%3Dcold_email%26utm_medium%3Demail%26utm_campaign%3Dpilot-2026-09-25-curated%26utm_content%3Dtouch_1","Re: ICAN Autism Clinic's openings in CA","Hi Dr.,

Quick follow-up on my note from earlier this week.

When clinics expand or onboard new BCBAs/RBTs, the hardest part is usually timing: converting waitlisted families the exact week a slot opens rather than watching them drop off to competitor waitlists.

We put together a 20-minute discovery breakdown for independent practices:
https://abaclinics.clubemkt.digital/crm/api/track/click?lid=lead_0023&touch=2&url=https%3A%2F%2Fabaclinics.clubemkt.digital%2Faba%3Flid%3Dlead_0023%26utm_source%3Dcold_email%26utm_medium%3Demail%26utm_campaign%3Dpilot-2026-09-25-curated%26utm_content%3Dtouch_2

Would love to share what's working for clinics in CA if you're open to comparing notes.

Best,
Hudson","https://abaclinics.clubemkt.digital/crm/api/track/click?lid=lead_0023&touch=2&url=https%3A%2F%2Fabaclinics.clubemkt.digital%2Faba%3Flid%3Dlead_0023%26utm_source%3Dcold_email%26utm_medium%3Demail%26utm_campaign%3Dpilot-2026-09-25-curated%26utm_content%3Dtouch_2","Filling ICAN Autism Clinic's caseload (CA)","Hi Dr.,

I know you're busy running ICAN Autism Clinic and managing clinical plans.

If patient intake or waitlist conversion isn't a priority right now, no worries at all. If you ever want to check our 2-minute fit assessment or see if our model works for your current capacity, you can bookmark this link:

https://abaclinics.clubemkt.digital/crm/api/track/click?lid=lead_0023&touch=3&url=https%3A%2F%2Fabaclinics.clubemkt.digital%2Faba%3Flid%3Dlead_0023%26utm_source%3Dcold_email%26utm_medium%3Demail%26utm_campaign%3Dpilot-2026-09-25-curated%26utm_content%3Dtouch_3

Wishing you and your clinical team continued success in San Jose!

Best,
Hudson","https://abaclinics.clubemkt.digital/crm/api/track/click?lid=lead_0023&touch=3&url=https%3A%2F%2Fabaclinics.clubemkt.digital%2Faba%3Flid%3Dlead_0023%26utm_source%3Dcold_email%26utm_medium%3Demail%26utm_campaign%3Dpilot-2026-09-25-curated%26utm_content%3Dtouch_3","Closing out ICAN Autism Clinic's file for now?","Hi Dr.,

Usually when I haven't heard back, it means one of two things:
1. Your caseload and waitlist in in San Jose are already at 100% capacity.
2. You're interested, but the timing is bad.

If you'd like me to follow up in a few months when you're looking to open new rooms or hire BCBAs, just reply ""later"".

Otherwise, if you ever want to review our intake framework, it's always live at:
https://abaclinics.clubemkt.digital/crm/api/track/click?lid=lead_0023&touch=4&url=https%3A%2F%2Fabaclinics.clubemkt.digital%2Faba%3Flid%3Dlead_0023%26utm_source%3Dcold_email%26utm_medium%3Demail%26utm_campaign%3Dpilot-2026-09-25-curated%26utm_content%3Dtouch_4

Thanks for all you do for the autism community in CA.

Best,
Hudson","https://abaclinics.clubemkt.digital/crm/api/track/click?lid=lead_0023&touch=4&url=https%3A%2F%2Fabaclinics.clubemkt.digital%2Faba%3Flid%3Dlead_0023%26utm_source%3Dcold_email%26utm_medium%3Demail%26utm_campaign%3Dpilot-2026-09-25-curated%26utm_content%3Dtouch_4"
"ruth@familiasfirst.com","Ruth","Tello-Di Leva","Familias First ABA","Los Angeles","CA","2","lead_0024","pilot-2026-09-25-curated","https://familiasfirst.com","https://www.linkedin.com/in/ruth-tello-di-leva","Quick question about Familias First ABA's caseload in CA","Hi Ruth,

I was looking at independent ABA practices in Los Angeles and came across Familias First ABA.

Most clinic owners with 1–3 locations we talk to in CA tell us their primary bottleneck isn't clinical expertise—it's getting a predictable flow of commercial-insurance and private-pay inquiries without selling out to PE roll-ups or burning margin on generic agencies.

We built an intake & patient growth system specifically for independent practices. You can see how the intake flow and caseload matching work here:

https://abaclinics.clubemkt.digital/crm/api/track/click?lid=lead_0024&touch=1&url=https%3A%2F%2Fabaclinics.clubemkt.digital%2Faba%3Flid%3Dlead_0024%26utm_source%3Dcold_email%26utm_medium%3Demail%26utm_campaign%3Dpilot-2026-09-25-curated%26utm_content%3Dtouch_1

Do you have 15 minutes this Thursday or Friday to see if this fits your current openings?

Best,
Hudson Argollo
ABA Practice Growth · Gold Traffic","https://abaclinics.clubemkt.digital/crm/api/track/click?lid=lead_0024&touch=1&url=https%3A%2F%2Fabaclinics.clubemkt.digital%2Faba%3Flid%3Dlead_0024%26utm_source%3Dcold_email%26utm_medium%3Demail%26utm_campaign%3Dpilot-2026-09-25-curated%26utm_content%3Dtouch_1","Re: Familias First ABA's openings in CA","Hi Ruth,

Quick follow-up on my note from earlier this week.

When clinics expand or onboard new BCBAs/RBTs, the hardest part is usually timing: converting waitlisted families the exact week a slot opens rather than watching them drop off to competitor waitlists.

We put together a 20-minute discovery breakdown for independent practices:
https://abaclinics.clubemkt.digital/crm/api/track/click?lid=lead_0024&touch=2&url=https%3A%2F%2Fabaclinics.clubemkt.digital%2Faba%3Flid%3Dlead_0024%26utm_source%3Dcold_email%26utm_medium%3Demail%26utm_campaign%3Dpilot-2026-09-25-curated%26utm_content%3Dtouch_2

Would love to share what's working for clinics in CA if you're open to comparing notes.

Best,
Hudson","https://abaclinics.clubemkt.digital/crm/api/track/click?lid=lead_0024&touch=2&url=https%3A%2F%2Fabaclinics.clubemkt.digital%2Faba%3Flid%3Dlead_0024%26utm_source%3Dcold_email%26utm_medium%3Demail%26utm_campaign%3Dpilot-2026-09-25-curated%26utm_content%3Dtouch_2","Filling Familias First ABA's caseload (CA)","Hi Ruth,

I know you're busy running Familias First ABA and managing clinical plans.

If patient intake or waitlist conversion isn't a priority right now, no worries at all. If you ever want to check our 2-minute fit assessment or see if our model works for your current capacity, you can bookmark this link:

https://abaclinics.clubemkt.digital/crm/api/track/click?lid=lead_0024&touch=3&url=https%3A%2F%2Fabaclinics.clubemkt.digital%2Faba%3Flid%3Dlead_0024%26utm_source%3Dcold_email%26utm_medium%3Demail%26utm_campaign%3Dpilot-2026-09-25-curated%26utm_content%3Dtouch_3

Wishing you and your clinical team continued success in Los Angeles!

Best,
Hudson","https://abaclinics.clubemkt.digital/crm/api/track/click?lid=lead_0024&touch=3&url=https%3A%2F%2Fabaclinics.clubemkt.digital%2Faba%3Flid%3Dlead_0024%26utm_source%3Dcold_email%26utm_medium%3Demail%26utm_campaign%3Dpilot-2026-09-25-curated%26utm_content%3Dtouch_3","Closing out Familias First ABA's file for now?","Hi Ruth,

Usually when I haven't heard back, it means one of two things:
1. Your caseload and waitlist in in Los Angeles are already at 100% capacity.
2. You're interested, but the timing is bad.

If you'd like me to follow up in a few months when you're looking to open new rooms or hire BCBAs, just reply ""later"".

Otherwise, if you ever want to review our intake framework, it's always live at:
https://abaclinics.clubemkt.digital/crm/api/track/click?lid=lead_0024&touch=4&url=https%3A%2F%2Fabaclinics.clubemkt.digital%2Faba%3Flid%3Dlead_0024%26utm_source%3Dcold_email%26utm_medium%3Demail%26utm_campaign%3Dpilot-2026-09-25-curated%26utm_content%3Dtouch_4

Thanks for all you do for the autism community in CA.

Best,
Hudson","https://abaclinics.clubemkt.digital/crm/api/track/click?lid=lead_0024&touch=4&url=https%3A%2F%2Fabaclinics.clubemkt.digital%2Faba%3Flid%3Dlead_0024%26utm_source%3Dcold_email%26utm_medium%3Demail%26utm_campaign%3Dpilot-2026-09-25-curated%26utm_content%3Dtouch_4"
"abigail@mebefamily.com","Abigail","Bunt","MeBe Family Behavioral Health","San Diego","CA","3","lead_0025","pilot-2026-09-25-curated","https://mebefamily.com","https://www.linkedin.com/in/abigail-bunt-mebe","Quick question about MeBe Family Behavioral Health's caseload in CA","Hi Abigail,

I was looking at independent ABA practices in San Diego and came across MeBe Family Behavioral Health.

Most clinic owners with 1–3 locations we talk to in CA tell us their primary bottleneck isn't clinical expertise—it's getting a predictable flow of commercial-insurance and private-pay inquiries without selling out to PE roll-ups or burning margin on generic agencies.

We built an intake & patient growth system specifically for independent practices. You can see how the intake flow and caseload matching work here:

https://abaclinics.clubemkt.digital/crm/api/track/click?lid=lead_0025&touch=1&url=https%3A%2F%2Fabaclinics.clubemkt.digital%2Faba%3Flid%3Dlead_0025%26utm_source%3Dcold_email%26utm_medium%3Demail%26utm_campaign%3Dpilot-2026-09-25-curated%26utm_content%3Dtouch_1

Do you have 15 minutes this Thursday or Friday to see if this fits your current openings?

Best,
Hudson Argollo
ABA Practice Growth · Gold Traffic","https://abaclinics.clubemkt.digital/crm/api/track/click?lid=lead_0025&touch=1&url=https%3A%2F%2Fabaclinics.clubemkt.digital%2Faba%3Flid%3Dlead_0025%26utm_source%3Dcold_email%26utm_medium%3Demail%26utm_campaign%3Dpilot-2026-09-25-curated%26utm_content%3Dtouch_1","Re: MeBe Family Behavioral Health's openings in CA","Hi Abigail,

Quick follow-up on my note from earlier this week.

When clinics expand or onboard new BCBAs/RBTs, the hardest part is usually timing: converting waitlisted families the exact week a slot opens rather than watching them drop off to competitor waitlists.

We put together a 20-minute discovery breakdown for independent practices:
https://abaclinics.clubemkt.digital/crm/api/track/click?lid=lead_0025&touch=2&url=https%3A%2F%2Fabaclinics.clubemkt.digital%2Faba%3Flid%3Dlead_0025%26utm_source%3Dcold_email%26utm_medium%3Demail%26utm_campaign%3Dpilot-2026-09-25-curated%26utm_content%3Dtouch_2

Would love to share what's working for clinics in CA if you're open to comparing notes.

Best,
Hudson","https://abaclinics.clubemkt.digital/crm/api/track/click?lid=lead_0025&touch=2&url=https%3A%2F%2Fabaclinics.clubemkt.digital%2Faba%3Flid%3Dlead_0025%26utm_source%3Dcold_email%26utm_medium%3Demail%26utm_campaign%3Dpilot-2026-09-25-curated%26utm_content%3Dtouch_2","Filling MeBe Family Behavioral Health's caseload (CA)","Hi Abigail,

I know you're busy running MeBe Family Behavioral Health and managing clinical plans.

If patient intake or waitlist conversion isn't a priority right now, no worries at all. If you ever want to check our 2-minute fit assessment or see if our model works for your current capacity, you can bookmark this link:

https://abaclinics.clubemkt.digital/crm/api/track/click?lid=lead_0025&touch=3&url=https%3A%2F%2Fabaclinics.clubemkt.digital%2Faba%3Flid%3Dlead_0025%26utm_source%3Dcold_email%26utm_medium%3Demail%26utm_campaign%3Dpilot-2026-09-25-curated%26utm_content%3Dtouch_3

Wishing you and your clinical team continued success in San Diego!

Best,
Hudson","https://abaclinics.clubemkt.digital/crm/api/track/click?lid=lead_0025&touch=3&url=https%3A%2F%2Fabaclinics.clubemkt.digital%2Faba%3Flid%3Dlead_0025%26utm_source%3Dcold_email%26utm_medium%3Demail%26utm_campaign%3Dpilot-2026-09-25-curated%26utm_content%3Dtouch_3","Closing out MeBe Family Behavioral Health's file for now?","Hi Abigail,

Usually when I haven't heard back, it means one of two things:
1. Your caseload and waitlist in in San Diego are already at 100% capacity.
2. You're interested, but the timing is bad.

If you'd like me to follow up in a few months when you're looking to open new rooms or hire BCBAs, just reply ""later"".

Otherwise, if you ever want to review our intake framework, it's always live at:
https://abaclinics.clubemkt.digital/crm/api/track/click?lid=lead_0025&touch=4&url=https%3A%2F%2Fabaclinics.clubemkt.digital%2Faba%3Flid%3Dlead_0025%26utm_source%3Dcold_email%26utm_medium%3Demail%26utm_campaign%3Dpilot-2026-09-25-curated%26utm_content%3Dtouch_4

Thanks for all you do for the autism community in CA.

Best,
Hudson","https://abaclinics.clubemkt.digital/crm/api/track/click?lid=lead_0025&touch=4&url=https%3A%2F%2Fabaclinics.clubemkt.digital%2Faba%3Flid%3Dlead_0025%26utm_source%3Dcold_email%26utm_medium%3Demail%26utm_campaign%3Dpilot-2026-09-25-curated%26utm_content%3Dtouch_4"
"rleaf@autismtherapies.com","Dr.","Ronald Leaf","Autism Spectrum Therapies Local","Pasadena","CA","3","lead_0026","pilot-2026-09-25-curated","https://autismtherapies.com","https://www.linkedin.com/company/autism-spectrum-therapies","Quick question about Autism Spectrum Therapies Local's caseload in CA","Hi Dr.,

I was looking at independent ABA practices in Pasadena and came across Autism Spectrum Therapies Local.

Most clinic owners with 1–3 locations we talk to in CA tell us their primary bottleneck isn't clinical expertise—it's getting a predictable flow of commercial-insurance and private-pay inquiries without selling out to PE roll-ups or burning margin on generic agencies.

We built an intake & patient growth system specifically for independent practices. You can see how the intake flow and caseload matching work here:

https://abaclinics.clubemkt.digital/crm/api/track/click?lid=lead_0026&touch=1&url=https%3A%2F%2Fabaclinics.clubemkt.digital%2Faba%3Flid%3Dlead_0026%26utm_source%3Dcold_email%26utm_medium%3Demail%26utm_campaign%3Dpilot-2026-09-25-curated%26utm_content%3Dtouch_1

Do you have 15 minutes this Thursday or Friday to see if this fits your current openings?

Best,
Hudson Argollo
ABA Practice Growth · Gold Traffic","https://abaclinics.clubemkt.digital/crm/api/track/click?lid=lead_0026&touch=1&url=https%3A%2F%2Fabaclinics.clubemkt.digital%2Faba%3Flid%3Dlead_0026%26utm_source%3Dcold_email%26utm_medium%3Demail%26utm_campaign%3Dpilot-2026-09-25-curated%26utm_content%3Dtouch_1","Re: Autism Spectrum Therapies Local's openings in CA","Hi Dr.,

Quick follow-up on my note from earlier this week.

When clinics expand or onboard new BCBAs/RBTs, the hardest part is usually timing: converting waitlisted families the exact week a slot opens rather than watching them drop off to competitor waitlists.

We put together a 20-minute discovery breakdown for independent practices:
https://abaclinics.clubemkt.digital/crm/api/track/click?lid=lead_0026&touch=2&url=https%3A%2F%2Fabaclinics.clubemkt.digital%2Faba%3Flid%3Dlead_0026%26utm_source%3Dcold_email%26utm_medium%3Demail%26utm_campaign%3Dpilot-2026-09-25-curated%26utm_content%3Dtouch_2

Would love to share what's working for clinics in CA if you're open to comparing notes.

Best,
Hudson","https://abaclinics.clubemkt.digital/crm/api/track/click?lid=lead_0026&touch=2&url=https%3A%2F%2Fabaclinics.clubemkt.digital%2Faba%3Flid%3Dlead_0026%26utm_source%3Dcold_email%26utm_medium%3Demail%26utm_campaign%3Dpilot-2026-09-25-curated%26utm_content%3Dtouch_2","Filling Autism Spectrum Therapies Local's caseload (CA)","Hi Dr.,

I know you're busy running Autism Spectrum Therapies Local and managing clinical plans.

If patient intake or waitlist conversion isn't a priority right now, no worries at all. If you ever want to check our 2-minute fit assessment or see if our model works for your current capacity, you can bookmark this link:

https://abaclinics.clubemkt.digital/crm/api/track/click?lid=lead_0026&touch=3&url=https%3A%2F%2Fabaclinics.clubemkt.digital%2Faba%3Flid%3Dlead_0026%26utm_source%3Dcold_email%26utm_medium%3Demail%26utm_campaign%3Dpilot-2026-09-25-curated%26utm_content%3Dtouch_3

Wishing you and your clinical team continued success in Pasadena!

Best,
Hudson","https://abaclinics.clubemkt.digital/crm/api/track/click?lid=lead_0026&touch=3&url=https%3A%2F%2Fabaclinics.clubemkt.digital%2Faba%3Flid%3Dlead_0026%26utm_source%3Dcold_email%26utm_medium%3Demail%26utm_campaign%3Dpilot-2026-09-25-curated%26utm_content%3Dtouch_3","Closing out Autism Spectrum Therapies Local's file for now?","Hi Dr.,

Usually when I haven't heard back, it means one of two things:
1. Your caseload and waitlist in in Pasadena are already at 100% capacity.
2. You're interested, but the timing is bad.

If you'd like me to follow up in a few months when you're looking to open new rooms or hire BCBAs, just reply ""later"".

Otherwise, if you ever want to review our intake framework, it's always live at:
https://abaclinics.clubemkt.digital/crm/api/track/click?lid=lead_0026&touch=4&url=https%3A%2F%2Fabaclinics.clubemkt.digital%2Faba%3Flid%3Dlead_0026%26utm_source%3Dcold_email%26utm_medium%3Demail%26utm_campaign%3Dpilot-2026-09-25-curated%26utm_content%3Dtouch_4

Thanks for all you do for the autism community in CA.

Best,
Hudson","https://abaclinics.clubemkt.digital/crm/api/track/click?lid=lead_0026&touch=4&url=https%3A%2F%2Fabaclinics.clubemkt.digital%2Faba%3Flid%3Dlead_0026%26utm_source%3Dcold_email%26utm_medium%3Demail%26utm_campaign%3Dpilot-2026-09-25-curated%26utm_content%3Dtouch_4"
"rdouk@bhwcares.com","Dr.","Rob Douk","Behavioral Health Works SoCal","Orange","CA","4","lead_0027","pilot-2026-09-25-curated","https://bhwcares.com","https://www.linkedin.com/in/drrobdouk","Quick question about Behavioral Health Works SoCal's caseload in CA","Hi Dr.,

I was looking at independent ABA practices in Orange and came across Behavioral Health Works SoCal.

Most clinic owners with 1–4 locations we talk to in CA tell us their primary bottleneck isn't clinical expertise—it's getting a predictable flow of commercial-insurance and private-pay inquiries without selling out to PE roll-ups or burning margin on generic agencies.

We built an intake & patient growth system specifically for independent practices. You can see how the intake flow and caseload matching work here:

https://abaclinics.clubemkt.digital/crm/api/track/click?lid=lead_0027&touch=1&url=https%3A%2F%2Fabaclinics.clubemkt.digital%2Faba%3Flid%3Dlead_0027%26utm_source%3Dcold_email%26utm_medium%3Demail%26utm_campaign%3Dpilot-2026-09-25-curated%26utm_content%3Dtouch_1

Do you have 15 minutes this Thursday or Friday to see if this fits your current openings?

Best,
Hudson Argollo
ABA Practice Growth · Gold Traffic","https://abaclinics.clubemkt.digital/crm/api/track/click?lid=lead_0027&touch=1&url=https%3A%2F%2Fabaclinics.clubemkt.digital%2Faba%3Flid%3Dlead_0027%26utm_source%3Dcold_email%26utm_medium%3Demail%26utm_campaign%3Dpilot-2026-09-25-curated%26utm_content%3Dtouch_1","Re: Behavioral Health Works SoCal's openings in CA","Hi Dr.,

Quick follow-up on my note from earlier this week.

When clinics expand or onboard new BCBAs/RBTs, the hardest part is usually timing: converting waitlisted families the exact week a slot opens rather than watching them drop off to competitor waitlists.

We put together a 20-minute discovery breakdown for independent practices:
https://abaclinics.clubemkt.digital/crm/api/track/click?lid=lead_0027&touch=2&url=https%3A%2F%2Fabaclinics.clubemkt.digital%2Faba%3Flid%3Dlead_0027%26utm_source%3Dcold_email%26utm_medium%3Demail%26utm_campaign%3Dpilot-2026-09-25-curated%26utm_content%3Dtouch_2

Would love to share what's working for clinics in CA if you're open to comparing notes.

Best,
Hudson","https://abaclinics.clubemkt.digital/crm/api/track/click?lid=lead_0027&touch=2&url=https%3A%2F%2Fabaclinics.clubemkt.digital%2Faba%3Flid%3Dlead_0027%26utm_source%3Dcold_email%26utm_medium%3Demail%26utm_campaign%3Dpilot-2026-09-25-curated%26utm_content%3Dtouch_2","Filling Behavioral Health Works SoCal's caseload (CA)","Hi Dr.,

I know you're busy running Behavioral Health Works SoCal and managing clinical plans.

If patient intake or waitlist conversion isn't a priority right now, no worries at all. If you ever want to check our 2-minute fit assessment or see if our model works for your current capacity, you can bookmark this link:

https://abaclinics.clubemkt.digital/crm/api/track/click?lid=lead_0027&touch=3&url=https%3A%2F%2Fabaclinics.clubemkt.digital%2Faba%3Flid%3Dlead_0027%26utm_source%3Dcold_email%26utm_medium%3Demail%26utm_campaign%3Dpilot-2026-09-25-curated%26utm_content%3Dtouch_3

Wishing you and your clinical team continued success in Orange!

Best,
Hudson","https://abaclinics.clubemkt.digital/crm/api/track/click?lid=lead_0027&touch=3&url=https%3A%2F%2Fabaclinics.clubemkt.digital%2Faba%3Flid%3Dlead_0027%26utm_source%3Dcold_email%26utm_medium%3Demail%26utm_campaign%3Dpilot-2026-09-25-curated%26utm_content%3Dtouch_3","Closing out Behavioral Health Works SoCal's file for now?","Hi Dr.,

Usually when I haven't heard back, it means one of two things:
1. Your caseload and waitlist in in Orange are already at 100% capacity.
2. You're interested, but the timing is bad.

If you'd like me to follow up in a few months when you're looking to open new rooms or hire BCBAs, just reply ""later"".

Otherwise, if you ever want to review our intake framework, it's always live at:
https://abaclinics.clubemkt.digital/crm/api/track/click?lid=lead_0027&touch=4&url=https%3A%2F%2Fabaclinics.clubemkt.digital%2Faba%3Flid%3Dlead_0027%26utm_source%3Dcold_email%26utm_medium%3Demail%26utm_campaign%3Dpilot-2026-09-25-curated%26utm_content%3Dtouch_4

Thanks for all you do for the autism community in CA.

Best,
Hudson","https://abaclinics.clubemkt.digital/crm/api/track/click?lid=lead_0027&touch=4&url=https%3A%2F%2Fabaclinics.clubemkt.digital%2Faba%3Flid%3Dlead_0027%26utm_source%3Dcold_email%26utm_medium%3Demail%26utm_campaign%3Dpilot-2026-09-25-curated%26utm_content%3Dtouch_4"
"amber@triangleaba.com","Amber","Nelms","Triangle ABA Clinic","Raleigh","NC","2","lead_0028","pilot-2026-09-25-curated","https://www.triangleaba.com","https://www.linkedin.com/in/amber-nelms-bcba","Quick question about Triangle ABA Clinic's caseload in NC","Hi Amber,

I was looking at independent ABA practices in Raleigh and came across Triangle ABA Clinic.

Most clinic owners with 1–3 locations we talk to in NC tell us their primary bottleneck isn't clinical expertise—it's getting a predictable flow of commercial-insurance and private-pay inquiries without selling out to PE roll-ups or burning margin on generic agencies.

We built an intake & patient growth system specifically for independent practices. You can see how the intake flow and caseload matching work here:

https://abaclinics.clubemkt.digital/crm/api/track/click?lid=lead_0028&touch=1&url=https%3A%2F%2Fabaclinics.clubemkt.digital%2Faba%3Flid%3Dlead_0028%26utm_source%3Dcold_email%26utm_medium%3Demail%26utm_campaign%3Dpilot-2026-09-25-curated%26utm_content%3Dtouch_1

Do you have 15 minutes this Thursday or Friday to see if this fits your current openings?

Best,
Hudson Argollo
ABA Practice Growth · Gold Traffic","https://abaclinics.clubemkt.digital/crm/api/track/click?lid=lead_0028&touch=1&url=https%3A%2F%2Fabaclinics.clubemkt.digital%2Faba%3Flid%3Dlead_0028%26utm_source%3Dcold_email%26utm_medium%3Demail%26utm_campaign%3Dpilot-2026-09-25-curated%26utm_content%3Dtouch_1","Re: Triangle ABA Clinic's openings in NC","Hi Amber,

Quick follow-up on my note from earlier this week.

When clinics expand or onboard new BCBAs/RBTs, the hardest part is usually timing: converting waitlisted families the exact week a slot opens rather than watching them drop off to competitor waitlists.

We put together a 20-minute discovery breakdown for independent practices:
https://abaclinics.clubemkt.digital/crm/api/track/click?lid=lead_0028&touch=2&url=https%3A%2F%2Fabaclinics.clubemkt.digital%2Faba%3Flid%3Dlead_0028%26utm_source%3Dcold_email%26utm_medium%3Demail%26utm_campaign%3Dpilot-2026-09-25-curated%26utm_content%3Dtouch_2

Would love to share what's working for clinics in NC if you're open to comparing notes.

Best,
Hudson","https://abaclinics.clubemkt.digital/crm/api/track/click?lid=lead_0028&touch=2&url=https%3A%2F%2Fabaclinics.clubemkt.digital%2Faba%3Flid%3Dlead_0028%26utm_source%3Dcold_email%26utm_medium%3Demail%26utm_campaign%3Dpilot-2026-09-25-curated%26utm_content%3Dtouch_2","Filling Triangle ABA Clinic's caseload (NC)","Hi Amber,

I know you're busy running Triangle ABA Clinic and managing clinical plans.

If patient intake or waitlist conversion isn't a priority right now, no worries at all. If you ever want to check our 2-minute fit assessment or see if our model works for your current capacity, you can bookmark this link:

https://abaclinics.clubemkt.digital/crm/api/track/click?lid=lead_0028&touch=3&url=https%3A%2F%2Fabaclinics.clubemkt.digital%2Faba%3Flid%3Dlead_0028%26utm_source%3Dcold_email%26utm_medium%3Demail%26utm_campaign%3Dpilot-2026-09-25-curated%26utm_content%3Dtouch_3

Wishing you and your clinical team continued success in Raleigh!

Best,
Hudson","https://abaclinics.clubemkt.digital/crm/api/track/click?lid=lead_0028&touch=3&url=https%3A%2F%2Fabaclinics.clubemkt.digital%2Faba%3Flid%3Dlead_0028%26utm_source%3Dcold_email%26utm_medium%3Demail%26utm_campaign%3Dpilot-2026-09-25-curated%26utm_content%3Dtouch_3","Closing out Triangle ABA Clinic's file for now?","Hi Amber,

Usually when I haven't heard back, it means one of two things:
1. Your caseload and waitlist in in Raleigh are already at 100% capacity.
2. You're interested, but the timing is bad.

If you'd like me to follow up in a few months when you're looking to open new rooms or hire BCBAs, just reply ""later"".

Otherwise, if you ever want to review our intake framework, it's always live at:
https://abaclinics.clubemkt.digital/crm/api/track/click?lid=lead_0028&touch=4&url=https%3A%2F%2Fabaclinics.clubemkt.digital%2Faba%3Flid%3Dlead_0028%26utm_source%3Dcold_email%26utm_medium%3Demail%26utm_campaign%3Dpilot-2026-09-25-curated%26utm_content%3Dtouch_4

Thanks for all you do for the autism community in NC.

Best,
Hudson","https://abaclinics.clubemkt.digital/crm/api/track/click?lid=lead_0028&touch=4&url=https%3A%2F%2Fabaclinics.clubemkt.digital%2Faba%3Flid%3Dlead_0028%26utm_source%3Dcold_email%26utm_medium%3Demail%26utm_campaign%3Dpilot-2026-09-25-curated%26utm_content%3Dtouch_4"
"megan@masbehavior.com","Megan","Sheehan","MAS Behavior Consulting","Raleigh","NC","1","lead_0029","pilot-2026-09-25-curated","https://masbehavior.com","https://www.linkedin.com/in/megan-sheehan-bcba","Quick question about MAS Behavior Consulting's caseload in NC","Hi Megan,

I was looking at independent ABA practices in Raleigh and came across MAS Behavior Consulting.

Most clinic owners with 1–3 locations we talk to in NC tell us their primary bottleneck isn't clinical expertise—it's getting a predictable flow of commercial-insurance and private-pay inquiries without selling out to PE roll-ups or burning margin on generic agencies.

We built an intake & patient growth system specifically for independent practices. You can see how the intake flow and caseload matching work here:

https://abaclinics.clubemkt.digital/crm/api/track/click?lid=lead_0029&touch=1&url=https%3A%2F%2Fabaclinics.clubemkt.digital%2Faba%3Flid%3Dlead_0029%26utm_source%3Dcold_email%26utm_medium%3Demail%26utm_campaign%3Dpilot-2026-09-25-curated%26utm_content%3Dtouch_1

Do you have 15 minutes this Thursday or Friday to see if this fits your current openings?

Best,
Hudson Argollo
ABA Practice Growth · Gold Traffic","https://abaclinics.clubemkt.digital/crm/api/track/click?lid=lead_0029&touch=1&url=https%3A%2F%2Fabaclinics.clubemkt.digital%2Faba%3Flid%3Dlead_0029%26utm_source%3Dcold_email%26utm_medium%3Demail%26utm_campaign%3Dpilot-2026-09-25-curated%26utm_content%3Dtouch_1","Re: MAS Behavior Consulting's openings in NC","Hi Megan,

Quick follow-up on my note from earlier this week.

When clinics expand or onboard new BCBAs/RBTs, the hardest part is usually timing: converting waitlisted families the exact week a slot opens rather than watching them drop off to competitor waitlists.

We put together a 20-minute discovery breakdown for independent practices:
https://abaclinics.clubemkt.digital/crm/api/track/click?lid=lead_0029&touch=2&url=https%3A%2F%2Fabaclinics.clubemkt.digital%2Faba%3Flid%3Dlead_0029%26utm_source%3Dcold_email%26utm_medium%3Demail%26utm_campaign%3Dpilot-2026-09-25-curated%26utm_content%3Dtouch_2

Would love to share what's working for clinics in NC if you're open to comparing notes.

Best,
Hudson","https://abaclinics.clubemkt.digital/crm/api/track/click?lid=lead_0029&touch=2&url=https%3A%2F%2Fabaclinics.clubemkt.digital%2Faba%3Flid%3Dlead_0029%26utm_source%3Dcold_email%26utm_medium%3Demail%26utm_campaign%3Dpilot-2026-09-25-curated%26utm_content%3Dtouch_2","Filling MAS Behavior Consulting's caseload (NC)","Hi Megan,

I know you're busy running MAS Behavior Consulting and managing clinical plans.

If patient intake or waitlist conversion isn't a priority right now, no worries at all. If you ever want to check our 2-minute fit assessment or see if our model works for your current capacity, you can bookmark this link:

https://abaclinics.clubemkt.digital/crm/api/track/click?lid=lead_0029&touch=3&url=https%3A%2F%2Fabaclinics.clubemkt.digital%2Faba%3Flid%3Dlead_0029%26utm_source%3Dcold_email%26utm_medium%3Demail%26utm_campaign%3Dpilot-2026-09-25-curated%26utm_content%3Dtouch_3

Wishing you and your clinical team continued success in Raleigh!

Best,
Hudson","https://abaclinics.clubemkt.digital/crm/api/track/click?lid=lead_0029&touch=3&url=https%3A%2F%2Fabaclinics.clubemkt.digital%2Faba%3Flid%3Dlead_0029%26utm_source%3Dcold_email%26utm_medium%3Demail%26utm_campaign%3Dpilot-2026-09-25-curated%26utm_content%3Dtouch_3","Closing out MAS Behavior Consulting's file for now?","Hi Megan,

Usually when I haven't heard back, it means one of two things:
1. Your caseload and waitlist in in Raleigh are already at 100% capacity.
2. You're interested, but the timing is bad.

If you'd like me to follow up in a few months when you're looking to open new rooms or hire BCBAs, just reply ""later"".

Otherwise, if you ever want to review our intake framework, it's always live at:
https://abaclinics.clubemkt.digital/crm/api/track/click?lid=lead_0029&touch=4&url=https%3A%2F%2Fabaclinics.clubemkt.digital%2Faba%3Flid%3Dlead_0029%26utm_source%3Dcold_email%26utm_medium%3Demail%26utm_campaign%3Dpilot-2026-09-25-curated%26utm_content%3Dtouch_4

Thanks for all you do for the autism community in NC.

Best,
Hudson","https://abaclinics.clubemkt.digital/crm/api/track/click?lid=lead_0029&touch=4&url=https%3A%2F%2Fabaclinics.clubemkt.digital%2Faba%3Flid%3Dlead_0029%26utm_source%3Dcold_email%26utm_medium%3Demail%26utm_campaign%3Dpilot-2026-09-25-curated%26utm_content%3Dtouch_4"
"mvance@carolinacenterforaba.com","Marcus","Vance","Carolina Center for ABA","Charlotte","NC","3","lead_0030","pilot-2026-09-25-curated","https://carolinacenterforaba.com","https://www.linkedin.com/company/carolina-center-for-aba","Quick question about Carolina Center for ABA's caseload in NC","Hi Marcus,

I was looking at independent ABA practices in Charlotte and came across Carolina Center for ABA.

Most clinic owners with 1–3 locations we talk to in NC tell us their primary bottleneck isn't clinical expertise—it's getting a predictable flow of commercial-insurance and private-pay inquiries without selling out to PE roll-ups or burning margin on generic agencies.

We built an intake & patient growth system specifically for independent practices. You can see how the intake flow and caseload matching work here:

https://abaclinics.clubemkt.digital/crm/api/track/click?lid=lead_0030&touch=1&url=https%3A%2F%2Fabaclinics.clubemkt.digital%2Faba%3Flid%3Dlead_0030%26utm_source%3Dcold_email%26utm_medium%3Demail%26utm_campaign%3Dpilot-2026-09-25-curated%26utm_content%3Dtouch_1

Do you have 15 minutes this Thursday or Friday to see if this fits your current openings?

Best,
Hudson Argollo
ABA Practice Growth · Gold Traffic","https://abaclinics.clubemkt.digital/crm/api/track/click?lid=lead_0030&touch=1&url=https%3A%2F%2Fabaclinics.clubemkt.digital%2Faba%3Flid%3Dlead_0030%26utm_source%3Dcold_email%26utm_medium%3Demail%26utm_campaign%3Dpilot-2026-09-25-curated%26utm_content%3Dtouch_1","Re: Carolina Center for ABA's openings in NC","Hi Marcus,

Quick follow-up on my note from earlier this week.

When clinics expand or onboard new BCBAs/RBTs, the hardest part is usually timing: converting waitlisted families the exact week a slot opens rather than watching them drop off to competitor waitlists.

We put together a 20-minute discovery breakdown for independent practices:
https://abaclinics.clubemkt.digital/crm/api/track/click?lid=lead_0030&touch=2&url=https%3A%2F%2Fabaclinics.clubemkt.digital%2Faba%3Flid%3Dlead_0030%26utm_source%3Dcold_email%26utm_medium%3Demail%26utm_campaign%3Dpilot-2026-09-25-curated%26utm_content%3Dtouch_2

Would love to share what's working for clinics in NC if you're open to comparing notes.

Best,
Hudson","https://abaclinics.clubemkt.digital/crm/api/track/click?lid=lead_0030&touch=2&url=https%3A%2F%2Fabaclinics.clubemkt.digital%2Faba%3Flid%3Dlead_0030%26utm_source%3Dcold_email%26utm_medium%3Demail%26utm_campaign%3Dpilot-2026-09-25-curated%26utm_content%3Dtouch_2","Filling Carolina Center for ABA's caseload (NC)","Hi Marcus,

I know you're busy running Carolina Center for ABA and managing clinical plans.

If patient intake or waitlist conversion isn't a priority right now, no worries at all. If you ever want to check our 2-minute fit assessment or see if our model works for your current capacity, you can bookmark this link:

https://abaclinics.clubemkt.digital/crm/api/track/click?lid=lead_0030&touch=3&url=https%3A%2F%2Fabaclinics.clubemkt.digital%2Faba%3Flid%3Dlead_0030%26utm_source%3Dcold_email%26utm_medium%3Demail%26utm_campaign%3Dpilot-2026-09-25-curated%26utm_content%3Dtouch_3

Wishing you and your clinical team continued success in Charlotte!

Best,
Hudson","https://abaclinics.clubemkt.digital/crm/api/track/click?lid=lead_0030&touch=3&url=https%3A%2F%2Fabaclinics.clubemkt.digital%2Faba%3Flid%3Dlead_0030%26utm_source%3Dcold_email%26utm_medium%3Demail%26utm_campaign%3Dpilot-2026-09-25-curated%26utm_content%3Dtouch_3","Closing out Carolina Center for ABA's file for now?","Hi Marcus,

Usually when I haven't heard back, it means one of two things:
1. Your caseload and waitlist in in Charlotte are already at 100% capacity.
2. You're interested, but the timing is bad.

If you'd like me to follow up in a few months when you're looking to open new rooms or hire BCBAs, just reply ""later"".

Otherwise, if you ever want to review our intake framework, it's always live at:
https://abaclinics.clubemkt.digital/crm/api/track/click?lid=lead_0030&touch=4&url=https%3A%2F%2Fabaclinics.clubemkt.digital%2Faba%3Flid%3Dlead_0030%26utm_source%3Dcold_email%26utm_medium%3Demail%26utm_campaign%3Dpilot-2026-09-25-curated%26utm_content%3Dtouch_4

Thanks for all you do for the autism community in NC.

Best,
Hudson","https://abaclinics.clubemkt.digital/crm/api/track/click?lid=lead_0030&touch=4&url=https%3A%2F%2Fabaclinics.clubemkt.digital%2Faba%3Flid%3Dlead_0030%26utm_source%3Dcold_email%26utm_medium%3Demail%26utm_campaign%3Dpilot-2026-09-25-curated%26utm_content%3Dtouch_4"
"mnichols@mosaictherapy.com","Mike","Nichols","Mosaic Pediatric Therapy","Charlotte","NC","4","lead_0031","pilot-2026-09-25-curated","https://mosaictherapy.com","https://www.linkedin.com/in/mikenicholsmosaic","Quick question about Mosaic Pediatric Therapy's caseload in NC","Hi Mike,

I was looking at independent ABA practices in Charlotte and came across Mosaic Pediatric Therapy.

Most clinic owners with 1–4 locations we talk to in NC tell us their primary bottleneck isn't clinical expertise—it's getting a predictable flow of commercial-insurance and private-pay inquiries without selling out to PE roll-ups or burning margin on generic agencies.

We built an intake & patient growth system specifically for independent practices. You can see how the intake flow and caseload matching work here:

https://abaclinics.clubemkt.digital/crm/api/track/click?lid=lead_0031&touch=1&url=https%3A%2F%2Fabaclinics.clubemkt.digital%2Faba%3Flid%3Dlead_0031%26utm_source%3Dcold_email%26utm_medium%3Demail%26utm_campaign%3Dpilot-2026-09-25-curated%26utm_content%3Dtouch_1

Do you have 15 minutes this Thursday or Friday to see if this fits your current openings?

Best,
Hudson Argollo
ABA Practice Growth · Gold Traffic","https://abaclinics.clubemkt.digital/crm/api/track/click?lid=lead_0031&touch=1&url=https%3A%2F%2Fabaclinics.clubemkt.digital%2Faba%3Flid%3Dlead_0031%26utm_source%3Dcold_email%26utm_medium%3Demail%26utm_campaign%3Dpilot-2026-09-25-curated%26utm_content%3Dtouch_1","Re: Mosaic Pediatric Therapy's openings in NC","Hi Mike,

Quick follow-up on my note from earlier this week.

When clinics expand or onboard new BCBAs/RBTs, the hardest part is usually timing: converting waitlisted families the exact week a slot opens rather than watching them drop off to competitor waitlists.

We put together a 20-minute discovery breakdown for independent practices:
https://abaclinics.clubemkt.digital/crm/api/track/click?lid=lead_0031&touch=2&url=https%3A%2F%2Fabaclinics.clubemkt.digital%2Faba%3Flid%3Dlead_0031%26utm_source%3Dcold_email%26utm_medium%3Demail%26utm_campaign%3Dpilot-2026-09-25-curated%26utm_content%3Dtouch_2

Would love to share what's working for clinics in NC if you're open to comparing notes.

Best,
Hudson","https://abaclinics.clubemkt.digital/crm/api/track/click?lid=lead_0031&touch=2&url=https%3A%2F%2Fabaclinics.clubemkt.digital%2Faba%3Flid%3Dlead_0031%26utm_source%3Dcold_email%26utm_medium%3Demail%26utm_campaign%3Dpilot-2026-09-25-curated%26utm_content%3Dtouch_2","Filling Mosaic Pediatric Therapy's caseload (NC)","Hi Mike,

I know you're busy running Mosaic Pediatric Therapy and managing clinical plans.

If patient intake or waitlist conversion isn't a priority right now, no worries at all. If you ever want to check our 2-minute fit assessment or see if our model works for your current capacity, you can bookmark this link:

https://abaclinics.clubemkt.digital/crm/api/track/click?lid=lead_0031&touch=3&url=https%3A%2F%2Fabaclinics.clubemkt.digital%2Faba%3Flid%3Dlead_0031%26utm_source%3Dcold_email%26utm_medium%3Demail%26utm_campaign%3Dpilot-2026-09-25-curated%26utm_content%3Dtouch_3

Wishing you and your clinical team continued success in Charlotte!

Best,
Hudson","https://abaclinics.clubemkt.digital/crm/api/track/click?lid=lead_0031&touch=3&url=https%3A%2F%2Fabaclinics.clubemkt.digital%2Faba%3Flid%3Dlead_0031%26utm_source%3Dcold_email%26utm_medium%3Demail%26utm_campaign%3Dpilot-2026-09-25-curated%26utm_content%3Dtouch_3","Closing out Mosaic Pediatric Therapy's file for now?","Hi Mike,

Usually when I haven't heard back, it means one of two things:
1. Your caseload and waitlist in in Charlotte are already at 100% capacity.
2. You're interested, but the timing is bad.

If you'd like me to follow up in a few months when you're looking to open new rooms or hire BCBAs, just reply ""later"".

Otherwise, if you ever want to review our intake framework, it's always live at:
https://abaclinics.clubemkt.digital/crm/api/track/click?lid=lead_0031&touch=4&url=https%3A%2F%2Fabaclinics.clubemkt.digital%2Faba%3Flid%3Dlead_0031%26utm_source%3Dcold_email%26utm_medium%3Demail%26utm_campaign%3Dpilot-2026-09-25-curated%26utm_content%3Dtouch_4

Thanks for all you do for the autism community in NC.

Best,
Hudson","https://abaclinics.clubemkt.digital/crm/api/track/click?lid=lead_0031&touch=4&url=https%3A%2F%2Fabaclinics.clubemkt.digital%2Faba%3Flid%3Dlead_0031%26utm_source%3Dcold_email%26utm_medium%3Demail%26utm_campaign%3Dpilot-2026-09-25-curated%26utm_content%3Dtouch_4"
"mark@buddingfuturesaba.com","Mark","Hirsch","Budding Futures ABA","Denver","CO","1","lead_0032","pilot-2026-09-25-curated","https://www.buddingfuturesaba.com","https://www.linkedin.com/in/mark-hirsch-aba","Quick question about Budding Futures ABA's caseload in CO","Hi Mark,

I was looking at independent ABA practices in Denver and came across Budding Futures ABA.

Most clinic owners with 1–3 locations we talk to in CO tell us their primary bottleneck isn't clinical expertise—it's getting a predictable flow of commercial-insurance and private-pay inquiries without selling out to PE roll-ups or burning margin on generic agencies.

We built an intake & patient growth system specifically for independent practices. You can see how the intake flow and caseload matching work here:

https://abaclinics.clubemkt.digital/crm/api/track/click?lid=lead_0032&touch=1&url=https%3A%2F%2Fabaclinics.clubemkt.digital%2Faba%3Flid%3Dlead_0032%26utm_source%3Dcold_email%26utm_medium%3Demail%26utm_campaign%3Dpilot-2026-09-25-curated%26utm_content%3Dtouch_1

Do you have 15 minutes this Thursday or Friday to see if this fits your current openings?

Best,
Hudson Argollo
ABA Practice Growth · Gold Traffic","https://abaclinics.clubemkt.digital/crm/api/track/click?lid=lead_0032&touch=1&url=https%3A%2F%2Fabaclinics.clubemkt.digital%2Faba%3Flid%3Dlead_0032%26utm_source%3Dcold_email%26utm_medium%3Demail%26utm_campaign%3Dpilot-2026-09-25-curated%26utm_content%3Dtouch_1","Re: Budding Futures ABA's openings in CO","Hi Mark,

Quick follow-up on my note from earlier this week.

When clinics expand or onboard new BCBAs/RBTs, the hardest part is usually timing: converting waitlisted families the exact week a slot opens rather than watching them drop off to competitor waitlists.

We put together a 20-minute discovery breakdown for independent practices:
https://abaclinics.clubemkt.digital/crm/api/track/click?lid=lead_0032&touch=2&url=https%3A%2F%2Fabaclinics.clubemkt.digital%2Faba%3Flid%3Dlead_0032%26utm_source%3Dcold_email%26utm_medium%3Demail%26utm_campaign%3Dpilot-2026-09-25-curated%26utm_content%3Dtouch_2

Would love to share what's working for clinics in CO if you're open to comparing notes.

Best,
Hudson","https://abaclinics.clubemkt.digital/crm/api/track/click?lid=lead_0032&touch=2&url=https%3A%2F%2Fabaclinics.clubemkt.digital%2Faba%3Flid%3Dlead_0032%26utm_source%3Dcold_email%26utm_medium%3Demail%26utm_campaign%3Dpilot-2026-09-25-curated%26utm_content%3Dtouch_2","Filling Budding Futures ABA's caseload (CO)","Hi Mark,

I know you're busy running Budding Futures ABA and managing clinical plans.

If patient intake or waitlist conversion isn't a priority right now, no worries at all. If you ever want to check our 2-minute fit assessment or see if our model works for your current capacity, you can bookmark this link:

https://abaclinics.clubemkt.digital/crm/api/track/click?lid=lead_0032&touch=3&url=https%3A%2F%2Fabaclinics.clubemkt.digital%2Faba%3Flid%3Dlead_0032%26utm_source%3Dcold_email%26utm_medium%3Demail%26utm_campaign%3Dpilot-2026-09-25-curated%26utm_content%3Dtouch_3

Wishing you and your clinical team continued success in Denver!

Best,
Hudson","https://abaclinics.clubemkt.digital/crm/api/track/click?lid=lead_0032&touch=3&url=https%3A%2F%2Fabaclinics.clubemkt.digital%2Faba%3Flid%3Dlead_0032%26utm_source%3Dcold_email%26utm_medium%3Demail%26utm_campaign%3Dpilot-2026-09-25-curated%26utm_content%3Dtouch_3","Closing out Budding Futures ABA's file for now?","Hi Mark,

Usually when I haven't heard back, it means one of two things:
1. Your caseload and waitlist in in Denver are already at 100% capacity.
2. You're interested, but the timing is bad.

If you'd like me to follow up in a few months when you're looking to open new rooms or hire BCBAs, just reply ""later"".

Otherwise, if you ever want to review our intake framework, it's always live at:
https://abaclinics.clubemkt.digital/crm/api/track/click?lid=lead_0032&touch=4&url=https%3A%2F%2Fabaclinics.clubemkt.digital%2Faba%3Flid%3Dlead_0032%26utm_source%3Dcold_email%26utm_medium%3Demail%26utm_campaign%3Dpilot-2026-09-25-curated%26utm_content%3Dtouch_4

Thanks for all you do for the autism community in CO.

Best,
Hudson","https://abaclinics.clubemkt.digital/crm/api/track/click?lid=lead_0032&touch=4&url=https%3A%2F%2Fabaclinics.clubemkt.digital%2Faba%3Flid%3Dlead_0032%26utm_source%3Dcold_email%26utm_medium%3Demail%26utm_campaign%3Dpilot-2026-09-25-curated%26utm_content%3Dtouch_4"
"jj@behaviorspan.com","Dr.","J.J. Tomash","BehaviorSpan Autism Center","Denver","CO","2","lead_0033","pilot-2026-09-25-curated","https://www.behaviorspan.com","https://www.linkedin.com/in/jj-tomash-bcba","Quick question about BehaviorSpan Autism Center's caseload in CO","Hi Dr.,

I was looking at independent ABA practices in Denver and came across BehaviorSpan Autism Center.

Most clinic owners with 1–3 locations we talk to in CO tell us their primary bottleneck isn't clinical expertise—it's getting a predictable flow of commercial-insurance and private-pay inquiries without selling out to PE roll-ups or burning margin on generic agencies.

We built an intake & patient growth system specifically for independent practices. You can see how the intake flow and caseload matching work here:

https://abaclinics.clubemkt.digital/crm/api/track/click?lid=lead_0033&touch=1&url=https%3A%2F%2Fabaclinics.clubemkt.digital%2Faba%3Flid%3Dlead_0033%26utm_source%3Dcold_email%26utm_medium%3Demail%26utm_campaign%3Dpilot-2026-09-25-curated%26utm_content%3Dtouch_1

Do you have 15 minutes this Thursday or Friday to see if this fits your current openings?

Best,
Hudson Argollo
ABA Practice Growth · Gold Traffic","https://abaclinics.clubemkt.digital/crm/api/track/click?lid=lead_0033&touch=1&url=https%3A%2F%2Fabaclinics.clubemkt.digital%2Faba%3Flid%3Dlead_0033%26utm_source%3Dcold_email%26utm_medium%3Demail%26utm_campaign%3Dpilot-2026-09-25-curated%26utm_content%3Dtouch_1","Re: BehaviorSpan Autism Center's openings in CO","Hi Dr.,

Quick follow-up on my note from earlier this week.

When clinics expand or onboard new BCBAs/RBTs, the hardest part is usually timing: converting waitlisted families the exact week a slot opens rather than watching them drop off to competitor waitlists.

We put together a 20-minute discovery breakdown for independent practices:
https://abaclinics.clubemkt.digital/crm/api/track/click?lid=lead_0033&touch=2&url=https%3A%2F%2Fabaclinics.clubemkt.digital%2Faba%3Flid%3Dlead_0033%26utm_source%3Dcold_email%26utm_medium%3Demail%26utm_campaign%3Dpilot-2026-09-25-curated%26utm_content%3Dtouch_2

Would love to share what's working for clinics in CO if you're open to comparing notes.

Best,
Hudson","https://abaclinics.clubemkt.digital/crm/api/track/click?lid=lead_0033&touch=2&url=https%3A%2F%2Fabaclinics.clubemkt.digital%2Faba%3Flid%3Dlead_0033%26utm_source%3Dcold_email%26utm_medium%3Demail%26utm_campaign%3Dpilot-2026-09-25-curated%26utm_content%3Dtouch_2","Filling BehaviorSpan Autism Center's caseload (CO)","Hi Dr.,

I know you're busy running BehaviorSpan Autism Center and managing clinical plans.

If patient intake or waitlist conversion isn't a priority right now, no worries at all. If you ever want to check our 2-minute fit assessment or see if our model works for your current capacity, you can bookmark this link:

https://abaclinics.clubemkt.digital/crm/api/track/click?lid=lead_0033&touch=3&url=https%3A%2F%2Fabaclinics.clubemkt.digital%2Faba%3Flid%3Dlead_0033%26utm_source%3Dcold_email%26utm_medium%3Demail%26utm_campaign%3Dpilot-2026-09-25-curated%26utm_content%3Dtouch_3

Wishing you and your clinical team continued success in Denver!

Best,
Hudson","https://abaclinics.clubemkt.digital/crm/api/track/click?lid=lead_0033&touch=3&url=https%3A%2F%2Fabaclinics.clubemkt.digital%2Faba%3Flid%3Dlead_0033%26utm_source%3Dcold_email%26utm_medium%3Demail%26utm_campaign%3Dpilot-2026-09-25-curated%26utm_content%3Dtouch_3","Closing out BehaviorSpan Autism Center's file for now?","Hi Dr.,

Usually when I haven't heard back, it means one of two things:
1. Your caseload and waitlist in in Denver are already at 100% capacity.
2. You're interested, but the timing is bad.

If you'd like me to follow up in a few months when you're looking to open new rooms or hire BCBAs, just reply ""later"".

Otherwise, if you ever want to review our intake framework, it's always live at:
https://abaclinics.clubemkt.digital/crm/api/track/click?lid=lead_0033&touch=4&url=https%3A%2F%2Fabaclinics.clubemkt.digital%2Faba%3Flid%3Dlead_0033%26utm_source%3Dcold_email%26utm_medium%3Demail%26utm_campaign%3Dpilot-2026-09-25-curated%26utm_content%3Dtouch_4

Thanks for all you do for the autism community in CO.

Best,
Hudson","https://abaclinics.clubemkt.digital/crm/api/track/click?lid=lead_0033&touch=4&url=https%3A%2F%2Fabaclinics.clubemkt.digital%2Faba%3Flid%3Dlead_0033%26utm_source%3Dcold_email%26utm_medium%3Demail%26utm_campaign%3Dpilot-2026-09-25-curated%26utm_content%3Dtouch_4"
"larisa@contextaba.com","Larisa","Sheperd","ContextABA Therapy","Denver","CO","1","lead_0034","pilot-2026-09-25-curated","https://contextaba.com","https://www.linkedin.com/in/larisa-sheperd-bcba","Quick question about ContextABA Therapy's caseload in CO","Hi Larisa,

I was looking at independent ABA practices in Denver and came across ContextABA Therapy.

Most clinic owners with 1–3 locations we talk to in CO tell us their primary bottleneck isn't clinical expertise—it's getting a predictable flow of commercial-insurance and private-pay inquiries without selling out to PE roll-ups or burning margin on generic agencies.

We built an intake & patient growth system specifically for independent practices. You can see how the intake flow and caseload matching work here:

https://abaclinics.clubemkt.digital/crm/api/track/click?lid=lead_0034&touch=1&url=https%3A%2F%2Fabaclinics.clubemkt.digital%2Faba%3Flid%3Dlead_0034%26utm_source%3Dcold_email%26utm_medium%3Demail%26utm_campaign%3Dpilot-2026-09-25-curated%26utm_content%3Dtouch_1

Do you have 15 minutes this Thursday or Friday to see if this fits your current openings?

Best,
Hudson Argollo
ABA Practice Growth · Gold Traffic","https://abaclinics.clubemkt.digital/crm/api/track/click?lid=lead_0034&touch=1&url=https%3A%2F%2Fabaclinics.clubemkt.digital%2Faba%3Flid%3Dlead_0034%26utm_source%3Dcold_email%26utm_medium%3Demail%26utm_campaign%3Dpilot-2026-09-25-curated%26utm_content%3Dtouch_1","Re: ContextABA Therapy's openings in CO","Hi Larisa,

Quick follow-up on my note from earlier this week.

When clinics expand or onboard new BCBAs/RBTs, the hardest part is usually timing: converting waitlisted families the exact week a slot opens rather than watching them drop off to competitor waitlists.

We put together a 20-minute discovery breakdown for independent practices:
https://abaclinics.clubemkt.digital/crm/api/track/click?lid=lead_0034&touch=2&url=https%3A%2F%2Fabaclinics.clubemkt.digital%2Faba%3Flid%3Dlead_0034%26utm_source%3Dcold_email%26utm_medium%3Demail%26utm_campaign%3Dpilot-2026-09-25-curated%26utm_content%3Dtouch_2

Would love to share what's working for clinics in CO if you're open to comparing notes.

Best,
Hudson","https://abaclinics.clubemkt.digital/crm/api/track/click?lid=lead_0034&touch=2&url=https%3A%2F%2Fabaclinics.clubemkt.digital%2Faba%3Flid%3Dlead_0034%26utm_source%3Dcold_email%26utm_medium%3Demail%26utm_campaign%3Dpilot-2026-09-25-curated%26utm_content%3Dtouch_2","Filling ContextABA Therapy's caseload (CO)","Hi Larisa,

I know you're busy running ContextABA Therapy and managing clinical plans.

If patient intake or waitlist conversion isn't a priority right now, no worries at all. If you ever want to check our 2-minute fit assessment or see if our model works for your current capacity, you can bookmark this link:

https://abaclinics.clubemkt.digital/crm/api/track/click?lid=lead_0034&touch=3&url=https%3A%2F%2Fabaclinics.clubemkt.digital%2Faba%3Flid%3Dlead_0034%26utm_source%3Dcold_email%26utm_medium%3Demail%26utm_campaign%3Dpilot-2026-09-25-curated%26utm_content%3Dtouch_3

Wishing you and your clinical team continued success in Denver!

Best,
Hudson","https://abaclinics.clubemkt.digital/crm/api/track/click?lid=lead_0034&touch=3&url=https%3A%2F%2Fabaclinics.clubemkt.digital%2Faba%3Flid%3Dlead_0034%26utm_source%3Dcold_email%26utm_medium%3Demail%26utm_campaign%3Dpilot-2026-09-25-curated%26utm_content%3Dtouch_3","Closing out ContextABA Therapy's file for now?","Hi Larisa,

Usually when I haven't heard back, it means one of two things:
1. Your caseload and waitlist in in Denver are already at 100% capacity.
2. You're interested, but the timing is bad.

If you'd like me to follow up in a few months when you're looking to open new rooms or hire BCBAs, just reply ""later"".

Otherwise, if you ever want to review our intake framework, it's always live at:
https://abaclinics.clubemkt.digital/crm/api/track/click?lid=lead_0034&touch=4&url=https%3A%2F%2Fabaclinics.clubemkt.digital%2Faba%3Flid%3Dlead_0034%26utm_source%3Dcold_email%26utm_medium%3Demail%26utm_campaign%3Dpilot-2026-09-25-curated%26utm_content%3Dtouch_4

Thanks for all you do for the autism community in CO.

Best,
Hudson","https://abaclinics.clubemkt.digital/crm/api/track/click?lid=lead_0034&touch=4&url=https%3A%2F%2Fabaclinics.clubemkt.digital%2Faba%3Flid%3Dlead_0034%26utm_source%3Dcold_email%26utm_medium%3Demail%26utm_campaign%3Dpilot-2026-09-25-curated%26utm_content%3Dtouch_4"
"ajah@myersassessment.com","Ajah","Myers","Myers Assessment & Therapeutic Services","Tyrone","GA","2","lead_0035","pilot-2026-09-25-curated","https://myersassessment.com","https://www.linkedin.com/in/ajah-myers-mats","Quick question about Myers Assessment & Therapeutic Services's caseload in GA","Hi Ajah,

I was looking at independent ABA practices in Tyrone and came across Myers Assessment & Therapeutic Services.

Most clinic owners with 1–3 locations we talk to in GA tell us their primary bottleneck isn't clinical expertise—it's getting a predictable flow of commercial-insurance and private-pay inquiries without selling out to PE roll-ups or burning margin on generic agencies.

We built an intake & patient growth system specifically for independent practices. You can see how the intake flow and caseload matching work here:

https://abaclinics.clubemkt.digital/crm/api/track/click?lid=lead_0035&touch=1&url=https%3A%2F%2Fabaclinics.clubemkt.digital%2Faba%3Flid%3Dlead_0035%26utm_source%3Dcold_email%26utm_medium%3Demail%26utm_campaign%3Dpilot-2026-09-25-curated%26utm_content%3Dtouch_1

Do you have 15 minutes this Thursday or Friday to see if this fits your current openings?

Best,
Hudson Argollo
ABA Practice Growth · Gold Traffic","https://abaclinics.clubemkt.digital/crm/api/track/click?lid=lead_0035&touch=1&url=https%3A%2F%2Fabaclinics.clubemkt.digital%2Faba%3Flid%3Dlead_0035%26utm_source%3Dcold_email%26utm_medium%3Demail%26utm_campaign%3Dpilot-2026-09-25-curated%26utm_content%3Dtouch_1","Re: Myers Assessment & Therapeutic Services's openings in GA","Hi Ajah,

Quick follow-up on my note from earlier this week.

When clinics expand or onboard new BCBAs/RBTs, the hardest part is usually timing: converting waitlisted families the exact week a slot opens rather than watching them drop off to competitor waitlists.

We put together a 20-minute discovery breakdown for independent practices:
https://abaclinics.clubemkt.digital/crm/api/track/click?lid=lead_0035&touch=2&url=https%3A%2F%2Fabaclinics.clubemkt.digital%2Faba%3Flid%3Dlead_0035%26utm_source%3Dcold_email%26utm_medium%3Demail%26utm_campaign%3Dpilot-2026-09-25-curated%26utm_content%3Dtouch_2

Would love to share what's working for clinics in GA if you're open to comparing notes.

Best,
Hudson","https://abaclinics.clubemkt.digital/crm/api/track/click?lid=lead_0035&touch=2&url=https%3A%2F%2Fabaclinics.clubemkt.digital%2Faba%3Flid%3Dlead_0035%26utm_source%3Dcold_email%26utm_medium%3Demail%26utm_campaign%3Dpilot-2026-09-25-curated%26utm_content%3Dtouch_2","Filling Myers Assessment & Therapeutic Services's caseload (GA)","Hi Ajah,

I know you're busy running Myers Assessment & Therapeutic Services and managing clinical plans.

If patient intake or waitlist conversion isn't a priority right now, no worries at all. If you ever want to check our 2-minute fit assessment or see if our model works for your current capacity, you can bookmark this link:

https://abaclinics.clubemkt.digital/crm/api/track/click?lid=lead_0035&touch=3&url=https%3A%2F%2Fabaclinics.clubemkt.digital%2Faba%3Flid%3Dlead_0035%26utm_source%3Dcold_email%26utm_medium%3Demail%26utm_campaign%3Dpilot-2026-09-25-curated%26utm_content%3Dtouch_3

Wishing you and your clinical team continued success in Tyrone!

Best,
Hudson","https://abaclinics.clubemkt.digital/crm/api/track/click?lid=lead_0035&touch=3&url=https%3A%2F%2Fabaclinics.clubemkt.digital%2Faba%3Flid%3Dlead_0035%26utm_source%3Dcold_email%26utm_medium%3Demail%26utm_campaign%3Dpilot-2026-09-25-curated%26utm_content%3Dtouch_3","Closing out Myers Assessment & Therapeutic Services's file for now?","Hi Ajah,

Usually when I haven't heard back, it means one of two things:
1. Your caseload and waitlist in in Tyrone are already at 100% capacity.
2. You're interested, but the timing is bad.

If you'd like me to follow up in a few months when you're looking to open new rooms or hire BCBAs, just reply ""later"".

Otherwise, if you ever want to review our intake framework, it's always live at:
https://abaclinics.clubemkt.digital/crm/api/track/click?lid=lead_0035&touch=4&url=https%3A%2F%2Fabaclinics.clubemkt.digital%2Faba%3Flid%3Dlead_0035%26utm_source%3Dcold_email%26utm_medium%3Demail%26utm_campaign%3Dpilot-2026-09-25-curated%26utm_content%3Dtouch_4

Thanks for all you do for the autism community in GA.

Best,
Hudson","https://abaclinics.clubemkt.digital/crm/api/track/click?lid=lead_0035&touch=4&url=https%3A%2F%2Fabaclinics.clubemkt.digital%2Faba%3Flid%3Dlead_0035%26utm_source%3Dcold_email%26utm_medium%3Demail%26utm_campaign%3Dpilot-2026-09-25-curated%26utm_content%3Dtouch_4"
"smiller@earlyautismproject.com","Sarah","Miller","Early Autism Project Atlanta","Atlanta","GA","3","lead_0036","pilot-2026-09-25-curated","https://earlyautismproject.com","https://www.linkedin.com/company/early-autism-project","Quick question about Early Autism Project Atlanta's caseload in GA","Hi Sarah,

I was looking at independent ABA practices in Atlanta and came across Early Autism Project Atlanta.

Most clinic owners with 1–3 locations we talk to in GA tell us their primary bottleneck isn't clinical expertise—it's getting a predictable flow of commercial-insurance and private-pay inquiries without selling out to PE roll-ups or burning margin on generic agencies.

We built an intake & patient growth system specifically for independent practices. You can see how the intake flow and caseload matching work here:

https://abaclinics.clubemkt.digital/crm/api/track/click?lid=lead_0036&touch=1&url=https%3A%2F%2Fabaclinics.clubemkt.digital%2Faba%3Flid%3Dlead_0036%26utm_source%3Dcold_email%26utm_medium%3Demail%26utm_campaign%3Dpilot-2026-09-25-curated%26utm_content%3Dtouch_1

Do you have 15 minutes this Thursday or Friday to see if this fits your current openings?

Best,
Hudson Argollo
ABA Practice Growth · Gold Traffic","https://abaclinics.clubemkt.digital/crm/api/track/click?lid=lead_0036&touch=1&url=https%3A%2F%2Fabaclinics.clubemkt.digital%2Faba%3Flid%3Dlead_0036%26utm_source%3Dcold_email%26utm_medium%3Demail%26utm_campaign%3Dpilot-2026-09-25-curated%26utm_content%3Dtouch_1","Re: Early Autism Project Atlanta's openings in GA","Hi Sarah,

Quick follow-up on my note from earlier this week.

When clinics expand or onboard new BCBAs/RBTs, the hardest part is usually timing: converting waitlisted families the exact week a slot opens rather than watching them drop off to competitor waitlists.

We put together a 20-minute discovery breakdown for independent practices:
https://abaclinics.clubemkt.digital/crm/api/track/click?lid=lead_0036&touch=2&url=https%3A%2F%2Fabaclinics.clubemkt.digital%2Faba%3Flid%3Dlead_0036%26utm_source%3Dcold_email%26utm_medium%3Demail%26utm_campaign%3Dpilot-2026-09-25-curated%26utm_content%3Dtouch_2

Would love to share what's working for clinics in GA if you're open to comparing notes.

Best,
Hudson","https://abaclinics.clubemkt.digital/crm/api/track/click?lid=lead_0036&touch=2&url=https%3A%2F%2Fabaclinics.clubemkt.digital%2Faba%3Flid%3Dlead_0036%26utm_source%3Dcold_email%26utm_medium%3Demail%26utm_campaign%3Dpilot-2026-09-25-curated%26utm_content%3Dtouch_2","Filling Early Autism Project Atlanta's caseload (GA)","Hi Sarah,

I know you're busy running Early Autism Project Atlanta and managing clinical plans.

If patient intake or waitlist conversion isn't a priority right now, no worries at all. If you ever want to check our 2-minute fit assessment or see if our model works for your current capacity, you can bookmark this link:

https://abaclinics.clubemkt.digital/crm/api/track/click?lid=lead_0036&touch=3&url=https%3A%2F%2Fabaclinics.clubemkt.digital%2Faba%3Flid%3Dlead_0036%26utm_source%3Dcold_email%26utm_medium%3Demail%26utm_campaign%3Dpilot-2026-09-25-curated%26utm_content%3Dtouch_3

Wishing you and your clinical team continued success in Atlanta!

Best,
Hudson","https://abaclinics.clubemkt.digital/crm/api/track/click?lid=lead_0036&touch=3&url=https%3A%2F%2Fabaclinics.clubemkt.digital%2Faba%3Flid%3Dlead_0036%26utm_source%3Dcold_email%26utm_medium%3Demail%26utm_campaign%3Dpilot-2026-09-25-curated%26utm_content%3Dtouch_3","Closing out Early Autism Project Atlanta's file for now?","Hi Sarah,

Usually when I haven't heard back, it means one of two things:
1. Your caseload and waitlist in in Atlanta are already at 100% capacity.
2. You're interested, but the timing is bad.

If you'd like me to follow up in a few months when you're looking to open new rooms or hire BCBAs, just reply ""later"".

Otherwise, if you ever want to review our intake framework, it's always live at:
https://abaclinics.clubemkt.digital/crm/api/track/click?lid=lead_0036&touch=4&url=https%3A%2F%2Fabaclinics.clubemkt.digital%2Faba%3Flid%3Dlead_0036%26utm_source%3Dcold_email%26utm_medium%3Demail%26utm_campaign%3Dpilot-2026-09-25-curated%26utm_content%3Dtouch_4

Thanks for all you do for the autism community in GA.

Best,
Hudson","https://abaclinics.clubemkt.digital/crm/api/track/click?lid=lead_0036&touch=4&url=https%3A%2F%2Fabaclinics.clubemkt.digital%2Faba%3Flid%3Dlead_0036%26utm_source%3Dcold_email%26utm_medium%3Demail%26utm_campaign%3Dpilot-2026-09-25-curated%26utm_content%3Dtouch_4"
"gscott@dominionbehavioral.com","Dr.","Gregory Scott","Dominion Behavioral Health","Richmond","VA","2","lead_0037","pilot-2026-09-25-curated","https://dominionbehavioral.com","https://www.linkedin.com/company/dominion-behavioral-healthcare","Quick question about Dominion Behavioral Health's caseload in VA","Hi Dr.,

I was looking at independent ABA practices in Richmond and came across Dominion Behavioral Health.

Most clinic owners with 1–3 locations we talk to in VA tell us their primary bottleneck isn't clinical expertise—it's getting a predictable flow of commercial-insurance and private-pay inquiries without selling out to PE roll-ups or burning margin on generic agencies.

We built an intake & patient growth system specifically for independent practices. You can see how the intake flow and caseload matching work here:

https://abaclinics.clubemkt.digital/crm/api/track/click?lid=lead_0037&touch=1&url=https%3A%2F%2Fabaclinics.clubemkt.digital%2Faba%3Flid%3Dlead_0037%26utm_source%3Dcold_email%26utm_medium%3Demail%26utm_campaign%3Dpilot-2026-09-25-curated%26utm_content%3Dtouch_1

Do you have 15 minutes this Thursday or Friday to see if this fits your current openings?

Best,
Hudson Argollo
ABA Practice Growth · Gold Traffic","https://abaclinics.clubemkt.digital/crm/api/track/click?lid=lead_0037&touch=1&url=https%3A%2F%2Fabaclinics.clubemkt.digital%2Faba%3Flid%3Dlead_0037%26utm_source%3Dcold_email%26utm_medium%3Demail%26utm_campaign%3Dpilot-2026-09-25-curated%26utm_content%3Dtouch_1","Re: Dominion Behavioral Health's openings in VA","Hi Dr.,

Quick follow-up on my note from earlier this week.

When clinics expand or onboard new BCBAs/RBTs, the hardest part is usually timing: converting waitlisted families the exact week a slot opens rather than watching them drop off to competitor waitlists.

We put together a 20-minute discovery breakdown for independent practices:
https://abaclinics.clubemkt.digital/crm/api/track/click?lid=lead_0037&touch=2&url=https%3A%2F%2Fabaclinics.clubemkt.digital%2Faba%3Flid%3Dlead_0037%26utm_source%3Dcold_email%26utm_medium%3Demail%26utm_campaign%3Dpilot-2026-09-25-curated%26utm_content%3Dtouch_2

Would love to share what's working for clinics in VA if you're open to comparing notes.

Best,
Hudson","https://abaclinics.clubemkt.digital/crm/api/track/click?lid=lead_0037&touch=2&url=https%3A%2F%2Fabaclinics.clubemkt.digital%2Faba%3Flid%3Dlead_0037%26utm_source%3Dcold_email%26utm_medium%3Demail%26utm_campaign%3Dpilot-2026-09-25-curated%26utm_content%3Dtouch_2","Filling Dominion Behavioral Health's caseload (VA)","Hi Dr.,

I know you're busy running Dominion Behavioral Health and managing clinical plans.

If patient intake or waitlist conversion isn't a priority right now, no worries at all. If you ever want to check our 2-minute fit assessment or see if our model works for your current capacity, you can bookmark this link:

https://abaclinics.clubemkt.digital/crm/api/track/click?lid=lead_0037&touch=3&url=https%3A%2F%2Fabaclinics.clubemkt.digital%2Faba%3Flid%3Dlead_0037%26utm_source%3Dcold_email%26utm_medium%3Demail%26utm_campaign%3Dpilot-2026-09-25-curated%26utm_content%3Dtouch_3

Wishing you and your clinical team continued success in Richmond!

Best,
Hudson","https://abaclinics.clubemkt.digital/crm/api/track/click?lid=lead_0037&touch=3&url=https%3A%2F%2Fabaclinics.clubemkt.digital%2Faba%3Flid%3Dlead_0037%26utm_source%3Dcold_email%26utm_medium%3Demail%26utm_campaign%3Dpilot-2026-09-25-curated%26utm_content%3Dtouch_3","Closing out Dominion Behavioral Health's file for now?","Hi Dr.,

Usually when I haven't heard back, it means one of two things:
1. Your caseload and waitlist in in Richmond are already at 100% capacity.
2. You're interested, but the timing is bad.

If you'd like me to follow up in a few months when you're looking to open new rooms or hire BCBAs, just reply ""later"".

Otherwise, if you ever want to review our intake framework, it's always live at:
https://abaclinics.clubemkt.digital/crm/api/track/click?lid=lead_0037&touch=4&url=https%3A%2F%2Fabaclinics.clubemkt.digital%2Faba%3Flid%3Dlead_0037%26utm_source%3Dcold_email%26utm_medium%3Demail%26utm_campaign%3Dpilot-2026-09-25-curated%26utm_content%3Dtouch_4

Thanks for all you do for the autism community in VA.

Best,
Hudson","https://abaclinics.clubemkt.digital/crm/api/track/click?lid=lead_0037&touch=4&url=https%3A%2F%2Fabaclinics.clubemkt.digital%2Faba%3Flid%3Dlead_0037%26utm_source%3Dcold_email%26utm_medium%3Demail%26utm_campaign%3Dpilot-2026-09-25-curated%26utm_content%3Dtouch_4"
"rhughes@chesapeakeaba.com","Rachel","Hughes","Chesapeake Center for ABA","Bethesda","MD","2","lead_0038","pilot-2026-09-25-curated","https://chesapeakeaba.com","https://www.linkedin.com/company/chesapeake-center","Quick question about Chesapeake Center for ABA's caseload in MD","Hi Rachel,

I was looking at independent ABA practices in Bethesda and came across Chesapeake Center for ABA.

Most clinic owners with 1–3 locations we talk to in MD tell us their primary bottleneck isn't clinical expertise—it's getting a predictable flow of commercial-insurance and private-pay inquiries without selling out to PE roll-ups or burning margin on generic agencies.

We built an intake & patient growth system specifically for independent practices. You can see how the intake flow and caseload matching work here:

https://abaclinics.clubemkt.digital/crm/api/track/click?lid=lead_0038&touch=1&url=https%3A%2F%2Fabaclinics.clubemkt.digital%2Faba%3Flid%3Dlead_0038%26utm_source%3Dcold_email%26utm_medium%3Demail%26utm_campaign%3Dpilot-2026-09-25-curated%26utm_content%3Dtouch_1

Do you have 15 minutes this Thursday or Friday to see if this fits your current openings?

Best,
Hudson Argollo
ABA Practice Growth · Gold Traffic","https://abaclinics.clubemkt.digital/crm/api/track/click?lid=lead_0038&touch=1&url=https%3A%2F%2Fabaclinics.clubemkt.digital%2Faba%3Flid%3Dlead_0038%26utm_source%3Dcold_email%26utm_medium%3Demail%26utm_campaign%3Dpilot-2026-09-25-curated%26utm_content%3Dtouch_1","Re: Chesapeake Center for ABA's openings in MD","Hi Rachel,

Quick follow-up on my note from earlier this week.

When clinics expand or onboard new BCBAs/RBTs, the hardest part is usually timing: converting waitlisted families the exact week a slot opens rather than watching them drop off to competitor waitlists.

We put together a 20-minute discovery breakdown for independent practices:
https://abaclinics.clubemkt.digital/crm/api/track/click?lid=lead_0038&touch=2&url=https%3A%2F%2Fabaclinics.clubemkt.digital%2Faba%3Flid%3Dlead_0038%26utm_source%3Dcold_email%26utm_medium%3Demail%26utm_campaign%3Dpilot-2026-09-25-curated%26utm_content%3Dtouch_2

Would love to share what's working for clinics in MD if you're open to comparing notes.

Best,
Hudson","https://abaclinics.clubemkt.digital/crm/api/track/click?lid=lead_0038&touch=2&url=https%3A%2F%2Fabaclinics.clubemkt.digital%2Faba%3Flid%3Dlead_0038%26utm_source%3Dcold_email%26utm_medium%3Demail%26utm_campaign%3Dpilot-2026-09-25-curated%26utm_content%3Dtouch_2","Filling Chesapeake Center for ABA's caseload (MD)","Hi Rachel,

I know you're busy running Chesapeake Center for ABA and managing clinical plans.

If patient intake or waitlist conversion isn't a priority right now, no worries at all. If you ever want to check our 2-minute fit assessment or see if our model works for your current capacity, you can bookmark this link:

https://abaclinics.clubemkt.digital/crm/api/track/click?lid=lead_0038&touch=3&url=https%3A%2F%2Fabaclinics.clubemkt.digital%2Faba%3Flid%3Dlead_0038%26utm_source%3Dcold_email%26utm_medium%3Demail%26utm_campaign%3Dpilot-2026-09-25-curated%26utm_content%3Dtouch_3

Wishing you and your clinical team continued success in Bethesda!

Best,
Hudson","https://abaclinics.clubemkt.digital/crm/api/track/click?lid=lead_0038&touch=3&url=https%3A%2F%2Fabaclinics.clubemkt.digital%2Faba%3Flid%3Dlead_0038%26utm_source%3Dcold_email%26utm_medium%3Demail%26utm_campaign%3Dpilot-2026-09-25-curated%26utm_content%3Dtouch_3","Closing out Chesapeake Center for ABA's file for now?","Hi Rachel,

Usually when I haven't heard back, it means one of two things:
1. Your caseload and waitlist in in Bethesda are already at 100% capacity.
2. You're interested, but the timing is bad.

If you'd like me to follow up in a few months when you're looking to open new rooms or hire BCBAs, just reply ""later"".

Otherwise, if you ever want to review our intake framework, it's always live at:
https://abaclinics.clubemkt.digital/crm/api/track/click?lid=lead_0038&touch=4&url=https%3A%2F%2Fabaclinics.clubemkt.digital%2Faba%3Flid%3Dlead_0038%26utm_source%3Dcold_email%26utm_medium%3Demail%26utm_campaign%3Dpilot-2026-09-25-curated%26utm_content%3Dtouch_4

Thanks for all you do for the autism community in MD.

Best,
Hudson","https://abaclinics.clubemkt.digital/crm/api/track/click?lid=lead_0038&touch=4&url=https%3A%2F%2Fabaclinics.clubemkt.digital%2Faba%3Flid%3Dlead_0038%26utm_source%3Dcold_email%26utm_medium%3Demail%26utm_campaign%3Dpilot-2026-09-25-curated%26utm_content%3Dtouch_4"
"karen@chicagopediatrictherapy.com","Karen","O'Flaherty","Chicago Pediatric Therapy & ABA","Chicago","IL","2","lead_0039","pilot-2026-09-25-curated","https://chicagopediatrictherapy.com","https://www.linkedin.com/company/chicago-pediatric-therapy-and-wellness-center","Quick question about Chicago Pediatric Therapy & ABA's caseload in IL","Hi Karen,

I was looking at independent ABA practices in Chicago and came across Chicago Pediatric Therapy & ABA.

Most clinic owners with 1–3 locations we talk to in IL tell us their primary bottleneck isn't clinical expertise—it's getting a predictable flow of commercial-insurance and private-pay inquiries without selling out to PE roll-ups or burning margin on generic agencies.

We built an intake & patient growth system specifically for independent practices. You can see how the intake flow and caseload matching work here:

https://abaclinics.clubemkt.digital/crm/api/track/click?lid=lead_0039&touch=1&url=https%3A%2F%2Fabaclinics.clubemkt.digital%2Faba%3Flid%3Dlead_0039%26utm_source%3Dcold_email%26utm_medium%3Demail%26utm_campaign%3Dpilot-2026-09-25-curated%26utm_content%3Dtouch_1

Do you have 15 minutes this Thursday or Friday to see if this fits your current openings?

Best,
Hudson Argollo
ABA Practice Growth · Gold Traffic","https://abaclinics.clubemkt.digital/crm/api/track/click?lid=lead_0039&touch=1&url=https%3A%2F%2Fabaclinics.clubemkt.digital%2Faba%3Flid%3Dlead_0039%26utm_source%3Dcold_email%26utm_medium%3Demail%26utm_campaign%3Dpilot-2026-09-25-curated%26utm_content%3Dtouch_1","Re: Chicago Pediatric Therapy & ABA's openings in IL","Hi Karen,

Quick follow-up on my note from earlier this week.

When clinics expand or onboard new BCBAs/RBTs, the hardest part is usually timing: converting waitlisted families the exact week a slot opens rather than watching them drop off to competitor waitlists.

We put together a 20-minute discovery breakdown for independent practices:
https://abaclinics.clubemkt.digital/crm/api/track/click?lid=lead_0039&touch=2&url=https%3A%2F%2Fabaclinics.clubemkt.digital%2Faba%3Flid%3Dlead_0039%26utm_source%3Dcold_email%26utm_medium%3Demail%26utm_campaign%3Dpilot-2026-09-25-curated%26utm_content%3Dtouch_2

Would love to share what's working for clinics in IL if you're open to comparing notes.

Best,
Hudson","https://abaclinics.clubemkt.digital/crm/api/track/click?lid=lead_0039&touch=2&url=https%3A%2F%2Fabaclinics.clubemkt.digital%2Faba%3Flid%3Dlead_0039%26utm_source%3Dcold_email%26utm_medium%3Demail%26utm_campaign%3Dpilot-2026-09-25-curated%26utm_content%3Dtouch_2","Filling Chicago Pediatric Therapy & ABA's caseload (IL)","Hi Karen,

I know you're busy running Chicago Pediatric Therapy & ABA and managing clinical plans.

If patient intake or waitlist conversion isn't a priority right now, no worries at all. If you ever want to check our 2-minute fit assessment or see if our model works for your current capacity, you can bookmark this link:

https://abaclinics.clubemkt.digital/crm/api/track/click?lid=lead_0039&touch=3&url=https%3A%2F%2Fabaclinics.clubemkt.digital%2Faba%3Flid%3Dlead_0039%26utm_source%3Dcold_email%26utm_medium%3Demail%26utm_campaign%3Dpilot-2026-09-25-curated%26utm_content%3Dtouch_3

Wishing you and your clinical team continued success in Chicago!

Best,
Hudson","https://abaclinics.clubemkt.digital/crm/api/track/click?lid=lead_0039&touch=3&url=https%3A%2F%2Fabaclinics.clubemkt.digital%2Faba%3Flid%3Dlead_0039%26utm_source%3Dcold_email%26utm_medium%3Demail%26utm_campaign%3Dpilot-2026-09-25-curated%26utm_content%3Dtouch_3","Closing out Chicago Pediatric Therapy & ABA's file for now?","Hi Karen,

Usually when I haven't heard back, it means one of two things:
1. Your caseload and waitlist in in Chicago are already at 100% capacity.
2. You're interested, but the timing is bad.

If you'd like me to follow up in a few months when you're looking to open new rooms or hire BCBAs, just reply ""later"".

Otherwise, if you ever want to review our intake framework, it's always live at:
https://abaclinics.clubemkt.digital/crm/api/track/click?lid=lead_0039&touch=4&url=https%3A%2F%2Fabaclinics.clubemkt.digital%2Faba%3Flid%3Dlead_0039%26utm_source%3Dcold_email%26utm_medium%3Demail%26utm_campaign%3Dpilot-2026-09-25-curated%26utm_content%3Dtouch_4

Thanks for all you do for the autism community in IL.

Best,
Hudson","https://abaclinics.clubemkt.digital/crm/api/track/click?lid=lead_0039&touch=4&url=https%3A%2F%2Fabaclinics.clubemkt.digital%2Faba%3Flid%3Dlead_0039%26utm_source%3Dcold_email%26utm_medium%3Demail%26utm_campaign%3Dpilot-2026-09-25-curated%26utm_content%3Dtouch_4"
"bjohnson@napervilleautism.com","Brian","Johnson","Naperville Autism Center","Naperville","IL","1","lead_0040","pilot-2026-09-25-curated","https://napervilleautism.com","https://www.linkedin.com/company/naperville-autism","Quick question about Naperville Autism Center's caseload in IL","Hi Brian,

I was looking at independent ABA practices in Naperville and came across Naperville Autism Center.

Most clinic owners with 1–3 locations we talk to in IL tell us their primary bottleneck isn't clinical expertise—it's getting a predictable flow of commercial-insurance and private-pay inquiries without selling out to PE roll-ups or burning margin on generic agencies.

We built an intake & patient growth system specifically for independent practices. You can see how the intake flow and caseload matching work here:

https://abaclinics.clubemkt.digital/crm/api/track/click?lid=lead_0040&touch=1&url=https%3A%2F%2Fabaclinics.clubemkt.digital%2Faba%3Flid%3Dlead_0040%26utm_source%3Dcold_email%26utm_medium%3Demail%26utm_campaign%3Dpilot-2026-09-25-curated%26utm_content%3Dtouch_1

Do you have 15 minutes this Thursday or Friday to see if this fits your current openings?

Best,
Hudson Argollo
ABA Practice Growth · Gold Traffic","https://abaclinics.clubemkt.digital/crm/api/track/click?lid=lead_0040&touch=1&url=https%3A%2F%2Fabaclinics.clubemkt.digital%2Faba%3Flid%3Dlead_0040%26utm_source%3Dcold_email%26utm_medium%3Demail%26utm_campaign%3Dpilot-2026-09-25-curated%26utm_content%3Dtouch_1","Re: Naperville Autism Center's openings in IL","Hi Brian,

Quick follow-up on my note from earlier this week.

When clinics expand or onboard new BCBAs/RBTs, the hardest part is usually timing: converting waitlisted families the exact week a slot opens rather than watching them drop off to competitor waitlists.

We put together a 20-minute discovery breakdown for independent practices:
https://abaclinics.clubemkt.digital/crm/api/track/click?lid=lead_0040&touch=2&url=https%3A%2F%2Fabaclinics.clubemkt.digital%2Faba%3Flid%3Dlead_0040%26utm_source%3Dcold_email%26utm_medium%3Demail%26utm_campaign%3Dpilot-2026-09-25-curated%26utm_content%3Dtouch_2

Would love to share what's working for clinics in IL if you're open to comparing notes.

Best,
Hudson","https://abaclinics.clubemkt.digital/crm/api/track/click?lid=lead_0040&touch=2&url=https%3A%2F%2Fabaclinics.clubemkt.digital%2Faba%3Flid%3Dlead_0040%26utm_source%3Dcold_email%26utm_medium%3Demail%26utm_campaign%3Dpilot-2026-09-25-curated%26utm_content%3Dtouch_2","Filling Naperville Autism Center's caseload (IL)","Hi Brian,

I know you're busy running Naperville Autism Center and managing clinical plans.

If patient intake or waitlist conversion isn't a priority right now, no worries at all. If you ever want to check our 2-minute fit assessment or see if our model works for your current capacity, you can bookmark this link:

https://abaclinics.clubemkt.digital/crm/api/track/click?lid=lead_0040&touch=3&url=https%3A%2F%2Fabaclinics.clubemkt.digital%2Faba%3Flid%3Dlead_0040%26utm_source%3Dcold_email%26utm_medium%3Demail%26utm_campaign%3Dpilot-2026-09-25-curated%26utm_content%3Dtouch_3

Wishing you and your clinical team continued success in Naperville!

Best,
Hudson","https://abaclinics.clubemkt.digital/crm/api/track/click?lid=lead_0040&touch=3&url=https%3A%2F%2Fabaclinics.clubemkt.digital%2Faba%3Flid%3Dlead_0040%26utm_source%3Dcold_email%26utm_medium%3Demail%26utm_campaign%3Dpilot-2026-09-25-curated%26utm_content%3Dtouch_3","Closing out Naperville Autism Center's file for now?","Hi Brian,

Usually when I haven't heard back, it means one of two things:
1. Your caseload and waitlist in in Naperville are already at 100% capacity.
2. You're interested, but the timing is bad.

If you'd like me to follow up in a few months when you're looking to open new rooms or hire BCBAs, just reply ""later"".

Otherwise, if you ever want to review our intake framework, it's always live at:
https://abaclinics.clubemkt.digital/crm/api/track/click?lid=lead_0040&touch=4&url=https%3A%2F%2Fabaclinics.clubemkt.digital%2Faba%3Flid%3Dlead_0040%26utm_source%3Dcold_email%26utm_medium%3Demail%26utm_campaign%3Dpilot-2026-09-25-curated%26utm_content%3Dtouch_4

Thanks for all you do for the autism community in IL.

Best,
Hudson","https://abaclinics.clubemkt.digital/crm/api/track/click?lid=lead_0040&touch=4&url=https%3A%2F%2Fabaclinics.clubemkt.digital%2Faba%3Flid%3Dlead_0040%26utm_source%3Dcold_email%26utm_medium%3Demail%26utm_campaign%3Dpilot-2026-09-25-curated%26utm_content%3Dtouch_4"
"dellis@wasatch.org","David","Ellis","Wasatch Behavioral Health Autism","Provo","UT","2","lead_0041","pilot-2026-09-25-curated","https://wasatch.org","https://www.linkedin.com/company/wasatch-behavioral-health","Quick question about Wasatch Behavioral Health Autism's caseload in UT","Hi David,

I was looking at independent ABA practices in Provo and came across Wasatch Behavioral Health Autism.

Most clinic owners with 1–3 locations we talk to in UT tell us their primary bottleneck isn't clinical expertise—it's getting a predictable flow of commercial-insurance and private-pay inquiries without selling out to PE roll-ups or burning margin on generic agencies.

We built an intake & patient growth system specifically for independent practices. You can see how the intake flow and caseload matching work here:

https://abaclinics.clubemkt.digital/crm/api/track/click?lid=lead_0041&touch=1&url=https%3A%2F%2Fabaclinics.clubemkt.digital%2Faba%3Flid%3Dlead_0041%26utm_source%3Dcold_email%26utm_medium%3Demail%26utm_campaign%3Dpilot-2026-09-25-curated%26utm_content%3Dtouch_1

Do you have 15 minutes this Thursday or Friday to see if this fits your current openings?

Best,
Hudson Argollo
ABA Practice Growth · Gold Traffic","https://abaclinics.clubemkt.digital/crm/api/track/click?lid=lead_0041&touch=1&url=https%3A%2F%2Fabaclinics.clubemkt.digital%2Faba%3Flid%3Dlead_0041%26utm_source%3Dcold_email%26utm_medium%3Demail%26utm_campaign%3Dpilot-2026-09-25-curated%26utm_content%3Dtouch_1","Re: Wasatch Behavioral Health Autism's openings in UT","Hi David,

Quick follow-up on my note from earlier this week.

When clinics expand or onboard new BCBAs/RBTs, the hardest part is usually timing: converting waitlisted families the exact week a slot opens rather than watching them drop off to competitor waitlists.

We put together a 20-minute discovery breakdown for independent practices:
https://abaclinics.clubemkt.digital/crm/api/track/click?lid=lead_0041&touch=2&url=https%3A%2F%2Fabaclinics.clubemkt.digital%2Faba%3Flid%3Dlead_0041%26utm_source%3Dcold_email%26utm_medium%3Demail%26utm_campaign%3Dpilot-2026-09-25-curated%26utm_content%3Dtouch_2

Would love to share what's working for clinics in UT if you're open to comparing notes.

Best,
Hudson","https://abaclinics.clubemkt.digital/crm/api/track/click?lid=lead_0041&touch=2&url=https%3A%2F%2Fabaclinics.clubemkt.digital%2Faba%3Flid%3Dlead_0041%26utm_source%3Dcold_email%26utm_medium%3Demail%26utm_campaign%3Dpilot-2026-09-25-curated%26utm_content%3Dtouch_2","Filling Wasatch Behavioral Health Autism's caseload (UT)","Hi David,

I know you're busy running Wasatch Behavioral Health Autism and managing clinical plans.

If patient intake or waitlist conversion isn't a priority right now, no worries at all. If you ever want to check our 2-minute fit assessment or see if our model works for your current capacity, you can bookmark this link:

https://abaclinics.clubemkt.digital/crm/api/track/click?lid=lead_0041&touch=3&url=https%3A%2F%2Fabaclinics.clubemkt.digital%2Faba%3Flid%3Dlead_0041%26utm_source%3Dcold_email%26utm_medium%3Demail%26utm_campaign%3Dpilot-2026-09-25-curated%26utm_content%3Dtouch_3

Wishing you and your clinical team continued success in Provo!

Best,
Hudson","https://abaclinics.clubemkt.digital/crm/api/track/click?lid=lead_0041&touch=3&url=https%3A%2F%2Fabaclinics.clubemkt.digital%2Faba%3Flid%3Dlead_0041%26utm_source%3Dcold_email%26utm_medium%3Demail%26utm_campaign%3Dpilot-2026-09-25-curated%26utm_content%3Dtouch_3","Closing out Wasatch Behavioral Health Autism's file for now?","Hi David,

Usually when I haven't heard back, it means one of two things:
1. Your caseload and waitlist in in Provo are already at 100% capacity.
2. You're interested, but the timing is bad.

If you'd like me to follow up in a few months when you're looking to open new rooms or hire BCBAs, just reply ""later"".

Otherwise, if you ever want to review our intake framework, it's always live at:
https://abaclinics.clubemkt.digital/crm/api/track/click?lid=lead_0041&touch=4&url=https%3A%2F%2Fabaclinics.clubemkt.digital%2Faba%3Flid%3Dlead_0041%26utm_source%3Dcold_email%26utm_medium%3Demail%26utm_campaign%3Dpilot-2026-09-25-curated%26utm_content%3Dtouch_4

Thanks for all you do for the autism community in UT.

Best,
Hudson","https://abaclinics.clubemkt.digital/crm/api/track/click?lid=lead_0041&touch=4&url=https%3A%2F%2Fabaclinics.clubemkt.digital%2Faba%3Flid%3Dlead_0041%26utm_source%3Dcold_email%26utm_medium%3Demail%26utm_campaign%3Dpilot-2026-09-25-curated%26utm_content%3Dtouch_4"
"ecarr@princetonautism.org","Dr.","Edward Carr","Princeton Autism Center","Princeton","NJ","1","lead_0042","pilot-2026-09-25-curated","https://princetonautism.org","https://www.linkedin.com/company/princeton-autism","Quick question about Princeton Autism Center's caseload in NJ","Hi Dr.,

I was looking at independent ABA practices in Princeton and came across Princeton Autism Center.

Most clinic owners with 1–3 locations we talk to in NJ tell us their primary bottleneck isn't clinical expertise—it's getting a predictable flow of commercial-insurance and private-pay inquiries without selling out to PE roll-ups or burning margin on generic agencies.

We built an intake & patient growth system specifically for independent practices. You can see how the intake flow and caseload matching work here:

https://abaclinics.clubemkt.digital/crm/api/track/click?lid=lead_0042&touch=1&url=https%3A%2F%2Fabaclinics.clubemkt.digital%2Faba%3Flid%3Dlead_0042%26utm_source%3Dcold_email%26utm_medium%3Demail%26utm_campaign%3Dpilot-2026-09-25-curated%26utm_content%3Dtouch_1

Do you have 15 minutes this Thursday or Friday to see if this fits your current openings?

Best,
Hudson Argollo
ABA Practice Growth · Gold Traffic","https://abaclinics.clubemkt.digital/crm/api/track/click?lid=lead_0042&touch=1&url=https%3A%2F%2Fabaclinics.clubemkt.digital%2Faba%3Flid%3Dlead_0042%26utm_source%3Dcold_email%26utm_medium%3Demail%26utm_campaign%3Dpilot-2026-09-25-curated%26utm_content%3Dtouch_1","Re: Princeton Autism Center's openings in NJ","Hi Dr.,

Quick follow-up on my note from earlier this week.

When clinics expand or onboard new BCBAs/RBTs, the hardest part is usually timing: converting waitlisted families the exact week a slot opens rather than watching them drop off to competitor waitlists.

We put together a 20-minute discovery breakdown for independent practices:
https://abaclinics.clubemkt.digital/crm/api/track/click?lid=lead_0042&touch=2&url=https%3A%2F%2Fabaclinics.clubemkt.digital%2Faba%3Flid%3Dlead_0042%26utm_source%3Dcold_email%26utm_medium%3Demail%26utm_campaign%3Dpilot-2026-09-25-curated%26utm_content%3Dtouch_2

Would love to share what's working for clinics in NJ if you're open to comparing notes.

Best,
Hudson","https://abaclinics.clubemkt.digital/crm/api/track/click?lid=lead_0042&touch=2&url=https%3A%2F%2Fabaclinics.clubemkt.digital%2Faba%3Flid%3Dlead_0042%26utm_source%3Dcold_email%26utm_medium%3Demail%26utm_campaign%3Dpilot-2026-09-25-curated%26utm_content%3Dtouch_2","Filling Princeton Autism Center's caseload (NJ)","Hi Dr.,

I know you're busy running Princeton Autism Center and managing clinical plans.

If patient intake or waitlist conversion isn't a priority right now, no worries at all. If you ever want to check our 2-minute fit assessment or see if our model works for your current capacity, you can bookmark this link:

https://abaclinics.clubemkt.digital/crm/api/track/click?lid=lead_0042&touch=3&url=https%3A%2F%2Fabaclinics.clubemkt.digital%2Faba%3Flid%3Dlead_0042%26utm_source%3Dcold_email%26utm_medium%3Demail%26utm_campaign%3Dpilot-2026-09-25-curated%26utm_content%3Dtouch_3

Wishing you and your clinical team continued success in Princeton!

Best,
Hudson","https://abaclinics.clubemkt.digital/crm/api/track/click?lid=lead_0042&touch=3&url=https%3A%2F%2Fabaclinics.clubemkt.digital%2Faba%3Flid%3Dlead_0042%26utm_source%3Dcold_email%26utm_medium%3Demail%26utm_campaign%3Dpilot-2026-09-25-curated%26utm_content%3Dtouch_3","Closing out Princeton Autism Center's file for now?","Hi Dr.,

Usually when I haven't heard back, it means one of two things:
1. Your caseload and waitlist in in Princeton are already at 100% capacity.
2. You're interested, but the timing is bad.

If you'd like me to follow up in a few months when you're looking to open new rooms or hire BCBAs, just reply ""later"".

Otherwise, if you ever want to review our intake framework, it's always live at:
https://abaclinics.clubemkt.digital/crm/api/track/click?lid=lead_0042&touch=4&url=https%3A%2F%2Fabaclinics.clubemkt.digital%2Faba%3Flid%3Dlead_0042%26utm_source%3Dcold_email%26utm_medium%3Demail%26utm_campaign%3Dpilot-2026-09-25-curated%26utm_content%3Dtouch_4

Thanks for all you do for the autism community in NJ.

Best,
Hudson","https://abaclinics.clubemkt.digital/crm/api/track/click?lid=lead_0042&touch=4&url=https%3A%2F%2Fabaclinics.clubemkt.digital%2Faba%3Flid%3Dlead_0042%26utm_source%3Dcold_email%26utm_medium%3Demail%26utm_campaign%3Dpilot-2026-09-25-curated%26utm_content%3Dtouch_4"
"jramos@gardenstateaba.com","Jessica","Ramos","Garden State ABA Services","Edison","NJ","2","lead_0043","pilot-2026-09-25-curated","https://gardenstateaba.com","https://www.linkedin.com/company/garden-state-aba","Quick question about Garden State ABA Services's caseload in NJ","Hi Jessica,

I was looking at independent ABA practices in Edison and came across Garden State ABA Services.

Most clinic owners with 1–3 locations we talk to in NJ tell us their primary bottleneck isn't clinical expertise—it's getting a predictable flow of commercial-insurance and private-pay inquiries without selling out to PE roll-ups or burning margin on generic agencies.

We built an intake & patient growth system specifically for independent practices. You can see how the intake flow and caseload matching work here:

https://abaclinics.clubemkt.digital/crm/api/track/click?lid=lead_0043&touch=1&url=https%3A%2F%2Fabaclinics.clubemkt.digital%2Faba%3Flid%3Dlead_0043%26utm_source%3Dcold_email%26utm_medium%3Demail%26utm_campaign%3Dpilot-2026-09-25-curated%26utm_content%3Dtouch_1

Do you have 15 minutes this Thursday or Friday to see if this fits your current openings?

Best,
Hudson Argollo
ABA Practice Growth · Gold Traffic","https://abaclinics.clubemkt.digital/crm/api/track/click?lid=lead_0043&touch=1&url=https%3A%2F%2Fabaclinics.clubemkt.digital%2Faba%3Flid%3Dlead_0043%26utm_source%3Dcold_email%26utm_medium%3Demail%26utm_campaign%3Dpilot-2026-09-25-curated%26utm_content%3Dtouch_1","Re: Garden State ABA Services's openings in NJ","Hi Jessica,

Quick follow-up on my note from earlier this week.

When clinics expand or onboard new BCBAs/RBTs, the hardest part is usually timing: converting waitlisted families the exact week a slot opens rather than watching them drop off to competitor waitlists.

We put together a 20-minute discovery breakdown for independent practices:
https://abaclinics.clubemkt.digital/crm/api/track/click?lid=lead_0043&touch=2&url=https%3A%2F%2Fabaclinics.clubemkt.digital%2Faba%3Flid%3Dlead_0043%26utm_source%3Dcold_email%26utm_medium%3Demail%26utm_campaign%3Dpilot-2026-09-25-curated%26utm_content%3Dtouch_2

Would love to share what's working for clinics in NJ if you're open to comparing notes.

Best,
Hudson","https://abaclinics.clubemkt.digital/crm/api/track/click?lid=lead_0043&touch=2&url=https%3A%2F%2Fabaclinics.clubemkt.digital%2Faba%3Flid%3Dlead_0043%26utm_source%3Dcold_email%26utm_medium%3Demail%26utm_campaign%3Dpilot-2026-09-25-curated%26utm_content%3Dtouch_2","Filling Garden State ABA Services's caseload (NJ)","Hi Jessica,

I know you're busy running Garden State ABA Services and managing clinical plans.

If patient intake or waitlist conversion isn't a priority right now, no worries at all. If you ever want to check our 2-minute fit assessment or see if our model works for your current capacity, you can bookmark this link:

https://abaclinics.clubemkt.digital/crm/api/track/click?lid=lead_0043&touch=3&url=https%3A%2F%2Fabaclinics.clubemkt.digital%2Faba%3Flid%3Dlead_0043%26utm_source%3Dcold_email%26utm_medium%3Demail%26utm_campaign%3Dpilot-2026-09-25-curated%26utm_content%3Dtouch_3

Wishing you and your clinical team continued success in Edison!

Best,
Hudson","https://abaclinics.clubemkt.digital/crm/api/track/click?lid=lead_0043&touch=3&url=https%3A%2F%2Fabaclinics.clubemkt.digital%2Faba%3Flid%3Dlead_0043%26utm_source%3Dcold_email%26utm_medium%3Demail%26utm_campaign%3Dpilot-2026-09-25-curated%26utm_content%3Dtouch_3","Closing out Garden State ABA Services's file for now?","Hi Jessica,

Usually when I haven't heard back, it means one of two things:
1. Your caseload and waitlist in in Edison are already at 100% capacity.
2. You're interested, but the timing is bad.

If you'd like me to follow up in a few months when you're looking to open new rooms or hire BCBAs, just reply ""later"".

Otherwise, if you ever want to review our intake framework, it's always live at:
https://abaclinics.clubemkt.digital/crm/api/track/click?lid=lead_0043&touch=4&url=https%3A%2F%2Fabaclinics.clubemkt.digital%2Faba%3Flid%3Dlead_0043%26utm_source%3Dcold_email%26utm_medium%3Demail%26utm_campaign%3Dpilot-2026-09-25-curated%26utm_content%3Dtouch_4

Thanks for all you do for the autism community in NJ.

Best,
Hudson","https://abaclinics.clubemkt.digital/crm/api/track/click?lid=lead_0043&touch=4&url=https%3A%2F%2Fabaclinics.clubemkt.digital%2Faba%3Flid%3Dlead_0043%26utm_source%3Dcold_email%26utm_medium%3Demail%26utm_campaign%3Dpilot-2026-09-25-curated%26utm_content%3Dtouch_4"